method,reference,P0,seed,observable,E_RMS,E_infinity,common_t_min,common_t_max,alignment,paired_initial_cloud_sha256,production_npz,reference_npz
PBME,TDSE,20.0,11,P0,0.00824413016516136,0.035388282813790695,0.0,3000.0,production saved times within reference interval; linear interpolation; no extrapolation,dc09cb6f76c9928c05538fe9dd912facb207d98b1dd6db399a959ee5f9924e0f,D:\PhD-Project\GP_RKHS_MINT\GP_RKHS_MINT\Tully_models\GP_MInt_QCLE_Reviewer_Ready_Pipeline_v4\output\fixed_pipeline\reviewer_closure_20260726_174927\step9_repl_P020\seed11\pbme.npz,D:\PhD-Project\GP_RKHS_MINT\GP_RKHS_MINT\Tully_models\GP_MInt_QCLE_Reviewer_Ready_Pipeline_v4\output\fixed_pipeline\final_reviewer_closure\reference_tdse\tdse_time_P020.npz
PBME,TDSE,20.0,11,P1,0.00824413016715711,0.035388282808204274,0.0,3000.0,production saved times within reference interval; linear interpolation; no extrapolation,dc09cb6f76c9928c05538fe9dd912facb207d98b1dd6db399a959ee5f9924e0f,D:\PhD-Project\GP_RKHS_MINT\GP_RKHS_MINT\Tully_models\GP_MInt_QCLE_Reviewer_Ready_Pipeline_v4\output\fixed_pipeline\reviewer_closure_20260726_174927\step9_repl_P020\seed11\pbme.npz,D:\PhD-Project\GP_RKHS_MINT\GP_RKHS_MINT\Tully_models\GP_MInt_QCLE_Reviewer_Ready_Pipeline_v4\output\fixed_pipeline\final_reviewer_closure\reference_tdse\tdse_time_P020.npz
PBME,TDSE,20.0,11,trace,6.724036687756868e-12,1.269384597435419e-11,0.0,3000.0,production saved times within reference interval; linear interpolation; no extrapolation,dc09cb6f76c9928c05538fe9dd912facb207d98b1dd6db399a959ee5f9924e0f,D:\PhD-Project\GP_RKHS_MINT\GP_RKHS_MINT\Tully_models\GP_MInt_QCLE_Reviewer_Ready_Pipeline_v4\output\fixed_pipeline\reviewer_closure_20260726_174927\step9_repl_P020\seed11\pbme.npz,D:\PhD-Project\GP_RKHS_MINT\GP_RKHS_MINT\Tully_models\GP_MInt_QCLE_Reviewer_Ready_Pipeline_v4\output\fixed_pipeline\final_reviewer_closure\reference_tdse\tdse_time_P020.npz
PBME,TDSE,20.0,11,energy,1.7010171500199267e-05,1.7015339471473934e-05,0.0,3000.0,production saved times within reference interval; linear interpolation; no extrapolation,dc09cb6f76c9928c05538fe9dd912facb207d98b1dd6db399a959ee5f9924e0f,D:\PhD-Project\GP_RKHS_MINT\GP_RKHS_MINT\Tully_models\GP_MInt_QCLE_Reviewer_Ready_Pipeline_v4\output\fixed_pipeline\reviewer_closure_20260726_174927\step9_repl_P020\seed11\pbme.npz,D:\PhD-Project\GP_RKHS_MINT\GP_RKHS_MINT\Tully_models\GP_MInt_QCLE_Reviewer_Ready_Pipeline_v4\output\fixed_pipeline\final_reviewer_closure\reference_tdse\tdse_time_P020.npz
PBME,TDSE,20.0,11,R_mean,0.02252894042414678,0.03677558695413197,0.0,3000.0,production saved times within reference interval; linear interpolation; no extrapolation,dc09cb6f76c9928c05538fe9dd912facb207d98b1dd6db399a959ee5f9924e0f,D:\PhD-Project\GP_RKHS_MINT\GP_RKHS_MINT\Tully_models\GP_MInt_QCLE_Reviewer_Ready_Pipeline_v4\output\fixed_pipeline\reviewer_closure_20260726_174927\step9_repl_P020\seed11\pbme.npz,D:\PhD-Project\GP_RKHS_MINT\GP_RKHS_MINT\Tully_models\GP_MInt_QCLE_Reviewer_Ready_Pipeline_v4\output\fixed_pipeline\final_reviewer_closure\reference_tdse\tdse_time_P020.npz
PBME,TDSE,20.0,11,P_mean,0.02997318323476361,0.09868507743188104,0.0,3000.0,production saved times within reference interval; linear interpolation; no extrapolation,dc09cb6f76c9928c05538fe9dd912facb207d98b1dd6db399a959ee5f9924e0f,D:\PhD-Project\GP_RKHS_MINT\GP_RKHS_MINT\Tully_models\GP_MInt_QCLE_Reviewer_Ready_Pipeline_v4\output\fixed_pipeline\reviewer_closure_20260726_174927\step9_repl_P020\seed11\pbme.npz,D:\PhD-Project\GP_RKHS_MINT\GP_RKHS_MINT\Tully_models\GP_MInt_QCLE_Reviewer_Ready_Pipeline_v4\output\fixed_pipeline\final_reviewer_closure\reference_tdse\tdse_time_P020.npz
PBME,TDSE,20.0,11,R_var,0.03261219916542227,0.0596840401001657,0.0,3000.0,production saved times within reference interval; linear interpolation; no extrapolation,dc09cb6f76c9928c05538fe9dd912facb207d98b1dd6db399a959ee5f9924e0f,D:\PhD-Project\GP_RKHS_MINT\GP_RKHS_MINT\Tully_models\GP_MInt_QCLE_Reviewer_Ready_Pipeline_v4\output\fixed_pipeline\reviewer_closure_20260726_174927\step9_repl_P020\seed11\pbme.npz,D:\PhD-Project\GP_RKHS_MINT\GP_RKHS_MINT\Tully_models\GP_MInt_QCLE_Reviewer_Ready_Pipeline_v4\output\fixed_pipeline\final_reviewer_closure\reference_tdse\tdse_time_P020.npz
PBME,TDSE,20.0,11,P_var,0.2696974414363628,0.705549522678325,0.0,3000.0,production saved times within reference interval; linear interpolation; no extrapolation,dc09cb6f76c9928c05538fe9dd912facb207d98b1dd6db399a959ee5f9924e0f,D:\PhD-Project\GP_RKHS_MINT\GP_RKHS_MINT\Tully_models\GP_MInt_QCLE_Reviewer_Ready_Pipeline_v4\output\fixed_pipeline\reviewer_closure_20260726_174927\step9_repl_P020\seed11\pbme.npz,D:\PhD-Project\GP_RKHS_MINT\GP_RKHS_MINT\Tully_models\GP_MInt_QCLE_Reviewer_Ready_Pipeline_v4\output\fixed_pipeline\final_reviewer_closure\reference_tdse\tdse_time_P020.npz
PBME,QCLE,20.0,11,P0,0.010294019044168807,0.035861999264771405,0.0,3000.0,production saved times within reference interval; linear interpolation; no extrapolation,dc09cb6f76c9928c05538fe9dd912facb207d98b1dd6db399a959ee5f9924e0f,D:\PhD-Project\GP_RKHS_MINT\GP_RKHS_MINT\Tully_models\GP_MInt_QCLE_Reviewer_Ready_Pipeline_v4\output\fixed_pipeline\reviewer_closure_20260726_174927\step9_repl_P020\seed11\pbme.npz,D:\PhD-Project\GP_RKHS_MINT\GP_RKHS_MINT\Tully_models\GP_MInt_QCLE_Reviewer_Ready_Pipeline_v4\output\fixed_pipeline\final_reviewer_closure\reference_grid_qcle\qcle_time_P020.npz
PBME,QCLE,20.0,11,P1,0.010294019043902692,0.03586199926419931,0.0,3000.0,production saved times within reference interval; linear interpolation; no extrapolation,dc09cb6f76c9928c05538fe9dd912facb207d98b1dd6db399a959ee5f9924e0f,D:\PhD-Project\GP_RKHS_MINT\GP_RKHS_MINT\Tully_models\GP_MInt_QCLE_Reviewer_Ready_Pipeline_v4\output\fixed_pipeline\reviewer_closure_20260726_174927\step9_repl_P020\seed11\pbme.npz,D:\PhD-Project\GP_RKHS_MINT\GP_RKHS_MINT\Tully_models\GP_MInt_QCLE_Reviewer_Ready_Pipeline_v4\output\fixed_pipeline\final_reviewer_closure\reference_grid_qcle\qcle_time_P020.npz
PBME,QCLE,20.0,11,trace,6.059827116248836e-13,1.162847595992389e-12,0.0,3000.0,production saved times within reference interval; linear interpolation; no extrapolation,dc09cb6f76c9928c05538fe9dd912facb207d98b1dd6db399a959ee5f9924e0f,D:\PhD-Project\GP_RKHS_MINT\GP_RKHS_MINT\Tully_models\GP_MInt_QCLE_Reviewer_Ready_Pipeline_v4\output\fixed_pipeline\reviewer_closure_20260726_174927\step9_repl_P020\seed11\pbme.npz,D:\PhD-Project\GP_RKHS_MINT\GP_RKHS_MINT\Tully_models\GP_MInt_QCLE_Reviewer_Ready_Pipeline_v4\output\fixed_pipeline\final_reviewer_closure\reference_grid_qcle\qcle_time_P020.npz
PBME,QCLE,20.0,11,energy,1.7011967403721668e-05,1.7029900455461933e-05,0.0,3000.0,production saved times within reference interval; linear interpolation; no extrapolation,dc09cb6f76c9928c05538fe9dd912facb207d98b1dd6db399a959ee5f9924e0f,D:\PhD-Project\GP_RKHS_MINT\GP_RKHS_MINT\Tully_models\GP_MInt_QCLE_Reviewer_Ready_Pipeline_v4\output\fixed_pipeline\reviewer_closure_20260726_174927\step9_repl_P020\seed11\pbme.npz,D:\PhD-Project\GP_RKHS_MINT\GP_RKHS_MINT\Tully_models\GP_MInt_QCLE_Reviewer_Ready_Pipeline_v4\output\fixed_pipeline\final_reviewer_closure\reference_grid_qcle\qcle_time_P020.npz
PBME,QCLE,20.0,11,R_mean,0.025684259107813794,0.046690088069105684,0.0,3000.0,production saved times within reference interval; linear interpolation; no extrapolation,dc09cb6f76c9928c05538fe9dd912facb207d98b1dd6db399a959ee5f9924e0f,D:\PhD-Project\GP_RKHS_MINT\GP_RKHS_MINT\Tully_models\GP_MInt_QCLE_Reviewer_Ready_Pipeline_v4\output\fixed_pipeline\reviewer_closure_20260726_174927\step9_repl_P020\seed11\pbme.npz,D:\PhD-Project\GP_RKHS_MINT\GP_RKHS_MINT\Tully_models\GP_MInt_QCLE_Reviewer_Ready_Pipeline_v4\output\fixed_pipeline\final_reviewer_closure\reference_grid_qcle\qcle_time_P020.npz
PBME,QCLE,20.0,11,P_mean,0.0364374725315552,0.09884808348862961,0.0,3000.0,production saved times within reference interval; linear interpolation; no extrapolation,dc09cb6f76c9928c05538fe9dd912facb207d98b1dd6db399a959ee5f9924e0f,D:\PhD-Project\GP_RKHS_MINT\GP_RKHS_MINT\Tully_models\GP_MInt_QCLE_Reviewer_Ready_Pipeline_v4\output\fixed_pipeline\reviewer_closure_20260726_174927\step9_repl_P020\seed11\pbme.npz,D:\PhD-Project\GP_RKHS_MINT\GP_RKHS_MINT\Tully_models\GP_MInt_QCLE_Reviewer_Ready_Pipeline_v4\output\fixed_pipeline\final_reviewer_closure\reference_grid_qcle\qcle_time_P020.npz
PBME,QCLE,20.0,11,R_var,0.1008502060896546,0.26345997516855846,0.0,3000.0,production saved times within reference interval; linear interpolation; no extrapolation,dc09cb6f76c9928c05538fe9dd912facb207d98b1dd6db399a959ee5f9924e0f,D:\PhD-Project\GP_RKHS_MINT\GP_RKHS_MINT\Tully_models\GP_MInt_QCLE_Reviewer_Ready_Pipeline_v4\output\fixed_pipeline\reviewer_closure_20260726_174927\step9_repl_P020\seed11\pbme.npz,D:\PhD-Project\GP_RKHS_MINT\GP_RKHS_MINT\Tully_models\GP_MInt_QCLE_Reviewer_Ready_Pipeline_v4\output\fixed_pipeline\final_reviewer_closure\reference_grid_qcle\qcle_time_P020.npz
PBME,QCLE,20.0,11,P_var,0.2836111059524773,0.7110387347204892,0.0,3000.0,production saved times within reference interval; linear interpolation; no extrapolation,dc09cb6f76c9928c05538fe9dd912facb207d98b1dd6db399a959ee5f9924e0f,D:\PhD-Project\GP_RKHS_MINT\GP_RKHS_MINT\Tully_models\GP_MInt_QCLE_Reviewer_Ready_Pipeline_v4\output\fixed_pipeline\reviewer_closure_20260726_174927\step9_repl_P020\seed11\pbme.npz,D:\PhD-Project\GP_RKHS_MINT\GP_RKHS_MINT\Tully_models\GP_MInt_QCLE_Reviewer_Ready_Pipeline_v4\output\fixed_pipeline\final_reviewer_closure\reference_grid_qcle\qcle_time_P020.npz
MIDPOINT,TDSE,20.0,11,P0,0.06551272085353207,0.3753819661436859,0.0,3000.0,production saved times within reference interval; linear interpolation; no extrapolation,dc09cb6f76c9928c05538fe9dd912facb207d98b1dd6db399a959ee5f9924e0f,D:\PhD-Project\GP_RKHS_MINT\GP_RKHS_MINT\Tully_models\GP_MInt_QCLE_Reviewer_Ready_Pipeline_v4\output\fixed_pipeline\reviewer_closure_20260726_174927\step9_repl_P020\seed11\midpoint.npz,D:\PhD-Project\GP_RKHS_MINT\GP_RKHS_MINT\Tully_models\GP_MInt_QCLE_Reviewer_Ready_Pipeline_v4\output\fixed_pipeline\final_reviewer_closure\reference_tdse\tdse_time_P020.npz
MIDPOINT,TDSE,20.0,11,P1,0.06551272085589513,0.37538196613873137,0.0,3000.0,production saved times within reference interval; linear interpolation; no extrapolation,dc09cb6f76c9928c05538fe9dd912facb207d98b1dd6db399a959ee5f9924e0f,D:\PhD-Project\GP_RKHS_MINT\GP_RKHS_MINT\Tully_models\GP_MInt_QCLE_Reviewer_Ready_Pipeline_v4\output\fixed_pipeline\reviewer_closure_20260726_174927\step9_repl_P020\seed11\midpoint.npz,D:\PhD-Project\GP_RKHS_MINT\GP_RKHS_MINT\Tully_models\GP_MInt_QCLE_Reviewer_Ready_Pipeline_v4\output\fixed_pipeline\final_reviewer_closure\reference_tdse\tdse_time_P020.npz
MIDPOINT,TDSE,20.0,11,trace,6.2725239275116025e-12,1.1705969527042726e-11,0.0,3000.0,production saved times within reference interval; linear interpolation; no extrapolation,dc09cb6f76c9928c05538fe9dd912facb207d98b1dd6db399a959ee5f9924e0f,D:\PhD-Project\GP_RKHS_MINT\GP_RKHS_MINT\Tully_models\GP_MInt_QCLE_Reviewer_Ready_Pipeline_v4\output\fixed_pipeline\reviewer_closure_20260726_174927\step9_repl_P020\seed11\midpoint.npz,D:\PhD-Project\GP_RKHS_MINT\GP_RKHS_MINT\Tully_models\GP_MInt_QCLE_Reviewer_Ready_Pipeline_v4\output\fixed_pipeline\final_reviewer_closure\reference_tdse\tdse_time_P020.npz
MIDPOINT,TDSE,20.0,11,energy,0.004182136007940828,0.006382996604055974,0.0,3000.0,production saved times within reference interval; linear interpolation; no extrapolation,dc09cb6f76c9928c05538fe9dd912facb207d98b1dd6db399a959ee5f9924e0f,D:\PhD-Project\GP_RKHS_MINT\GP_RKHS_MINT\Tully_models\GP_MInt_QCLE_Reviewer_Ready_Pipeline_v4\output\fixed_pipeline\reviewer_closure_20260726_174927\step9_repl_P020\seed11\midpoint.npz,D:\PhD-Project\GP_RKHS_MINT\GP_RKHS_MINT\Tully_models\GP_MInt_QCLE_Reviewer_Ready_Pipeline_v4\output\fixed_pipeline\final_reviewer_closure\reference_tdse\tdse_time_P020.npz
MIDPOINT,TDSE,20.0,11,R_mean,0.12043599795930919,0.44180320621016655,0.0,3000.0,production saved times within reference interval; linear interpolation; no extrapolation,dc09cb6f76c9928c05538fe9dd912facb207d98b1dd6db399a959ee5f9924e0f,D:\PhD-Project\GP_RKHS_MINT\GP_RKHS_MINT\Tully_models\GP_MInt_QCLE_Reviewer_Ready_Pipeline_v4\output\fixed_pipeline\reviewer_closure_20260726_174927\step9_repl_P020\seed11\midpoint.npz,D:\PhD-Project\GP_RKHS_MINT\GP_RKHS_MINT\Tully_models\GP_MInt_QCLE_Reviewer_Ready_Pipeline_v4\output\fixed_pipeline\final_reviewer_closure\reference_tdse\tdse_time_P020.npz
MIDPOINT,TDSE,20.0,11,P_mean,0.41171402465305595,1.3789443235306145,0.0,3000.0,production saved times within reference interval; linear interpolation; no extrapolation,dc09cb6f76c9928c05538fe9dd912facb207d98b1dd6db399a959ee5f9924e0f,D:\PhD-Project\GP_RKHS_MINT\GP_RKHS_MINT\Tully_models\GP_MInt_QCLE_Reviewer_Ready_Pipeline_v4\output\fixed_pipeline\reviewer_closure_20260726_174927\step9_repl_P020\seed11\midpoint.npz,D:\PhD-Project\GP_RKHS_MINT\GP_RKHS_MINT\Tully_models\GP_MInt_QCLE_Reviewer_Ready_Pipeline_v4\output\fixed_pipeline\final_reviewer_closure\reference_tdse\tdse_time_P020.npz
MIDPOINT,TDSE,20.0,11,R_var,0.7720362459716185,2.2190469832240467,0.0,3000.0,production saved times within reference interval; linear interpolation; no extrapolation,dc09cb6f76c9928c05538fe9dd912facb207d98b1dd6db399a959ee5f9924e0f,D:\PhD-Project\GP_RKHS_MINT\GP_RKHS_MINT\Tully_models\GP_MInt_QCLE_Reviewer_Ready_Pipeline_v4\output\fixed_pipeline\reviewer_closure_20260726_174927\step9_repl_P020\seed11\midpoint.npz,D:\PhD-Project\GP_RKHS_MINT\GP_RKHS_MINT\Tully_models\GP_MInt_QCLE_Reviewer_Ready_Pipeline_v4\output\fixed_pipeline\final_reviewer_closure\reference_tdse\tdse_time_P020.npz
MIDPOINT,TDSE,20.0,11,P_var,15.16643942085646,177.0985610698042,0.0,3000.0,production saved times within reference interval; linear interpolation; no extrapolation,dc09cb6f76c9928c05538fe9dd912facb207d98b1dd6db399a959ee5f9924e0f,D:\PhD-Project\GP_RKHS_MINT\GP_RKHS_MINT\Tully_models\GP_MInt_QCLE_Reviewer_Ready_Pipeline_v4\output\fixed_pipeline\reviewer_closure_20260726_174927\step9_repl_P020\seed11\midpoint.npz,D:\PhD-Project\GP_RKHS_MINT\GP_RKHS_MINT\Tully_models\GP_MInt_QCLE_Reviewer_Ready_Pipeline_v4\output\fixed_pipeline\final_reviewer_closure\reference_tdse\tdse_time_P020.npz
MIDPOINT,QCLE,20.0,11,P0,0.06699833542244273,0.3753649354200642,0.0,3000.0,production saved times within reference interval; linear interpolation; no extrapolation,dc09cb6f76c9928c05538fe9dd912facb207d98b1dd6db399a959ee5f9924e0f,D:\PhD-Project\GP_RKHS_MINT\GP_RKHS_MINT\Tully_models\GP_MInt_QCLE_Reviewer_Ready_Pipeline_v4\output\fixed_pipeline\reviewer_closure_20260726_174927\step9_repl_P020\seed11\midpoint.npz,D:\PhD-Project\GP_RKHS_MINT\GP_RKHS_MINT\Tully_models\GP_MInt_QCLE_Reviewer_Ready_Pipeline_v4\output\fixed_pipeline\final_reviewer_closure\reference_grid_qcle\qcle_time_P020.npz
MIDPOINT,QCLE,20.0,11,P1,0.06699833542209092,0.3753649354210896,0.0,3000.0,production saved times within reference interval; linear interpolation; no extrapolation,dc09cb6f76c9928c05538fe9dd912facb207d98b1dd6db399a959ee5f9924e0f,D:\PhD-Project\GP_RKHS_MINT\GP_RKHS_MINT\Tully_models\GP_MInt_QCLE_Reviewer_Ready_Pipeline_v4\output\fixed_pipeline\reviewer_closure_20260726_174927\step9_repl_P020\seed11\midpoint.npz,D:\PhD-Project\GP_RKHS_MINT\GP_RKHS_MINT\Tully_models\GP_MInt_QCLE_Reviewer_Ready_Pipeline_v4\output\fixed_pipeline\final_reviewer_closure\reference_grid_qcle\qcle_time_P020.npz
MIDPOINT,QCLE,20.0,11,trace,1.09694599186891e-12,2.1507240433038533e-12,0.0,3000.0,production saved times within reference interval; linear interpolation; no extrapolation,dc09cb6f76c9928c05538fe9dd912facb207d98b1dd6db399a959ee5f9924e0f,D:\PhD-Project\GP_RKHS_MINT\GP_RKHS_MINT\Tully_models\GP_MInt_QCLE_Reviewer_Ready_Pipeline_v4\output\fixed_pipeline\reviewer_closure_20260726_174927\step9_repl_P020\seed11\midpoint.npz,D:\PhD-Project\GP_RKHS_MINT\GP_RKHS_MINT\Tully_models\GP_MInt_QCLE_Reviewer_Ready_Pipeline_v4\output\fixed_pipeline\final_reviewer_closure\reference_grid_qcle\qcle_time_P020.npz
MIDPOINT,QCLE,20.0,11,energy,0.0041821384781411805,0.006382997117197392,0.0,3000.0,production saved times within reference interval; linear interpolation; no extrapolation,dc09cb6f76c9928c05538fe9dd912facb207d98b1dd6db399a959ee5f9924e0f,D:\PhD-Project\GP_RKHS_MINT\GP_RKHS_MINT\Tully_models\GP_MInt_QCLE_Reviewer_Ready_Pipeline_v4\output\fixed_pipeline\reviewer_closure_20260726_174927\step9_repl_P020\seed11\midpoint.npz,D:\PhD-Project\GP_RKHS_MINT\GP_RKHS_MINT\Tully_models\GP_MInt_QCLE_Reviewer_Ready_Pipeline_v4\output\fixed_pipeline\final_reviewer_closure\reference_grid_qcle\qcle_time_P020.npz
MIDPOINT,QCLE,20.0,11,R_mean,0.120995742427445,0.4418097238542361,0.0,3000.0,production saved times within reference interval; linear interpolation; no extrapolation,dc09cb6f76c9928c05538fe9dd912facb207d98b1dd6db399a959ee5f9924e0f,D:\PhD-Project\GP_RKHS_MINT\GP_RKHS_MINT\Tully_models\GP_MInt_QCLE_Reviewer_Ready_Pipeline_v4\output\fixed_pipeline\reviewer_closure_20260726_174927\step9_repl_P020\seed11\midpoint.npz,D:\PhD-Project\GP_RKHS_MINT\GP_RKHS_MINT\Tully_models\GP_MInt_QCLE_Reviewer_Ready_Pipeline_v4\output\fixed_pipeline\final_reviewer_closure\reference_grid_qcle\qcle_time_P020.npz
MIDPOINT,QCLE,20.0,11,P_mean,0.40564794181747815,1.3782908811978345,0.0,3000.0,production saved times within reference interval; linear interpolation; no extrapolation,dc09cb6f76c9928c05538fe9dd912facb207d98b1dd6db399a959ee5f9924e0f,D:\PhD-Project\GP_RKHS_MINT\GP_RKHS_MINT\Tully_models\GP_MInt_QCLE_Reviewer_Ready_Pipeline_v4\output\fixed_pipeline\reviewer_closure_20260726_174927\step9_repl_P020\seed11\midpoint.npz,D:\PhD-Project\GP_RKHS_MINT\GP_RKHS_MINT\Tully_models\GP_MInt_QCLE_Reviewer_Ready_Pipeline_v4\output\fixed_pipeline\final_reviewer_closure\reference_grid_qcle\qcle_time_P020.npz
MIDPOINT,QCLE,20.0,11,R_var,0.6927403561948812,1.9433802936253528,0.0,3000.0,production saved times within reference interval; linear interpolation; no extrapolation,dc09cb6f76c9928c05538fe9dd912facb207d98b1dd6db399a959ee5f9924e0f,D:\PhD-Project\GP_RKHS_MINT\GP_RKHS_MINT\Tully_models\GP_MInt_QCLE_Reviewer_Ready_Pipeline_v4\output\fixed_pipeline\reviewer_closure_20260726_174927\step9_repl_P020\seed11\midpoint.npz,D:\PhD-Project\GP_RKHS_MINT\GP_RKHS_MINT\Tully_models\GP_MInt_QCLE_Reviewer_Ready_Pipeline_v4\output\fixed_pipeline\final_reviewer_closure\reference_grid_qcle\qcle_time_P020.npz
MIDPOINT,QCLE,20.0,11,P_var,15.096259254392056,177.0994505972875,0.0,3000.0,production saved times within reference interval; linear interpolation; no extrapolation,dc09cb6f76c9928c05538fe9dd912facb207d98b1dd6db399a959ee5f9924e0f,D:\PhD-Project\GP_RKHS_MINT\GP_RKHS_MINT\Tully_models\GP_MInt_QCLE_Reviewer_Ready_Pipeline_v4\output\fixed_pipeline\reviewer_closure_20260726_174927\step9_repl_P020\seed11\midpoint.npz,D:\PhD-Project\GP_RKHS_MINT\GP_RKHS_MINT\Tully_models\GP_MInt_QCLE_Reviewer_Ready_Pipeline_v4\output\fixed_pipeline\final_reviewer_closure\reference_grid_qcle\qcle_time_P020.npz
PBME,TDSE,20.0,29,P0,0.010117089393533278,0.03293129665561473,0.0,3000.0,production saved times within reference interval; linear interpolation; no extrapolation,a18db5b9793f36cab014e8aae3cd0d6da85dc8c9c912243b6182e8c3279ed749,D:\PhD-Project\GP_RKHS_MINT\GP_RKHS_MINT\Tully_models\GP_MInt_QCLE_Reviewer_Ready_Pipeline_v4\output\fixed_pipeline\reviewer_closure_20260726_174927\step9_repl_P020\seed29\pbme.npz,D:\PhD-Project\GP_RKHS_MINT\GP_RKHS_MINT\Tully_models\GP_MInt_QCLE_Reviewer_Ready_Pipeline_v4\output\fixed_pipeline\final_reviewer_closure\reference_tdse\tdse_time_P020.npz
PBME,TDSE,20.0,29,P1,0.010117089397101731,0.03293129664975292,0.0,3000.0,production saved times within reference interval; linear interpolation; no extrapolation,a18db5b9793f36cab014e8aae3cd0d6da85dc8c9c912243b6182e8c3279ed749,D:\PhD-Project\GP_RKHS_MINT\GP_RKHS_MINT\Tully_models\GP_MInt_QCLE_Reviewer_Ready_Pipeline_v4\output\fixed_pipeline\reviewer_closure_20260726_174927\step9_repl_P020\seed29\pbme.npz,D:\PhD-Project\GP_RKHS_MINT\GP_RKHS_MINT\Tully_models\GP_MInt_QCLE_Reviewer_Ready_Pipeline_v4\output\fixed_pipeline\final_reviewer_closure\reference_tdse\tdse_time_P020.npz
PBME,TDSE,20.0,29,trace,6.719947928049891e-12,1.269029326067539e-11,0.0,3000.0,production saved times within reference interval; linear interpolation; no extrapolation,a18db5b9793f36cab014e8aae3cd0d6da85dc8c9c912243b6182e8c3279ed749,D:\PhD-Project\GP_RKHS_MINT\GP_RKHS_MINT\Tully_models\GP_MInt_QCLE_Reviewer_Ready_Pipeline_v4\output\fixed_pipeline\reviewer_closure_20260726_174927\step9_repl_P020\seed29\pbme.npz,D:\PhD-Project\GP_RKHS_MINT\GP_RKHS_MINT\Tully_models\GP_MInt_QCLE_Reviewer_Ready_Pipeline_v4\output\fixed_pipeline\final_reviewer_closure\reference_tdse\tdse_time_P020.npz
PBME,TDSE,20.0,29,energy,6.156711858386315e-05,6.15721608583919e-05,0.0,3000.0,production saved times within reference interval; linear interpolation; no extrapolation,a18db5b9793f36cab014e8aae3cd0d6da85dc8c9c912243b6182e8c3279ed749,D:\PhD-Project\GP_RKHS_MINT\GP_RKHS_MINT\Tully_models\GP_MInt_QCLE_Reviewer_Ready_Pipeline_v4\output\fixed_pipeline\reviewer_closure_20260726_174927\step9_repl_P020\seed29\pbme.npz,D:\PhD-Project\GP_RKHS_MINT\GP_RKHS_MINT\Tully_models\GP_MInt_QCLE_Reviewer_Ready_Pipeline_v4\output\fixed_pipeline\final_reviewer_closure\reference_tdse\tdse_time_P020.npz
PBME,TDSE,20.0,29,R_mean,0.01581848978741633,0.023897380222811293,0.0,3000.0,production saved times within reference interval; linear interpolation; no extrapolation,a18db5b9793f36cab014e8aae3cd0d6da85dc8c9c912243b6182e8c3279ed749,D:\PhD-Project\GP_RKHS_MINT\GP_RKHS_MINT\Tully_models\GP_MInt_QCLE_Reviewer_Ready_Pipeline_v4\output\fixed_pipeline\reviewer_closure_20260726_174927\step9_repl_P020\seed29\pbme.npz,D:\PhD-Project\GP_RKHS_MINT\GP_RKHS_MINT\Tully_models\GP_MInt_QCLE_Reviewer_Ready_Pipeline_v4\output\fixed_pipeline\final_reviewer_closure\reference_tdse\tdse_time_P020.npz
PBME,TDSE,20.0,29,P_mean,0.04146158464456749,0.0804511531727421,0.0,3000.0,production saved times within reference interval; linear interpolation; no extrapolation,a18db5b9793f36cab014e8aae3cd0d6da85dc8c9c912243b6182e8c3279ed749,D:\PhD-Project\GP_RKHS_MINT\GP_RKHS_MINT\Tully_models\GP_MInt_QCLE_Reviewer_Ready_Pipeline_v4\output\fixed_pipeline\reviewer_closure_20260726_174927\step9_repl_P020\seed29\pbme.npz,D:\PhD-Project\GP_RKHS_MINT\GP_RKHS_MINT\Tully_models\GP_MInt_QCLE_Reviewer_Ready_Pipeline_v4\output\fixed_pipeline\final_reviewer_closure\reference_tdse\tdse_time_P020.npz
PBME,TDSE,20.0,29,R_var,0.04817667784822635,0.08204757600772439,0.0,3000.0,production saved times within reference interval; linear interpolation; no extrapolation,a18db5b9793f36cab014e8aae3cd0d6da85dc8c9c912243b6182e8c3279ed749,D:\PhD-Project\GP_RKHS_MINT\GP_RKHS_MINT\Tully_models\GP_MInt_QCLE_Reviewer_Ready_Pipeline_v4\output\fixed_pipeline\reviewer_closure_20260726_174927\step9_repl_P020\seed29\pbme.npz,D:\PhD-Project\GP_RKHS_MINT\GP_RKHS_MINT\Tully_models\GP_MInt_QCLE_Reviewer_Ready_Pipeline_v4\output\fixed_pipeline\final_reviewer_closure\reference_tdse\tdse_time_P020.npz
PBME,TDSE,20.0,29,P_var,0.2324846609022516,0.9073309168617243,0.0,3000.0,production saved times within reference interval; linear interpolation; no extrapolation,a18db5b9793f36cab014e8aae3cd0d6da85dc8c9c912243b6182e8c3279ed749,D:\PhD-Project\GP_RKHS_MINT\GP_RKHS_MINT\Tully_models\GP_MInt_QCLE_Reviewer_Ready_Pipeline_v4\output\fixed_pipeline\reviewer_closure_20260726_174927\step9_repl_P020\seed29\pbme.npz,D:\PhD-Project\GP_RKHS_MINT\GP_RKHS_MINT\Tully_models\GP_MInt_QCLE_Reviewer_Ready_Pipeline_v4\output\fixed_pipeline\final_reviewer_closure\reference_tdse\tdse_time_P020.npz
PBME,QCLE,20.0,29,P0,0.012769178352149186,0.037544023578753416,0.0,3000.0,production saved times within reference interval; linear interpolation; no extrapolation,a18db5b9793f36cab014e8aae3cd0d6da85dc8c9c912243b6182e8c3279ed749,D:\PhD-Project\GP_RKHS_MINT\GP_RKHS_MINT\Tully_models\GP_MInt_QCLE_Reviewer_Ready_Pipeline_v4\output\fixed_pipeline\reviewer_closure_20260726_174927\step9_repl_P020\seed29\pbme.npz,D:\PhD-Project\GP_RKHS_MINT\GP_RKHS_MINT\Tully_models\GP_MInt_QCLE_Reviewer_Ready_Pipeline_v4\output\fixed_pipeline\final_reviewer_closure\reference_grid_qcle\qcle_time_P020.npz
PBME,QCLE,20.0,29,P1,0.012769178351811477,0.03754402357817628,0.0,3000.0,production saved times within reference interval; linear interpolation; no extrapolation,a18db5b9793f36cab014e8aae3cd0d6da85dc8c9c912243b6182e8c3279ed749,D:\PhD-Project\GP_RKHS_MINT\GP_RKHS_MINT\Tully_models\GP_MInt_QCLE_Reviewer_Ready_Pipeline_v4\output\fixed_pipeline\reviewer_closure_20260726_174927\step9_repl_P020\seed29\pbme.npz,D:\PhD-Project\GP_RKHS_MINT\GP_RKHS_MINT\Tully_models\GP_MInt_QCLE_Reviewer_Ready_Pipeline_v4\output\fixed_pipeline\final_reviewer_closure\reference_grid_qcle\qcle_time_P020.npz
PBME,QCLE,20.0,29,trace,6.100679855167204e-13,1.1664003096711895e-12,0.0,3000.0,production saved times within reference interval; linear interpolation; no extrapolation,a18db5b9793f36cab014e8aae3cd0d6da85dc8c9c912243b6182e8c3279ed749,D:\PhD-Project\GP_RKHS_MINT\GP_RKHS_MINT\Tully_models\GP_MInt_QCLE_Reviewer_Ready_Pipeline_v4\output\fixed_pipeline\reviewer_closure_20260726_174927\step9_repl_P020\seed29\pbme.npz,D:\PhD-Project\GP_RKHS_MINT\GP_RKHS_MINT\Tully_models\GP_MInt_QCLE_Reviewer_Ready_Pipeline_v4\output\fixed_pipeline\final_reviewer_closure\reference_grid_qcle\qcle_time_P020.npz
PBME,QCLE,20.0,29,energy,6.156891398290596e-05,6.158683302273649e-05,0.0,3000.0,production saved times within reference interval; linear interpolation; no extrapolation,a18db5b9793f36cab014e8aae3cd0d6da85dc8c9c912243b6182e8c3279ed749,D:\PhD-Project\GP_RKHS_MINT\GP_RKHS_MINT\Tully_models\GP_MInt_QCLE_Reviewer_Ready_Pipeline_v4\output\fixed_pipeline\reviewer_closure_20260726_174927\step9_repl_P020\seed29\pbme.npz,D:\PhD-Project\GP_RKHS_MINT\GP_RKHS_MINT\Tully_models\GP_MInt_QCLE_Reviewer_Ready_Pipeline_v4\output\fixed_pipeline\final_reviewer_closure\reference_grid_qcle\qcle_time_P020.npz
PBME,QCLE,20.0,29,R_mean,0.017838564674544637,0.03381188133778501,0.0,3000.0,production saved times within reference interval; linear interpolation; no extrapolation,a18db5b9793f36cab014e8aae3cd0d6da85dc8c9c912243b6182e8c3279ed749,D:\PhD-Project\GP_RKHS_MINT\GP_RKHS_MINT\Tully_models\GP_MInt_QCLE_Reviewer_Ready_Pipeline_v4\output\fixed_pipeline\reviewer_closure_20260726_174927\step9_repl_P020\seed29\pbme.npz,D:\PhD-Project\GP_RKHS_MINT\GP_RKHS_MINT\Tully_models\GP_MInt_QCLE_Reviewer_Ready_Pipeline_v4\output\fixed_pipeline\final_reviewer_closure\reference_grid_qcle\qcle_time_P020.npz
PBME,QCLE,20.0,29,P_mean,0.050370284136190165,0.0986691442143588,0.0,3000.0,production saved times within reference interval; linear interpolation; no extrapolation,a18db5b9793f36cab014e8aae3cd0d6da85dc8c9c912243b6182e8c3279ed749,D:\PhD-Project\GP_RKHS_MINT\GP_RKHS_MINT\Tully_models\GP_MInt_QCLE_Reviewer_Ready_Pipeline_v4\output\fixed_pipeline\reviewer_closure_20260726_174927\step9_repl_P020\seed29\pbme.npz,D:\PhD-Project\GP_RKHS_MINT\GP_RKHS_MINT\Tully_models\GP_MInt_QCLE_Reviewer_Ready_Pipeline_v4\output\fixed_pipeline\final_reviewer_closure\reference_grid_qcle\qcle_time_P020.npz
PBME,QCLE,20.0,29,R_var,0.12497076482123612,0.3466622626728224,0.0,3000.0,production saved times within reference interval; linear interpolation; no extrapolation,a18db5b9793f36cab014e8aae3cd0d6da85dc8c9c912243b6182e8c3279ed749,D:\PhD-Project\GP_RKHS_MINT\GP_RKHS_MINT\Tully_models\GP_MInt_QCLE_Reviewer_Ready_Pipeline_v4\output\fixed_pipeline\reviewer_closure_20260726_174927\step9_repl_P020\seed29\pbme.npz,D:\PhD-Project\GP_RKHS_MINT\GP_RKHS_MINT\Tully_models\GP_MInt_QCLE_Reviewer_Ready_Pipeline_v4\output\fixed_pipeline\final_reviewer_closure\reference_grid_qcle\qcle_time_P020.npz
PBME,QCLE,20.0,29,P_var,0.3632385766061649,0.9093019507807298,0.0,3000.0,production saved times within reference interval; linear interpolation; no extrapolation,a18db5b9793f36cab014e8aae3cd0d6da85dc8c9c912243b6182e8c3279ed749,D:\PhD-Project\GP_RKHS_MINT\GP_RKHS_MINT\Tully_models\GP_MInt_QCLE_Reviewer_Ready_Pipeline_v4\output\fixed_pipeline\reviewer_closure_20260726_174927\step9_repl_P020\seed29\pbme.npz,D:\PhD-Project\GP_RKHS_MINT\GP_RKHS_MINT\Tully_models\GP_MInt_QCLE_Reviewer_Ready_Pipeline_v4\output\fixed_pipeline\final_reviewer_closure\reference_grid_qcle\qcle_time_P020.npz
MIDPOINT,TDSE,20.0,29,P0,0.11495608949419082,0.5558167024110161,0.0,3000.0,production saved times within reference interval; linear interpolation; no extrapolation,a18db5b9793f36cab014e8aae3cd0d6da85dc8c9c912243b6182e8c3279ed749,D:\PhD-Project\GP_RKHS_MINT\GP_RKHS_MINT\Tully_models\GP_MInt_QCLE_Reviewer_Ready_Pipeline_v4\output\fixed_pipeline\reviewer_closure_20260726_174927\step9_repl_P020\seed29\midpoint.npz,D:\PhD-Project\GP_RKHS_MINT\GP_RKHS_MINT\Tully_models\GP_MInt_QCLE_Reviewer_Ready_Pipeline_v4\output\fixed_pipeline\final_reviewer_closure\reference_tdse\tdse_time_P020.npz
MIDPOINT,TDSE,20.0,29,P1,0.11495608949048884,0.5558167024161541,0.0,3000.0,production saved times within reference interval; linear interpolation; no extrapolation,a18db5b9793f36cab014e8aae3cd0d6da85dc8c9c912243b6182e8c3279ed749,D:\PhD-Project\GP_RKHS_MINT\GP_RKHS_MINT\Tully_models\GP_MInt_QCLE_Reviewer_Ready_Pipeline_v4\output\fixed_pipeline\reviewer_closure_20260726_174927\step9_repl_P020\seed29\midpoint.npz,D:\PhD-Project\GP_RKHS_MINT\GP_RKHS_MINT\Tully_models\GP_MInt_QCLE_Reviewer_Ready_Pipeline_v4\output\fixed_pipeline\final_reviewer_closure\reference_tdse\tdse_time_P020.npz
MIDPOINT,TDSE,20.0,29,trace,6.138054936430703e-12,1.1797451904271838e-11,0.0,3000.0,production saved times within reference interval; linear interpolation; no extrapolation,a18db5b9793f36cab014e8aae3cd0d6da85dc8c9c912243b6182e8c3279ed749,D:\PhD-Project\GP_RKHS_MINT\GP_RKHS_MINT\Tully_models\GP_MInt_QCLE_Reviewer_Ready_Pipeline_v4\output\fixed_pipeline\reviewer_closure_20260726_174927\step9_repl_P020\seed29\midpoint.npz,D:\PhD-Project\GP_RKHS_MINT\GP_RKHS_MINT\Tully_models\GP_MInt_QCLE_Reviewer_Ready_Pipeline_v4\output\fixed_pipeline\final_reviewer_closure\reference_tdse\tdse_time_P020.npz
MIDPOINT,TDSE,20.0,29,energy,0.009696747089464696,0.02350475198137153,0.0,3000.0,production saved times within reference interval; linear interpolation; no extrapolation,a18db5b9793f36cab014e8aae3cd0d6da85dc8c9c912243b6182e8c3279ed749,D:\PhD-Project\GP_RKHS_MINT\GP_RKHS_MINT\Tully_models\GP_MInt_QCLE_Reviewer_Ready_Pipeline_v4\output\fixed_pipeline\reviewer_closure_20260726_174927\step9_repl_P020\seed29\midpoint.npz,D:\PhD-Project\GP_RKHS_MINT\GP_RKHS_MINT\Tully_models\GP_MInt_QCLE_Reviewer_Ready_Pipeline_v4\output\fixed_pipeline\final_reviewer_closure\reference_tdse\tdse_time_P020.npz
MIDPOINT,TDSE,20.0,29,R_mean,1.3329879028172635,2.512124600945212,0.0,3000.0,production saved times within reference interval; linear interpolation; no extrapolation,a18db5b9793f36cab014e8aae3cd0d6da85dc8c9c912243b6182e8c3279ed749,D:\PhD-Project\GP_RKHS_MINT\GP_RKHS_MINT\Tully_models\GP_MInt_QCLE_Reviewer_Ready_Pipeline_v4\output\fixed_pipeline\reviewer_closure_20260726_174927\step9_repl_P020\seed29\midpoint.npz,D:\PhD-Project\GP_RKHS_MINT\GP_RKHS_MINT\Tully_models\GP_MInt_QCLE_Reviewer_Ready_Pipeline_v4\output\fixed_pipeline\final_reviewer_closure\reference_tdse\tdse_time_P020.npz
MIDPOINT,TDSE,20.0,29,P_mean,1.1793425763511802,1.9050580184722783,0.0,3000.0,production saved times within reference interval; linear interpolation; no extrapolation,a18db5b9793f36cab014e8aae3cd0d6da85dc8c9c912243b6182e8c3279ed749,D:\PhD-Project\GP_RKHS_MINT\GP_RKHS_MINT\Tully_models\GP_MInt_QCLE_Reviewer_Ready_Pipeline_v4\output\fixed_pipeline\reviewer_closure_20260726_174927\step9_repl_P020\seed29\midpoint.npz,D:\PhD-Project\GP_RKHS_MINT\GP_RKHS_MINT\Tully_models\GP_MInt_QCLE_Reviewer_Ready_Pipeline_v4\output\fixed_pipeline\final_reviewer_closure\reference_tdse\tdse_time_P020.npz
MIDPOINT,TDSE,20.0,29,R_var,10.444534585667524,35.0904941398002,0.0,3000.0,production saved times within reference interval; linear interpolation; no extrapolation,a18db5b9793f36cab014e8aae3cd0d6da85dc8c9c912243b6182e8c3279ed749,D:\PhD-Project\GP_RKHS_MINT\GP_RKHS_MINT\Tully_models\GP_MInt_QCLE_Reviewer_Ready_Pipeline_v4\output\fixed_pipeline\reviewer_closure_20260726_174927\step9_repl_P020\seed29\midpoint.npz,D:\PhD-Project\GP_RKHS_MINT\GP_RKHS_MINT\Tully_models\GP_MInt_QCLE_Reviewer_Ready_Pipeline_v4\output\fixed_pipeline\final_reviewer_closure\reference_tdse\tdse_time_P020.npz
MIDPOINT,TDSE,20.0,29,P_var,65.79541737132816,375.57658109569826,0.0,3000.0,production saved times within reference interval; linear interpolation; no extrapolation,a18db5b9793f36cab014e8aae3cd0d6da85dc8c9c912243b6182e8c3279ed749,D:\PhD-Project\GP_RKHS_MINT\GP_RKHS_MINT\Tully_models\GP_MInt_QCLE_Reviewer_Ready_Pipeline_v4\output\fixed_pipeline\reviewer_closure_20260726_174927\step9_repl_P020\seed29\midpoint.npz,D:\PhD-Project\GP_RKHS_MINT\GP_RKHS_MINT\Tully_models\GP_MInt_QCLE_Reviewer_Ready_Pipeline_v4\output\fixed_pipeline\final_reviewer_closure\reference_tdse\tdse_time_P020.npz
MIDPOINT,QCLE,20.0,29,P0,0.11246321744192449,0.5558303606959114,0.0,3000.0,production saved times within reference interval; linear interpolation; no extrapolation,a18db5b9793f36cab014e8aae3cd0d6da85dc8c9c912243b6182e8c3279ed749,D:\PhD-Project\GP_RKHS_MINT\GP_RKHS_MINT\Tully_models\GP_MInt_QCLE_Reviewer_Ready_Pipeline_v4\output\fixed_pipeline\reviewer_closure_20260726_174927\step9_repl_P020\seed29\midpoint.npz,D:\PhD-Project\GP_RKHS_MINT\GP_RKHS_MINT\Tully_models\GP_MInt_QCLE_Reviewer_Ready_Pipeline_v4\output\fixed_pipeline\final_reviewer_closure\reference_grid_qcle\qcle_time_P020.npz
MIDPOINT,QCLE,20.0,29,P1,0.11246321744254824,0.5558303606945806,0.0,3000.0,production saved times within reference interval; linear interpolation; no extrapolation,a18db5b9793f36cab014e8aae3cd0d6da85dc8c9c912243b6182e8c3279ed749,D:\PhD-Project\GP_RKHS_MINT\GP_RKHS_MINT\Tully_models\GP_MInt_QCLE_Reviewer_Ready_Pipeline_v4\output\fixed_pipeline\reviewer_closure_20260726_174927\step9_repl_P020\seed29\midpoint.npz,D:\PhD-Project\GP_RKHS_MINT\GP_RKHS_MINT\Tully_models\GP_MInt_QCLE_Reviewer_Ready_Pipeline_v4\output\fixed_pipeline\final_reviewer_closure\reference_grid_qcle\qcle_time_P020.npz
MIDPOINT,QCLE,20.0,29,trace,1.2265235984985872e-12,2.0592416660747404e-12,0.0,3000.0,production saved times within reference interval; linear interpolation; no extrapolation,a18db5b9793f36cab014e8aae3cd0d6da85dc8c9c912243b6182e8c3279ed749,D:\PhD-Project\GP_RKHS_MINT\GP_RKHS_MINT\Tully_models\GP_MInt_QCLE_Reviewer_Ready_Pipeline_v4\output\fixed_pipeline\reviewer_closure_20260726_174927\step9_repl_P020\seed29\midpoint.npz,D:\PhD-Project\GP_RKHS_MINT\GP_RKHS_MINT\Tully_models\GP_MInt_QCLE_Reviewer_Ready_Pipeline_v4\output\fixed_pipeline\final_reviewer_closure\reference_grid_qcle\qcle_time_P020.npz
MIDPOINT,QCLE,20.0,29,energy,0.009696749710489566,0.02350475242887047,0.0,3000.0,production saved times within reference interval; linear interpolation; no extrapolation,a18db5b9793f36cab014e8aae3cd0d6da85dc8c9c912243b6182e8c3279ed749,D:\PhD-Project\GP_RKHS_MINT\GP_RKHS_MINT\Tully_models\GP_MInt_QCLE_Reviewer_Ready_Pipeline_v4\output\fixed_pipeline\reviewer_closure_20260726_174927\step9_repl_P020\seed29\midpoint.npz,D:\PhD-Project\GP_RKHS_MINT\GP_RKHS_MINT\Tully_models\GP_MInt_QCLE_Reviewer_Ready_Pipeline_v4\output\fixed_pipeline\final_reviewer_closure\reference_grid_qcle\qcle_time_P020.npz
MIDPOINT,QCLE,20.0,29,R_mean,1.3294273611450762,2.502210099830238,0.0,3000.0,production saved times within reference interval; linear interpolation; no extrapolation,a18db5b9793f36cab014e8aae3cd0d6da85dc8c9c912243b6182e8c3279ed749,D:\PhD-Project\GP_RKHS_MINT\GP_RKHS_MINT\Tully_models\GP_MInt_QCLE_Reviewer_Ready_Pipeline_v4\output\fixed_pipeline\reviewer_closure_20260726_174927\step9_repl_P020\seed29\midpoint.npz,D:\PhD-Project\GP_RKHS_MINT\GP_RKHS_MINT\Tully_models\GP_MInt_QCLE_Reviewer_Ready_Pipeline_v4\output\fixed_pipeline\final_reviewer_closure\reference_grid_qcle\qcle_time_P020.npz
MIDPOINT,QCLE,20.0,29,P_mean,1.1701697055072495,1.88772415197462,0.0,3000.0,production saved times within reference interval; linear interpolation; no extrapolation,a18db5b9793f36cab014e8aae3cd0d6da85dc8c9c912243b6182e8c3279ed749,D:\PhD-Project\GP_RKHS_MINT\GP_RKHS_MINT\Tully_models\GP_MInt_QCLE_Reviewer_Ready_Pipeline_v4\output\fixed_pipeline\reviewer_closure_20260726_174927\step9_repl_P020\seed29\midpoint.npz,D:\PhD-Project\GP_RKHS_MINT\GP_RKHS_MINT\Tully_models\GP_MInt_QCLE_Reviewer_Ready_Pipeline_v4\output\fixed_pipeline\final_reviewer_closure\reference_grid_qcle\qcle_time_P020.npz
MIDPOINT,QCLE,20.0,29,R_var,10.5263702320052,35.36616082939889,0.0,3000.0,production saved times within reference interval; linear interpolation; no extrapolation,a18db5b9793f36cab014e8aae3cd0d6da85dc8c9c912243b6182e8c3279ed749,D:\PhD-Project\GP_RKHS_MINT\GP_RKHS_MINT\Tully_models\GP_MInt_QCLE_Reviewer_Ready_Pipeline_v4\output\fixed_pipeline\reviewer_closure_20260726_174927\step9_repl_P020\seed29\midpoint.npz,D:\PhD-Project\GP_RKHS_MINT\GP_RKHS_MINT\Tully_models\GP_MInt_QCLE_Reviewer_Ready_Pipeline_v4\output\fixed_pipeline\final_reviewer_closure\reference_grid_qcle\qcle_time_P020.npz
MIDPOINT,QCLE,20.0,29,P_var,66.13455172207378,375.57566243599774,0.0,3000.0,production saved times within reference interval; linear interpolation; no extrapolation,a18db5b9793f36cab014e8aae3cd0d6da85dc8c9c912243b6182e8c3279ed749,D:\PhD-Project\GP_RKHS_MINT\GP_RKHS_MINT\Tully_models\GP_MInt_QCLE_Reviewer_Ready_Pipeline_v4\output\fixed_pipeline\reviewer_closure_20260726_174927\step9_repl_P020\seed29\midpoint.npz,D:\PhD-Project\GP_RKHS_MINT\GP_RKHS_MINT\Tully_models\GP_MInt_QCLE_Reviewer_Ready_Pipeline_v4\output\fixed_pipeline\final_reviewer_closure\reference_grid_qcle\qcle_time_P020.npz
PBME,TDSE,20.0,47,P0,0.016043600865313014,0.03273288346951775,0.0,3000.0,production saved times within reference interval; linear interpolation; no extrapolation,02831553087a7f85dd620876ad4395b11e92ed78a8807f55118b19330bbf3238,D:\PhD-Project\GP_RKHS_MINT\GP_RKHS_MINT\Tully_models\GP_MInt_QCLE_Reviewer_Ready_Pipeline_v4\output\fixed_pipeline\reviewer_closure_20260726_174927\step9_repl_P020\seed47\pbme.npz,D:\PhD-Project\GP_RKHS_MINT\GP_RKHS_MINT\Tully_models\GP_MInt_QCLE_Reviewer_Ready_Pipeline_v4\output\fixed_pipeline\final_reviewer_closure\reference_tdse\tdse_time_P020.npz
PBME,TDSE,20.0,47,P1,0.016043600870800066,0.03273288347688118,0.0,3000.0,production saved times within reference interval; linear interpolation; no extrapolation,02831553087a7f85dd620876ad4395b11e92ed78a8807f55118b19330bbf3238,D:\PhD-Project\GP_RKHS_MINT\GP_RKHS_MINT\Tully_models\GP_MInt_QCLE_Reviewer_Ready_Pipeline_v4\output\fixed_pipeline\reviewer_closure_20260726_174927\step9_repl_P020\seed47\pbme.npz,D:\PhD-Project\GP_RKHS_MINT\GP_RKHS_MINT\Tully_models\GP_MInt_QCLE_Reviewer_Ready_Pipeline_v4\output\fixed_pipeline\final_reviewer_closure\reference_tdse\tdse_time_P020.npz
PBME,TDSE,20.0,47,trace,6.720172436652145e-12,1.2686518502391664e-11,0.0,3000.0,production saved times within reference interval; linear interpolation; no extrapolation,02831553087a7f85dd620876ad4395b11e92ed78a8807f55118b19330bbf3238,D:\PhD-Project\GP_RKHS_MINT\GP_RKHS_MINT\Tully_models\GP_MInt_QCLE_Reviewer_Ready_Pipeline_v4\output\fixed_pipeline\reviewer_closure_20260726_174927\step9_repl_P020\seed47\pbme.npz,D:\PhD-Project\GP_RKHS_MINT\GP_RKHS_MINT\Tully_models\GP_MInt_QCLE_Reviewer_Ready_Pipeline_v4\output\fixed_pipeline\final_reviewer_closure\reference_tdse\tdse_time_P020.npz
PBME,TDSE,20.0,47,energy,0.00011748132384180089,0.00011748223908034094,0.0,3000.0,production saved times within reference interval; linear interpolation; no extrapolation,02831553087a7f85dd620876ad4395b11e92ed78a8807f55118b19330bbf3238,D:\PhD-Project\GP_RKHS_MINT\GP_RKHS_MINT\Tully_models\GP_MInt_QCLE_Reviewer_Ready_Pipeline_v4\output\fixed_pipeline\reviewer_closure_20260726_174927\step9_repl_P020\seed47\pbme.npz,D:\PhD-Project\GP_RKHS_MINT\GP_RKHS_MINT\Tully_models\GP_MInt_QCLE_Reviewer_Ready_Pipeline_v4\output\fixed_pipeline\final_reviewer_closure\reference_tdse\tdse_time_P020.npz
PBME,TDSE,20.0,47,R_mean,0.032304159231235204,0.06966532644885959,0.0,3000.0,production saved times within reference interval; linear interpolation; no extrapolation,02831553087a7f85dd620876ad4395b11e92ed78a8807f55118b19330bbf3238,D:\PhD-Project\GP_RKHS_MINT\GP_RKHS_MINT\Tully_models\GP_MInt_QCLE_Reviewer_Ready_Pipeline_v4\output\fixed_pipeline\reviewer_closure_20260726_174927\step9_repl_P020\seed47\pbme.npz,D:\PhD-Project\GP_RKHS_MINT\GP_RKHS_MINT\Tully_models\GP_MInt_QCLE_Reviewer_Ready_Pipeline_v4\output\fixed_pipeline\final_reviewer_closure\reference_tdse\tdse_time_P020.npz
PBME,TDSE,20.0,47,P_mean,0.09202652031806116,0.140402890355098,0.0,3000.0,production saved times within reference interval; linear interpolation; no extrapolation,02831553087a7f85dd620876ad4395b11e92ed78a8807f55118b19330bbf3238,D:\PhD-Project\GP_RKHS_MINT\GP_RKHS_MINT\Tully_models\GP_MInt_QCLE_Reviewer_Ready_Pipeline_v4\output\fixed_pipeline\reviewer_closure_20260726_174927\step9_repl_P020\seed47\pbme.npz,D:\PhD-Project\GP_RKHS_MINT\GP_RKHS_MINT\Tully_models\GP_MInt_QCLE_Reviewer_Ready_Pipeline_v4\output\fixed_pipeline\final_reviewer_closure\reference_tdse\tdse_time_P020.npz
PBME,TDSE,20.0,47,R_var,0.09221257488541541,0.1901397184969369,0.0,3000.0,production saved times within reference interval; linear interpolation; no extrapolation,02831553087a7f85dd620876ad4395b11e92ed78a8807f55118b19330bbf3238,D:\PhD-Project\GP_RKHS_MINT\GP_RKHS_MINT\Tully_models\GP_MInt_QCLE_Reviewer_Ready_Pipeline_v4\output\fixed_pipeline\reviewer_closure_20260726_174927\step9_repl_P020\seed47\pbme.npz,D:\PhD-Project\GP_RKHS_MINT\GP_RKHS_MINT\Tully_models\GP_MInt_QCLE_Reviewer_Ready_Pipeline_v4\output\fixed_pipeline\final_reviewer_closure\reference_tdse\tdse_time_P020.npz
PBME,TDSE,20.0,47,P_var,0.2892150161738192,0.6537855719541312,0.0,3000.0,production saved times within reference interval; linear interpolation; no extrapolation,02831553087a7f85dd620876ad4395b11e92ed78a8807f55118b19330bbf3238,D:\PhD-Project\GP_RKHS_MINT\GP_RKHS_MINT\Tully_models\GP_MInt_QCLE_Reviewer_Ready_Pipeline_v4\output\fixed_pipeline\reviewer_closure_20260726_174927\step9_repl_P020\seed47\pbme.npz,D:\PhD-Project\GP_RKHS_MINT\GP_RKHS_MINT\Tully_models\GP_MInt_QCLE_Reviewer_Ready_Pipeline_v4\output\fixed_pipeline\final_reviewer_closure\reference_tdse\tdse_time_P020.npz
PBME,QCLE,20.0,47,P0,0.019352543108649405,0.03895302358582975,0.0,3000.0,production saved times within reference interval; linear interpolation; no extrapolation,02831553087a7f85dd620876ad4395b11e92ed78a8807f55118b19330bbf3238,D:\PhD-Project\GP_RKHS_MINT\GP_RKHS_MINT\Tully_models\GP_MInt_QCLE_Reviewer_Ready_Pipeline_v4\output\fixed_pipeline\reviewer_closure_20260726_174927\step9_repl_P020\seed47\pbme.npz,D:\PhD-Project\GP_RKHS_MINT\GP_RKHS_MINT\Tully_models\GP_MInt_QCLE_Reviewer_Ready_Pipeline_v4\output\fixed_pipeline\final_reviewer_closure\reference_grid_qcle\qcle_time_P020.npz
PBME,QCLE,20.0,47,P1,0.01935254310821194,0.03895302358525231,0.0,3000.0,production saved times within reference interval; linear interpolation; no extrapolation,02831553087a7f85dd620876ad4395b11e92ed78a8807f55118b19330bbf3238,D:\PhD-Project\GP_RKHS_MINT\GP_RKHS_MINT\Tully_models\GP_MInt_QCLE_Reviewer_Ready_Pipeline_v4\output\fixed_pipeline\reviewer_closure_20260726_174927\step9_repl_P020\seed47\pbme.npz,D:\PhD-Project\GP_RKHS_MINT\GP_RKHS_MINT\Tully_models\GP_MInt_QCLE_Reviewer_Ready_Pipeline_v4\output\fixed_pipeline\final_reviewer_closure\reference_grid_qcle\qcle_time_P020.npz
PBME,QCLE,20.0,47,trace,6.103412862911292e-13,1.170175067954915e-12,0.0,3000.0,production saved times within reference interval; linear interpolation; no extrapolation,02831553087a7f85dd620876ad4395b11e92ed78a8807f55118b19330bbf3238,D:\PhD-Project\GP_RKHS_MINT\GP_RKHS_MINT\Tully_models\GP_MInt_QCLE_Reviewer_Ready_Pipeline_v4\output\fixed_pipeline\reviewer_closure_20260726_174927\step9_repl_P020\seed47\pbme.npz,D:\PhD-Project\GP_RKHS_MINT\GP_RKHS_MINT\Tully_models\GP_MInt_QCLE_Reviewer_Ready_Pipeline_v4\output\fixed_pipeline\final_reviewer_closure\reference_grid_qcle\qcle_time_P020.npz
PBME,QCLE,20.0,47,energy,0.00011747952873536409,0.00011748573914767413,0.0,3000.0,production saved times within reference interval; linear interpolation; no extrapolation,02831553087a7f85dd620876ad4395b11e92ed78a8807f55118b19330bbf3238,D:\PhD-Project\GP_RKHS_MINT\GP_RKHS_MINT\Tully_models\GP_MInt_QCLE_Reviewer_Ready_Pipeline_v4\output\fixed_pipeline\reviewer_closure_20260726_174927\step9_repl_P020\seed47\pbme.npz,D:\PhD-Project\GP_RKHS_MINT\GP_RKHS_MINT\Tully_models\GP_MInt_QCLE_Reviewer_Ready_Pipeline_v4\output\fixed_pipeline\final_reviewer_closure\reference_grid_qcle\qcle_time_P020.npz
PBME,QCLE,20.0,47,R_mean,0.035067524542574946,0.0795798275638333,0.0,3000.0,production saved times within reference interval; linear interpolation; no extrapolation,02831553087a7f85dd620876ad4395b11e92ed78a8807f55118b19330bbf3238,D:\PhD-Project\GP_RKHS_MINT\GP_RKHS_MINT\Tully_models\GP_MInt_QCLE_Reviewer_Ready_Pipeline_v4\output\fixed_pipeline\reviewer_closure_20260726_174927\step9_repl_P020\seed47\pbme.npz,D:\PhD-Project\GP_RKHS_MINT\GP_RKHS_MINT\Tully_models\GP_MInt_QCLE_Reviewer_Ready_Pipeline_v4\output\fixed_pipeline\final_reviewer_closure\reference_grid_qcle\qcle_time_P020.npz
PBME,QCLE,20.0,47,P_mean,0.10131386274198816,0.15670880452790925,0.0,3000.0,production saved times within reference interval; linear interpolation; no extrapolation,02831553087a7f85dd620876ad4395b11e92ed78a8807f55118b19330bbf3238,D:\PhD-Project\GP_RKHS_MINT\GP_RKHS_MINT\Tully_models\GP_MInt_QCLE_Reviewer_Ready_Pipeline_v4\output\fixed_pipeline\reviewer_closure_20260726_174927\step9_repl_P020\seed47\pbme.npz,D:\PhD-Project\GP_RKHS_MINT\GP_RKHS_MINT\Tully_models\GP_MInt_QCLE_Reviewer_Ready_Pipeline_v4\output\fixed_pipeline\final_reviewer_closure\reference_grid_qcle\qcle_time_P020.npz
PBME,QCLE,20.0,47,R_var,0.07029099591458614,0.1045305382473889,0.0,3000.0,production saved times within reference interval; linear interpolation; no extrapolation,02831553087a7f85dd620876ad4395b11e92ed78a8807f55118b19330bbf3238,D:\PhD-Project\GP_RKHS_MINT\GP_RKHS_MINT\Tully_models\GP_MInt_QCLE_Reviewer_Ready_Pipeline_v4\output\fixed_pipeline\reviewer_closure_20260726_174927\step9_repl_P020\seed47\pbme.npz,D:\PhD-Project\GP_RKHS_MINT\GP_RKHS_MINT\Tully_models\GP_MInt_QCLE_Reviewer_Ready_Pipeline_v4\output\fixed_pipeline\final_reviewer_closure\reference_grid_qcle\qcle_time_P020.npz
PBME,QCLE,20.0,47,P_var,0.2507280791120456,0.6576394631785547,0.0,3000.0,production saved times within reference interval; linear interpolation; no extrapolation,02831553087a7f85dd620876ad4395b11e92ed78a8807f55118b19330bbf3238,D:\PhD-Project\GP_RKHS_MINT\GP_RKHS_MINT\Tully_models\GP_MInt_QCLE_Reviewer_Ready_Pipeline_v4\output\fixed_pipeline\reviewer_closure_20260726_174927\step9_repl_P020\seed47\pbme.npz,D:\PhD-Project\GP_RKHS_MINT\GP_RKHS_MINT\Tully_models\GP_MInt_QCLE_Reviewer_Ready_Pipeline_v4\output\fixed_pipeline\final_reviewer_closure\reference_grid_qcle\qcle_time_P020.npz
MIDPOINT,TDSE,20.0,47,P0,0.2372376434059069,3.480207344309857,0.0,3000.0,production saved times within reference interval; linear interpolation; no extrapolation,02831553087a7f85dd620876ad4395b11e92ed78a8807f55118b19330bbf3238,D:\PhD-Project\GP_RKHS_MINT\GP_RKHS_MINT\Tully_models\GP_MInt_QCLE_Reviewer_Ready_Pipeline_v4\output\fixed_pipeline\reviewer_closure_20260726_174927\step9_repl_P020\seed47\midpoint.npz,D:\PhD-Project\GP_RKHS_MINT\GP_RKHS_MINT\Tully_models\GP_MInt_QCLE_Reviewer_Ready_Pipeline_v4\output\fixed_pipeline\final_reviewer_closure\reference_tdse\tdse_time_P020.npz
MIDPOINT,TDSE,20.0,47,P1,0.23723764340463183,3.4802073443129364,0.0,3000.0,production saved times within reference interval; linear interpolation; no extrapolation,02831553087a7f85dd620876ad4395b11e92ed78a8807f55118b19330bbf3238,D:\PhD-Project\GP_RKHS_MINT\GP_RKHS_MINT\Tully_models\GP_MInt_QCLE_Reviewer_Ready_Pipeline_v4\output\fixed_pipeline\reviewer_closure_20260726_174927\step9_repl_P020\seed47\midpoint.npz,D:\PhD-Project\GP_RKHS_MINT\GP_RKHS_MINT\Tully_models\GP_MInt_QCLE_Reviewer_Ready_Pipeline_v4\output\fixed_pipeline\final_reviewer_closure\reference_tdse\tdse_time_P020.npz
MIDPOINT,TDSE,20.0,47,trace,5.881441080218569e-12,1.0700107466732334e-11,0.0,3000.0,production saved times within reference interval; linear interpolation; no extrapolation,02831553087a7f85dd620876ad4395b11e92ed78a8807f55118b19330bbf3238,D:\PhD-Project\GP_RKHS_MINT\GP_RKHS_MINT\Tully_models\GP_MInt_QCLE_Reviewer_Ready_Pipeline_v4\output\fixed_pipeline\reviewer_closure_20260726_174927\step9_repl_P020\seed47\midpoint.npz,D:\PhD-Project\GP_RKHS_MINT\GP_RKHS_MINT\Tully_models\GP_MInt_QCLE_Reviewer_Ready_Pipeline_v4\output\fixed_pipeline\final_reviewer_closure\reference_tdse\tdse_time_P020.npz
MIDPOINT,TDSE,20.0,47,energy,0.012274508785764556,0.054807240127474295,0.0,3000.0,production saved times within reference interval; linear interpolation; no extrapolation,02831553087a7f85dd620876ad4395b11e92ed78a8807f55118b19330bbf3238,D:\PhD-Project\GP_RKHS_MINT\GP_RKHS_MINT\Tully_models\GP_MInt_QCLE_Reviewer_Ready_Pipeline_v4\output\fixed_pipeline\reviewer_closure_20260726_174927\step9_repl_P020\seed47\midpoint.npz,D:\PhD-Project\GP_RKHS_MINT\GP_RKHS_MINT\Tully_models\GP_MInt_QCLE_Reviewer_Ready_Pipeline_v4\output\fixed_pipeline\final_reviewer_closure\reference_tdse\tdse_time_P020.npz
MIDPOINT,TDSE,20.0,47,R_mean,0.6698761666524418,8.614238359501167,0.0,3000.0,production saved times within reference interval; linear interpolation; no extrapolation,02831553087a7f85dd620876ad4395b11e92ed78a8807f55118b19330bbf3238,D:\PhD-Project\GP_RKHS_MINT\GP_RKHS_MINT\Tully_models\GP_MInt_QCLE_Reviewer_Ready_Pipeline_v4\output\fixed_pipeline\reviewer_closure_20260726_174927\step9_repl_P020\seed47\midpoint.npz,D:\PhD-Project\GP_RKHS_MINT\GP_RKHS_MINT\Tully_models\GP_MInt_QCLE_Reviewer_Ready_Pipeline_v4\output\fixed_pipeline\final_reviewer_closure\reference_tdse\tdse_time_P020.npz
MIDPOINT,TDSE,20.0,47,P_mean,1.2037251265190239,14.22956813216841,0.0,3000.0,production saved times within reference interval; linear interpolation; no extrapolation,02831553087a7f85dd620876ad4395b11e92ed78a8807f55118b19330bbf3238,D:\PhD-Project\GP_RKHS_MINT\GP_RKHS_MINT\Tully_models\GP_MInt_QCLE_Reviewer_Ready_Pipeline_v4\output\fixed_pipeline\reviewer_closure_20260726_174927\step9_repl_P020\seed47\midpoint.npz,D:\PhD-Project\GP_RKHS_MINT\GP_RKHS_MINT\Tully_models\GP_MInt_QCLE_Reviewer_Ready_Pipeline_v4\output\fixed_pipeline\final_reviewer_closure\reference_tdse\tdse_time_P020.npz
MIDPOINT,TDSE,20.0,47,R_var,23.66700974750568,68.60787808800924,0.0,3000.0,production saved times within reference interval; linear interpolation; no extrapolation,02831553087a7f85dd620876ad4395b11e92ed78a8807f55118b19330bbf3238,D:\PhD-Project\GP_RKHS_MINT\GP_RKHS_MINT\Tully_models\GP_MInt_QCLE_Reviewer_Ready_Pipeline_v4\output\fixed_pipeline\reviewer_closure_20260726_174927\step9_repl_P020\seed47\midpoint.npz,D:\PhD-Project\GP_RKHS_MINT\GP_RKHS_MINT\Tully_models\GP_MInt_QCLE_Reviewer_Ready_Pipeline_v4\output\fixed_pipeline\final_reviewer_closure\reference_tdse\tdse_time_P020.npz
MIDPOINT,TDSE,20.0,47,P_var,258.12879303931834,3130.2415536521025,0.0,3000.0,production saved times within reference interval; linear interpolation; no extrapolation,02831553087a7f85dd620876ad4395b11e92ed78a8807f55118b19330bbf3238,D:\PhD-Project\GP_RKHS_MINT\GP_RKHS_MINT\Tully_models\GP_MInt_QCLE_Reviewer_Ready_Pipeline_v4\output\fixed_pipeline\reviewer_closure_20260726_174927\step9_repl_P020\seed47\midpoint.npz,D:\PhD-Project\GP_RKHS_MINT\GP_RKHS_MINT\Tully_models\GP_MInt_QCLE_Reviewer_Ready_Pipeline_v4\output\fixed_pipeline\final_reviewer_closure\reference_tdse\tdse_time_P020.npz
MIDPOINT,QCLE,20.0,47,P0,0.23685232320206975,3.480223497688283,0.0,3000.0,production saved times within reference interval; linear interpolation; no extrapolation,02831553087a7f85dd620876ad4395b11e92ed78a8807f55118b19330bbf3238,D:\PhD-Project\GP_RKHS_MINT\GP_RKHS_MINT\Tully_models\GP_MInt_QCLE_Reviewer_Ready_Pipeline_v4\output\fixed_pipeline\reviewer_closure_20260726_174927\step9_repl_P020\seed47\midpoint.npz,D:\PhD-Project\GP_RKHS_MINT\GP_RKHS_MINT\Tully_models\GP_MInt_QCLE_Reviewer_Ready_Pipeline_v4\output\fixed_pipeline\final_reviewer_closure\reference_grid_qcle\qcle_time_P020.npz
MIDPOINT,QCLE,20.0,47,P1,0.2368523232023832,3.4802234976854347,0.0,3000.0,production saved times within reference interval; linear interpolation; no extrapolation,02831553087a7f85dd620876ad4395b11e92ed78a8807f55118b19330bbf3238,D:\PhD-Project\GP_RKHS_MINT\GP_RKHS_MINT\Tully_models\GP_MInt_QCLE_Reviewer_Ready_Pipeline_v4\output\fixed_pipeline\reviewer_closure_20260726_174927\step9_repl_P020\seed47\midpoint.npz,D:\PhD-Project\GP_RKHS_MINT\GP_RKHS_MINT\Tully_models\GP_MInt_QCLE_Reviewer_Ready_Pipeline_v4\output\fixed_pipeline\final_reviewer_closure\reference_grid_qcle\qcle_time_P020.npz
MIDPOINT,QCLE,20.0,47,trace,1.4697785752435465e-12,3.1576963266388702e-12,0.0,3000.0,production saved times within reference interval; linear interpolation; no extrapolation,02831553087a7f85dd620876ad4395b11e92ed78a8807f55118b19330bbf3238,D:\PhD-Project\GP_RKHS_MINT\GP_RKHS_MINT\Tully_models\GP_MInt_QCLE_Reviewer_Ready_Pipeline_v4\output\fixed_pipeline\reviewer_closure_20260726_174927\step9_repl_P020\seed47\midpoint.npz,D:\PhD-Project\GP_RKHS_MINT\GP_RKHS_MINT\Tully_models\GP_MInt_QCLE_Reviewer_Ready_Pipeline_v4\output\fixed_pipeline\final_reviewer_closure\reference_grid_qcle\qcle_time_P020.npz
MIDPOINT,QCLE,20.0,47,energy,0.012274506176771921,0.05480724009123621,0.0,3000.0,production saved times within reference interval; linear interpolation; no extrapolation,02831553087a7f85dd620876ad4395b11e92ed78a8807f55118b19330bbf3238,D:\PhD-Project\GP_RKHS_MINT\GP_RKHS_MINT\Tully_models\GP_MInt_QCLE_Reviewer_Ready_Pipeline_v4\output\fixed_pipeline\reviewer_closure_20260726_174927\step9_repl_P020\seed47\midpoint.npz,D:\PhD-Project\GP_RKHS_MINT\GP_RKHS_MINT\Tully_models\GP_MInt_QCLE_Reviewer_Ready_Pipeline_v4\output\fixed_pipeline\final_reviewer_closure\reference_grid_qcle\qcle_time_P020.npz
MIDPOINT,QCLE,20.0,47,R_mean,0.6734912475766445,8.614237867580087,0.0,3000.0,production saved times within reference interval; linear interpolation; no extrapolation,02831553087a7f85dd620876ad4395b11e92ed78a8807f55118b19330bbf3238,D:\PhD-Project\GP_RKHS_MINT\GP_RKHS_MINT\Tully_models\GP_MInt_QCLE_Reviewer_Ready_Pipeline_v4\output\fixed_pipeline\reviewer_closure_20260726_174927\step9_repl_P020\seed47\midpoint.npz,D:\PhD-Project\GP_RKHS_MINT\GP_RKHS_MINT\Tully_models\GP_MInt_QCLE_Reviewer_Ready_Pipeline_v4\output\fixed_pipeline\final_reviewer_closure\reference_grid_qcle\qcle_time_P020.npz
MIDPOINT,QCLE,20.0,47,P_mean,1.2116085606928324,14.2295458740161,0.0,3000.0,production saved times within reference interval; linear interpolation; no extrapolation,02831553087a7f85dd620876ad4395b11e92ed78a8807f55118b19330bbf3238,D:\PhD-Project\GP_RKHS_MINT\GP_RKHS_MINT\Tully_models\GP_MInt_QCLE_Reviewer_Ready_Pipeline_v4\output\fixed_pipeline\reviewer_closure_20260726_174927\step9_repl_P020\seed47\midpoint.npz,D:\PhD-Project\GP_RKHS_MINT\GP_RKHS_MINT\Tully_models\GP_MInt_QCLE_Reviewer_Ready_Pipeline_v4\output\fixed_pipeline\final_reviewer_closure\reference_grid_qcle\qcle_time_P020.npz
MIDPOINT,QCLE,20.0,47,R_var,23.58634946311674,68.33221139841055,0.0,3000.0,production saved times within reference interval; linear interpolation; no extrapolation,02831553087a7f85dd620876ad4395b11e92ed78a8807f55118b19330bbf3238,D:\PhD-Project\GP_RKHS_MINT\GP_RKHS_MINT\Tully_models\GP_MInt_QCLE_Reviewer_Ready_Pipeline_v4\output\fixed_pipeline\reviewer_closure_20260726_174927\step9_repl_P020\seed47\midpoint.npz,D:\PhD-Project\GP_RKHS_MINT\GP_RKHS_MINT\Tully_models\GP_MInt_QCLE_Reviewer_Ready_Pipeline_v4\output\fixed_pipeline\final_reviewer_closure\reference_grid_qcle\qcle_time_P020.npz
MIDPOINT,QCLE,20.0,47,P_var,257.98437571836786,3130.2420790917113,0.0,3000.0,production saved times within reference interval; linear interpolation; no extrapolation,02831553087a7f85dd620876ad4395b11e92ed78a8807f55118b19330bbf3238,D:\PhD-Project\GP_RKHS_MINT\GP_RKHS_MINT\Tully_models\GP_MInt_QCLE_Reviewer_Ready_Pipeline_v4\output\fixed_pipeline\reviewer_closure_20260726_174927\step9_repl_P020\seed47\midpoint.npz,D:\PhD-Project\GP_RKHS_MINT\GP_RKHS_MINT\Tully_models\GP_MInt_QCLE_Reviewer_Ready_Pipeline_v4\output\fixed_pipeline\final_reviewer_closure\reference_grid_qcle\qcle_time_P020.npz
PBME,TDSE,20.0,73,P0,0.009466471183547993,0.02554337468969009,0.0,3000.0,production saved times within reference interval; linear interpolation; no extrapolation,4e0aed88a759b7aa51d9dc12c9a2d1025867f3a7c2b3e98f80c492927c4d6889,D:\PhD-Project\GP_RKHS_MINT\GP_RKHS_MINT\Tully_models\GP_MInt_QCLE_Reviewer_Ready_Pipeline_v4\output\fixed_pipeline\reviewer_closure_20260726_174927\step9_repl_P020\seed73\pbme.npz,D:\PhD-Project\GP_RKHS_MINT\GP_RKHS_MINT\Tully_models\GP_MInt_QCLE_Reviewer_Ready_Pipeline_v4\output\fixed_pipeline\final_reviewer_closure\reference_tdse\tdse_time_P020.npz
PBME,TDSE,20.0,73,P1,0.009466471187868846,0.025543374683610565,0.0,3000.0,production saved times within reference interval; linear interpolation; no extrapolation,4e0aed88a759b7aa51d9dc12c9a2d1025867f3a7c2b3e98f80c492927c4d6889,D:\PhD-Project\GP_RKHS_MINT\GP_RKHS_MINT\Tully_models\GP_MInt_QCLE_Reviewer_Ready_Pipeline_v4\output\fixed_pipeline\reviewer_closure_20260726_174927\step9_repl_P020\seed73\pbme.npz,D:\PhD-Project\GP_RKHS_MINT\GP_RKHS_MINT\Tully_models\GP_MInt_QCLE_Reviewer_Ready_Pipeline_v4\output\fixed_pipeline\final_reviewer_closure\reference_tdse\tdse_time_P020.npz
PBME,TDSE,20.0,73,trace,6.725743822959082e-12,1.2688738948440914e-11,0.0,3000.0,production saved times within reference interval; linear interpolation; no extrapolation,4e0aed88a759b7aa51d9dc12c9a2d1025867f3a7c2b3e98f80c492927c4d6889,D:\PhD-Project\GP_RKHS_MINT\GP_RKHS_MINT\Tully_models\GP_MInt_QCLE_Reviewer_Ready_Pipeline_v4\output\fixed_pipeline\reviewer_closure_20260726_174927\step9_repl_P020\seed73\pbme.npz,D:\PhD-Project\GP_RKHS_MINT\GP_RKHS_MINT\Tully_models\GP_MInt_QCLE_Reviewer_Ready_Pipeline_v4\output\fixed_pipeline\final_reviewer_closure\reference_tdse\tdse_time_P020.npz
PBME,TDSE,20.0,73,energy,4.721757927981976e-05,4.7222909600783125e-05,0.0,3000.0,production saved times within reference interval; linear interpolation; no extrapolation,4e0aed88a759b7aa51d9dc12c9a2d1025867f3a7c2b3e98f80c492927c4d6889,D:\PhD-Project\GP_RKHS_MINT\GP_RKHS_MINT\Tully_models\GP_MInt_QCLE_Reviewer_Ready_Pipeline_v4\output\fixed_pipeline\reviewer_closure_20260726_174927\step9_repl_P020\seed73\pbme.npz,D:\PhD-Project\GP_RKHS_MINT\GP_RKHS_MINT\Tully_models\GP_MInt_QCLE_Reviewer_Ready_Pipeline_v4\output\fixed_pipeline\final_reviewer_closure\reference_tdse\tdse_time_P020.npz
PBME,TDSE,20.0,73,R_mean,0.03580020825301795,0.06733986536269043,0.0,3000.0,production saved times within reference interval; linear interpolation; no extrapolation,4e0aed88a759b7aa51d9dc12c9a2d1025867f3a7c2b3e98f80c492927c4d6889,D:\PhD-Project\GP_RKHS_MINT\GP_RKHS_MINT\Tully_models\GP_MInt_QCLE_Reviewer_Ready_Pipeline_v4\output\fixed_pipeline\reviewer_closure_20260726_174927\step9_repl_P020\seed73\pbme.npz,D:\PhD-Project\GP_RKHS_MINT\GP_RKHS_MINT\Tully_models\GP_MInt_QCLE_Reviewer_Ready_Pipeline_v4\output\fixed_pipeline\final_reviewer_closure\reference_tdse\tdse_time_P020.npz
PBME,TDSE,20.0,73,P_mean,0.04302673402659315,0.07135869478413426,0.0,3000.0,production saved times within reference interval; linear interpolation; no extrapolation,4e0aed88a759b7aa51d9dc12c9a2d1025867f3a7c2b3e98f80c492927c4d6889,D:\PhD-Project\GP_RKHS_MINT\GP_RKHS_MINT\Tully_models\GP_MInt_QCLE_Reviewer_Ready_Pipeline_v4\output\fixed_pipeline\reviewer_closure_20260726_174927\step9_repl_P020\seed73\pbme.npz,D:\PhD-Project\GP_RKHS_MINT\GP_RKHS_MINT\Tully_models\GP_MInt_QCLE_Reviewer_Ready_Pipeline_v4\output\fixed_pipeline\final_reviewer_closure\reference_tdse\tdse_time_P020.npz
PBME,TDSE,20.0,73,R_var,0.09311283571725529,0.2860843403105662,0.0,3000.0,production saved times within reference interval; linear interpolation; no extrapolation,4e0aed88a759b7aa51d9dc12c9a2d1025867f3a7c2b3e98f80c492927c4d6889,D:\PhD-Project\GP_RKHS_MINT\GP_RKHS_MINT\Tully_models\GP_MInt_QCLE_Reviewer_Ready_Pipeline_v4\output\fixed_pipeline\reviewer_closure_20260726_174927\step9_repl_P020\seed73\pbme.npz,D:\PhD-Project\GP_RKHS_MINT\GP_RKHS_MINT\Tully_models\GP_MInt_QCLE_Reviewer_Ready_Pipeline_v4\output\fixed_pipeline\final_reviewer_closure\reference_tdse\tdse_time_P020.npz
PBME,TDSE,20.0,73,P_var,0.3397803209167963,0.5720057563708565,0.0,3000.0,production saved times within reference interval; linear interpolation; no extrapolation,4e0aed88a759b7aa51d9dc12c9a2d1025867f3a7c2b3e98f80c492927c4d6889,D:\PhD-Project\GP_RKHS_MINT\GP_RKHS_MINT\Tully_models\GP_MInt_QCLE_Reviewer_Ready_Pipeline_v4\output\fixed_pipeline\reviewer_closure_20260726_174927\step9_repl_P020\seed73\pbme.npz,D:\PhD-Project\GP_RKHS_MINT\GP_RKHS_MINT\Tully_models\GP_MInt_QCLE_Reviewer_Ready_Pipeline_v4\output\fixed_pipeline\final_reviewer_closure\reference_tdse\tdse_time_P020.npz
PBME,QCLE,20.0,73,P0,0.01256275381133072,0.02572772307119442,0.0,3000.0,production saved times within reference interval; linear interpolation; no extrapolation,4e0aed88a759b7aa51d9dc12c9a2d1025867f3a7c2b3e98f80c492927c4d6889,D:\PhD-Project\GP_RKHS_MINT\GP_RKHS_MINT\Tully_models\GP_MInt_QCLE_Reviewer_Ready_Pipeline_v4\output\fixed_pipeline\reviewer_closure_20260726_174927\step9_repl_P020\seed73\pbme.npz,D:\PhD-Project\GP_RKHS_MINT\GP_RKHS_MINT\Tully_models\GP_MInt_QCLE_Reviewer_Ready_Pipeline_v4\output\fixed_pipeline\final_reviewer_closure\reference_grid_qcle\qcle_time_P020.npz
PBME,QCLE,20.0,73,P1,0.012562753810965475,0.025727723070624597,0.0,3000.0,production saved times within reference interval; linear interpolation; no extrapolation,4e0aed88a759b7aa51d9dc12c9a2d1025867f3a7c2b3e98f80c492927c4d6889,D:\PhD-Project\GP_RKHS_MINT\GP_RKHS_MINT\Tully_models\GP_MInt_QCLE_Reviewer_Ready_Pipeline_v4\output\fixed_pipeline\reviewer_closure_20260726_174927\step9_repl_P020\seed73\pbme.npz,D:\PhD-Project\GP_RKHS_MINT\GP_RKHS_MINT\Tully_models\GP_MInt_QCLE_Reviewer_Ready_Pipeline_v4\output\fixed_pipeline\final_reviewer_closure\reference_grid_qcle\qcle_time_P020.npz
PBME,QCLE,20.0,73,trace,6.043153463221149e-13,1.1679546219056647e-12,0.0,3000.0,production saved times within reference interval; linear interpolation; no extrapolation,4e0aed88a759b7aa51d9dc12c9a2d1025867f3a7c2b3e98f80c492927c4d6889,D:\PhD-Project\GP_RKHS_MINT\GP_RKHS_MINT\Tully_models\GP_MInt_QCLE_Reviewer_Ready_Pipeline_v4\output\fixed_pipeline\reviewer_closure_20260726_174927\step9_repl_P020\seed73\pbme.npz,D:\PhD-Project\GP_RKHS_MINT\GP_RKHS_MINT\Tully_models\GP_MInt_QCLE_Reviewer_Ready_Pipeline_v4\output\fixed_pipeline\final_reviewer_closure\reference_grid_qcle\qcle_time_P020.npz
PBME,QCLE,20.0,73,energy,4.721937473756185e-05,4.723730097042078e-05,0.0,3000.0,production saved times within reference interval; linear interpolation; no extrapolation,4e0aed88a759b7aa51d9dc12c9a2d1025867f3a7c2b3e98f80c492927c4d6889,D:\PhD-Project\GP_RKHS_MINT\GP_RKHS_MINT\Tully_models\GP_MInt_QCLE_Reviewer_Ready_Pipeline_v4\output\fixed_pipeline\reviewer_closure_20260726_174927\step9_repl_P020\seed73\pbme.npz,D:\PhD-Project\GP_RKHS_MINT\GP_RKHS_MINT\Tully_models\GP_MInt_QCLE_Reviewer_Ready_Pipeline_v4\output\fixed_pipeline\final_reviewer_closure\reference_grid_qcle\qcle_time_P020.npz
PBME,QCLE,20.0,73,R_mean,0.03911300765678817,0.07725436647766415,0.0,3000.0,production saved times within reference interval; linear interpolation; no extrapolation,4e0aed88a759b7aa51d9dc12c9a2d1025867f3a7c2b3e98f80c492927c4d6889,D:\PhD-Project\GP_RKHS_MINT\GP_RKHS_MINT\Tully_models\GP_MInt_QCLE_Reviewer_Ready_Pipeline_v4\output\fixed_pipeline\reviewer_closure_20260726_174927\step9_repl_P020\seed73\pbme.npz,D:\PhD-Project\GP_RKHS_MINT\GP_RKHS_MINT\Tully_models\GP_MInt_QCLE_Reviewer_Ready_Pipeline_v4\output\fixed_pipeline\final_reviewer_closure\reference_grid_qcle\qcle_time_P020.npz
PBME,QCLE,20.0,73,P_mean,0.052038023256065706,0.08730713737325146,0.0,3000.0,production saved times within reference interval; linear interpolation; no extrapolation,4e0aed88a759b7aa51d9dc12c9a2d1025867f3a7c2b3e98f80c492927c4d6889,D:\PhD-Project\GP_RKHS_MINT\GP_RKHS_MINT\Tully_models\GP_MInt_QCLE_Reviewer_Ready_Pipeline_v4\output\fixed_pipeline\reviewer_closure_20260726_174927\step9_repl_P020\seed73\pbme.npz,D:\PhD-Project\GP_RKHS_MINT\GP_RKHS_MINT\Tully_models\GP_MInt_QCLE_Reviewer_Ready_Pipeline_v4\output\fixed_pipeline\final_reviewer_closure\reference_grid_qcle\qcle_time_P020.npz
PBME,QCLE,20.0,73,R_var,0.023001213417124192,0.03292832013364522,0.0,3000.0,production saved times within reference interval; linear interpolation; no extrapolation,4e0aed88a759b7aa51d9dc12c9a2d1025867f3a7c2b3e98f80c492927c4d6889,D:\PhD-Project\GP_RKHS_MINT\GP_RKHS_MINT\Tully_models\GP_MInt_QCLE_Reviewer_Ready_Pipeline_v4\output\fixed_pipeline\reviewer_closure_20260726_174927\step9_repl_P020\seed73\pbme.npz,D:\PhD-Project\GP_RKHS_MINT\GP_RKHS_MINT\Tully_models\GP_MInt_QCLE_Reviewer_Ready_Pipeline_v4\output\fixed_pipeline\final_reviewer_closure\reference_grid_qcle\qcle_time_P020.npz
PBME,QCLE,20.0,73,P_var,0.21502520996152288,0.5786936074847233,0.0,3000.0,production saved times within reference interval; linear interpolation; no extrapolation,4e0aed88a759b7aa51d9dc12c9a2d1025867f3a7c2b3e98f80c492927c4d6889,D:\PhD-Project\GP_RKHS_MINT\GP_RKHS_MINT\Tully_models\GP_MInt_QCLE_Reviewer_Ready_Pipeline_v4\output\fixed_pipeline\reviewer_closure_20260726_174927\step9_repl_P020\seed73\pbme.npz,D:\PhD-Project\GP_RKHS_MINT\GP_RKHS_MINT\Tully_models\GP_MInt_QCLE_Reviewer_Ready_Pipeline_v4\output\fixed_pipeline\final_reviewer_closure\reference_grid_qcle\qcle_time_P020.npz
MIDPOINT,TDSE,20.0,73,P0,1.147115401958787,19.25221851758564,0.0,3000.0,production saved times within reference interval; linear interpolation; no extrapolation,4e0aed88a759b7aa51d9dc12c9a2d1025867f3a7c2b3e98f80c492927c4d6889,D:\PhD-Project\GP_RKHS_MINT\GP_RKHS_MINT\Tully_models\GP_MInt_QCLE_Reviewer_Ready_Pipeline_v4\output\fixed_pipeline\reviewer_closure_20260726_174927\step9_repl_P020\seed73\midpoint.npz,D:\PhD-Project\GP_RKHS_MINT\GP_RKHS_MINT\Tully_models\GP_MInt_QCLE_Reviewer_Ready_Pipeline_v4\output\fixed_pipeline\final_reviewer_closure\reference_tdse\tdse_time_P020.npz
MIDPOINT,TDSE,20.0,73,P1,1.1471154019605794,19.25221851759269,0.0,3000.0,production saved times within reference interval; linear interpolation; no extrapolation,4e0aed88a759b7aa51d9dc12c9a2d1025867f3a7c2b3e98f80c492927c4d6889,D:\PhD-Project\GP_RKHS_MINT\GP_RKHS_MINT\Tully_models\GP_MInt_QCLE_Reviewer_Ready_Pipeline_v4\output\fixed_pipeline\reviewer_closure_20260726_174927\step9_repl_P020\seed73\midpoint.npz,D:\PhD-Project\GP_RKHS_MINT\GP_RKHS_MINT\Tully_models\GP_MInt_QCLE_Reviewer_Ready_Pipeline_v4\output\fixed_pipeline\final_reviewer_closure\reference_tdse\tdse_time_P020.npz
MIDPOINT,TDSE,20.0,73,trace,3.542773968201341e-12,1.787980874468076e-11,0.0,3000.0,production saved times within reference interval; linear interpolation; no extrapolation,4e0aed88a759b7aa51d9dc12c9a2d1025867f3a7c2b3e98f80c492927c4d6889,D:\PhD-Project\GP_RKHS_MINT\GP_RKHS_MINT\Tully_models\GP_MInt_QCLE_Reviewer_Ready_Pipeline_v4\output\fixed_pipeline\reviewer_closure_20260726_174927\step9_repl_P020\seed73\midpoint.npz,D:\PhD-Project\GP_RKHS_MINT\GP_RKHS_MINT\Tully_models\GP_MInt_QCLE_Reviewer_Ready_Pipeline_v4\output\fixed_pipeline\final_reviewer_closure\reference_tdse\tdse_time_P020.npz
MIDPOINT,TDSE,20.0,73,energy,0.0683680015283534,0.23668204501069537,0.0,3000.0,production saved times within reference interval; linear interpolation; no extrapolation,4e0aed88a759b7aa51d9dc12c9a2d1025867f3a7c2b3e98f80c492927c4d6889,D:\PhD-Project\GP_RKHS_MINT\GP_RKHS_MINT\Tully_models\GP_MInt_QCLE_Reviewer_Ready_Pipeline_v4\output\fixed_pipeline\reviewer_closure_20260726_174927\step9_repl_P020\seed73\midpoint.npz,D:\PhD-Project\GP_RKHS_MINT\GP_RKHS_MINT\Tully_models\GP_MInt_QCLE_Reviewer_Ready_Pipeline_v4\output\fixed_pipeline\final_reviewer_closure\reference_tdse\tdse_time_P020.npz
MIDPOINT,TDSE,20.0,73,R_mean,5.894850155238874,36.492200735317866,0.0,3000.0,production saved times within reference interval; linear interpolation; no extrapolation,4e0aed88a759b7aa51d9dc12c9a2d1025867f3a7c2b3e98f80c492927c4d6889,D:\PhD-Project\GP_RKHS_MINT\GP_RKHS_MINT\Tully_models\GP_MInt_QCLE_Reviewer_Ready_Pipeline_v4\output\fixed_pipeline\reviewer_closure_20260726_174927\step9_repl_P020\seed73\midpoint.npz,D:\PhD-Project\GP_RKHS_MINT\GP_RKHS_MINT\Tully_models\GP_MInt_QCLE_Reviewer_Ready_Pipeline_v4\output\fixed_pipeline\final_reviewer_closure\reference_tdse\tdse_time_P020.npz
MIDPOINT,TDSE,20.0,73,P_mean,12.207209592108745,53.664274343072215,0.0,3000.0,production saved times within reference interval; linear interpolation; no extrapolation,4e0aed88a759b7aa51d9dc12c9a2d1025867f3a7c2b3e98f80c492927c4d6889,D:\PhD-Project\GP_RKHS_MINT\GP_RKHS_MINT\Tully_models\GP_MInt_QCLE_Reviewer_Ready_Pipeline_v4\output\fixed_pipeline\reviewer_closure_20260726_174927\step9_repl_P020\seed73\midpoint.npz,D:\PhD-Project\GP_RKHS_MINT\GP_RKHS_MINT\Tully_models\GP_MInt_QCLE_Reviewer_Ready_Pipeline_v4\output\fixed_pipeline\final_reviewer_closure\reference_tdse\tdse_time_P020.npz
MIDPOINT,TDSE,20.0,73,R_var,4.410843751971191,8.792058514181923,0.0,3000.0,production saved times within reference interval; linear interpolation; no extrapolation,4e0aed88a759b7aa51d9dc12c9a2d1025867f3a7c2b3e98f80c492927c4d6889,D:\PhD-Project\GP_RKHS_MINT\GP_RKHS_MINT\Tully_models\GP_MInt_QCLE_Reviewer_Ready_Pipeline_v4\output\fixed_pipeline\reviewer_closure_20260726_174927\step9_repl_P020\seed73\midpoint.npz,D:\PhD-Project\GP_RKHS_MINT\GP_RKHS_MINT\Tully_models\GP_MInt_QCLE_Reviewer_Ready_Pipeline_v4\output\fixed_pipeline\final_reviewer_closure\reference_tdse\tdse_time_P020.npz
MIDPOINT,TDSE,20.0,73,P_var,59.42047617542143,193.0029199306719,0.0,3000.0,production saved times within reference interval; linear interpolation; no extrapolation,4e0aed88a759b7aa51d9dc12c9a2d1025867f3a7c2b3e98f80c492927c4d6889,D:\PhD-Project\GP_RKHS_MINT\GP_RKHS_MINT\Tully_models\GP_MInt_QCLE_Reviewer_Ready_Pipeline_v4\output\fixed_pipeline\reviewer_closure_20260726_174927\step9_repl_P020\seed73\midpoint.npz,D:\PhD-Project\GP_RKHS_MINT\GP_RKHS_MINT\Tully_models\GP_MInt_QCLE_Reviewer_Ready_Pipeline_v4\output\fixed_pipeline\final_reviewer_closure\reference_tdse\tdse_time_P020.npz
MIDPOINT,QCLE,20.0,73,P0,1.1497185966814754,19.2508139256427,0.0,3000.0,production saved times within reference interval; linear interpolation; no extrapolation,4e0aed88a759b7aa51d9dc12c9a2d1025867f3a7c2b3e98f80c492927c4d6889,D:\PhD-Project\GP_RKHS_MINT\GP_RKHS_MINT\Tully_models\GP_MInt_QCLE_Reviewer_Ready_Pipeline_v4\output\fixed_pipeline\reviewer_closure_20260726_174927\step9_repl_P020\seed73\midpoint.npz,D:\PhD-Project\GP_RKHS_MINT\GP_RKHS_MINT\Tully_models\GP_MInt_QCLE_Reviewer_Ready_Pipeline_v4\output\fixed_pipeline\final_reviewer_closure\reference_grid_qcle\qcle_time_P020.npz
MIDPOINT,QCLE,20.0,73,P1,1.1497185966779784,19.250813925656743,0.0,3000.0,production saved times within reference interval; linear interpolation; no extrapolation,4e0aed88a759b7aa51d9dc12c9a2d1025867f3a7c2b3e98f80c492927c4d6889,D:\PhD-Project\GP_RKHS_MINT\GP_RKHS_MINT\Tully_models\GP_MInt_QCLE_Reviewer_Ready_Pipeline_v4\output\fixed_pipeline\reviewer_closure_20260726_174927\step9_repl_P020\seed73\midpoint.npz,D:\PhD-Project\GP_RKHS_MINT\GP_RKHS_MINT\Tully_models\GP_MInt_QCLE_Reviewer_Ready_Pipeline_v4\output\fixed_pipeline\final_reviewer_closure\reference_grid_qcle\qcle_time_P020.npz
MIDPOINT,QCLE,20.0,73,trace,4.378932594898702e-12,1.4043211038483605e-11,0.0,3000.0,production saved times within reference interval; linear interpolation; no extrapolation,4e0aed88a759b7aa51d9dc12c9a2d1025867f3a7c2b3e98f80c492927c4d6889,D:\PhD-Project\GP_RKHS_MINT\GP_RKHS_MINT\Tully_models\GP_MInt_QCLE_Reviewer_Ready_Pipeline_v4\output\fixed_pipeline\reviewer_closure_20260726_174927\step9_repl_P020\seed73\midpoint.npz,D:\PhD-Project\GP_RKHS_MINT\GP_RKHS_MINT\Tully_models\GP_MInt_QCLE_Reviewer_Ready_Pipeline_v4\output\fixed_pipeline\final_reviewer_closure\reference_grid_qcle\qcle_time_P020.npz
MIDPOINT,QCLE,20.0,73,energy,0.06836799874994638,0.23668204532255321,0.0,3000.0,production saved times within reference interval; linear interpolation; no extrapolation,4e0aed88a759b7aa51d9dc12c9a2d1025867f3a7c2b3e98f80c492927c4d6889,D:\PhD-Project\GP_RKHS_MINT\GP_RKHS_MINT\Tully_models\GP_MInt_QCLE_Reviewer_Ready_Pipeline_v4\output\fixed_pipeline\reviewer_closure_20260726_174927\step9_repl_P020\seed73\midpoint.npz,D:\PhD-Project\GP_RKHS_MINT\GP_RKHS_MINT\Tully_models\GP_MInt_QCLE_Reviewer_Ready_Pipeline_v4\output\fixed_pipeline\final_reviewer_closure\reference_grid_qcle\qcle_time_P020.npz
MIDPOINT,QCLE,20.0,73,R_mean,5.892250948374854,36.49212861017792,0.0,3000.0,production saved times within reference interval; linear interpolation; no extrapolation,4e0aed88a759b7aa51d9dc12c9a2d1025867f3a7c2b3e98f80c492927c4d6889,D:\PhD-Project\GP_RKHS_MINT\GP_RKHS_MINT\Tully_models\GP_MInt_QCLE_Reviewer_Ready_Pipeline_v4\output\fixed_pipeline\reviewer_closure_20260726_174927\step9_repl_P020\seed73\midpoint.npz,D:\PhD-Project\GP_RKHS_MINT\GP_RKHS_MINT\Tully_models\GP_MInt_QCLE_Reviewer_Ready_Pipeline_v4\output\fixed_pipeline\final_reviewer_closure\reference_grid_qcle\qcle_time_P020.npz
MIDPOINT,QCLE,20.0,73,P_mean,12.2165404528962,53.66647571141575,0.0,3000.0,production saved times within reference interval; linear interpolation; no extrapolation,4e0aed88a759b7aa51d9dc12c9a2d1025867f3a7c2b3e98f80c492927c4d6889,D:\PhD-Project\GP_RKHS_MINT\GP_RKHS_MINT\Tully_models\GP_MInt_QCLE_Reviewer_Ready_Pipeline_v4\output\fixed_pipeline\reviewer_closure_20260726_174927\step9_repl_P020\seed73\midpoint.npz,D:\PhD-Project\GP_RKHS_MINT\GP_RKHS_MINT\Tully_models\GP_MInt_QCLE_Reviewer_Ready_Pipeline_v4\output\fixed_pipeline\final_reviewer_closure\reference_grid_qcle\qcle_time_P020.npz
MIDPOINT,QCLE,20.0,73,R_var,4.395031483614898,8.766408064382263,0.0,3000.0,production saved times within reference interval; linear interpolation; no extrapolation,4e0aed88a759b7aa51d9dc12c9a2d1025867f3a7c2b3e98f80c492927c4d6889,D:\PhD-Project\GP_RKHS_MINT\GP_RKHS_MINT\Tully_models\GP_MInt_QCLE_Reviewer_Ready_Pipeline_v4\output\fixed_pipeline\reviewer_closure_20260726_174927\step9_repl_P020\seed73\midpoint.npz,D:\PhD-Project\GP_RKHS_MINT\GP_RKHS_MINT\Tully_models\GP_MInt_QCLE_Reviewer_Ready_Pipeline_v4\output\fixed_pipeline\final_reviewer_closure\reference_grid_qcle\qcle_time_P020.npz
MIDPOINT,QCLE,20.0,73,P_var,59.74357940972102,193.0034088155521,0.0,3000.0,production saved times within reference interval; linear interpolation; no extrapolation,4e0aed88a759b7aa51d9dc12c9a2d1025867f3a7c2b3e98f80c492927c4d6889,D:\PhD-Project\GP_RKHS_MINT\GP_RKHS_MINT\Tully_models\GP_MInt_QCLE_Reviewer_Ready_Pipeline_v4\output\fixed_pipeline\reviewer_closure_20260726_174927\step9_repl_P020\seed73\midpoint.npz,D:\PhD-Project\GP_RKHS_MINT\GP_RKHS_MINT\Tully_models\GP_MInt_QCLE_Reviewer_Ready_Pipeline_v4\output\fixed_pipeline\final_reviewer_closure\reference_grid_qcle\qcle_time_P020.npz
PBME,TDSE,100.0,11,P0,0.006236985758704921,0.017930510510311137,0.0,600.0,production saved times within reference interval; linear interpolation; no extrapolation,c1efe2f0a853c0fce6feabd9926ceb5229fbbe0a1a72f238b403dd261e9f786d,D:\PhD-Project\GP_RKHS_MINT\GP_RKHS_MINT\Tully_models\GP_MInt_QCLE_Reviewer_Ready_Pipeline_v4\output\fixed_pipeline\reviewer_closure_20260726_174927\step9_repl_P0100\seed11\pbme.npz,D:\PhD-Project\GP_RKHS_MINT\GP_RKHS_MINT\Tully_models\GP_MInt_QCLE_Reviewer_Ready_Pipeline_v4\output\fixed_pipeline\final_reviewer_closure\reference_tdse\tdse_time_P0100.npz
PBME,TDSE,100.0,11,P1,0.006236985759189766,0.017930510508095465,0.0,600.0,production saved times within reference interval; linear interpolation; no extrapolation,c1efe2f0a853c0fce6feabd9926ceb5229fbbe0a1a72f238b403dd261e9f786d,D:\PhD-Project\GP_RKHS_MINT\GP_RKHS_MINT\Tully_models\GP_MInt_QCLE_Reviewer_Ready_Pipeline_v4\output\fixed_pipeline\reviewer_closure_20260726_174927\step9_repl_P0100\seed11\pbme.npz,D:\PhD-Project\GP_RKHS_MINT\GP_RKHS_MINT\Tully_models\GP_MInt_QCLE_Reviewer_Ready_Pipeline_v4\output\fixed_pipeline\final_reviewer_closure\reference_tdse\tdse_time_P0100.npz
PBME,TDSE,100.0,11,trace,2.4282045957487306e-12,4.2232883856740955e-12,0.0,600.0,production saved times within reference interval; linear interpolation; no extrapolation,c1efe2f0a853c0fce6feabd9926ceb5229fbbe0a1a72f238b403dd261e9f786d,D:\PhD-Project\GP_RKHS_MINT\GP_RKHS_MINT\Tully_models\GP_MInt_QCLE_Reviewer_Ready_Pipeline_v4\output\fixed_pipeline\reviewer_closure_20260726_174927\step9_repl_P0100\seed11\pbme.npz,D:\PhD-Project\GP_RKHS_MINT\GP_RKHS_MINT\Tully_models\GP_MInt_QCLE_Reviewer_Ready_Pipeline_v4\output\fixed_pipeline\final_reviewer_closure\reference_tdse\tdse_time_P0100.npz
PBME,TDSE,100.0,11,energy,8.611846299418679e-05,8.616259213489741e-05,0.0,600.0,production saved times within reference interval; linear interpolation; no extrapolation,c1efe2f0a853c0fce6feabd9926ceb5229fbbe0a1a72f238b403dd261e9f786d,D:\PhD-Project\GP_RKHS_MINT\GP_RKHS_MINT\Tully_models\GP_MInt_QCLE_Reviewer_Ready_Pipeline_v4\output\fixed_pipeline\reviewer_closure_20260726_174927\step9_repl_P0100\seed11\pbme.npz,D:\PhD-Project\GP_RKHS_MINT\GP_RKHS_MINT\Tully_models\GP_MInt_QCLE_Reviewer_Ready_Pipeline_v4\output\fixed_pipeline\final_reviewer_closure\reference_tdse\tdse_time_P0100.npz
PBME,TDSE,100.0,11,R_mean,0.016312260981453223,0.016625965906648332,0.0,600.0,production saved times within reference interval; linear interpolation; no extrapolation,c1efe2f0a853c0fce6feabd9926ceb5229fbbe0a1a72f238b403dd261e9f786d,D:\PhD-Project\GP_RKHS_MINT\GP_RKHS_MINT\Tully_models\GP_MInt_QCLE_Reviewer_Ready_Pipeline_v4\output\fixed_pipeline\reviewer_closure_20260726_174927\step9_repl_P0100\seed11\pbme.npz,D:\PhD-Project\GP_RKHS_MINT\GP_RKHS_MINT\Tully_models\GP_MInt_QCLE_Reviewer_Ready_Pipeline_v4\output\fixed_pipeline\final_reviewer_closure\reference_tdse\tdse_time_P0100.npz
PBME,TDSE,100.0,11,P_mean,0.0041093039920030855,0.013826208855633126,0.0,600.0,production saved times within reference interval; linear interpolation; no extrapolation,c1efe2f0a853c0fce6feabd9926ceb5229fbbe0a1a72f238b403dd261e9f786d,D:\PhD-Project\GP_RKHS_MINT\GP_RKHS_MINT\Tully_models\GP_MInt_QCLE_Reviewer_Ready_Pipeline_v4\output\fixed_pipeline\reviewer_closure_20260726_174927\step9_repl_P0100\seed11\pbme.npz,D:\PhD-Project\GP_RKHS_MINT\GP_RKHS_MINT\Tully_models\GP_MInt_QCLE_Reviewer_Ready_Pipeline_v4\output\fixed_pipeline\final_reviewer_closure\reference_tdse\tdse_time_P0100.npz
PBME,TDSE,100.0,11,R_var,0.0055868813684870604,0.011253701055409238,0.0,600.0,production saved times within reference interval; linear interpolation; no extrapolation,c1efe2f0a853c0fce6feabd9926ceb5229fbbe0a1a72f238b403dd261e9f786d,D:\PhD-Project\GP_RKHS_MINT\GP_RKHS_MINT\Tully_models\GP_MInt_QCLE_Reviewer_Ready_Pipeline_v4\output\fixed_pipeline\reviewer_closure_20260726_174927\step9_repl_P0100\seed11\pbme.npz,D:\PhD-Project\GP_RKHS_MINT\GP_RKHS_MINT\Tully_models\GP_MInt_QCLE_Reviewer_Ready_Pipeline_v4\output\fixed_pipeline\final_reviewer_closure\reference_tdse\tdse_time_P0100.npz
PBME,TDSE,100.0,11,P_var,0.05484515872071216,0.08417273417217075,0.0,600.0,production saved times within reference interval; linear interpolation; no extrapolation,c1efe2f0a853c0fce6feabd9926ceb5229fbbe0a1a72f238b403dd261e9f786d,D:\PhD-Project\GP_RKHS_MINT\GP_RKHS_MINT\Tully_models\GP_MInt_QCLE_Reviewer_Ready_Pipeline_v4\output\fixed_pipeline\reviewer_closure_20260726_174927\step9_repl_P0100\seed11\pbme.npz,D:\PhD-Project\GP_RKHS_MINT\GP_RKHS_MINT\Tully_models\GP_MInt_QCLE_Reviewer_Ready_Pipeline_v4\output\fixed_pipeline\final_reviewer_closure\reference_tdse\tdse_time_P0100.npz
PBME,QCLE,100.0,11,P0,0.006238785519834624,0.017931686163005334,0.0,600.0,production saved times within reference interval; linear interpolation; no extrapolation,c1efe2f0a853c0fce6feabd9926ceb5229fbbe0a1a72f238b403dd261e9f786d,D:\PhD-Project\GP_RKHS_MINT\GP_RKHS_MINT\Tully_models\GP_MInt_QCLE_Reviewer_Ready_Pipeline_v4\output\fixed_pipeline\reviewer_closure_20260726_174927\step9_repl_P0100\seed11\pbme.npz,D:\PhD-Project\GP_RKHS_MINT\GP_RKHS_MINT\Tully_models\GP_MInt_QCLE_Reviewer_Ready_Pipeline_v4\output\fixed_pipeline\final_reviewer_closure\reference_grid_qcle\qcle_time_P0100.npz
PBME,QCLE,100.0,11,P1,0.006238785519820579,0.017931686163117244,0.0,600.0,production saved times within reference interval; linear interpolation; no extrapolation,c1efe2f0a853c0fce6feabd9926ceb5229fbbe0a1a72f238b403dd261e9f786d,D:\PhD-Project\GP_RKHS_MINT\GP_RKHS_MINT\Tully_models\GP_MInt_QCLE_Reviewer_Ready_Pipeline_v4\output\fixed_pipeline\reviewer_closure_20260726_174927\step9_repl_P0100\seed11\pbme.npz,D:\PhD-Project\GP_RKHS_MINT\GP_RKHS_MINT\Tully_models\GP_MInt_QCLE_Reviewer_Ready_Pipeline_v4\output\fixed_pipeline\final_reviewer_closure\reference_grid_qcle\qcle_time_P0100.npz
PBME,QCLE,100.0,11,trace,1.1654127270378517e-13,2.2426505097428162e-13,0.0,600.0,production saved times within reference interval; linear interpolation; no extrapolation,c1efe2f0a853c0fce6feabd9926ceb5229fbbe0a1a72f238b403dd261e9f786d,D:\PhD-Project\GP_RKHS_MINT\GP_RKHS_MINT\Tully_models\GP_MInt_QCLE_Reviewer_Ready_Pipeline_v4\output\fixed_pipeline\reviewer_closure_20260726_174927\step9_repl_P0100\seed11\pbme.npz,D:\PhD-Project\GP_RKHS_MINT\GP_RKHS_MINT\Tully_models\GP_MInt_QCLE_Reviewer_Ready_Pipeline_v4\output\fixed_pipeline\final_reviewer_closure\reference_grid_qcle\qcle_time_P0100.npz
PBME,QCLE,100.0,11,energy,8.611090379235683e-05,8.615106822329466e-05,0.0,600.0,production saved times within reference interval; linear interpolation; no extrapolation,c1efe2f0a853c0fce6feabd9926ceb5229fbbe0a1a72f238b403dd261e9f786d,D:\PhD-Project\GP_RKHS_MINT\GP_RKHS_MINT\Tully_models\GP_MInt_QCLE_Reviewer_Ready_Pipeline_v4\output\fixed_pipeline\reviewer_closure_20260726_174927\step9_repl_P0100\seed11\pbme.npz,D:\PhD-Project\GP_RKHS_MINT\GP_RKHS_MINT\Tully_models\GP_MInt_QCLE_Reviewer_Ready_Pipeline_v4\output\fixed_pipeline\final_reviewer_closure\reference_grid_qcle\qcle_time_P0100.npz
PBME,QCLE,100.0,11,R_mean,0.016312948490599017,0.016629961546788863,0.0,600.0,production saved times within reference interval; linear interpolation; no extrapolation,c1efe2f0a853c0fce6feabd9926ceb5229fbbe0a1a72f238b403dd261e9f786d,D:\PhD-Project\GP_RKHS_MINT\GP_RKHS_MINT\Tully_models\GP_MInt_QCLE_Reviewer_Ready_Pipeline_v4\output\fixed_pipeline\reviewer_closure_20260726_174927\step9_repl_P0100\seed11\pbme.npz,D:\PhD-Project\GP_RKHS_MINT\GP_RKHS_MINT\Tully_models\GP_MInt_QCLE_Reviewer_Ready_Pipeline_v4\output\fixed_pipeline\final_reviewer_closure\reference_grid_qcle\qcle_time_P0100.npz
PBME,QCLE,100.0,11,P_mean,0.0041198563447267505,0.013839280704061707,0.0,600.0,production saved times within reference interval; linear interpolation; no extrapolation,c1efe2f0a853c0fce6feabd9926ceb5229fbbe0a1a72f238b403dd261e9f786d,D:\PhD-Project\GP_RKHS_MINT\GP_RKHS_MINT\Tully_models\GP_MInt_QCLE_Reviewer_Ready_Pipeline_v4\output\fixed_pipeline\reviewer_closure_20260726_174927\step9_repl_P0100\seed11\pbme.npz,D:\PhD-Project\GP_RKHS_MINT\GP_RKHS_MINT\Tully_models\GP_MInt_QCLE_Reviewer_Ready_Pipeline_v4\output\fixed_pipeline\final_reviewer_closure\reference_grid_qcle\qcle_time_P0100.npz
PBME,QCLE,100.0,11,R_var,0.005563736393219392,0.01115359046164599,0.0,600.0,production saved times within reference interval; linear interpolation; no extrapolation,c1efe2f0a853c0fce6feabd9926ceb5229fbbe0a1a72f238b403dd261e9f786d,D:\PhD-Project\GP_RKHS_MINT\GP_RKHS_MINT\Tully_models\GP_MInt_QCLE_Reviewer_Ready_Pipeline_v4\output\fixed_pipeline\reviewer_closure_20260726_174927\step9_repl_P0100\seed11\pbme.npz,D:\PhD-Project\GP_RKHS_MINT\GP_RKHS_MINT\Tully_models\GP_MInt_QCLE_Reviewer_Ready_Pipeline_v4\output\fixed_pipeline\final_reviewer_closure\reference_grid_qcle\qcle_time_P0100.npz
PBME,QCLE,100.0,11,P_var,0.051538243237865766,0.0835331326297819,0.0,600.0,production saved times within reference interval; linear interpolation; no extrapolation,c1efe2f0a853c0fce6feabd9926ceb5229fbbe0a1a72f238b403dd261e9f786d,D:\PhD-Project\GP_RKHS_MINT\GP_RKHS_MINT\Tully_models\GP_MInt_QCLE_Reviewer_Ready_Pipeline_v4\output\fixed_pipeline\reviewer_closure_20260726_174927\step9_repl_P0100\seed11\pbme.npz,D:\PhD-Project\GP_RKHS_MINT\GP_RKHS_MINT\Tully_models\GP_MInt_QCLE_Reviewer_Ready_Pipeline_v4\output\fixed_pipeline\final_reviewer_closure\reference_grid_qcle\qcle_time_P0100.npz
MIDPOINT,TDSE,100.0,11,P0,197.3795735079567,9631.017248762046,0.0,600.0,production saved times within reference interval; linear interpolation; no extrapolation,c1efe2f0a853c0fce6feabd9926ceb5229fbbe0a1a72f238b403dd261e9f786d,D:\PhD-Project\GP_RKHS_MINT\GP_RKHS_MINT\Tully_models\GP_MInt_QCLE_Reviewer_Ready_Pipeline_v4\output\fixed_pipeline\reviewer_closure_20260726_174927\step9_repl_P0100\seed11\midpoint.npz,D:\PhD-Project\GP_RKHS_MINT\GP_RKHS_MINT\Tully_models\GP_MInt_QCLE_Reviewer_Ready_Pipeline_v4\output\fixed_pipeline\final_reviewer_closure\reference_tdse\tdse_time_P0100.npz
MIDPOINT,TDSE,100.0,11,P1,197.37957350794017,9631.017248761238,0.0,600.0,production saved times within reference interval; linear interpolation; no extrapolation,c1efe2f0a853c0fce6feabd9926ceb5229fbbe0a1a72f238b403dd261e9f786d,D:\PhD-Project\GP_RKHS_MINT\GP_RKHS_MINT\Tully_models\GP_MInt_QCLE_Reviewer_Ready_Pipeline_v4\output\fixed_pipeline\reviewer_closure_20260726_174927\step9_repl_P0100\seed11\midpoint.npz,D:\PhD-Project\GP_RKHS_MINT\GP_RKHS_MINT\Tully_models\GP_MInt_QCLE_Reviewer_Ready_Pipeline_v4\output\fixed_pipeline\final_reviewer_closure\reference_tdse\tdse_time_P0100.npz
MIDPOINT,TDSE,100.0,11,trace,1.6724545950066734e-11,8.065210721497351e-10,0.0,600.0,production saved times within reference interval; linear interpolation; no extrapolation,c1efe2f0a853c0fce6feabd9926ceb5229fbbe0a1a72f238b403dd261e9f786d,D:\PhD-Project\GP_RKHS_MINT\GP_RKHS_MINT\Tully_models\GP_MInt_QCLE_Reviewer_Ready_Pipeline_v4\output\fixed_pipeline\reviewer_closure_20260726_174927\step9_repl_P0100\seed11\midpoint.npz,D:\PhD-Project\GP_RKHS_MINT\GP_RKHS_MINT\Tully_models\GP_MInt_QCLE_Reviewer_Ready_Pipeline_v4\output\fixed_pipeline\final_reviewer_closure\reference_tdse\tdse_time_P0100.npz
MIDPOINT,TDSE,100.0,11,energy,17.489594016912744,854.4977828334939,0.0,600.0,production saved times within reference interval; linear interpolation; no extrapolation,c1efe2f0a853c0fce6feabd9926ceb5229fbbe0a1a72f238b403dd261e9f786d,D:\PhD-Project\GP_RKHS_MINT\GP_RKHS_MINT\Tully_models\GP_MInt_QCLE_Reviewer_Ready_Pipeline_v4\output\fixed_pipeline\reviewer_closure_20260726_174927\step9_repl_P0100\seed11\midpoint.npz,D:\PhD-Project\GP_RKHS_MINT\GP_RKHS_MINT\Tully_models\GP_MInt_QCLE_Reviewer_Ready_Pipeline_v4\output\fixed_pipeline\final_reviewer_closure\reference_tdse\tdse_time_P0100.npz
MIDPOINT,TDSE,100.0,11,R_mean,421.7939398565461,20594.66382025074,0.0,600.0,production saved times within reference interval; linear interpolation; no extrapolation,c1efe2f0a853c0fce6feabd9926ceb5229fbbe0a1a72f238b403dd261e9f786d,D:\PhD-Project\GP_RKHS_MINT\GP_RKHS_MINT\Tully_models\GP_MInt_QCLE_Reviewer_Ready_Pipeline_v4\output\fixed_pipeline\reviewer_closure_20260726_174927\step9_repl_P0100\seed11\midpoint.npz,D:\PhD-Project\GP_RKHS_MINT\GP_RKHS_MINT\Tully_models\GP_MInt_QCLE_Reviewer_Ready_Pipeline_v4\output\fixed_pipeline\final_reviewer_closure\reference_tdse\tdse_time_P0100.npz
MIDPOINT,TDSE,100.0,11,P_mean,558.9349409699478,27321.80741172079,0.0,600.0,production saved times within reference interval; linear interpolation; no extrapolation,c1efe2f0a853c0fce6feabd9926ceb5229fbbe0a1a72f238b403dd261e9f786d,D:\PhD-Project\GP_RKHS_MINT\GP_RKHS_MINT\Tully_models\GP_MInt_QCLE_Reviewer_Ready_Pipeline_v4\output\fixed_pipeline\reviewer_closure_20260726_174927\step9_repl_P0100\seed11\midpoint.npz,D:\PhD-Project\GP_RKHS_MINT\GP_RKHS_MINT\Tully_models\GP_MInt_QCLE_Reviewer_Ready_Pipeline_v4\output\fixed_pipeline\final_reviewer_closure\reference_tdse\tdse_time_P0100.npz
MIDPOINT,TDSE,100.0,11,R_var,1.1825858384984202e+25,4.039919077722599e+25,0.0,600.0,production saved times within reference interval; linear interpolation; no extrapolation,c1efe2f0a853c0fce6feabd9926ceb5229fbbe0a1a72f238b403dd261e9f786d,D:\PhD-Project\GP_RKHS_MINT\GP_RKHS_MINT\Tully_models\GP_MInt_QCLE_Reviewer_Ready_Pipeline_v4\output\fixed_pipeline\reviewer_closure_20260726_174927\step9_repl_P0100\seed11\midpoint.npz,D:\PhD-Project\GP_RKHS_MINT\GP_RKHS_MINT\Tully_models\GP_MInt_QCLE_Reviewer_Ready_Pipeline_v4\output\fixed_pipeline\final_reviewer_closure\reference_tdse\tdse_time_P0100.npz
MIDPOINT,TDSE,100.0,11,P_var,9.016906627312686e+26,2.3420014655874454e+27,0.0,600.0,production saved times within reference interval; linear interpolation; no extrapolation,c1efe2f0a853c0fce6feabd9926ceb5229fbbe0a1a72f238b403dd261e9f786d,D:\PhD-Project\GP_RKHS_MINT\GP_RKHS_MINT\Tully_models\GP_MInt_QCLE_Reviewer_Ready_Pipeline_v4\output\fixed_pipeline\reviewer_closure_20260726_174927\step9_repl_P0100\seed11\midpoint.npz,D:\PhD-Project\GP_RKHS_MINT\GP_RKHS_MINT\Tully_models\GP_MInt_QCLE_Reviewer_Ready_Pipeline_v4\output\fixed_pipeline\final_reviewer_closure\reference_tdse\tdse_time_P0100.npz
MIDPOINT,QCLE,100.0,11,P0,197.37957359865948,9631.01725322718,0.0,600.0,production saved times within reference interval; linear interpolation; no extrapolation,c1efe2f0a853c0fce6feabd9926ceb5229fbbe0a1a72f238b403dd261e9f786d,D:\PhD-Project\GP_RKHS_MINT\GP_RKHS_MINT\Tully_models\GP_MInt_QCLE_Reviewer_Ready_Pipeline_v4\output\fixed_pipeline\reviewer_closure_20260726_174927\step9_repl_P0100\seed11\midpoint.npz,D:\PhD-Project\GP_RKHS_MINT\GP_RKHS_MINT\Tully_models\GP_MInt_QCLE_Reviewer_Ready_Pipeline_v4\output\fixed_pipeline\final_reviewer_closure\reference_grid_qcle\qcle_time_P0100.npz
MIDPOINT,QCLE,100.0,11,P1,197.37957359864288,9631.017253226371,0.0,600.0,production saved times within reference interval; linear interpolation; no extrapolation,c1efe2f0a853c0fce6feabd9926ceb5229fbbe0a1a72f238b403dd261e9f786d,D:\PhD-Project\GP_RKHS_MINT\GP_RKHS_MINT\Tully_models\GP_MInt_QCLE_Reviewer_Ready_Pipeline_v4\output\fixed_pipeline\reviewer_closure_20260726_174927\step9_repl_P0100\seed11\midpoint.npz,D:\PhD-Project\GP_RKHS_MINT\GP_RKHS_MINT\Tully_models\GP_MInt_QCLE_Reviewer_Ready_Pipeline_v4\output\fixed_pipeline\final_reviewer_closure\reference_grid_qcle\qcle_time_P0100.npz
MIDPOINT,QCLE,100.0,11,trace,1.6632160735088002e-11,8.096525672129928e-10,0.0,600.0,production saved times within reference interval; linear interpolation; no extrapolation,c1efe2f0a853c0fce6feabd9926ceb5229fbbe0a1a72f238b403dd261e9f786d,D:\PhD-Project\GP_RKHS_MINT\GP_RKHS_MINT\Tully_models\GP_MInt_QCLE_Reviewer_Ready_Pipeline_v4\output\fixed_pipeline\reviewer_closure_20260726_174927\step9_repl_P0100\seed11\midpoint.npz,D:\PhD-Project\GP_RKHS_MINT\GP_RKHS_MINT\Tully_models\GP_MInt_QCLE_Reviewer_Ready_Pipeline_v4\output\fixed_pipeline\final_reviewer_closure\reference_grid_qcle\qcle_time_P0100.npz
MIDPOINT,QCLE,100.0,11,energy,17.489594017276673,854.497782853417,0.0,600.0,production saved times within reference interval; linear interpolation; no extrapolation,c1efe2f0a853c0fce6feabd9926ceb5229fbbe0a1a72f238b403dd261e9f786d,D:\PhD-Project\GP_RKHS_MINT\GP_RKHS_MINT\Tully_models\GP_MInt_QCLE_Reviewer_Ready_Pipeline_v4\output\fixed_pipeline\reviewer_closure_20260726_174927\step9_repl_P0100\seed11\midpoint.npz,D:\PhD-Project\GP_RKHS_MINT\GP_RKHS_MINT\Tully_models\GP_MInt_QCLE_Reviewer_Ready_Pipeline_v4\output\fixed_pipeline\final_reviewer_closure\reference_grid_qcle\qcle_time_P0100.npz
MIDPOINT,QCLE,100.0,11,R_mean,421.7939398361053,20594.663819316902,0.0,600.0,production saved times within reference interval; linear interpolation; no extrapolation,c1efe2f0a853c0fce6feabd9926ceb5229fbbe0a1a72f238b403dd261e9f786d,D:\PhD-Project\GP_RKHS_MINT\GP_RKHS_MINT\Tully_models\GP_MInt_QCLE_Reviewer_Ready_Pipeline_v4\output\fixed_pipeline\reviewer_closure_20260726_174927\step9_repl_P0100\seed11\midpoint.npz,D:\PhD-Project\GP_RKHS_MINT\GP_RKHS_MINT\Tully_models\GP_MInt_QCLE_Reviewer_Ready_Pipeline_v4\output\fixed_pipeline\final_reviewer_closure\reference_grid_qcle\qcle_time_P0100.npz
MIDPOINT,QCLE,100.0,11,P_mean,558.9349416791348,27321.80744894304,0.0,600.0,production saved times within reference interval; linear interpolation; no extrapolation,c1efe2f0a853c0fce6feabd9926ceb5229fbbe0a1a72f238b403dd261e9f786d,D:\PhD-Project\GP_RKHS_MINT\GP_RKHS_MINT\Tully_models\GP_MInt_QCLE_Reviewer_Ready_Pipeline_v4\output\fixed_pipeline\reviewer_closure_20260726_174927\step9_repl_P0100\seed11\midpoint.npz,D:\PhD-Project\GP_RKHS_MINT\GP_RKHS_MINT\Tully_models\GP_MInt_QCLE_Reviewer_Ready_Pipeline_v4\output\fixed_pipeline\final_reviewer_closure\reference_grid_qcle\qcle_time_P0100.npz
MIDPOINT,QCLE,100.0,11,R_var,1.1825858384984202e+25,4.039919077722599e+25,0.0,600.0,production saved times within reference interval; linear interpolation; no extrapolation,c1efe2f0a853c0fce6feabd9926ceb5229fbbe0a1a72f238b403dd261e9f786d,D:\PhD-Project\GP_RKHS_MINT\GP_RKHS_MINT\Tully_models\GP_MInt_QCLE_Reviewer_Ready_Pipeline_v4\output\fixed_pipeline\reviewer_closure_20260726_174927\step9_repl_P0100\seed11\midpoint.npz,D:\PhD-Project\GP_RKHS_MINT\GP_RKHS_MINT\Tully_models\GP_MInt_QCLE_Reviewer_Ready_Pipeline_v4\output\fixed_pipeline\final_reviewer_closure\reference_grid_qcle\qcle_time_P0100.npz
MIDPOINT,QCLE,100.0,11,P_var,9.016906627312686e+26,2.3420014655874454e+27,0.0,600.0,production saved times within reference interval; linear interpolation; no extrapolation,c1efe2f0a853c0fce6feabd9926ceb5229fbbe0a1a72f238b403dd261e9f786d,D:\PhD-Project\GP_RKHS_MINT\GP_RKHS_MINT\Tully_models\GP_MInt_QCLE_Reviewer_Ready_Pipeline_v4\output\fixed_pipeline\reviewer_closure_20260726_174927\step9_repl_P0100\seed11\midpoint.npz,D:\PhD-Project\GP_RKHS_MINT\GP_RKHS_MINT\Tully_models\GP_MInt_QCLE_Reviewer_Ready_Pipeline_v4\output\fixed_pipeline\final_reviewer_closure\reference_grid_qcle\qcle_time_P0100.npz
PBME,TDSE,100.0,29,P0,0.019508957093008667,0.032531325514831705,0.0,600.0,production saved times within reference interval; linear interpolation; no extrapolation,dcfa10ca5ae845a33e467f8dca043bbfa1b8099927ccfd3513549ead18e02ba0,D:\PhD-Project\GP_RKHS_MINT\GP_RKHS_MINT\Tully_models\GP_MInt_QCLE_Reviewer_Ready_Pipeline_v4\output\fixed_pipeline\reviewer_closure_20260726_174927\step9_repl_P0100\seed29\pbme.npz,D:\PhD-Project\GP_RKHS_MINT\GP_RKHS_MINT\Tully_models\GP_MInt_QCLE_Reviewer_Ready_Pipeline_v4\output\fixed_pipeline\final_reviewer_closure\reference_tdse\tdse_time_P0100.npz
PBME,TDSE,100.0,29,P1,0.019508957090991055,0.032531325512040854,0.0,600.0,production saved times within reference interval; linear interpolation; no extrapolation,dcfa10ca5ae845a33e467f8dca043bbfa1b8099927ccfd3513549ead18e02ba0,D:\PhD-Project\GP_RKHS_MINT\GP_RKHS_MINT\Tully_models\GP_MInt_QCLE_Reviewer_Ready_Pipeline_v4\output\fixed_pipeline\reviewer_closure_20260726_174927\step9_repl_P0100\seed29\pbme.npz,D:\PhD-Project\GP_RKHS_MINT\GP_RKHS_MINT\Tully_models\GP_MInt_QCLE_Reviewer_Ready_Pipeline_v4\output\fixed_pipeline\final_reviewer_closure\reference_tdse\tdse_time_P0100.npz
PBME,TDSE,100.0,29,trace,2.427480264680143e-12,4.22262225185932e-12,0.0,600.0,production saved times within reference interval; linear interpolation; no extrapolation,dcfa10ca5ae845a33e467f8dca043bbfa1b8099927ccfd3513549ead18e02ba0,D:\PhD-Project\GP_RKHS_MINT\GP_RKHS_MINT\Tully_models\GP_MInt_QCLE_Reviewer_Ready_Pipeline_v4\output\fixed_pipeline\reviewer_closure_20260726_174927\step9_repl_P0100\seed29\pbme.npz,D:\PhD-Project\GP_RKHS_MINT\GP_RKHS_MINT\Tully_models\GP_MInt_QCLE_Reviewer_Ready_Pipeline_v4\output\fixed_pipeline\final_reviewer_closure\reference_tdse\tdse_time_P0100.npz
PBME,TDSE,100.0,29,energy,0.0003157512335428895,0.00031579018678096205,0.0,600.0,production saved times within reference interval; linear interpolation; no extrapolation,dcfa10ca5ae845a33e467f8dca043bbfa1b8099927ccfd3513549ead18e02ba0,D:\PhD-Project\GP_RKHS_MINT\GP_RKHS_MINT\Tully_models\GP_MInt_QCLE_Reviewer_Ready_Pipeline_v4\output\fixed_pipeline\reviewer_closure_20260726_174927\step9_repl_P0100\seed29\pbme.npz,D:\PhD-Project\GP_RKHS_MINT\GP_RKHS_MINT\Tully_models\GP_MInt_QCLE_Reviewer_Ready_Pipeline_v4\output\fixed_pipeline\final_reviewer_closure\reference_tdse\tdse_time_P0100.npz
PBME,TDSE,100.0,29,R_mean,0.017900307034745825,0.021372795147817314,0.0,600.0,production saved times within reference interval; linear interpolation; no extrapolation,dcfa10ca5ae845a33e467f8dca043bbfa1b8099927ccfd3513549ead18e02ba0,D:\PhD-Project\GP_RKHS_MINT\GP_RKHS_MINT\Tully_models\GP_MInt_QCLE_Reviewer_Ready_Pipeline_v4\output\fixed_pipeline\reviewer_closure_20260726_174927\step9_repl_P0100\seed29\pbme.npz,D:\PhD-Project\GP_RKHS_MINT\GP_RKHS_MINT\Tully_models\GP_MInt_QCLE_Reviewer_Ready_Pipeline_v4\output\fixed_pipeline\final_reviewer_closure\reference_tdse\tdse_time_P0100.npz
PBME,TDSE,100.0,29,P_mean,0.022564203212371445,0.03685742061129815,0.0,600.0,production saved times within reference interval; linear interpolation; no extrapolation,dcfa10ca5ae845a33e467f8dca043bbfa1b8099927ccfd3513549ead18e02ba0,D:\PhD-Project\GP_RKHS_MINT\GP_RKHS_MINT\Tully_models\GP_MInt_QCLE_Reviewer_Ready_Pipeline_v4\output\fixed_pipeline\reviewer_closure_20260726_174927\step9_repl_P0100\seed29\pbme.npz,D:\PhD-Project\GP_RKHS_MINT\GP_RKHS_MINT\Tully_models\GP_MInt_QCLE_Reviewer_Ready_Pipeline_v4\output\fixed_pipeline\final_reviewer_closure\reference_tdse\tdse_time_P0100.npz
PBME,TDSE,100.0,29,R_var,0.008039199228461415,0.00938563249584945,0.0,600.0,production saved times within reference interval; linear interpolation; no extrapolation,dcfa10ca5ae845a33e467f8dca043bbfa1b8099927ccfd3513549ead18e02ba0,D:\PhD-Project\GP_RKHS_MINT\GP_RKHS_MINT\Tully_models\GP_MInt_QCLE_Reviewer_Ready_Pipeline_v4\output\fixed_pipeline\reviewer_closure_20260726_174927\step9_repl_P0100\seed29\pbme.npz,D:\PhD-Project\GP_RKHS_MINT\GP_RKHS_MINT\Tully_models\GP_MInt_QCLE_Reviewer_Ready_Pipeline_v4\output\fixed_pipeline\final_reviewer_closure\reference_tdse\tdse_time_P0100.npz
PBME,TDSE,100.0,29,P_var,0.05932746679561327,0.10034702405391727,0.0,600.0,production saved times within reference interval; linear interpolation; no extrapolation,dcfa10ca5ae845a33e467f8dca043bbfa1b8099927ccfd3513549ead18e02ba0,D:\PhD-Project\GP_RKHS_MINT\GP_RKHS_MINT\Tully_models\GP_MInt_QCLE_Reviewer_Ready_Pipeline_v4\output\fixed_pipeline\reviewer_closure_20260726_174927\step9_repl_P0100\seed29\pbme.npz,D:\PhD-Project\GP_RKHS_MINT\GP_RKHS_MINT\Tully_models\GP_MInt_QCLE_Reviewer_Ready_Pipeline_v4\output\fixed_pipeline\final_reviewer_closure\reference_tdse\tdse_time_P0100.npz
PBME,QCLE,100.0,29,P0,0.019504668903304316,0.032526434494447004,0.0,600.0,production saved times within reference interval; linear interpolation; no extrapolation,dcfa10ca5ae845a33e467f8dca043bbfa1b8099927ccfd3513549ead18e02ba0,D:\PhD-Project\GP_RKHS_MINT\GP_RKHS_MINT\Tully_models\GP_MInt_QCLE_Reviewer_Ready_Pipeline_v4\output\fixed_pipeline\reviewer_closure_20260726_174927\step9_repl_P0100\seed29\pbme.npz,D:\PhD-Project\GP_RKHS_MINT\GP_RKHS_MINT\Tully_models\GP_MInt_QCLE_Reviewer_Ready_Pipeline_v4\output\fixed_pipeline\final_reviewer_closure\reference_grid_qcle\qcle_time_P0100.npz
PBME,QCLE,100.0,29,P1,0.019504668903385803,0.032526434494559275,0.0,600.0,production saved times within reference interval; linear interpolation; no extrapolation,dcfa10ca5ae845a33e467f8dca043bbfa1b8099927ccfd3513549ead18e02ba0,D:\PhD-Project\GP_RKHS_MINT\GP_RKHS_MINT\Tully_models\GP_MInt_QCLE_Reviewer_Ready_Pipeline_v4\output\fixed_pipeline\reviewer_closure_20260726_174927\step9_repl_P0100\seed29\pbme.npz,D:\PhD-Project\GP_RKHS_MINT\GP_RKHS_MINT\Tully_models\GP_MInt_QCLE_Reviewer_Ready_Pipeline_v4\output\fixed_pipeline\final_reviewer_closure\reference_grid_qcle\qcle_time_P0100.npz
PBME,QCLE,100.0,29,trace,1.1741970706465189e-13,2.2493118478905672e-13,0.0,600.0,production saved times within reference interval; linear interpolation; no extrapolation,dcfa10ca5ae845a33e467f8dca043bbfa1b8099927ccfd3513549ead18e02ba0,D:\PhD-Project\GP_RKHS_MINT\GP_RKHS_MINT\Tully_models\GP_MInt_QCLE_Reviewer_Ready_Pipeline_v4\output\fixed_pipeline\reviewer_closure_20260726_174927\step9_repl_P0100\seed29\pbme.npz,D:\PhD-Project\GP_RKHS_MINT\GP_RKHS_MINT\Tully_models\GP_MInt_QCLE_Reviewer_Ready_Pipeline_v4\output\fixed_pipeline\final_reviewer_closure\reference_grid_qcle\qcle_time_P0100.npz
PBME,QCLE,100.0,29,energy,0.0003157436748093216,0.00031577155221640396,0.0,600.0,production saved times within reference interval; linear interpolation; no extrapolation,dcfa10ca5ae845a33e467f8dca043bbfa1b8099927ccfd3513549ead18e02ba0,D:\PhD-Project\GP_RKHS_MINT\GP_RKHS_MINT\Tully_models\GP_MInt_QCLE_Reviewer_Ready_Pipeline_v4\output\fixed_pipeline\reviewer_closure_20260726_174927\step9_repl_P0100\seed29\pbme.npz,D:\PhD-Project\GP_RKHS_MINT\GP_RKHS_MINT\Tully_models\GP_MInt_QCLE_Reviewer_Ready_Pipeline_v4\output\fixed_pipeline\final_reviewer_closure\reference_grid_qcle\qcle_time_P0100.npz
PBME,QCLE,100.0,29,R_mean,0.017899541778663385,0.021368799507676783,0.0,600.0,production saved times within reference interval; linear interpolation; no extrapolation,dcfa10ca5ae845a33e467f8dca043bbfa1b8099927ccfd3513549ead18e02ba0,D:\PhD-Project\GP_RKHS_MINT\GP_RKHS_MINT\Tully_models\GP_MInt_QCLE_Reviewer_Ready_Pipeline_v4\output\fixed_pipeline\reviewer_closure_20260726_174927\step9_repl_P0100\seed29\pbme.npz,D:\PhD-Project\GP_RKHS_MINT\GP_RKHS_MINT\Tully_models\GP_MInt_QCLE_Reviewer_Ready_Pipeline_v4\output\fixed_pipeline\final_reviewer_closure\reference_grid_qcle\qcle_time_P0100.npz
PBME,QCLE,100.0,29,P_mean,0.022542829378689684,0.03682043539367896,0.0,600.0,production saved times within reference interval; linear interpolation; no extrapolation,dcfa10ca5ae845a33e467f8dca043bbfa1b8099927ccfd3513549ead18e02ba0,D:\PhD-Project\GP_RKHS_MINT\GP_RKHS_MINT\Tully_models\GP_MInt_QCLE_Reviewer_Ready_Pipeline_v4\output\fixed_pipeline\reviewer_closure_20260726_174927\step9_repl_P0100\seed29\pbme.npz,D:\PhD-Project\GP_RKHS_MINT\GP_RKHS_MINT\Tully_models\GP_MInt_QCLE_Reviewer_Ready_Pipeline_v4\output\fixed_pipeline\final_reviewer_closure\reference_grid_qcle\qcle_time_P0100.npz
PBME,QCLE,100.0,29,R_var,0.008024395702763622,0.009285521902086202,0.0,600.0,production saved times within reference interval; linear interpolation; no extrapolation,dcfa10ca5ae845a33e467f8dca043bbfa1b8099927ccfd3513549ead18e02ba0,D:\PhD-Project\GP_RKHS_MINT\GP_RKHS_MINT\Tully_models\GP_MInt_QCLE_Reviewer_Ready_Pipeline_v4\output\fixed_pipeline\reviewer_closure_20260726_174927\step9_repl_P0100\seed29\pbme.npz,D:\PhD-Project\GP_RKHS_MINT\GP_RKHS_MINT\Tully_models\GP_MInt_QCLE_Reviewer_Ready_Pipeline_v4\output\fixed_pipeline\final_reviewer_closure\reference_grid_qcle\qcle_time_P0100.npz
PBME,QCLE,100.0,29,P_var,0.05626283285081274,0.1011312896544041,0.0,600.0,production saved times within reference interval; linear interpolation; no extrapolation,dcfa10ca5ae845a33e467f8dca043bbfa1b8099927ccfd3513549ead18e02ba0,D:\PhD-Project\GP_RKHS_MINT\GP_RKHS_MINT\Tully_models\GP_MInt_QCLE_Reviewer_Ready_Pipeline_v4\output\fixed_pipeline\reviewer_closure_20260726_174927\step9_repl_P0100\seed29\pbme.npz,D:\PhD-Project\GP_RKHS_MINT\GP_RKHS_MINT\Tully_models\GP_MInt_QCLE_Reviewer_Ready_Pipeline_v4\output\fixed_pipeline\final_reviewer_closure\reference_grid_qcle\qcle_time_P0100.npz
MIDPOINT,TDSE,100.0,29,P0,1.6989087215982213,48.38204871263186,0.0,600.0,production saved times within reference interval; linear interpolation; no extrapolation,dcfa10ca5ae845a33e467f8dca043bbfa1b8099927ccfd3513549ead18e02ba0,D:\PhD-Project\GP_RKHS_MINT\GP_RKHS_MINT\Tully_models\GP_MInt_QCLE_Reviewer_Ready_Pipeline_v4\output\fixed_pipeline\reviewer_closure_20260726_174927\step9_repl_P0100\seed29\midpoint.npz,D:\PhD-Project\GP_RKHS_MINT\GP_RKHS_MINT\Tully_models\GP_MInt_QCLE_Reviewer_Ready_Pipeline_v4\output\fixed_pipeline\final_reviewer_closure\reference_tdse\tdse_time_P0100.npz
MIDPOINT,TDSE,100.0,29,P1,1.6989087215980365,48.38204871263585,0.0,600.0,production saved times within reference interval; linear interpolation; no extrapolation,dcfa10ca5ae845a33e467f8dca043bbfa1b8099927ccfd3513549ead18e02ba0,D:\PhD-Project\GP_RKHS_MINT\GP_RKHS_MINT\Tully_models\GP_MInt_QCLE_Reviewer_Ready_Pipeline_v4\output\fixed_pipeline\reviewer_closure_20260726_174927\step9_repl_P0100\seed29\midpoint.npz,D:\PhD-Project\GP_RKHS_MINT\GP_RKHS_MINT\Tully_models\GP_MInt_QCLE_Reviewer_Ready_Pipeline_v4\output\fixed_pipeline\final_reviewer_closure\reference_tdse\tdse_time_P0100.npz
MIDPOINT,TDSE,100.0,29,trace,2.2867398977239955e-12,4.2168490921312696e-12,0.0,600.0,production saved times within reference interval; linear interpolation; no extrapolation,dcfa10ca5ae845a33e467f8dca043bbfa1b8099927ccfd3513549ead18e02ba0,D:\PhD-Project\GP_RKHS_MINT\GP_RKHS_MINT\Tully_models\GP_MInt_QCLE_Reviewer_Ready_Pipeline_v4\output\fixed_pipeline\reviewer_closure_20260726_174927\step9_repl_P0100\seed29\midpoint.npz,D:\PhD-Project\GP_RKHS_MINT\GP_RKHS_MINT\Tully_models\GP_MInt_QCLE_Reviewer_Ready_Pipeline_v4\output\fixed_pipeline\final_reviewer_closure\reference_tdse\tdse_time_P0100.npz
MIDPOINT,TDSE,100.0,29,energy,0.3063153361758951,7.981368886015542,0.0,600.0,production saved times within reference interval; linear interpolation; no extrapolation,dcfa10ca5ae845a33e467f8dca043bbfa1b8099927ccfd3513549ead18e02ba0,D:\PhD-Project\GP_RKHS_MINT\GP_RKHS_MINT\Tully_models\GP_MInt_QCLE_Reviewer_Ready_Pipeline_v4\output\fixed_pipeline\reviewer_closure_20260726_174927\step9_repl_P0100\seed29\midpoint.npz,D:\PhD-Project\GP_RKHS_MINT\GP_RKHS_MINT\Tully_models\GP_MInt_QCLE_Reviewer_Ready_Pipeline_v4\output\fixed_pipeline\final_reviewer_closure\reference_tdse\tdse_time_P0100.npz
MIDPOINT,TDSE,100.0,29,R_mean,2.6222648397347044,65.0149245436268,0.0,600.0,production saved times within reference interval; linear interpolation; no extrapolation,dcfa10ca5ae845a33e467f8dca043bbfa1b8099927ccfd3513549ead18e02ba0,D:\PhD-Project\GP_RKHS_MINT\GP_RKHS_MINT\Tully_models\GP_MInt_QCLE_Reviewer_Ready_Pipeline_v4\output\fixed_pipeline\reviewer_closure_20260726_174927\step9_repl_P0100\seed29\midpoint.npz,D:\PhD-Project\GP_RKHS_MINT\GP_RKHS_MINT\Tully_models\GP_MInt_QCLE_Reviewer_Ready_Pipeline_v4\output\fixed_pipeline\final_reviewer_closure\reference_tdse\tdse_time_P0100.npz
MIDPOINT,TDSE,100.0,29,P_mean,6.1071444660734455,171.01187576241557,0.0,600.0,production saved times within reference interval; linear interpolation; no extrapolation,dcfa10ca5ae845a33e467f8dca043bbfa1b8099927ccfd3513549ead18e02ba0,D:\PhD-Project\GP_RKHS_MINT\GP_RKHS_MINT\Tully_models\GP_MInt_QCLE_Reviewer_Ready_Pipeline_v4\output\fixed_pipeline\reviewer_closure_20260726_174927\step9_repl_P0100\seed29\midpoint.npz,D:\PhD-Project\GP_RKHS_MINT\GP_RKHS_MINT\Tully_models\GP_MInt_QCLE_Reviewer_Ready_Pipeline_v4\output\fixed_pipeline\final_reviewer_closure\reference_tdse\tdse_time_P0100.npz
MIDPOINT,TDSE,100.0,29,R_var,1.327508831234584e+43,4.633877988326877e+43,0.0,600.0,production saved times within reference interval; linear interpolation; no extrapolation,dcfa10ca5ae845a33e467f8dca043bbfa1b8099927ccfd3513549ead18e02ba0,D:\PhD-Project\GP_RKHS_MINT\GP_RKHS_MINT\Tully_models\GP_MInt_QCLE_Reviewer_Ready_Pipeline_v4\output\fixed_pipeline\reviewer_closure_20260726_174927\step9_repl_P0100\seed29\midpoint.npz,D:\PhD-Project\GP_RKHS_MINT\GP_RKHS_MINT\Tully_models\GP_MInt_QCLE_Reviewer_Ready_Pipeline_v4\output\fixed_pipeline\final_reviewer_closure\reference_tdse\tdse_time_P0100.npz
MIDPOINT,TDSE,100.0,29,P_var,1.724431350921753e+45,7.536360019687204e+45,0.0,600.0,production saved times within reference interval; linear interpolation; no extrapolation,dcfa10ca5ae845a33e467f8dca043bbfa1b8099927ccfd3513549ead18e02ba0,D:\PhD-Project\GP_RKHS_MINT\GP_RKHS_MINT\Tully_models\GP_MInt_QCLE_Reviewer_Ready_Pipeline_v4\output\fixed_pipeline\reviewer_closure_20260726_174927\step9_repl_P0100\seed29\midpoint.npz,D:\PhD-Project\GP_RKHS_MINT\GP_RKHS_MINT\Tully_models\GP_MInt_QCLE_Reviewer_Ready_Pipeline_v4\output\fixed_pipeline\final_reviewer_closure\reference_tdse\tdse_time_P0100.npz
MIDPOINT,QCLE,100.0,29,P0,1.6989082761356011,48.382051043736006,0.0,600.0,production saved times within reference interval; linear interpolation; no extrapolation,dcfa10ca5ae845a33e467f8dca043bbfa1b8099927ccfd3513549ead18e02ba0,D:\PhD-Project\GP_RKHS_MINT\GP_RKHS_MINT\Tully_models\GP_MInt_QCLE_Reviewer_Ready_Pipeline_v4\output\fixed_pipeline\reviewer_closure_20260726_174927\step9_repl_P0100\seed29\midpoint.npz,D:\PhD-Project\GP_RKHS_MINT\GP_RKHS_MINT\Tully_models\GP_MInt_QCLE_Reviewer_Ready_Pipeline_v4\output\fixed_pipeline\final_reviewer_closure\reference_grid_qcle\qcle_time_P0100.npz
MIDPOINT,QCLE,100.0,29,P1,1.69890827613558,48.38205104373702,0.0,600.0,production saved times within reference interval; linear interpolation; no extrapolation,dcfa10ca5ae845a33e467f8dca043bbfa1b8099927ccfd3513549ead18e02ba0,D:\PhD-Project\GP_RKHS_MINT\GP_RKHS_MINT\Tully_models\GP_MInt_QCLE_Reviewer_Ready_Pipeline_v4\output\fixed_pipeline\reviewer_closure_20260726_174927\step9_repl_P0100\seed29\midpoint.npz,D:\PhD-Project\GP_RKHS_MINT\GP_RKHS_MINT\Tully_models\GP_MInt_QCLE_Reviewer_Ready_Pipeline_v4\output\fixed_pipeline\final_reviewer_closure\reference_grid_qcle\qcle_time_P0100.npz
MIDPOINT,QCLE,100.0,29,trace,2.866785567050137e-13,2.786659791809143e-12,0.0,600.0,production saved times within reference interval; linear interpolation; no extrapolation,dcfa10ca5ae845a33e467f8dca043bbfa1b8099927ccfd3513549ead18e02ba0,D:\PhD-Project\GP_RKHS_MINT\GP_RKHS_MINT\Tully_models\GP_MInt_QCLE_Reviewer_Ready_Pipeline_v4\output\fixed_pipeline\reviewer_closure_20260726_174927\step9_repl_P0100\seed29\midpoint.npz,D:\PhD-Project\GP_RKHS_MINT\GP_RKHS_MINT\Tully_models\GP_MInt_QCLE_Reviewer_Ready_Pipeline_v4\output\fixed_pipeline\final_reviewer_closure\reference_grid_qcle\qcle_time_P0100.npz
MIDPOINT,QCLE,100.0,29,energy,0.30631533628943214,7.981368900982285,0.0,600.0,production saved times within reference interval; linear interpolation; no extrapolation,dcfa10ca5ae845a33e467f8dca043bbfa1b8099927ccfd3513549ead18e02ba0,D:\PhD-Project\GP_RKHS_MINT\GP_RKHS_MINT\Tully_models\GP_MInt_QCLE_Reviewer_Ready_Pipeline_v4\output\fixed_pipeline\reviewer_closure_20260726_174927\step9_repl_P0100\seed29\midpoint.npz,D:\PhD-Project\GP_RKHS_MINT\GP_RKHS_MINT\Tully_models\GP_MInt_QCLE_Reviewer_Ready_Pipeline_v4\output\fixed_pipeline\final_reviewer_closure\reference_grid_qcle\qcle_time_P0100.npz
MIDPOINT,QCLE,100.0,29,R_mean,2.622263998442157,65.01492441332229,0.0,600.0,production saved times within reference interval; linear interpolation; no extrapolation,dcfa10ca5ae845a33e467f8dca043bbfa1b8099927ccfd3513549ead18e02ba0,D:\PhD-Project\GP_RKHS_MINT\GP_RKHS_MINT\Tully_models\GP_MInt_QCLE_Reviewer_Ready_Pipeline_v4\output\fixed_pipeline\reviewer_closure_20260726_174927\step9_repl_P0100\seed29\midpoint.npz,D:\PhD-Project\GP_RKHS_MINT\GP_RKHS_MINT\Tully_models\GP_MInt_QCLE_Reviewer_Ready_Pipeline_v4\output\fixed_pipeline\final_reviewer_closure\reference_grid_qcle\qcle_time_P0100.npz
MIDPOINT,QCLE,100.0,29,P_mean,6.10714387675869,171.0119133277813,0.0,600.0,production saved times within reference interval; linear interpolation; no extrapolation,dcfa10ca5ae845a33e467f8dca043bbfa1b8099927ccfd3513549ead18e02ba0,D:\PhD-Project\GP_RKHS_MINT\GP_RKHS_MINT\Tully_models\GP_MInt_QCLE_Reviewer_Ready_Pipeline_v4\output\fixed_pipeline\reviewer_closure_20260726_174927\step9_repl_P0100\seed29\midpoint.npz,D:\PhD-Project\GP_RKHS_MINT\GP_RKHS_MINT\Tully_models\GP_MInt_QCLE_Reviewer_Ready_Pipeline_v4\output\fixed_pipeline\final_reviewer_closure\reference_grid_qcle\qcle_time_P0100.npz
MIDPOINT,QCLE,100.0,29,R_var,1.327508831234584e+43,4.633877988326877e+43,0.0,600.0,production saved times within reference interval; linear interpolation; no extrapolation,dcfa10ca5ae845a33e467f8dca043bbfa1b8099927ccfd3513549ead18e02ba0,D:\PhD-Project\GP_RKHS_MINT\GP_RKHS_MINT\Tully_models\GP_MInt_QCLE_Reviewer_Ready_Pipeline_v4\output\fixed_pipeline\reviewer_closure_20260726_174927\step9_repl_P0100\seed29\midpoint.npz,D:\PhD-Project\GP_RKHS_MINT\GP_RKHS_MINT\Tully_models\GP_MInt_QCLE_Reviewer_Ready_Pipeline_v4\output\fixed_pipeline\final_reviewer_closure\reference_grid_qcle\qcle_time_P0100.npz
MIDPOINT,QCLE,100.0,29,P_var,1.724431350921753e+45,7.536360019687204e+45,0.0,600.0,production saved times within reference interval; linear interpolation; no extrapolation,dcfa10ca5ae845a33e467f8dca043bbfa1b8099927ccfd3513549ead18e02ba0,D:\PhD-Project\GP_RKHS_MINT\GP_RKHS_MINT\Tully_models\GP_MInt_QCLE_Reviewer_Ready_Pipeline_v4\output\fixed_pipeline\reviewer_closure_20260726_174927\step9_repl_P0100\seed29\midpoint.npz,D:\PhD-Project\GP_RKHS_MINT\GP_RKHS_MINT\Tully_models\GP_MInt_QCLE_Reviewer_Ready_Pipeline_v4\output\fixed_pipeline\final_reviewer_closure\reference_grid_qcle\qcle_time_P0100.npz
PBME,TDSE,100.0,47,P0,0.007557962961644322,0.024846438223593725,0.0,600.0,production saved times within reference interval; linear interpolation; no extrapolation,a427d8382918f40a445d4b57262a043c4d973407083d59f075fee11997379fba,D:\PhD-Project\GP_RKHS_MINT\GP_RKHS_MINT\Tully_models\GP_MInt_QCLE_Reviewer_Ready_Pipeline_v4\output\fixed_pipeline\reviewer_closure_20260726_174927\step9_repl_P0100\seed47\pbme.npz,D:\PhD-Project\GP_RKHS_MINT\GP_RKHS_MINT\Tully_models\GP_MInt_QCLE_Reviewer_Ready_Pipeline_v4\output\fixed_pipeline\final_reviewer_closure\reference_tdse\tdse_time_P0100.npz
PBME,TDSE,100.0,47,P1,0.007557962960752893,0.024846438221221234,0.0,600.0,production saved times within reference interval; linear interpolation; no extrapolation,a427d8382918f40a445d4b57262a043c4d973407083d59f075fee11997379fba,D:\PhD-Project\GP_RKHS_MINT\GP_RKHS_MINT\Tully_models\GP_MInt_QCLE_Reviewer_Ready_Pipeline_v4\output\fixed_pipeline\reviewer_closure_20260726_174927\step9_repl_P0100\seed47\pbme.npz,D:\PhD-Project\GP_RKHS_MINT\GP_RKHS_MINT\Tully_models\GP_MInt_QCLE_Reviewer_Ready_Pipeline_v4\output\fixed_pipeline\final_reviewer_closure\reference_tdse\tdse_time_P0100.npz
PBME,TDSE,100.0,47,trace,2.4256614919328004e-12,4.21995771660022e-12,0.0,600.0,production saved times within reference interval; linear interpolation; no extrapolation,a427d8382918f40a445d4b57262a043c4d973407083d59f075fee11997379fba,D:\PhD-Project\GP_RKHS_MINT\GP_RKHS_MINT\Tully_models\GP_MInt_QCLE_Reviewer_Ready_Pipeline_v4\output\fixed_pipeline\reviewer_closure_20260726_174927\step9_repl_P0100\seed47\pbme.npz,D:\PhD-Project\GP_RKHS_MINT\GP_RKHS_MINT\Tully_models\GP_MInt_QCLE_Reviewer_Ready_Pipeline_v4\output\fixed_pipeline\final_reviewer_closure\reference_tdse\tdse_time_P0100.npz
PBME,TDSE,100.0,47,energy,0.0005910294566615573,0.0005911172669152975,0.0,600.0,production saved times within reference interval; linear interpolation; no extrapolation,a427d8382918f40a445d4b57262a043c4d973407083d59f075fee11997379fba,D:\PhD-Project\GP_RKHS_MINT\GP_RKHS_MINT\Tully_models\GP_MInt_QCLE_Reviewer_Ready_Pipeline_v4\output\fixed_pipeline\reviewer_closure_20260726_174927\step9_repl_P0100\seed47\pbme.npz,D:\PhD-Project\GP_RKHS_MINT\GP_RKHS_MINT\Tully_models\GP_MInt_QCLE_Reviewer_Ready_Pipeline_v4\output\fixed_pipeline\final_reviewer_closure\reference_tdse\tdse_time_P0100.npz
PBME,TDSE,100.0,47,R_mean,0.03240668285924864,0.03443763412915679,0.0,600.0,production saved times within reference interval; linear interpolation; no extrapolation,a427d8382918f40a445d4b57262a043c4d973407083d59f075fee11997379fba,D:\PhD-Project\GP_RKHS_MINT\GP_RKHS_MINT\Tully_models\GP_MInt_QCLE_Reviewer_Ready_Pipeline_v4\output\fixed_pipeline\reviewer_closure_20260726_174927\step9_repl_P0100\seed47\pbme.npz,D:\PhD-Project\GP_RKHS_MINT\GP_RKHS_MINT\Tully_models\GP_MInt_QCLE_Reviewer_Ready_Pipeline_v4\output\fixed_pipeline\final_reviewer_closure\reference_tdse\tdse_time_P0100.npz
PBME,TDSE,100.0,47,P_mean,0.016174995871022665,0.046762757208014705,0.0,600.0,production saved times within reference interval; linear interpolation; no extrapolation,a427d8382918f40a445d4b57262a043c4d973407083d59f075fee11997379fba,D:\PhD-Project\GP_RKHS_MINT\GP_RKHS_MINT\Tully_models\GP_MInt_QCLE_Reviewer_Ready_Pipeline_v4\output\fixed_pipeline\reviewer_closure_20260726_174927\step9_repl_P0100\seed47\pbme.npz,D:\PhD-Project\GP_RKHS_MINT\GP_RKHS_MINT\Tully_models\GP_MInt_QCLE_Reviewer_Ready_Pipeline_v4\output\fixed_pipeline\final_reviewer_closure\reference_tdse\tdse_time_P0100.npz
PBME,TDSE,100.0,47,R_var,0.08273303568774043,0.08354017901248056,0.0,600.0,production saved times within reference interval; linear interpolation; no extrapolation,a427d8382918f40a445d4b57262a043c4d973407083d59f075fee11997379fba,D:\PhD-Project\GP_RKHS_MINT\GP_RKHS_MINT\Tully_models\GP_MInt_QCLE_Reviewer_Ready_Pipeline_v4\output\fixed_pipeline\reviewer_closure_20260726_174927\step9_repl_P0100\seed47\pbme.npz,D:\PhD-Project\GP_RKHS_MINT\GP_RKHS_MINT\Tully_models\GP_MInt_QCLE_Reviewer_Ready_Pipeline_v4\output\fixed_pipeline\final_reviewer_closure\reference_tdse\tdse_time_P0100.npz
PBME,TDSE,100.0,47,P_var,0.0466878911630815,0.10969304112222744,0.0,600.0,production saved times within reference interval; linear interpolation; no extrapolation,a427d8382918f40a445d4b57262a043c4d973407083d59f075fee11997379fba,D:\PhD-Project\GP_RKHS_MINT\GP_RKHS_MINT\Tully_models\GP_MInt_QCLE_Reviewer_Ready_Pipeline_v4\output\fixed_pipeline\reviewer_closure_20260726_174927\step9_repl_P0100\seed47\pbme.npz,D:\PhD-Project\GP_RKHS_MINT\GP_RKHS_MINT\Tully_models\GP_MInt_QCLE_Reviewer_Ready_Pipeline_v4\output\fixed_pipeline\final_reviewer_closure\reference_tdse\tdse_time_P0100.npz
PBME,QCLE,100.0,47,P0,0.007556770256835655,0.02484807327548466,0.0,600.0,production saved times within reference interval; linear interpolation; no extrapolation,a427d8382918f40a445d4b57262a043c4d973407083d59f075fee11997379fba,D:\PhD-Project\GP_RKHS_MINT\GP_RKHS_MINT\Tully_models\GP_MInt_QCLE_Reviewer_Ready_Pipeline_v4\output\fixed_pipeline\reviewer_closure_20260726_174927\step9_repl_P0100\seed47\pbme.npz,D:\PhD-Project\GP_RKHS_MINT\GP_RKHS_MINT\Tully_models\GP_MInt_QCLE_Reviewer_Ready_Pipeline_v4\output\fixed_pipeline\final_reviewer_closure\reference_grid_qcle\qcle_time_P0100.npz
PBME,QCLE,100.0,47,P1,0.007556770256877431,0.024848073275600013,0.0,600.0,production saved times within reference interval; linear interpolation; no extrapolation,a427d8382918f40a445d4b57262a043c4d973407083d59f075fee11997379fba,D:\PhD-Project\GP_RKHS_MINT\GP_RKHS_MINT\Tully_models\GP_MInt_QCLE_Reviewer_Ready_Pipeline_v4\output\fixed_pipeline\reviewer_closure_20260726_174927\step9_repl_P0100\seed47\pbme.npz,D:\PhD-Project\GP_RKHS_MINT\GP_RKHS_MINT\Tully_models\GP_MInt_QCLE_Reviewer_Ready_Pipeline_v4\output\fixed_pipeline\final_reviewer_closure\reference_grid_qcle\qcle_time_P0100.npz
PBME,QCLE,100.0,47,trace,1.1919215232356316e-13,2.275957200481571e-13,0.0,600.0,production saved times within reference interval; linear interpolation; no extrapolation,a427d8382918f40a445d4b57262a043c4d973407083d59f075fee11997379fba,D:\PhD-Project\GP_RKHS_MINT\GP_RKHS_MINT\Tully_models\GP_MInt_QCLE_Reviewer_Ready_Pipeline_v4\output\fixed_pipeline\reviewer_closure_20260726_174927\step9_repl_P0100\seed47\pbme.npz,D:\PhD-Project\GP_RKHS_MINT\GP_RKHS_MINT\Tully_models\GP_MInt_QCLE_Reviewer_Ready_Pipeline_v4\output\fixed_pipeline\final_reviewer_closure\reference_grid_qcle\qcle_time_P0100.npz
PBME,QCLE,100.0,47,energy,0.0005910370151345252,0.0005911031086509588,0.0,600.0,production saved times within reference interval; linear interpolation; no extrapolation,a427d8382918f40a445d4b57262a043c4d973407083d59f075fee11997379fba,D:\PhD-Project\GP_RKHS_MINT\GP_RKHS_MINT\Tully_models\GP_MInt_QCLE_Reviewer_Ready_Pipeline_v4\output\fixed_pipeline\reviewer_closure_20260726_174927\step9_repl_P0100\seed47\pbme.npz,D:\PhD-Project\GP_RKHS_MINT\GP_RKHS_MINT\Tully_models\GP_MInt_QCLE_Reviewer_Ready_Pipeline_v4\output\fixed_pipeline\final_reviewer_closure\reference_grid_qcle\qcle_time_P0100.npz
PBME,QCLE,100.0,47,R_mean,0.032406039219085025,0.034437634129160344,0.0,600.0,production saved times within reference interval; linear interpolation; no extrapolation,a427d8382918f40a445d4b57262a043c4d973407083d59f075fee11997379fba,D:\PhD-Project\GP_RKHS_MINT\GP_RKHS_MINT\Tully_models\GP_MInt_QCLE_Reviewer_Ready_Pipeline_v4\output\fixed_pipeline\reviewer_closure_20260726_174927\step9_repl_P0100\seed47\pbme.npz,D:\PhD-Project\GP_RKHS_MINT\GP_RKHS_MINT\Tully_models\GP_MInt_QCLE_Reviewer_Ready_Pipeline_v4\output\fixed_pipeline\final_reviewer_closure\reference_grid_qcle\qcle_time_P0100.npz
PBME,QCLE,100.0,47,P_mean,0.016183394981749828,0.04677292425120072,0.0,600.0,production saved times within reference interval; linear interpolation; no extrapolation,a427d8382918f40a445d4b57262a043c4d973407083d59f075fee11997379fba,D:\PhD-Project\GP_RKHS_MINT\GP_RKHS_MINT\Tully_models\GP_MInt_QCLE_Reviewer_Ready_Pipeline_v4\output\fixed_pipeline\reviewer_closure_20260726_174927\step9_repl_P0100\seed47\pbme.npz,D:\PhD-Project\GP_RKHS_MINT\GP_RKHS_MINT\Tully_models\GP_MInt_QCLE_Reviewer_Ready_Pipeline_v4\output\fixed_pipeline\final_reviewer_closure\reference_grid_qcle\qcle_time_P0100.npz
PBME,QCLE,100.0,47,R_var,0.08274690045936368,0.08354015750624866,0.0,600.0,production saved times within reference interval; linear interpolation; no extrapolation,a427d8382918f40a445d4b57262a043c4d973407083d59f075fee11997379fba,D:\PhD-Project\GP_RKHS_MINT\GP_RKHS_MINT\Tully_models\GP_MInt_QCLE_Reviewer_Ready_Pipeline_v4\output\fixed_pipeline\reviewer_closure_20260726_174927\step9_repl_P0100\seed47\pbme.npz,D:\PhD-Project\GP_RKHS_MINT\GP_RKHS_MINT\Tully_models\GP_MInt_QCLE_Reviewer_Ready_Pipeline_v4\output\fixed_pipeline\final_reviewer_closure\reference_grid_qcle\qcle_time_P0100.npz
PBME,QCLE,100.0,47,P_var,0.043902534099994804,0.1103922592519666,0.0,600.0,production saved times within reference interval; linear interpolation; no extrapolation,a427d8382918f40a445d4b57262a043c4d973407083d59f075fee11997379fba,D:\PhD-Project\GP_RKHS_MINT\GP_RKHS_MINT\Tully_models\GP_MInt_QCLE_Reviewer_Ready_Pipeline_v4\output\fixed_pipeline\reviewer_closure_20260726_174927\step9_repl_P0100\seed47\pbme.npz,D:\PhD-Project\GP_RKHS_MINT\GP_RKHS_MINT\Tully_models\GP_MInt_QCLE_Reviewer_Ready_Pipeline_v4\output\fixed_pipeline\final_reviewer_closure\reference_grid_qcle\qcle_time_P0100.npz
MIDPOINT,TDSE,100.0,47,P0,3.5238782919013283,152.55726648904758,0.0,600.0,production saved times within reference interval; linear interpolation; no extrapolation,a427d8382918f40a445d4b57262a043c4d973407083d59f075fee11997379fba,D:\PhD-Project\GP_RKHS_MINT\GP_RKHS_MINT\Tully_models\GP_MInt_QCLE_Reviewer_Ready_Pipeline_v4\output\fixed_pipeline\reviewer_closure_20260726_174927\step9_repl_P0100\seed47\midpoint.npz,D:\PhD-Project\GP_RKHS_MINT\GP_RKHS_MINT\Tully_models\GP_MInt_QCLE_Reviewer_Ready_Pipeline_v4\output\fixed_pipeline\final_reviewer_closure\reference_tdse\tdse_time_P0100.npz
MIDPOINT,TDSE,100.0,47,P1,3.5238782919009872,152.5572664890481,0.0,600.0,production saved times within reference interval; linear interpolation; no extrapolation,a427d8382918f40a445d4b57262a043c4d973407083d59f075fee11997379fba,D:\PhD-Project\GP_RKHS_MINT\GP_RKHS_MINT\Tully_models\GP_MInt_QCLE_Reviewer_Ready_Pipeline_v4\output\fixed_pipeline\reviewer_closure_20260726_174927\step9_repl_P0100\seed47\midpoint.npz,D:\PhD-Project\GP_RKHS_MINT\GP_RKHS_MINT\Tully_models\GP_MInt_QCLE_Reviewer_Ready_Pipeline_v4\output\fixed_pipeline\final_reviewer_closure\reference_tdse\tdse_time_P0100.npz
MIDPOINT,TDSE,100.0,47,trace,2.3339558572429674e-12,4.930611474662783e-12,0.0,600.0,production saved times within reference interval; linear interpolation; no extrapolation,a427d8382918f40a445d4b57262a043c4d973407083d59f075fee11997379fba,D:\PhD-Project\GP_RKHS_MINT\GP_RKHS_MINT\Tully_models\GP_MInt_QCLE_Reviewer_Ready_Pipeline_v4\output\fixed_pipeline\reviewer_closure_20260726_174927\step9_repl_P0100\seed47\midpoint.npz,D:\PhD-Project\GP_RKHS_MINT\GP_RKHS_MINT\Tully_models\GP_MInt_QCLE_Reviewer_Ready_Pipeline_v4\output\fixed_pipeline\final_reviewer_closure\reference_tdse\tdse_time_P0100.npz
MIDPOINT,TDSE,100.0,47,energy,0.22467663162972215,9.281256685155812,0.0,600.0,production saved times within reference interval; linear interpolation; no extrapolation,a427d8382918f40a445d4b57262a043c4d973407083d59f075fee11997379fba,D:\PhD-Project\GP_RKHS_MINT\GP_RKHS_MINT\Tully_models\GP_MInt_QCLE_Reviewer_Ready_Pipeline_v4\output\fixed_pipeline\reviewer_closure_20260726_174927\step9_repl_P0100\seed47\midpoint.npz,D:\PhD-Project\GP_RKHS_MINT\GP_RKHS_MINT\Tully_models\GP_MInt_QCLE_Reviewer_Ready_Pipeline_v4\output\fixed_pipeline\final_reviewer_closure\reference_tdse\tdse_time_P0100.npz
MIDPOINT,TDSE,100.0,47,R_mean,2.3823911600274728,61.21873990601537,0.0,600.0,production saved times within reference interval; linear interpolation; no extrapolation,a427d8382918f40a445d4b57262a043c4d973407083d59f075fee11997379fba,D:\PhD-Project\GP_RKHS_MINT\GP_RKHS_MINT\Tully_models\GP_MInt_QCLE_Reviewer_Ready_Pipeline_v4\output\fixed_pipeline\reviewer_closure_20260726_174927\step9_repl_P0100\seed47\midpoint.npz,D:\PhD-Project\GP_RKHS_MINT\GP_RKHS_MINT\Tully_models\GP_MInt_QCLE_Reviewer_Ready_Pipeline_v4\output\fixed_pipeline\final_reviewer_closure\reference_tdse\tdse_time_P0100.npz
MIDPOINT,TDSE,100.0,47,P_mean,4.755047529157961,207.54667447313597,0.0,600.0,production saved times within reference interval; linear interpolation; no extrapolation,a427d8382918f40a445d4b57262a043c4d973407083d59f075fee11997379fba,D:\PhD-Project\GP_RKHS_MINT\GP_RKHS_MINT\Tully_models\GP_MInt_QCLE_Reviewer_Ready_Pipeline_v4\output\fixed_pipeline\reviewer_closure_20260726_174927\step9_repl_P0100\seed47\midpoint.npz,D:\PhD-Project\GP_RKHS_MINT\GP_RKHS_MINT\Tully_models\GP_MInt_QCLE_Reviewer_Ready_Pipeline_v4\output\fixed_pipeline\final_reviewer_closure\reference_tdse\tdse_time_P0100.npz
MIDPOINT,TDSE,100.0,47,R_var,1.6291910690866038e+42,5.854437008574839e+42,0.0,600.0,production saved times within reference interval; linear interpolation; no extrapolation,a427d8382918f40a445d4b57262a043c4d973407083d59f075fee11997379fba,D:\PhD-Project\GP_RKHS_MINT\GP_RKHS_MINT\Tully_models\GP_MInt_QCLE_Reviewer_Ready_Pipeline_v4\output\fixed_pipeline\reviewer_closure_20260726_174927\step9_repl_P0100\seed47\midpoint.npz,D:\PhD-Project\GP_RKHS_MINT\GP_RKHS_MINT\Tully_models\GP_MInt_QCLE_Reviewer_Ready_Pipeline_v4\output\fixed_pipeline\final_reviewer_closure\reference_tdse\tdse_time_P0100.npz
MIDPOINT,TDSE,100.0,47,P_var,3.295693295786324e+44,2.6638225275029883e+45,0.0,600.0,production saved times within reference interval; linear interpolation; no extrapolation,a427d8382918f40a445d4b57262a043c4d973407083d59f075fee11997379fba,D:\PhD-Project\GP_RKHS_MINT\GP_RKHS_MINT\Tully_models\GP_MInt_QCLE_Reviewer_Ready_Pipeline_v4\output\fixed_pipeline\reviewer_closure_20260726_174927\step9_repl_P0100\seed47\midpoint.npz,D:\PhD-Project\GP_RKHS_MINT\GP_RKHS_MINT\Tully_models\GP_MInt_QCLE_Reviewer_Ready_Pipeline_v4\output\fixed_pipeline\final_reviewer_closure\reference_tdse\tdse_time_P0100.npz
MIDPOINT,QCLE,100.0,47,P0,3.523877521422424,152.55726420556516,0.0,600.0,production saved times within reference interval; linear interpolation; no extrapolation,a427d8382918f40a445d4b57262a043c4d973407083d59f075fee11997379fba,D:\PhD-Project\GP_RKHS_MINT\GP_RKHS_MINT\Tully_models\GP_MInt_QCLE_Reviewer_Ready_Pipeline_v4\output\fixed_pipeline\reviewer_closure_20260726_174927\step9_repl_P0100\seed47\midpoint.npz,D:\PhD-Project\GP_RKHS_MINT\GP_RKHS_MINT\Tully_models\GP_MInt_QCLE_Reviewer_Ready_Pipeline_v4\output\fixed_pipeline\final_reviewer_closure\reference_grid_qcle\qcle_time_P0100.npz
MIDPOINT,QCLE,100.0,47,P1,3.52387752142244,152.55726420556323,0.0,600.0,production saved times within reference interval; linear interpolation; no extrapolation,a427d8382918f40a445d4b57262a043c4d973407083d59f075fee11997379fba,D:\PhD-Project\GP_RKHS_MINT\GP_RKHS_MINT\Tully_models\GP_MInt_QCLE_Reviewer_Ready_Pipeline_v4\output\fixed_pipeline\reviewer_closure_20260726_174927\step9_repl_P0100\seed47\midpoint.npz,D:\PhD-Project\GP_RKHS_MINT\GP_RKHS_MINT\Tully_models\GP_MInt_QCLE_Reviewer_Ready_Pipeline_v4\output\fixed_pipeline\final_reviewer_closure\reference_grid_qcle\qcle_time_P0100.npz
MIDPOINT,QCLE,100.0,47,trace,2.4139262506928435e-13,2.1226354007808368e-12,0.0,600.0,production saved times within reference interval; linear interpolation; no extrapolation,a427d8382918f40a445d4b57262a043c4d973407083d59f075fee11997379fba,D:\PhD-Project\GP_RKHS_MINT\GP_RKHS_MINT\Tully_models\GP_MInt_QCLE_Reviewer_Ready_Pipeline_v4\output\fixed_pipeline\reviewer_closure_20260726_174927\step9_repl_P0100\seed47\midpoint.npz,D:\PhD-Project\GP_RKHS_MINT\GP_RKHS_MINT\Tully_models\GP_MInt_QCLE_Reviewer_Ready_Pipeline_v4\output\fixed_pipeline\final_reviewer_closure\reference_grid_qcle\qcle_time_P0100.npz
MIDPOINT,QCLE,100.0,47,energy,0.22467663491531617,9.281256681073277,0.0,600.0,production saved times within reference interval; linear interpolation; no extrapolation,a427d8382918f40a445d4b57262a043c4d973407083d59f075fee11997379fba,D:\PhD-Project\GP_RKHS_MINT\GP_RKHS_MINT\Tully_models\GP_MInt_QCLE_Reviewer_Ready_Pipeline_v4\output\fixed_pipeline\reviewer_closure_20260726_174927\step9_repl_P0100\seed47\midpoint.npz,D:\PhD-Project\GP_RKHS_MINT\GP_RKHS_MINT\Tully_models\GP_MInt_QCLE_Reviewer_Ready_Pipeline_v4\output\fixed_pipeline\final_reviewer_closure\reference_grid_qcle\qcle_time_P0100.npz
MIDPOINT,QCLE,100.0,47,R_mean,2.382390526645131,61.218740068769044,0.0,600.0,production saved times within reference interval; linear interpolation; no extrapolation,a427d8382918f40a445d4b57262a043c4d973407083d59f075fee11997379fba,D:\PhD-Project\GP_RKHS_MINT\GP_RKHS_MINT\Tully_models\GP_MInt_QCLE_Reviewer_Ready_Pipeline_v4\output\fixed_pipeline\reviewer_closure_20260726_174927\step9_repl_P0100\seed47\midpoint.npz,D:\PhD-Project\GP_RKHS_MINT\GP_RKHS_MINT\Tully_models\GP_MInt_QCLE_Reviewer_Ready_Pipeline_v4\output\fixed_pipeline\final_reviewer_closure\reference_grid_qcle\qcle_time_P0100.npz
MIDPOINT,QCLE,100.0,47,P_mean,4.755049879490349,207.54667556717015,0.0,600.0,production saved times within reference interval; linear interpolation; no extrapolation,a427d8382918f40a445d4b57262a043c4d973407083d59f075fee11997379fba,D:\PhD-Project\GP_RKHS_MINT\GP_RKHS_MINT\Tully_models\GP_MInt_QCLE_Reviewer_Ready_Pipeline_v4\output\fixed_pipeline\reviewer_closure_20260726_174927\step9_repl_P0100\seed47\midpoint.npz,D:\PhD-Project\GP_RKHS_MINT\GP_RKHS_MINT\Tully_models\GP_MInt_QCLE_Reviewer_Ready_Pipeline_v4\output\fixed_pipeline\final_reviewer_closure\reference_grid_qcle\qcle_time_P0100.npz
MIDPOINT,QCLE,100.0,47,R_var,1.6291910690866038e+42,5.854437008574839e+42,0.0,600.0,production saved times within reference interval; linear interpolation; no extrapolation,a427d8382918f40a445d4b57262a043c4d973407083d59f075fee11997379fba,D:\PhD-Project\GP_RKHS_MINT\GP_RKHS_MINT\Tully_models\GP_MInt_QCLE_Reviewer_Ready_Pipeline_v4\output\fixed_pipeline\reviewer_closure_20260726_174927\step9_repl_P0100\seed47\midpoint.npz,D:\PhD-Project\GP_RKHS_MINT\GP_RKHS_MINT\Tully_models\GP_MInt_QCLE_Reviewer_Ready_Pipeline_v4\output\fixed_pipeline\final_reviewer_closure\reference_grid_qcle\qcle_time_P0100.npz
MIDPOINT,QCLE,100.0,47,P_var,3.295693295786324e+44,2.6638225275029883e+45,0.0,600.0,production saved times within reference interval; linear interpolation; no extrapolation,a427d8382918f40a445d4b57262a043c4d973407083d59f075fee11997379fba,D:\PhD-Project\GP_RKHS_MINT\GP_RKHS_MINT\Tully_models\GP_MInt_QCLE_Reviewer_Ready_Pipeline_v4\output\fixed_pipeline\reviewer_closure_20260726_174927\step9_repl_P0100\seed47\midpoint.npz,D:\PhD-Project\GP_RKHS_MINT\GP_RKHS_MINT\Tully_models\GP_MInt_QCLE_Reviewer_Ready_Pipeline_v4\output\fixed_pipeline\final_reviewer_closure\reference_grid_qcle\qcle_time_P0100.npz
PBME,TDSE,100.0,73,P0,0.0043598619959056735,0.012317043485213175,0.0,600.0,production saved times within reference interval; linear interpolation; no extrapolation,f332357e0598fae6459a7f5543cfbf1f3473cf6d62237233b3ee16790f7ec39f,D:\PhD-Project\GP_RKHS_MINT\GP_RKHS_MINT\Tully_models\GP_MInt_QCLE_Reviewer_Ready_Pipeline_v4\output\fixed_pipeline\reviewer_closure_20260726_174927\step9_repl_P0100\seed73\pbme.npz,D:\PhD-Project\GP_RKHS_MINT\GP_RKHS_MINT\Tully_models\GP_MInt_QCLE_Reviewer_Ready_Pipeline_v4\output\fixed_pipeline\final_reviewer_closure\reference_tdse\tdse_time_P0100.npz
PBME,TDSE,100.0,73,P1,0.004359861995774421,0.012317043482925616,0.0,600.0,production saved times within reference interval; linear interpolation; no extrapolation,f332357e0598fae6459a7f5543cfbf1f3473cf6d62237233b3ee16790f7ec39f,D:\PhD-Project\GP_RKHS_MINT\GP_RKHS_MINT\Tully_models\GP_MInt_QCLE_Reviewer_Ready_Pipeline_v4\output\fixed_pipeline\reviewer_closure_20260726_174927\step9_repl_P0100\seed73\pbme.npz,D:\PhD-Project\GP_RKHS_MINT\GP_RKHS_MINT\Tully_models\GP_MInt_QCLE_Reviewer_Ready_Pipeline_v4\output\fixed_pipeline\final_reviewer_closure\reference_tdse\tdse_time_P0100.npz
PBME,TDSE,100.0,73,trace,2.428016615789857e-12,4.222400207254395e-12,0.0,600.0,production saved times within reference interval; linear interpolation; no extrapolation,f332357e0598fae6459a7f5543cfbf1f3473cf6d62237233b3ee16790f7ec39f,D:\PhD-Project\GP_RKHS_MINT\GP_RKHS_MINT\Tully_models\GP_MInt_QCLE_Reviewer_Ready_Pipeline_v4\output\fixed_pipeline\reviewer_closure_20260726_174927\step9_repl_P0100\seed73\pbme.npz,D:\PhD-Project\GP_RKHS_MINT\GP_RKHS_MINT\Tully_models\GP_MInt_QCLE_Reviewer_Ready_Pipeline_v4\output\fixed_pipeline\final_reviewer_closure\reference_tdse\tdse_time_P0100.npz
PBME,TDSE,100.0,73,energy,0.00023536002497516007,0.00023540908796615412,0.0,600.0,production saved times within reference interval; linear interpolation; no extrapolation,f332357e0598fae6459a7f5543cfbf1f3473cf6d62237233b3ee16790f7ec39f,D:\PhD-Project\GP_RKHS_MINT\GP_RKHS_MINT\Tully_models\GP_MInt_QCLE_Reviewer_Ready_Pipeline_v4\output\fixed_pipeline\reviewer_closure_20260726_174927\step9_repl_P0100\seed73\pbme.npz,D:\PhD-Project\GP_RKHS_MINT\GP_RKHS_MINT\Tully_models\GP_MInt_QCLE_Reviewer_Ready_Pipeline_v4\output\fixed_pipeline\final_reviewer_closure\reference_tdse\tdse_time_P0100.npz
PBME,TDSE,100.0,73,R_mean,0.02448468956704486,0.025131463875268878,0.0,600.0,production saved times within reference interval; linear interpolation; no extrapolation,f332357e0598fae6459a7f5543cfbf1f3473cf6d62237233b3ee16790f7ec39f,D:\PhD-Project\GP_RKHS_MINT\GP_RKHS_MINT\Tully_models\GP_MInt_QCLE_Reviewer_Ready_Pipeline_v4\output\fixed_pipeline\reviewer_closure_20260726_174927\step9_repl_P0100\seed73\pbme.npz,D:\PhD-Project\GP_RKHS_MINT\GP_RKHS_MINT\Tully_models\GP_MInt_QCLE_Reviewer_Ready_Pipeline_v4\output\fixed_pipeline\final_reviewer_closure\reference_tdse\tdse_time_P0100.npz
PBME,TDSE,100.0,73,P_mean,0.0056535781987280985,0.011606007490684078,0.0,600.0,production saved times within reference interval; linear interpolation; no extrapolation,f332357e0598fae6459a7f5543cfbf1f3473cf6d62237233b3ee16790f7ec39f,D:\PhD-Project\GP_RKHS_MINT\GP_RKHS_MINT\Tully_models\GP_MInt_QCLE_Reviewer_Ready_Pipeline_v4\output\fixed_pipeline\reviewer_closure_20260726_174927\step9_repl_P0100\seed73\pbme.npz,D:\PhD-Project\GP_RKHS_MINT\GP_RKHS_MINT\Tully_models\GP_MInt_QCLE_Reviewer_Ready_Pipeline_v4\output\fixed_pipeline\final_reviewer_closure\reference_tdse\tdse_time_P0100.npz
PBME,TDSE,100.0,73,R_var,0.02268280900180528,0.024554293464181143,0.0,600.0,production saved times within reference interval; linear interpolation; no extrapolation,f332357e0598fae6459a7f5543cfbf1f3473cf6d62237233b3ee16790f7ec39f,D:\PhD-Project\GP_RKHS_MINT\GP_RKHS_MINT\Tully_models\GP_MInt_QCLE_Reviewer_Ready_Pipeline_v4\output\fixed_pipeline\reviewer_closure_20260726_174927\step9_repl_P0100\seed73\pbme.npz,D:\PhD-Project\GP_RKHS_MINT\GP_RKHS_MINT\Tully_models\GP_MInt_QCLE_Reviewer_Ready_Pipeline_v4\output\fixed_pipeline\final_reviewer_closure\reference_tdse\tdse_time_P0100.npz
PBME,TDSE,100.0,73,P_var,0.046031522494366324,0.10073291680419061,0.0,600.0,production saved times within reference interval; linear interpolation; no extrapolation,f332357e0598fae6459a7f5543cfbf1f3473cf6d62237233b3ee16790f7ec39f,D:\PhD-Project\GP_RKHS_MINT\GP_RKHS_MINT\Tully_models\GP_MInt_QCLE_Reviewer_Ready_Pipeline_v4\output\fixed_pipeline\reviewer_closure_20260726_174927\step9_repl_P0100\seed73\pbme.npz,D:\PhD-Project\GP_RKHS_MINT\GP_RKHS_MINT\Tully_models\GP_MInt_QCLE_Reviewer_Ready_Pipeline_v4\output\fixed_pipeline\final_reviewer_closure\reference_tdse\tdse_time_P0100.npz
PBME,QCLE,100.0,73,P0,0.004360388910754446,0.012319745983466357,0.0,600.0,production saved times within reference interval; linear interpolation; no extrapolation,f332357e0598fae6459a7f5543cfbf1f3473cf6d62237233b3ee16790f7ec39f,D:\PhD-Project\GP_RKHS_MINT\GP_RKHS_MINT\Tully_models\GP_MInt_QCLE_Reviewer_Ready_Pipeline_v4\output\fixed_pipeline\reviewer_closure_20260726_174927\step9_repl_P0100\seed73\pbme.npz,D:\PhD-Project\GP_RKHS_MINT\GP_RKHS_MINT\Tully_models\GP_MInt_QCLE_Reviewer_Ready_Pipeline_v4\output\fixed_pipeline\final_reviewer_closure\reference_grid_qcle\qcle_time_P0100.npz
PBME,QCLE,100.0,73,P1,0.0043603889107648765,0.012319745983578656,0.0,600.0,production saved times within reference interval; linear interpolation; no extrapolation,f332357e0598fae6459a7f5543cfbf1f3473cf6d62237233b3ee16790f7ec39f,D:\PhD-Project\GP_RKHS_MINT\GP_RKHS_MINT\Tully_models\GP_MInt_QCLE_Reviewer_Ready_Pipeline_v4\output\fixed_pipeline\reviewer_closure_20260726_174927\step9_repl_P0100\seed73\pbme.npz,D:\PhD-Project\GP_RKHS_MINT\GP_RKHS_MINT\Tully_models\GP_MInt_QCLE_Reviewer_Ready_Pipeline_v4\output\fixed_pipeline\final_reviewer_closure\reference_grid_qcle\qcle_time_P0100.npz
PBME,QCLE,100.0,73,trace,1.168637528439094e-13,2.2515322939398175e-13,0.0,600.0,production saved times within reference interval; linear interpolation; no extrapolation,f332357e0598fae6459a7f5543cfbf1f3473cf6d62237233b3ee16790f7ec39f,D:\PhD-Project\GP_RKHS_MINT\GP_RKHS_MINT\Tully_models\GP_MInt_QCLE_Reviewer_Ready_Pipeline_v4\output\fixed_pipeline\reviewer_closure_20260726_174927\step9_repl_P0100\seed73\pbme.npz,D:\PhD-Project\GP_RKHS_MINT\GP_RKHS_MINT\Tully_models\GP_MInt_QCLE_Reviewer_Ready_Pipeline_v4\output\fixed_pipeline\final_reviewer_closure\reference_grid_qcle\qcle_time_P0100.npz
PBME,QCLE,100.0,73,energy,0.00023535246617393488,0.000235388704724393,0.0,600.0,production saved times within reference interval; linear interpolation; no extrapolation,f332357e0598fae6459a7f5543cfbf1f3473cf6d62237233b3ee16790f7ec39f,D:\PhD-Project\GP_RKHS_MINT\GP_RKHS_MINT\Tully_models\GP_MInt_QCLE_Reviewer_Ready_Pipeline_v4\output\fixed_pipeline\reviewer_closure_20260726_174927\step9_repl_P0100\seed73\pbme.npz,D:\PhD-Project\GP_RKHS_MINT\GP_RKHS_MINT\Tully_models\GP_MInt_QCLE_Reviewer_Ready_Pipeline_v4\output\fixed_pipeline\final_reviewer_closure\reference_grid_qcle\qcle_time_P0100.npz
PBME,QCLE,100.0,73,R_mean,0.024485355902890197,0.025131463875265325,0.0,600.0,production saved times within reference interval; linear interpolation; no extrapolation,f332357e0598fae6459a7f5543cfbf1f3473cf6d62237233b3ee16790f7ec39f,D:\PhD-Project\GP_RKHS_MINT\GP_RKHS_MINT\Tully_models\GP_MInt_QCLE_Reviewer_Ready_Pipeline_v4\output\fixed_pipeline\reviewer_closure_20260726_174927\step9_repl_P0100\seed73\pbme.npz,D:\PhD-Project\GP_RKHS_MINT\GP_RKHS_MINT\Tully_models\GP_MInt_QCLE_Reviewer_Ready_Pipeline_v4\output\fixed_pipeline\final_reviewer_closure\reference_grid_qcle\qcle_time_P0100.npz
PBME,QCLE,100.0,73,P_mean,0.0056454237938759685,0.011611514983229654,0.0,600.0,production saved times within reference interval; linear interpolation; no extrapolation,f332357e0598fae6459a7f5543cfbf1f3473cf6d62237233b3ee16790f7ec39f,D:\PhD-Project\GP_RKHS_MINT\GP_RKHS_MINT\Tully_models\GP_MInt_QCLE_Reviewer_Ready_Pipeline_v4\output\fixed_pipeline\reviewer_closure_20260726_174927\step9_repl_P0100\seed73\pbme.npz,D:\PhD-Project\GP_RKHS_MINT\GP_RKHS_MINT\Tully_models\GP_MInt_QCLE_Reviewer_Ready_Pipeline_v4\output\fixed_pipeline\final_reviewer_closure\reference_grid_qcle\qcle_time_P0100.npz
PBME,QCLE,100.0,73,R_var,0.02269633148521752,0.024553565844562364,0.0,600.0,production saved times within reference interval; linear interpolation; no extrapolation,f332357e0598fae6459a7f5543cfbf1f3473cf6d62237233b3ee16790f7ec39f,D:\PhD-Project\GP_RKHS_MINT\GP_RKHS_MINT\Tully_models\GP_MInt_QCLE_Reviewer_Ready_Pipeline_v4\output\fixed_pipeline\reviewer_closure_20260726_174927\step9_repl_P0100\seed73\pbme.npz,D:\PhD-Project\GP_RKHS_MINT\GP_RKHS_MINT\Tully_models\GP_MInt_QCLE_Reviewer_Ready_Pipeline_v4\output\fixed_pipeline\final_reviewer_closure\reference_grid_qcle\qcle_time_P0100.npz
PBME,QCLE,100.0,73,P_var,0.043208284280929966,0.10159291202126042,0.0,600.0,production saved times within reference interval; linear interpolation; no extrapolation,f332357e0598fae6459a7f5543cfbf1f3473cf6d62237233b3ee16790f7ec39f,D:\PhD-Project\GP_RKHS_MINT\GP_RKHS_MINT\Tully_models\GP_MInt_QCLE_Reviewer_Ready_Pipeline_v4\output\fixed_pipeline\reviewer_closure_20260726_174927\step9_repl_P0100\seed73\pbme.npz,D:\PhD-Project\GP_RKHS_MINT\GP_RKHS_MINT\Tully_models\GP_MInt_QCLE_Reviewer_Ready_Pipeline_v4\output\fixed_pipeline\final_reviewer_closure\reference_grid_qcle\qcle_time_P0100.npz
MIDPOINT,TDSE,100.0,73,P0,3.0908719405591887,115.45524908384253,0.0,600.0,production saved times within reference interval; linear interpolation; no extrapolation,f332357e0598fae6459a7f5543cfbf1f3473cf6d62237233b3ee16790f7ec39f,D:\PhD-Project\GP_RKHS_MINT\GP_RKHS_MINT\Tully_models\GP_MInt_QCLE_Reviewer_Ready_Pipeline_v4\output\fixed_pipeline\reviewer_closure_20260726_174927\step9_repl_P0100\seed73\midpoint.npz,D:\PhD-Project\GP_RKHS_MINT\GP_RKHS_MINT\Tully_models\GP_MInt_QCLE_Reviewer_Ready_Pipeline_v4\output\fixed_pipeline\final_reviewer_closure\reference_tdse\tdse_time_P0100.npz
MIDPOINT,TDSE,100.0,73,P1,3.0908719405591323,115.45524908383888,0.0,600.0,production saved times within reference interval; linear interpolation; no extrapolation,f332357e0598fae6459a7f5543cfbf1f3473cf6d62237233b3ee16790f7ec39f,D:\PhD-Project\GP_RKHS_MINT\GP_RKHS_MINT\Tully_models\GP_MInt_QCLE_Reviewer_Ready_Pipeline_v4\output\fixed_pipeline\reviewer_closure_20260726_174927\step9_repl_P0100\seed73\midpoint.npz,D:\PhD-Project\GP_RKHS_MINT\GP_RKHS_MINT\Tully_models\GP_MInt_QCLE_Reviewer_Ready_Pipeline_v4\output\fixed_pipeline\final_reviewer_closure\reference_tdse\tdse_time_P0100.npz
MIDPOINT,TDSE,100.0,73,trace,2.3489295592818396e-12,1.6559087434586672e-11,0.0,600.0,production saved times within reference interval; linear interpolation; no extrapolation,f332357e0598fae6459a7f5543cfbf1f3473cf6d62237233b3ee16790f7ec39f,D:\PhD-Project\GP_RKHS_MINT\GP_RKHS_MINT\Tully_models\GP_MInt_QCLE_Reviewer_Ready_Pipeline_v4\output\fixed_pipeline\reviewer_closure_20260726_174927\step9_repl_P0100\seed73\midpoint.npz,D:\PhD-Project\GP_RKHS_MINT\GP_RKHS_MINT\Tully_models\GP_MInt_QCLE_Reviewer_Ready_Pipeline_v4\output\fixed_pipeline\final_reviewer_closure\reference_tdse\tdse_time_P0100.npz
MIDPOINT,TDSE,100.0,73,energy,0.3305945020858965,9.229182695949133,0.0,600.0,production saved times within reference interval; linear interpolation; no extrapolation,f332357e0598fae6459a7f5543cfbf1f3473cf6d62237233b3ee16790f7ec39f,D:\PhD-Project\GP_RKHS_MINT\GP_RKHS_MINT\Tully_models\GP_MInt_QCLE_Reviewer_Ready_Pipeline_v4\output\fixed_pipeline\reviewer_closure_20260726_174927\step9_repl_P0100\seed73\midpoint.npz,D:\PhD-Project\GP_RKHS_MINT\GP_RKHS_MINT\Tully_models\GP_MInt_QCLE_Reviewer_Ready_Pipeline_v4\output\fixed_pipeline\final_reviewer_closure\reference_tdse\tdse_time_P0100.npz
MIDPOINT,TDSE,100.0,73,R_mean,5.689528229336251,164.8087092653477,0.0,600.0,production saved times within reference interval; linear interpolation; no extrapolation,f332357e0598fae6459a7f5543cfbf1f3473cf6d62237233b3ee16790f7ec39f,D:\PhD-Project\GP_RKHS_MINT\GP_RKHS_MINT\Tully_models\GP_MInt_QCLE_Reviewer_Ready_Pipeline_v4\output\fixed_pipeline\reviewer_closure_20260726_174927\step9_repl_P0100\seed73\midpoint.npz,D:\PhD-Project\GP_RKHS_MINT\GP_RKHS_MINT\Tully_models\GP_MInt_QCLE_Reviewer_Ready_Pipeline_v4\output\fixed_pipeline\final_reviewer_closure\reference_tdse\tdse_time_P0100.npz
MIDPOINT,TDSE,100.0,73,P_mean,7.512132510320982,235.22959885524924,0.0,600.0,production saved times within reference interval; linear interpolation; no extrapolation,f332357e0598fae6459a7f5543cfbf1f3473cf6d62237233b3ee16790f7ec39f,D:\PhD-Project\GP_RKHS_MINT\GP_RKHS_MINT\Tully_models\GP_MInt_QCLE_Reviewer_Ready_Pipeline_v4\output\fixed_pipeline\reviewer_closure_20260726_174927\step9_repl_P0100\seed73\midpoint.npz,D:\PhD-Project\GP_RKHS_MINT\GP_RKHS_MINT\Tully_models\GP_MInt_QCLE_Reviewer_Ready_Pipeline_v4\output\fixed_pipeline\final_reviewer_closure\reference_tdse\tdse_time_P0100.npz
MIDPOINT,TDSE,100.0,73,R_var,5.0458457996924994e+29,1.6078227779141974e+30,0.0,600.0,production saved times within reference interval; linear interpolation; no extrapolation,f332357e0598fae6459a7f5543cfbf1f3473cf6d62237233b3ee16790f7ec39f,D:\PhD-Project\GP_RKHS_MINT\GP_RKHS_MINT\Tully_models\GP_MInt_QCLE_Reviewer_Ready_Pipeline_v4\output\fixed_pipeline\reviewer_closure_20260726_174927\step9_repl_P0100\seed73\midpoint.npz,D:\PhD-Project\GP_RKHS_MINT\GP_RKHS_MINT\Tully_models\GP_MInt_QCLE_Reviewer_Ready_Pipeline_v4\output\fixed_pipeline\final_reviewer_closure\reference_tdse\tdse_time_P0100.npz
MIDPOINT,TDSE,100.0,73,P_var,5.890462317402105e+31,2.2962034572160047e+32,0.0,600.0,production saved times within reference interval; linear interpolation; no extrapolation,f332357e0598fae6459a7f5543cfbf1f3473cf6d62237233b3ee16790f7ec39f,D:\PhD-Project\GP_RKHS_MINT\GP_RKHS_MINT\Tully_models\GP_MInt_QCLE_Reviewer_Ready_Pipeline_v4\output\fixed_pipeline\reviewer_closure_20260726_174927\step9_repl_P0100\seed73\midpoint.npz,D:\PhD-Project\GP_RKHS_MINT\GP_RKHS_MINT\Tully_models\GP_MInt_QCLE_Reviewer_Ready_Pipeline_v4\output\fixed_pipeline\final_reviewer_closure\reference_tdse\tdse_time_P0100.npz
MIDPOINT,QCLE,100.0,73,P0,3.0908719943990444,115.45524280272892,0.0,600.0,production saved times within reference interval; linear interpolation; no extrapolation,f332357e0598fae6459a7f5543cfbf1f3473cf6d62237233b3ee16790f7ec39f,D:\PhD-Project\GP_RKHS_MINT\GP_RKHS_MINT\Tully_models\GP_MInt_QCLE_Reviewer_Ready_Pipeline_v4\output\fixed_pipeline\reviewer_closure_20260726_174927\step9_repl_P0100\seed73\midpoint.npz,D:\PhD-Project\GP_RKHS_MINT\GP_RKHS_MINT\Tully_models\GP_MInt_QCLE_Reviewer_Ready_Pipeline_v4\output\fixed_pipeline\final_reviewer_closure\reference_grid_qcle\qcle_time_P0100.npz
MIDPOINT,QCLE,100.0,73,P1,3.0908719943989453,115.45524280272842,0.0,600.0,production saved times within reference interval; linear interpolation; no extrapolation,f332357e0598fae6459a7f5543cfbf1f3473cf6d62237233b3ee16790f7ec39f,D:\PhD-Project\GP_RKHS_MINT\GP_RKHS_MINT\Tully_models\GP_MInt_QCLE_Reviewer_Ready_Pipeline_v4\output\fixed_pipeline\reviewer_closure_20260726_174927\step9_repl_P0100\seed73\midpoint.npz,D:\PhD-Project\GP_RKHS_MINT\GP_RKHS_MINT\Tully_models\GP_MInt_QCLE_Reviewer_Ready_Pipeline_v4\output\fixed_pipeline\final_reviewer_closure\reference_grid_qcle\qcle_time_P0100.npz
MIDPOINT,QCLE,100.0,73,trace,4.836899421974073e-13,1.3893663997066596e-11,0.0,600.0,production saved times within reference interval; linear interpolation; no extrapolation,f332357e0598fae6459a7f5543cfbf1f3473cf6d62237233b3ee16790f7ec39f,D:\PhD-Project\GP_RKHS_MINT\GP_RKHS_MINT\Tully_models\GP_MInt_QCLE_Reviewer_Ready_Pipeline_v4\output\fixed_pipeline\reviewer_closure_20260726_174927\step9_repl_P0100\seed73\midpoint.npz,D:\PhD-Project\GP_RKHS_MINT\GP_RKHS_MINT\Tully_models\GP_MInt_QCLE_Reviewer_Ready_Pipeline_v4\output\fixed_pipeline\final_reviewer_closure\reference_grid_qcle\qcle_time_P0100.npz
MIDPOINT,QCLE,100.0,73,energy,0.3305945014088386,9.229182718388092,0.0,600.0,production saved times within reference interval; linear interpolation; no extrapolation,f332357e0598fae6459a7f5543cfbf1f3473cf6d62237233b3ee16790f7ec39f,D:\PhD-Project\GP_RKHS_MINT\GP_RKHS_MINT\Tully_models\GP_MInt_QCLE_Reviewer_Ready_Pipeline_v4\output\fixed_pipeline\reviewer_closure_20260726_174927\step9_repl_P0100\seed73\midpoint.npz,D:\PhD-Project\GP_RKHS_MINT\GP_RKHS_MINT\Tully_models\GP_MInt_QCLE_Reviewer_Ready_Pipeline_v4\output\fixed_pipeline\final_reviewer_closure\reference_grid_qcle\qcle_time_P0100.npz
MIDPOINT,QCLE,100.0,73,R_mean,5.689527955158567,164.80871040332156,0.0,600.0,production saved times within reference interval; linear interpolation; no extrapolation,f332357e0598fae6459a7f5543cfbf1f3473cf6d62237233b3ee16790f7ec39f,D:\PhD-Project\GP_RKHS_MINT\GP_RKHS_MINT\Tully_models\GP_MInt_QCLE_Reviewer_Ready_Pipeline_v4\output\fixed_pipeline\reviewer_closure_20260726_174927\step9_repl_P0100\seed73\midpoint.npz,D:\PhD-Project\GP_RKHS_MINT\GP_RKHS_MINT\Tully_models\GP_MInt_QCLE_Reviewer_Ready_Pipeline_v4\output\fixed_pipeline\final_reviewer_closure\reference_grid_qcle\qcle_time_P0100.npz
MIDPOINT,QCLE,100.0,73,P_mean,7.512131021773492,235.22956178582274,0.0,600.0,production saved times within reference interval; linear interpolation; no extrapolation,f332357e0598fae6459a7f5543cfbf1f3473cf6d62237233b3ee16790f7ec39f,D:\PhD-Project\GP_RKHS_MINT\GP_RKHS_MINT\Tully_models\GP_MInt_QCLE_Reviewer_Ready_Pipeline_v4\output\fixed_pipeline\reviewer_closure_20260726_174927\step9_repl_P0100\seed73\midpoint.npz,D:\PhD-Project\GP_RKHS_MINT\GP_RKHS_MINT\Tully_models\GP_MInt_QCLE_Reviewer_Ready_Pipeline_v4\output\fixed_pipeline\final_reviewer_closure\reference_grid_qcle\qcle_time_P0100.npz
MIDPOINT,QCLE,100.0,73,R_var,5.0458457996924994e+29,1.6078227779141974e+30,0.0,600.0,production saved times within reference interval; linear interpolation; no extrapolation,f332357e0598fae6459a7f5543cfbf1f3473cf6d62237233b3ee16790f7ec39f,D:\PhD-Project\GP_RKHS_MINT\GP_RKHS_MINT\Tully_models\GP_MInt_QCLE_Reviewer_Ready_Pipeline_v4\output\fixed_pipeline\reviewer_closure_20260726_174927\step9_repl_P0100\seed73\midpoint.npz,D:\PhD-Project\GP_RKHS_MINT\GP_RKHS_MINT\Tully_models\GP_MInt_QCLE_Reviewer_Ready_Pipeline_v4\output\fixed_pipeline\final_reviewer_closure\reference_grid_qcle\qcle_time_P0100.npz
MIDPOINT,QCLE,100.0,73,P_var,5.890462317402105e+31,2.2962034572160047e+32,0.0,600.0,production saved times within reference interval; linear interpolation; no extrapolation,f332357e0598fae6459a7f5543cfbf1f3473cf6d62237233b3ee16790f7ec39f,D:\PhD-Project\GP_RKHS_MINT\GP_RKHS_MINT\Tully_models\GP_MInt_QCLE_Reviewer_Ready_Pipeline_v4\output\fixed_pipeline\reviewer_closure_20260726_174927\step9_repl_P0100\seed73\midpoint.npz,D:\PhD-Project\GP_RKHS_MINT\GP_RKHS_MINT\Tully_models\GP_MInt_QCLE_Reviewer_Ready_Pipeline_v4\output\fixed_pipeline\final_reviewer_closure\reference_grid_qcle\qcle_time_P0100.npz
