l2_regularization,baseline_l2,N,seed,query_type,metric,value,baseline_value,paired_difference,paired_percent_change,paired_training_cloud,paired_query_cloud,source_csv
0.01,1e-06,1200,123,on_support,density_relative_l1,0.009014161511795103,0.008934996354744611,7.91651570504915e-05,0.886012191918284,True,True,D:\PhD-Project\GP_RKHS_MINT\GP_RKHS_MINT\Tully_models\GP_MInt_QCLE_Reviewer_Ready_Pipeline_v4\output\fixed_pipeline\final_reviewer_closure\manufactured\manufactured_complete.csv
0.01,1e-06,1200,123,on_support,density_relative_l2,0.009815349488086466,0.009694502821452441,0.00012084666663402487,1.2465483672521072,True,True,D:\PhD-Project\GP_RKHS_MINT\GP_RKHS_MINT\Tully_models\GP_MInt_QCLE_Reviewer_Ready_Pipeline_v4\output\fixed_pipeline\final_reviewer_closure\manufactured\manufactured_complete.csv
0.01,1e-06,1200,123,on_support,density_relative_linf,0.009579274903047823,0.00923152333319424,0.00034775156985358303,3.7670009304223466,True,True,D:\PhD-Project\GP_RKHS_MINT\GP_RKHS_MINT\Tully_models\GP_MInt_QCLE_Reviewer_Ready_Pipeline_v4\output\fixed_pipeline\final_reviewer_closure\manufactured\manufactured_complete.csv
0.01,1e-06,1200,123,on_support,density_mae,8.186420200821907e-05,8.114524524221108e-05,7.189567660079887e-07,0.8860121919182928,True,True,D:\PhD-Project\GP_RKHS_MINT\GP_RKHS_MINT\Tully_models\GP_MInt_QCLE_Reviewer_Ready_Pipeline_v4\output\fixed_pipeline\final_reviewer_closure\manufactured\manufactured_complete.csv
0.01,1e-06,1200,123,on_support,density_rmse,0.00014183180460663623,0.00014008557021832392,1.7462343883123139e-06,1.246548367252102,True,True,D:\PhD-Project\GP_RKHS_MINT\GP_RKHS_MINT\Tully_models\GP_MInt_QCLE_Reviewer_Ready_Pipeline_v4\output\fixed_pipeline\final_reviewer_closure\manufactured\manufactured_complete.csv
0.01,1e-06,1200,123,on_support,density_linf,0.0008381656024188389,0.0008077381006519058,3.0427501766933096e-05,3.7670009304223484,True,True,D:\PhD-Project\GP_RKHS_MINT\GP_RKHS_MINT\Tully_models\GP_MInt_QCLE_Reviewer_Ready_Pipeline_v4\output\fixed_pipeline\final_reviewer_closure\manufactured\manufactured_complete.csv
0.01,1e-06,1200,123,on_support,gradient_relative_l1,0.013810676619491943,0.013857776593611381,-4.709997411943799e-05,-0.33988117647351673,True,True,D:\PhD-Project\GP_RKHS_MINT\GP_RKHS_MINT\Tully_models\GP_MInt_QCLE_Reviewer_Ready_Pipeline_v4\output\fixed_pipeline\final_reviewer_closure\manufactured\manufactured_complete.csv
0.01,1e-06,1200,123,on_support,gradient_relative_l2,0.012736127816438835,0.01273316666630034,2.961150138494628e-06,0.02325541019055081,True,True,D:\PhD-Project\GP_RKHS_MINT\GP_RKHS_MINT\Tully_models\GP_MInt_QCLE_Reviewer_Ready_Pipeline_v4\output\fixed_pipeline\final_reviewer_closure\manufactured\manufactured_complete.csv
0.01,1e-06,1200,123,on_support,gradient_relative_linf,0.012227196516868306,0.01290138053983117,-0.0006741840229628638,-5.225673491929153,True,True,D:\PhD-Project\GP_RKHS_MINT\GP_RKHS_MINT\Tully_models\GP_MInt_QCLE_Reviewer_Ready_Pipeline_v4\output\fixed_pipeline\final_reviewer_closure\manufactured\manufactured_complete.csv
0.01,1e-06,1200,123,on_support,gradient_mae,0.00014077678413726885,0.00014125688971588506,-4.801055786162118e-07,-0.3398811764734909,True,True,D:\PhD-Project\GP_RKHS_MINT\GP_RKHS_MINT\Tully_models\GP_MInt_QCLE_Reviewer_Ready_Pipeline_v4\output\fixed_pipeline\final_reviewer_closure\manufactured\manufactured_complete.csv
0.01,1e-06,1200,123,on_support,gradient_rmse,0.00024854145605479497,0.0002484836701580431,5.778589675184019e-08,0.023255410190571722,True,True,D:\PhD-Project\GP_RKHS_MINT\GP_RKHS_MINT\Tully_models\GP_MInt_QCLE_Reviewer_Ready_Pipeline_v4\output\fixed_pipeline\final_reviewer_closure\manufactured\manufactured_complete.csv
0.01,1e-06,1200,123,on_support,gradient_linf,0.0021306492198091345,0.0022481291065969133,-0.00011747988678777882,-5.225673491929163,True,True,D:\PhD-Project\GP_RKHS_MINT\GP_RKHS_MINT\Tully_models\GP_MInt_QCLE_Reviewer_Ready_Pipeline_v4\output\fixed_pipeline\final_reviewer_closure\manufactured\manufactured_complete.csv
0.01,1e-06,1200,123,on_support,Q_relative_l1,0.02495262869204841,0.02524367906428308,-0.0002910503722346712,-1.1529633675563329,True,True,D:\PhD-Project\GP_RKHS_MINT\GP_RKHS_MINT\Tully_models\GP_MInt_QCLE_Reviewer_Ready_Pipeline_v4\output\fixed_pipeline\final_reviewer_closure\manufactured\manufactured_complete.csv
0.01,1e-06,1200,123,on_support,Q_relative_l2,0.022935938526581157,0.022875730420702445,6.0208105878711143e-05,0.26319643032785106,True,True,D:\PhD-Project\GP_RKHS_MINT\GP_RKHS_MINT\Tully_models\GP_MInt_QCLE_Reviewer_Ready_Pipeline_v4\output\fixed_pipeline\final_reviewer_closure\manufactured\manufactured_complete.csv
0.01,1e-06,1200,123,on_support,Q_relative_linf,0.02343588001276242,0.022241245544588645,0.001194634468173774,5.371257044839522,True,True,D:\PhD-Project\GP_RKHS_MINT\GP_RKHS_MINT\Tully_models\GP_MInt_QCLE_Reviewer_Ready_Pipeline_v4\output\fixed_pipeline\final_reviewer_closure\manufactured\manufactured_complete.csv
0.01,1e-06,1200,123,on_support,Q_mae,2.2104965101948312e-06,2.2362799993837145e-06,-2.5783489188883226e-08,-1.1529633675563333,True,True,D:\PhD-Project\GP_RKHS_MINT\GP_RKHS_MINT\Tully_models\GP_MInt_QCLE_Reviewer_Ready_Pipeline_v4\output\fixed_pipeline\final_reviewer_closure\manufactured\manufactured_complete.csv
0.01,1e-06,1200,123,on_support,Q_rmse,3.775667965111755e-06,3.7657566280917826e-06,9.911337019972236e-09,0.2631964303278568,True,True,D:\PhD-Project\GP_RKHS_MINT\GP_RKHS_MINT\Tully_models\GP_MInt_QCLE_Reviewer_Ready_Pipeline_v4\output\fixed_pipeline\final_reviewer_closure\manufactured\manufactured_complete.csv
0.01,1e-06,1200,123,on_support,Q_linf,2.376403049354032e-05,2.2552668687845123e-05,1.2113618056951983e-06,5.371257044839522,True,True,D:\PhD-Project\GP_RKHS_MINT\GP_RKHS_MINT\Tully_models\GP_MInt_QCLE_Reviewer_Ready_Pipeline_v4\output\fixed_pipeline\final_reviewer_closure\manufactured\manufactured_complete.csv
0.01,1e-06,1200,123,off_support,density_relative_l1,0.009823010397274805,0.009827372923657943,-4.362526383137541e-06,-0.04439158274573468,True,True,D:\PhD-Project\GP_RKHS_MINT\GP_RKHS_MINT\Tully_models\GP_MInt_QCLE_Reviewer_Ready_Pipeline_v4\output\fixed_pipeline\final_reviewer_closure\manufactured\manufactured_complete.csv
0.01,1e-06,1200,123,off_support,density_relative_l2,0.010643461132854274,0.010625449790709568,1.8011342144706732e-05,0.1695113383384021,True,True,D:\PhD-Project\GP_RKHS_MINT\GP_RKHS_MINT\Tully_models\GP_MInt_QCLE_Reviewer_Ready_Pipeline_v4\output\fixed_pipeline\final_reviewer_closure\manufactured\manufactured_complete.csv
0.01,1e-06,1200,123,off_support,density_relative_linf,0.012110770085217984,0.012803674981987577,-0.0006929048967695937,-5.411765744947321,True,True,D:\PhD-Project\GP_RKHS_MINT\GP_RKHS_MINT\Tully_models\GP_MInt_QCLE_Reviewer_Ready_Pipeline_v4\output\fixed_pipeline\final_reviewer_closure\manufactured\manufactured_complete.csv
0.01,1e-06,1200,123,off_support,density_mae,9.74009305770952e-05,9.744418759426202e-05,-4.325701716682601e-08,-0.0443915827457452,True,True,D:\PhD-Project\GP_RKHS_MINT\GP_RKHS_MINT\Tully_models\GP_MInt_QCLE_Reviewer_Ready_Pipeline_v4\output\fixed_pipeline\final_reviewer_closure\manufactured\manufactured_complete.csv
0.01,1e-06,1200,123,off_support,density_rmse,0.00017140884825919892,0.0001711187825207995,2.900657383994099e-07,0.16951133833841553,True,True,D:\PhD-Project\GP_RKHS_MINT\GP_RKHS_MINT\Tully_models\GP_MInt_QCLE_Reviewer_Ready_Pipeline_v4\output\fixed_pipeline\final_reviewer_closure\manufactured\manufactured_complete.csv
0.01,1e-06,1200,123,off_support,density_linf,0.0010601796182274394,0.001120836673373895,-6.065705514645553e-05,-5.411765744947321,True,True,D:\PhD-Project\GP_RKHS_MINT\GP_RKHS_MINT\Tully_models\GP_MInt_QCLE_Reviewer_Ready_Pipeline_v4\output\fixed_pipeline\final_reviewer_closure\manufactured\manufactured_complete.csv
0.01,1e-06,1200,123,off_support,gradient_relative_l1,0.014702734411694717,0.014777736204865183,-7.50017931704667e-05,-0.507532359021095,True,True,D:\PhD-Project\GP_RKHS_MINT\GP_RKHS_MINT\Tully_models\GP_MInt_QCLE_Reviewer_Ready_Pipeline_v4\output\fixed_pipeline\final_reviewer_closure\manufactured\manufactured_complete.csv
0.01,1e-06,1200,123,off_support,gradient_relative_l2,0.013583339313505754,0.013605976760067588,-2.263744656183335e-05,-0.1663786949002616,True,True,D:\PhD-Project\GP_RKHS_MINT\GP_RKHS_MINT\Tully_models\GP_MInt_QCLE_Reviewer_Ready_Pipeline_v4\output\fixed_pipeline\final_reviewer_closure\manufactured\manufactured_complete.csv
0.01,1e-06,1200,123,off_support,gradient_relative_linf,0.011987481349434668,0.01214219570523779,-0.00015471435580312158,-1.2741876309602085,True,True,D:\PhD-Project\GP_RKHS_MINT\GP_RKHS_MINT\Tully_models\GP_MInt_QCLE_Reviewer_Ready_Pipeline_v4\output\fixed_pipeline\final_reviewer_closure\manufactured\manufactured_complete.csv
0.01,1e-06,1200,123,off_support,gradient_mae,0.00015065575828216492,0.00015142428553064946,-7.685272484845402e-07,-0.5075323590210926,True,True,D:\PhD-Project\GP_RKHS_MINT\GP_RKHS_MINT\Tully_models\GP_MInt_QCLE_Reviewer_Ready_Pipeline_v4\output\fixed_pipeline\final_reviewer_closure\manufactured\manufactured_complete.csv
0.01,1e-06,1200,123,off_support,gradient_rmse,0.0002663381454491612,0.0002667820138820869,-4.438684329257053e-07,-0.16637869490028198,True,True,D:\PhD-Project\GP_RKHS_MINT\GP_RKHS_MINT\Tully_models\GP_MInt_QCLE_Reviewer_Ready_Pipeline_v4\output\fixed_pipeline\final_reviewer_closure\manufactured\manufactured_complete.csv
0.01,1e-06,1200,123,off_support,gradient_linf,0.002076504306886544,0.0021033043507654448,-2.6800043878900948e-05,-1.2741876309601958,True,True,D:\PhD-Project\GP_RKHS_MINT\GP_RKHS_MINT\Tully_models\GP_MInt_QCLE_Reviewer_Ready_Pipeline_v4\output\fixed_pipeline\final_reviewer_closure\manufactured\manufactured_complete.csv
0.01,1e-06,1200,123,off_support,Q_relative_l1,0.025271122563462943,0.025660307418284206,-0.00038918485482126314,-1.51668040634599,True,True,D:\PhD-Project\GP_RKHS_MINT\GP_RKHS_MINT\Tully_models\GP_MInt_QCLE_Reviewer_Ready_Pipeline_v4\output\fixed_pipeline\final_reviewer_closure\manufactured\manufactured_complete.csv
0.01,1e-06,1200,123,off_support,Q_relative_l2,0.025524751969319998,0.025654646356610702,-0.0001298943872907049,-0.5063191496975504,True,True,D:\PhD-Project\GP_RKHS_MINT\GP_RKHS_MINT\Tully_models\GP_MInt_QCLE_Reviewer_Ready_Pipeline_v4\output\fixed_pipeline\final_reviewer_closure\manufactured\manufactured_complete.csv
0.01,1e-06,1200,123,off_support,Q_relative_linf,0.028126583047727662,0.026406468739927337,0.0017201143078003252,6.513988389517085,True,True,D:\PhD-Project\GP_RKHS_MINT\GP_RKHS_MINT\Tully_models\GP_MInt_QCLE_Reviewer_Ready_Pipeline_v4\output\fixed_pipeline\final_reviewer_closure\manufactured\manufactured_complete.csv
0.01,1e-06,1200,123,off_support,Q_mae,2.2239053916467484e-06,2.2581543766220194e-06,-3.4248984975271035e-08,-1.516680406346009,True,True,D:\PhD-Project\GP_RKHS_MINT\GP_RKHS_MINT\Tully_models\GP_MInt_QCLE_Reviewer_Ready_Pipeline_v4\output\fixed_pipeline\final_reviewer_closure\manufactured\manufactured_complete.csv
0.01,1e-06,1200,123,off_support,Q_rmse,4.045188422463117e-06,4.065774215901693e-06,-2.0585793438575753e-08,-0.5063191496975518,True,True,D:\PhD-Project\GP_RKHS_MINT\GP_RKHS_MINT\Tully_models\GP_MInt_QCLE_Reviewer_Ready_Pipeline_v4\output\fixed_pipeline\final_reviewer_closure\manufactured\manufactured_complete.csv
0.01,1e-06,1200,123,off_support,Q_linf,2.594300995443317e-05,2.4356434630501953e-05,1.5865753239312176e-06,6.513988389517093,True,True,D:\PhD-Project\GP_RKHS_MINT\GP_RKHS_MINT\Tully_models\GP_MInt_QCLE_Reviewer_Ready_Pipeline_v4\output\fixed_pipeline\final_reviewer_closure\manufactured\manufactured_complete.csv
0.01,1e-06,1200,124,on_support,density_relative_l1,0.006885514751884934,0.006903103048175933,-1.7588296290998486e-05,-0.2547882621518448,True,True,D:\PhD-Project\GP_RKHS_MINT\GP_RKHS_MINT\Tully_models\GP_MInt_QCLE_Reviewer_Ready_Pipeline_v4\output\fixed_pipeline\final_reviewer_closure\manufactured\manufactured_complete.csv
0.01,1e-06,1200,124,on_support,density_relative_l2,0.007755660663467981,0.007837288036928847,-8.162737346086545e-05,-1.0415257558002462,True,True,D:\PhD-Project\GP_RKHS_MINT\GP_RKHS_MINT\Tully_models\GP_MInt_QCLE_Reviewer_Ready_Pipeline_v4\output\fixed_pipeline\final_reviewer_closure\manufactured\manufactured_complete.csv
0.01,1e-06,1200,124,on_support,density_relative_linf,0.008671584462238017,0.009240736641756042,-0.0005691521795180253,-6.159164594586561,True,True,D:\PhD-Project\GP_RKHS_MINT\GP_RKHS_MINT\Tully_models\GP_MInt_QCLE_Reviewer_Ready_Pipeline_v4\output\fixed_pipeline\final_reviewer_closure\manufactured\manufactured_complete.csv
0.01,1e-06,1200,124,on_support,density_mae,6.138705380059586e-05,6.154386033279896e-05,-1.5680653220310104e-07,-0.2547882621518513,True,True,D:\PhD-Project\GP_RKHS_MINT\GP_RKHS_MINT\Tully_models\GP_MInt_QCLE_Reviewer_Ready_Pipeline_v4\output\fixed_pipeline\final_reviewer_closure\manufactured\manufactured_complete.csv
0.01,1e-06,1200,124,on_support,density_rmse,0.0001056145070158882,0.00010672608669699509,-1.1115796811068913e-06,-1.0415257558002342,True,True,D:\PhD-Project\GP_RKHS_MINT\GP_RKHS_MINT\Tully_models\GP_MInt_QCLE_Reviewer_Ready_Pipeline_v4\output\fixed_pipeline\final_reviewer_closure\manufactured\manufactured_complete.csv
0.01,1e-06,1200,124,on_support,density_linf,0.0006656283587343839,0.0007093163182730847,-4.368795953870082e-05,-6.159164594586569,True,True,D:\PhD-Project\GP_RKHS_MINT\GP_RKHS_MINT\Tully_models\GP_MInt_QCLE_Reviewer_Ready_Pipeline_v4\output\fixed_pipeline\final_reviewer_closure\manufactured\manufactured_complete.csv
0.01,1e-06,1200,124,on_support,gradient_relative_l1,0.011232554067595813,0.011367360050862517,-0.00013480598326670416,-1.185904050399772,True,True,D:\PhD-Project\GP_RKHS_MINT\GP_RKHS_MINT\Tully_models\GP_MInt_QCLE_Reviewer_Ready_Pipeline_v4\output\fixed_pipeline\final_reviewer_closure\manufactured\manufactured_complete.csv
0.01,1e-06,1200,124,on_support,gradient_relative_l2,0.010164796933054464,0.01033527559735558,-0.0001704786643011158,-1.6494834868722328,True,True,D:\PhD-Project\GP_RKHS_MINT\GP_RKHS_MINT\Tully_models\GP_MInt_QCLE_Reviewer_Ready_Pipeline_v4\output\fixed_pipeline\final_reviewer_closure\manufactured\manufactured_complete.csv
0.01,1e-06,1200,124,on_support,gradient_relative_linf,0.011954149436633654,0.012252025846957115,-0.0002978764103234617,-2.4312420986072407,True,True,D:\PhD-Project\GP_RKHS_MINT\GP_RKHS_MINT\Tully_models\GP_MInt_QCLE_Reviewer_Ready_Pipeline_v4\output\fixed_pipeline\final_reviewer_closure\manufactured\manufactured_complete.csv
0.01,1e-06,1200,124,on_support,gradient_mae,0.00011656053177460472,0.00011795941728197968,-1.3988855073749615e-06,-1.1859040503997684,True,True,D:\PhD-Project\GP_RKHS_MINT\GP_RKHS_MINT\Tully_models\GP_MInt_QCLE_Reviewer_Ready_Pipeline_v4\output\fixed_pipeline\final_reviewer_closure\manufactured\manufactured_complete.csv
0.01,1e-06,1200,124,on_support,gradient_rmse,0.00020458317656005102,0.00020801433872769077,-3.4311621676397512e-06,-1.6494834868722426,True,True,D:\PhD-Project\GP_RKHS_MINT\GP_RKHS_MINT\Tully_models\GP_MInt_QCLE_Reviewer_Ready_Pipeline_v4\output\fixed_pipeline\final_reviewer_closure\manufactured\manufactured_complete.csv
0.01,1e-06,1200,124,on_support,gradient_linf,0.0020470839303156282,0.0020980936668113584,-5.100973649573015e-05,-2.4312420986072443,True,True,D:\PhD-Project\GP_RKHS_MINT\GP_RKHS_MINT\Tully_models\GP_MInt_QCLE_Reviewer_Ready_Pipeline_v4\output\fixed_pipeline\final_reviewer_closure\manufactured\manufactured_complete.csv
0.01,1e-06,1200,124,on_support,Q_relative_l1,0.023849713769539715,0.024455261077514365,-0.0006055473079746507,-2.4761432971632726,True,True,D:\PhD-Project\GP_RKHS_MINT\GP_RKHS_MINT\Tully_models\GP_MInt_QCLE_Reviewer_Ready_Pipeline_v4\output\fixed_pipeline\final_reviewer_closure\manufactured\manufactured_complete.csv
0.01,1e-06,1200,124,on_support,Q_relative_l2,0.023823434351344173,0.024579956664812535,-0.0007565223134683614,-3.077801656792023,True,True,D:\PhD-Project\GP_RKHS_MINT\GP_RKHS_MINT\Tully_models\GP_MInt_QCLE_Reviewer_Ready_Pipeline_v4\output\fixed_pipeline\final_reviewer_closure\manufactured\manufactured_complete.csv
0.01,1e-06,1200,124,on_support,Q_relative_linf,0.030580651117097995,0.03131177412631631,-0.0007311230092183173,-2.3349779104462725,True,True,D:\PhD-Project\GP_RKHS_MINT\GP_RKHS_MINT\Tully_models\GP_MInt_QCLE_Reviewer_Ready_Pipeline_v4\output\fixed_pipeline\final_reviewer_closure\manufactured\manufactured_complete.csv
0.01,1e-06,1200,124,on_support,Q_mae,1.950988058230225e-06,2.000523896604138e-06,-4.9535838373912843e-08,-2.476143297163271,True,True,D:\PhD-Project\GP_RKHS_MINT\GP_RKHS_MINT\Tully_models\GP_MInt_QCLE_Reviewer_Ready_Pipeline_v4\output\fixed_pipeline\final_reviewer_closure\manufactured\manufactured_complete.csv
0.01,1e-06,1200,124,on_support,Q_rmse,3.389745104166711e-06,3.4973877626706286e-06,-1.0764265850391767e-07,-3.0778016567920115,True,True,D:\PhD-Project\GP_RKHS_MINT\GP_RKHS_MINT\Tully_models\GP_MInt_QCLE_Reviewer_Ready_Pipeline_v4\output\fixed_pipeline\final_reviewer_closure\manufactured\manufactured_complete.csv
0.01,1e-06,1200,124,on_support,Q_linf,2.8174225060319832e-05,2.8847815172237956e-05,-6.735901119181236e-07,-2.334977910446269,True,True,D:\PhD-Project\GP_RKHS_MINT\GP_RKHS_MINT\Tully_models\GP_MInt_QCLE_Reviewer_Ready_Pipeline_v4\output\fixed_pipeline\final_reviewer_closure\manufactured\manufactured_complete.csv
0.01,1e-06,1200,124,off_support,density_relative_l1,0.007524799562101869,0.007603475875259745,-7.867631315787611e-05,-1.0347414057546205,True,True,D:\PhD-Project\GP_RKHS_MINT\GP_RKHS_MINT\Tully_models\GP_MInt_QCLE_Reviewer_Ready_Pipeline_v4\output\fixed_pipeline\final_reviewer_closure\manufactured\manufactured_complete.csv
0.01,1e-06,1200,124,off_support,density_relative_l2,0.008078197871557571,0.008275860694046932,-0.00019766282248936083,-2.3884261685500032,True,True,D:\PhD-Project\GP_RKHS_MINT\GP_RKHS_MINT\Tully_models\GP_MInt_QCLE_Reviewer_Ready_Pipeline_v4\output\fixed_pipeline\final_reviewer_closure\manufactured\manufactured_complete.csv
0.01,1e-06,1200,124,off_support,density_relative_linf,0.012581773618952753,0.013012861741006129,-0.0004310881220533757,-3.312784924894198,True,True,D:\PhD-Project\GP_RKHS_MINT\GP_RKHS_MINT\Tully_models\GP_MInt_QCLE_Reviewer_Ready_Pipeline_v4\output\fixed_pipeline\final_reviewer_closure\manufactured\manufactured_complete.csv
0.01,1e-06,1200,124,off_support,density_mae,7.097705030120235e-05,7.17191581261927e-05,-7.421078249903514e-07,-1.0347414057546287,True,True,D:\PhD-Project\GP_RKHS_MINT\GP_RKHS_MINT\Tully_models\GP_MInt_QCLE_Reviewer_Ready_Pipeline_v4\output\fixed_pipeline\final_reviewer_closure\manufactured\manufactured_complete.csv
0.01,1e-06,1200,124,off_support,density_rmse,0.00011745052650494448,0.0001203243856181965,-2.8738591132520126e-06,-2.3884261685499957,True,True,D:\PhD-Project\GP_RKHS_MINT\GP_RKHS_MINT\Tully_models\GP_MInt_QCLE_Reviewer_Ready_Pipeline_v4\output\fixed_pipeline\final_reviewer_closure\manufactured\manufactured_complete.csv
0.01,1e-06,1200,124,off_support,density_linf,0.0010017144347863097,0.0010360360819247783,-3.43216471384686e-05,-3.312784924894202,True,True,D:\PhD-Project\GP_RKHS_MINT\GP_RKHS_MINT\Tully_models\GP_MInt_QCLE_Reviewer_Ready_Pipeline_v4\output\fixed_pipeline\final_reviewer_closure\manufactured\manufactured_complete.csv
0.01,1e-06,1200,124,off_support,gradient_relative_l1,0.0118276032326228,0.011933248155465634,-0.00010564492284283362,-0.8852989686169094,True,True,D:\PhD-Project\GP_RKHS_MINT\GP_RKHS_MINT\Tully_models\GP_MInt_QCLE_Reviewer_Ready_Pipeline_v4\output\fixed_pipeline\final_reviewer_closure\manufactured\manufactured_complete.csv
0.01,1e-06,1200,124,off_support,gradient_relative_l2,0.010919293319612075,0.011270237751139807,-0.00035094443152773255,-3.1139044204479185,True,True,D:\PhD-Project\GP_RKHS_MINT\GP_RKHS_MINT\Tully_models\GP_MInt_QCLE_Reviewer_Ready_Pipeline_v4\output\fixed_pipeline\final_reviewer_closure\manufactured\manufactured_complete.csv
0.01,1e-06,1200,124,off_support,gradient_relative_linf,0.01836483432915427,0.02445873301068701,-0.00609389868153274,-24.915021881428075,True,True,D:\PhD-Project\GP_RKHS_MINT\GP_RKHS_MINT\Tully_models\GP_MInt_QCLE_Reviewer_Ready_Pipeline_v4\output\fixed_pipeline\final_reviewer_closure\manufactured\manufactured_complete.csv
0.01,1e-06,1200,124,off_support,gradient_mae,0.00012751447180598766,0.0001286534393778903,-1.1389675719026464e-06,-0.8852989686169116,True,True,D:\PhD-Project\GP_RKHS_MINT\GP_RKHS_MINT\Tully_models\GP_MInt_QCLE_Reviewer_Ready_Pipeline_v4\output\fixed_pipeline\final_reviewer_closure\manufactured\manufactured_complete.csv
0.01,1e-06,1200,124,off_support,gradient_rmse,0.00022338601538874438,0.00023056560804984099,-7.179592661096611e-06,-3.1139044204479145,True,True,D:\PhD-Project\GP_RKHS_MINT\GP_RKHS_MINT\Tully_models\GP_MInt_QCLE_Reviewer_Ready_Pipeline_v4\output\fixed_pipeline\final_reviewer_closure\manufactured\manufactured_complete.csv
0.01,1e-06,1200,124,off_support,gradient_linf,0.003080515645798796,0.004102705658293113,-0.0010221900124943164,-24.915021881428068,True,True,D:\PhD-Project\GP_RKHS_MINT\GP_RKHS_MINT\Tully_models\GP_MInt_QCLE_Reviewer_Ready_Pipeline_v4\output\fixed_pipeline\final_reviewer_closure\manufactured\manufactured_complete.csv
0.01,1e-06,1200,124,off_support,Q_relative_l1,0.02377306434058742,0.02434323511015269,-0.0005701707695652709,-2.342214446786792,True,True,D:\PhD-Project\GP_RKHS_MINT\GP_RKHS_MINT\Tully_models\GP_MInt_QCLE_Reviewer_Ready_Pipeline_v4\output\fixed_pipeline\final_reviewer_closure\manufactured\manufactured_complete.csv
0.01,1e-06,1200,124,off_support,Q_relative_l2,0.023403220358968642,0.023906782468792014,-0.0005035621098233717,-2.1063566813339403,True,True,D:\PhD-Project\GP_RKHS_MINT\GP_RKHS_MINT\Tully_models\GP_MInt_QCLE_Reviewer_Ready_Pipeline_v4\output\fixed_pipeline\final_reviewer_closure\manufactured\manufactured_complete.csv
0.01,1e-06,1200,124,off_support,Q_relative_linf,0.02595913789575458,0.026224735509822492,-0.00026559761406791393,-1.012775186878183,True,True,D:\PhD-Project\GP_RKHS_MINT\GP_RKHS_MINT\Tully_models\GP_MInt_QCLE_Reviewer_Ready_Pipeline_v4\output\fixed_pipeline\final_reviewer_closure\manufactured\manufactured_complete.csv
0.01,1e-06,1200,124,off_support,Q_mae,2.122699817452588e-06,2.1736104350798944e-06,-5.091061762730634e-08,-2.3422144467867834,True,True,D:\PhD-Project\GP_RKHS_MINT\GP_RKHS_MINT\Tully_models\GP_MInt_QCLE_Reviewer_Ready_Pipeline_v4\output\fixed_pipeline\final_reviewer_closure\manufactured\manufactured_complete.csv
0.01,1e-06,1200,124,off_support,Q_rmse,3.714950833971107e-06,3.7948846401375603e-06,-7.99338061664533e-08,-2.106356681333949,True,True,D:\PhD-Project\GP_RKHS_MINT\GP_RKHS_MINT\Tully_models\GP_MInt_QCLE_Reviewer_Ready_Pipeline_v4\output\fixed_pipeline\final_reviewer_closure\manufactured\manufactured_complete.csv
0.01,1e-06,1200,124,off_support,Q_linf,2.5454153811298717e-05,2.571458474500489e-05,-2.6043093370617344e-07,-1.0127751868781885,True,True,D:\PhD-Project\GP_RKHS_MINT\GP_RKHS_MINT\Tully_models\GP_MInt_QCLE_Reviewer_Ready_Pipeline_v4\output\fixed_pipeline\final_reviewer_closure\manufactured\manufactured_complete.csv
0.01,1e-06,1200,125,on_support,density_relative_l1,0.004468481652253114,0.004540017248001642,-7.153559574852794e-05,-1.5756679290153672,True,True,D:\PhD-Project\GP_RKHS_MINT\GP_RKHS_MINT\Tully_models\GP_MInt_QCLE_Reviewer_Ready_Pipeline_v4\output\fixed_pipeline\final_reviewer_closure\manufactured\manufactured_complete.csv
0.01,1e-06,1200,125,on_support,density_relative_l2,0.005385440142028569,0.005377024806127608,8.415335900961024e-06,0.15650543198854105,True,True,D:\PhD-Project\GP_RKHS_MINT\GP_RKHS_MINT\Tully_models\GP_MInt_QCLE_Reviewer_Ready_Pipeline_v4\output\fixed_pipeline\final_reviewer_closure\manufactured\manufactured_complete.csv
0.01,1e-06,1200,125,on_support,density_relative_linf,0.00898574754242533,0.008819020351222735,0.00016672719120259388,1.8905409508378963,True,True,D:\PhD-Project\GP_RKHS_MINT\GP_RKHS_MINT\Tully_models\GP_MInt_QCLE_Reviewer_Ready_Pipeline_v4\output\fixed_pipeline\final_reviewer_closure\manufactured\manufactured_complete.csv
0.01,1e-06,1200,125,on_support,density_mae,4.216659818264247e-05,4.2841640167018346e-05,-6.750419843758786e-07,-1.5756679290153788,True,True,D:\PhD-Project\GP_RKHS_MINT\GP_RKHS_MINT\Tully_models\GP_MInt_QCLE_Reviewer_Ready_Pipeline_v4\output\fixed_pipeline\final_reviewer_closure\manufactured\manufactured_complete.csv
0.01,1e-06,1200,125,on_support,density_rmse,7.817207570267394e-05,7.804992333299493e-05,1.221523696790178e-07,0.15650543198852696,True,True,D:\PhD-Project\GP_RKHS_MINT\GP_RKHS_MINT\Tully_models\GP_MInt_QCLE_Reviewer_Ready_Pipeline_v4\output\fixed_pipeline\final_reviewer_closure\manufactured\manufactured_complete.csv
0.01,1e-06,1200,125,on_support,density_linf,0.0006708908437732261,0.0006584427146156093,1.2448129157616866e-05,1.890540950837907,True,True,D:\PhD-Project\GP_RKHS_MINT\GP_RKHS_MINT\Tully_models\GP_MInt_QCLE_Reviewer_Ready_Pipeline_v4\output\fixed_pipeline\final_reviewer_closure\manufactured\manufactured_complete.csv
0.01,1e-06,1200,125,on_support,gradient_relative_l1,0.007924312663567388,0.007957935597352457,-3.362293378506888e-05,-0.4225082419145861,True,True,D:\PhD-Project\GP_RKHS_MINT\GP_RKHS_MINT\Tully_models\GP_MInt_QCLE_Reviewer_Ready_Pipeline_v4\output\fixed_pipeline\final_reviewer_closure\manufactured\manufactured_complete.csv
0.01,1e-06,1200,125,on_support,gradient_relative_l2,0.007458699347986119,0.007457843030345916,8.563176402028028e-07,0.011482108656865688,True,True,D:\PhD-Project\GP_RKHS_MINT\GP_RKHS_MINT\Tully_models\GP_MInt_QCLE_Reviewer_Ready_Pipeline_v4\output\fixed_pipeline\final_reviewer_closure\manufactured\manufactured_complete.csv
0.01,1e-06,1200,125,on_support,gradient_relative_linf,0.011388115631740012,0.011725427589104357,-0.00033731195736434565,-2.876756133633768,True,True,D:\PhD-Project\GP_RKHS_MINT\GP_RKHS_MINT\Tully_models\GP_MInt_QCLE_Reviewer_Ready_Pipeline_v4\output\fixed_pipeline\final_reviewer_closure\manufactured\manufactured_complete.csv
0.01,1e-06,1200,125,on_support,gradient_mae,8.630780636176539e-05,8.667401120269474e-05,-3.6620484092935075e-07,-0.4225082419145789,True,True,D:\PhD-Project\GP_RKHS_MINT\GP_RKHS_MINT\Tully_models\GP_MInt_QCLE_Reviewer_Ready_Pipeline_v4\output\fixed_pipeline\final_reviewer_closure\manufactured\manufactured_complete.csv
0.01,1e-06,1200,125,on_support,gradient_rmse,0.00015577480108829538,0.00015575691690985526,1.7884178440122833e-08,0.011482108656833103,True,True,D:\PhD-Project\GP_RKHS_MINT\GP_RKHS_MINT\Tully_models\GP_MInt_QCLE_Reviewer_Ready_Pipeline_v4\output\fixed_pipeline\final_reviewer_closure\manufactured\manufactured_complete.csv
0.01,1e-06,1200,125,on_support,gradient_linf,0.0019013681238003368,0.0019576859751682784,-5.6317851367941596e-05,-2.8767561336337732,True,True,D:\PhD-Project\GP_RKHS_MINT\GP_RKHS_MINT\Tully_models\GP_MInt_QCLE_Reviewer_Ready_Pipeline_v4\output\fixed_pipeline\final_reviewer_closure\manufactured\manufactured_complete.csv
0.01,1e-06,1200,125,on_support,Q_relative_l1,0.01767731155676635,0.01782804547334713,-0.00015073391658078014,-0.8454876156005259,True,True,D:\PhD-Project\GP_RKHS_MINT\GP_RKHS_MINT\Tully_models\GP_MInt_QCLE_Reviewer_Ready_Pipeline_v4\output\fixed_pipeline\final_reviewer_closure\manufactured\manufactured_complete.csv
0.01,1e-06,1200,125,on_support,Q_relative_l2,0.01750464735882106,0.0178369172484192,-0.00033226988959813783,-1.8628212766283105,True,True,D:\PhD-Project\GP_RKHS_MINT\GP_RKHS_MINT\Tully_models\GP_MInt_QCLE_Reviewer_Ready_Pipeline_v4\output\fixed_pipeline\final_reviewer_closure\manufactured\manufactured_complete.csv
0.01,1e-06,1200,125,on_support,Q_relative_linf,0.028068584195625527,0.030887812598185543,-0.0028192284025600166,-9.127316457254173,True,True,D:\PhD-Project\GP_RKHS_MINT\GP_RKHS_MINT\Tully_models\GP_MInt_QCLE_Reviewer_Ready_Pipeline_v4\output\fixed_pipeline\final_reviewer_closure\manufactured\manufactured_complete.csv
0.01,1e-06,1200,125,on_support,Q_mae,1.5869074420811605e-06,1.6004389552429864e-06,-1.3531513161825881e-08,-0.8454876156005252,True,True,D:\PhD-Project\GP_RKHS_MINT\GP_RKHS_MINT\Tully_models\GP_MInt_QCLE_Reviewer_Ready_Pipeline_v4\output\fixed_pipeline\final_reviewer_closure\manufactured\manufactured_complete.csv
0.01,1e-06,1200,125,on_support,Q_rmse,2.752048287803473e-06,2.8042871454058455e-06,-5.223885760237249e-08,-1.8628212766283003,True,True,D:\PhD-Project\GP_RKHS_MINT\GP_RKHS_MINT\Tully_models\GP_MInt_QCLE_Reviewer_Ready_Pipeline_v4\output\fixed_pipeline\final_reviewer_closure\manufactured\manufactured_complete.csv
0.01,1e-06,1200,125,on_support,Q_linf,2.7389450838931188e-05,3.014046660792998e-05,-2.7510157689987925e-06,-9.127316457254176,True,True,D:\PhD-Project\GP_RKHS_MINT\GP_RKHS_MINT\Tully_models\GP_MInt_QCLE_Reviewer_Ready_Pipeline_v4\output\fixed_pipeline\final_reviewer_closure\manufactured\manufactured_complete.csv
0.01,1e-06,1200,125,off_support,density_relative_l1,0.005522432713093677,0.0055528177430759365,-3.038502998225969e-05,-0.5472002033588835,True,True,D:\PhD-Project\GP_RKHS_MINT\GP_RKHS_MINT\Tully_models\GP_MInt_QCLE_Reviewer_Ready_Pipeline_v4\output\fixed_pipeline\final_reviewer_closure\manufactured\manufactured_complete.csv
0.01,1e-06,1200,125,off_support,density_relative_l2,0.006212367673615907,0.006258443787984832,-4.607611436892485e-05,-0.7362231879014924,True,True,D:\PhD-Project\GP_RKHS_MINT\GP_RKHS_MINT\Tully_models\GP_MInt_QCLE_Reviewer_Ready_Pipeline_v4\output\fixed_pipeline\final_reviewer_closure\manufactured\manufactured_complete.csv
0.01,1e-06,1200,125,off_support,density_relative_linf,0.010380266467236858,0.010929952519442034,-0.0005496860522051766,-5.029171455478909,True,True,D:\PhD-Project\GP_RKHS_MINT\GP_RKHS_MINT\Tully_models\GP_MInt_QCLE_Reviewer_Ready_Pipeline_v4\output\fixed_pipeline\final_reviewer_closure\manufactured\manufactured_complete.csv
0.01,1e-06,1200,125,off_support,density_mae,5.362539687429393e-05,5.392044968462019e-05,-2.950528103262581e-07,-0.5472002033588687,True,True,D:\PhD-Project\GP_RKHS_MINT\GP_RKHS_MINT\Tully_models\GP_MInt_QCLE_Reviewer_Ready_Pipeline_v4\output\fixed_pipeline\final_reviewer_closure\manufactured\manufactured_complete.csv
0.01,1e-06,1200,125,off_support,density_rmse,9.544506753630995e-05,9.615296798245227e-05,-7.079004461423233e-07,-0.7362231879015048,True,True,D:\PhD-Project\GP_RKHS_MINT\GP_RKHS_MINT\Tully_models\GP_MInt_QCLE_Reviewer_Ready_Pipeline_v4\output\fixed_pipeline\final_reviewer_closure\manufactured\manufactured_complete.csv
0.01,1e-06,1200,125,off_support,density_linf,0.0007900301043430671,0.0008318660755630991,-4.1835971220031964e-05,-5.029171455478906,True,True,D:\PhD-Project\GP_RKHS_MINT\GP_RKHS_MINT\Tully_models\GP_MInt_QCLE_Reviewer_Ready_Pipeline_v4\output\fixed_pipeline\final_reviewer_closure\manufactured\manufactured_complete.csv
0.01,1e-06,1200,125,off_support,gradient_relative_l1,0.008968953535494236,0.008952983100609135,1.597043488510072e-05,0.17838115749390993,True,True,D:\PhD-Project\GP_RKHS_MINT\GP_RKHS_MINT\Tully_models\GP_MInt_QCLE_Reviewer_Ready_Pipeline_v4\output\fixed_pipeline\final_reviewer_closure\manufactured\manufactured_complete.csv
0.01,1e-06,1200,125,off_support,gradient_relative_l2,0.008309176650705836,0.008314107059389952,-4.930408684116275e-06,-0.05930172234849768,True,True,D:\PhD-Project\GP_RKHS_MINT\GP_RKHS_MINT\Tully_models\GP_MInt_QCLE_Reviewer_Ready_Pipeline_v4\output\fixed_pipeline\final_reviewer_closure\manufactured\manufactured_complete.csv
0.01,1e-06,1200,125,off_support,gradient_relative_linf,0.010942934593586844,0.011640255171174568,-0.0006973205775877237,-5.9905952862145035,True,True,D:\PhD-Project\GP_RKHS_MINT\GP_RKHS_MINT\Tully_models\GP_MInt_QCLE_Reviewer_Ready_Pipeline_v4\output\fixed_pipeline\final_reviewer_closure\manufactured\manufactured_complete.csv
0.01,1e-06,1200,125,off_support,gradient_mae,9.594567966143632e-05,9.577483540145931e-05,1.7084425997701254e-07,0.17838115749391245,True,True,D:\PhD-Project\GP_RKHS_MINT\GP_RKHS_MINT\Tully_models\GP_MInt_QCLE_Reviewer_Ready_Pipeline_v4\output\fixed_pipeline\final_reviewer_closure\manufactured\manufactured_complete.csv
0.01,1e-06,1200,125,off_support,gradient_rmse,0.00017009135939078312,0.00017019228634789174,-1.009269571086214e-07,-0.059301722348517966,True,True,D:\PhD-Project\GP_RKHS_MINT\GP_RKHS_MINT\Tully_models\GP_MInt_QCLE_Reviewer_Ready_Pipeline_v4\output\fixed_pipeline\final_reviewer_closure\manufactured\manufactured_complete.csv
0.01,1e-06,1200,125,off_support,gradient_linf,0.001971090291767622,0.002096694791088899,-0.00012560449932127668,-5.990595286214507,True,True,D:\PhD-Project\GP_RKHS_MINT\GP_RKHS_MINT\Tully_models\GP_MInt_QCLE_Reviewer_Ready_Pipeline_v4\output\fixed_pipeline\final_reviewer_closure\manufactured\manufactured_complete.csv
0.01,1e-06,1200,125,off_support,Q_relative_l1,0.019496496785926867,0.019513555747418025,-1.7058961491157876e-05,-0.08742108159049929,True,True,D:\PhD-Project\GP_RKHS_MINT\GP_RKHS_MINT\Tully_models\GP_MInt_QCLE_Reviewer_Ready_Pipeline_v4\output\fixed_pipeline\final_reviewer_closure\manufactured\manufactured_complete.csv
0.01,1e-06,1200,125,off_support,Q_relative_l2,0.021020744748173358,0.021245379881689445,-0.00022463513351608788,-1.0573363939220124,True,True,D:\PhD-Project\GP_RKHS_MINT\GP_RKHS_MINT\Tully_models\GP_MInt_QCLE_Reviewer_Ready_Pipeline_v4\output\fixed_pipeline\final_reviewer_closure\manufactured\manufactured_complete.csv
0.01,1e-06,1200,125,off_support,Q_relative_linf,0.026698035183210723,0.0274661916897224,-0.0007681565065116788,-2.7967346736282916,True,True,D:\PhD-Project\GP_RKHS_MINT\GP_RKHS_MINT\Tully_models\GP_MInt_QCLE_Reviewer_Ready_Pipeline_v4\output\fixed_pipeline\final_reviewer_closure\manufactured\manufactured_complete.csv
0.01,1e-06,1200,125,off_support,Q_mae,1.7172497405515646e-06,1.7187522923954383e-06,-1.5025518438736693e-09,-0.08742108159050373,True,True,D:\PhD-Project\GP_RKHS_MINT\GP_RKHS_MINT\Tully_models\GP_MInt_QCLE_Reviewer_Ready_Pipeline_v4\output\fixed_pipeline\final_reviewer_closure\manufactured\manufactured_complete.csv
0.01,1e-06,1200,125,off_support,Q_rmse,3.294729346213988e-06,3.3299379925037663e-06,-3.5208646289778356e-08,-1.057336393922012,True,True,D:\PhD-Project\GP_RKHS_MINT\GP_RKHS_MINT\Tully_models\GP_MInt_QCLE_Reviewer_Ready_Pipeline_v4\output\fixed_pipeline\final_reviewer_closure\manufactured\manufactured_complete.csv
0.01,1e-06,1200,125,off_support,Q_linf,2.6830465278601196e-05,2.760243206698321e-05,-7.719667883820133e-07,-2.79673467362829,True,True,D:\PhD-Project\GP_RKHS_MINT\GP_RKHS_MINT\Tully_models\GP_MInt_QCLE_Reviewer_Ready_Pipeline_v4\output\fixed_pipeline\final_reviewer_closure\manufactured\manufactured_complete.csv
0.01,1e-06,2400,123,on_support,density_relative_l1,0.0072314692991629174,0.007283463135629235,-5.1993836466317396e-05,-0.7138614625777951,True,True,D:\PhD-Project\GP_RKHS_MINT\GP_RKHS_MINT\Tully_models\GP_MInt_QCLE_Reviewer_Ready_Pipeline_v4\output\fixed_pipeline\final_reviewer_closure\manufactured\manufactured_complete.csv
0.01,1e-06,2400,123,on_support,density_relative_l2,0.007507373456128844,0.007560594741266241,-5.322128513739633e-05,-0.7039298753431517,True,True,D:\PhD-Project\GP_RKHS_MINT\GP_RKHS_MINT\Tully_models\GP_MInt_QCLE_Reviewer_Ready_Pipeline_v4\output\fixed_pipeline\final_reviewer_closure\manufactured\manufactured_complete.csv
0.01,1e-06,2400,123,on_support,density_relative_linf,0.009441734076973077,0.008790453644387186,0.0006512804325858913,7.408951334402883,True,True,D:\PhD-Project\GP_RKHS_MINT\GP_RKHS_MINT\Tully_models\GP_MInt_QCLE_Reviewer_Ready_Pipeline_v4\output\fixed_pipeline\final_reviewer_closure\manufactured\manufactured_complete.csv
0.01,1e-06,2400,123,on_support,density_mae,6.854242470816669e-05,6.903524068702922e-05,-4.928159788625302e-07,-0.7138614625777985,True,True,D:\PhD-Project\GP_RKHS_MINT\GP_RKHS_MINT\Tully_models\GP_MInt_QCLE_Reviewer_Ready_Pipeline_v4\output\fixed_pipeline\final_reviewer_closure\manufactured\manufactured_complete.csv
0.01,1e-06,2400,123,on_support,density_rmse,0.00011076898021270451,0.00011155424386246556,-7.852636497610537e-07,-0.7039298753431557,True,True,D:\PhD-Project\GP_RKHS_MINT\GP_RKHS_MINT\Tully_models\GP_MInt_QCLE_Reviewer_Ready_Pipeline_v4\output\fixed_pipeline\final_reviewer_closure\manufactured\manufactured_complete.csv
0.01,1e-06,2400,123,on_support,density_linf,0.0008337410800235293,0.000776230537274116,5.751054274941332e-05,7.408951334402888,True,True,D:\PhD-Project\GP_RKHS_MINT\GP_RKHS_MINT\Tully_models\GP_MInt_QCLE_Reviewer_Ready_Pipeline_v4\output\fixed_pipeline\final_reviewer_closure\manufactured\manufactured_complete.csv
0.01,1e-06,2400,123,on_support,gradient_relative_l1,0.012644056148802804,0.012863520540049498,-0.00021946439124669384,-1.7060989685009618,True,True,D:\PhD-Project\GP_RKHS_MINT\GP_RKHS_MINT\Tully_models\GP_MInt_QCLE_Reviewer_Ready_Pipeline_v4\output\fixed_pipeline\final_reviewer_closure\manufactured\manufactured_complete.csv
0.01,1e-06,2400,123,on_support,gradient_relative_l2,0.01119740394737859,0.011384569489152205,-0.0001871655417736151,-1.6440282783811537,True,True,D:\PhD-Project\GP_RKHS_MINT\GP_RKHS_MINT\Tully_models\GP_MInt_QCLE_Reviewer_Ready_Pipeline_v4\output\fixed_pipeline\final_reviewer_closure\manufactured\manufactured_complete.csv
0.01,1e-06,2400,123,on_support,gradient_relative_linf,0.011255436420976804,0.011228369683351686,2.7066737625118173e-05,0.24105670180462663,True,True,D:\PhD-Project\GP_RKHS_MINT\GP_RKHS_MINT\Tully_models\GP_MInt_QCLE_Reviewer_Ready_Pipeline_v4\output\fixed_pipeline\final_reviewer_closure\manufactured\manufactured_complete.csv
0.01,1e-06,2400,123,on_support,gradient_mae,0.0001309476248274524,0.00013322049837607853,-2.272873548626116e-06,-1.7060989685009613,True,True,D:\PhD-Project\GP_RKHS_MINT\GP_RKHS_MINT\Tully_models\GP_MInt_QCLE_Reviewer_Ready_Pipeline_v4\output\fixed_pipeline\final_reviewer_closure\manufactured\manufactured_complete.csv
0.01,1e-06,2400,123,on_support,gradient_rmse,0.0002207346096576768,0.0002244242070856984,-3.6895974280216025e-06,-1.6440282783811715,True,True,D:\PhD-Project\GP_RKHS_MINT\GP_RKHS_MINT\Tully_models\GP_MInt_QCLE_Reviewer_Ready_Pipeline_v4\output\fixed_pipeline\final_reviewer_closure\manufactured\manufactured_complete.csv
0.01,1e-06,2400,123,on_support,gradient_linf,0.002088465385970218,0.002083443106733151,5.022279237066989e-06,0.24105670180463662,True,True,D:\PhD-Project\GP_RKHS_MINT\GP_RKHS_MINT\Tully_models\GP_MInt_QCLE_Reviewer_Ready_Pipeline_v4\output\fixed_pipeline\final_reviewer_closure\manufactured\manufactured_complete.csv
0.01,1e-06,2400,123,on_support,Q_relative_l1,0.025725757675532517,0.026417375843164847,-0.0006916181676323296,-2.6180426539651056,True,True,D:\PhD-Project\GP_RKHS_MINT\GP_RKHS_MINT\Tully_models\GP_MInt_QCLE_Reviewer_Ready_Pipeline_v4\output\fixed_pipeline\final_reviewer_closure\manufactured\manufactured_complete.csv
0.01,1e-06,2400,123,on_support,Q_relative_l2,0.024180785566209367,0.024565508415851662,-0.00038472284964229456,-1.56610986074296,True,True,D:\PhD-Project\GP_RKHS_MINT\GP_RKHS_MINT\Tully_models\GP_MInt_QCLE_Reviewer_Ready_Pipeline_v4\output\fixed_pipeline\final_reviewer_closure\manufactured\manufactured_complete.csv
0.01,1e-06,2400,123,on_support,Q_relative_linf,0.031540292616362375,0.030534223668448886,0.0010060689479134896,3.294889560113703,True,True,D:\PhD-Project\GP_RKHS_MINT\GP_RKHS_MINT\Tully_models\GP_MInt_QCLE_Reviewer_Ready_Pipeline_v4\output\fixed_pipeline\final_reviewer_closure\manufactured\manufactured_complete.csv
0.01,1e-06,2400,123,on_support,Q_mae,2.3839250458677097e-06,2.448015126043034e-06,-6.409008017532434e-08,-2.6180426539651083,True,True,D:\PhD-Project\GP_RKHS_MINT\GP_RKHS_MINT\Tully_models\GP_MInt_QCLE_Reviewer_Ready_Pipeline_v4\output\fixed_pipeline\final_reviewer_closure\manufactured\manufactured_complete.csv
0.01,1e-06,2400,123,on_support,Q_rmse,4.175205605685952e-06,4.24163425805805e-06,-6.642865237209827e-08,-1.5661098607429518,True,True,D:\PhD-Project\GP_RKHS_MINT\GP_RKHS_MINT\Tully_models\GP_MInt_QCLE_Reviewer_Ready_Pipeline_v4\output\fixed_pipeline\final_reviewer_closure\manufactured\manufactured_complete.csv
0.01,1e-06,2400,123,on_support,Q_linf,3.3701551567066564e-05,3.2626543007680496e-05,1.0750085593860684e-06,3.294889560113692,True,True,D:\PhD-Project\GP_RKHS_MINT\GP_RKHS_MINT\Tully_models\GP_MInt_QCLE_Reviewer_Ready_Pipeline_v4\output\fixed_pipeline\final_reviewer_closure\manufactured\manufactured_complete.csv
0.01,1e-06,2400,123,off_support,density_relative_l1,0.00792408857803495,0.008002274480334009,-7.81859022990581e-05,-0.9770459947506659,True,True,D:\PhD-Project\GP_RKHS_MINT\GP_RKHS_MINT\Tully_models\GP_MInt_QCLE_Reviewer_Ready_Pipeline_v4\output\fixed_pipeline\final_reviewer_closure\manufactured\manufactured_complete.csv
0.01,1e-06,2400,123,off_support,density_relative_l2,0.008146642411172272,0.008224017278493133,-7.737486732086081e-05,-0.9408402815884893,True,True,D:\PhD-Project\GP_RKHS_MINT\GP_RKHS_MINT\Tully_models\GP_MInt_QCLE_Reviewer_Ready_Pipeline_v4\output\fixed_pipeline\final_reviewer_closure\manufactured\manufactured_complete.csv
0.01,1e-06,2400,123,off_support,density_relative_linf,0.007413902473680579,0.007244964624520001,0.00016893784916057787,2.3317967432003917,True,True,D:\PhD-Project\GP_RKHS_MINT\GP_RKHS_MINT\Tully_models\GP_MInt_QCLE_Reviewer_Ready_Pipeline_v4\output\fixed_pipeline\final_reviewer_closure\manufactured\manufactured_complete.csv
0.01,1e-06,2400,123,off_support,density_mae,6.979831459382957e-05,7.048700505352473e-05,-6.8869045969516e-07,-0.9770459947506619,True,True,D:\PhD-Project\GP_RKHS_MINT\GP_RKHS_MINT\Tully_models\GP_MInt_QCLE_Reviewer_Ready_Pipeline_v4\output\fixed_pipeline\final_reviewer_closure\manufactured\manufactured_complete.csv
0.01,1e-06,2400,123,off_support,density_rmse,0.00010769356033514364,0.00010871640809519942,-1.0228477600557773e-06,-0.9408402815885003,True,True,D:\PhD-Project\GP_RKHS_MINT\GP_RKHS_MINT\Tully_models\GP_MInt_QCLE_Reviewer_Ready_Pipeline_v4\output\fixed_pipeline\final_reviewer_closure\manufactured\manufactured_complete.csv
0.01,1e-06,2400,123,off_support,density_linf,0.0006080357824234228,0.000594180696298411,1.3855086125011754e-05,2.3317967432003908,True,True,D:\PhD-Project\GP_RKHS_MINT\GP_RKHS_MINT\Tully_models\GP_MInt_QCLE_Reviewer_Ready_Pipeline_v4\output\fixed_pipeline\final_reviewer_closure\manufactured\manufactured_complete.csv
0.01,1e-06,2400,123,off_support,gradient_relative_l1,0.0132621618384783,0.013558932613268805,-0.00029677077479050434,-2.188747324402835,True,True,D:\PhD-Project\GP_RKHS_MINT\GP_RKHS_MINT\Tully_models\GP_MInt_QCLE_Reviewer_Ready_Pipeline_v4\output\fixed_pipeline\final_reviewer_closure\manufactured\manufactured_complete.csv
0.01,1e-06,2400,123,off_support,gradient_relative_l2,0.011771855661725823,0.012021234588612385,-0.00024937892688656205,-2.074486817874735,True,True,D:\PhD-Project\GP_RKHS_MINT\GP_RKHS_MINT\Tully_models\GP_MInt_QCLE_Reviewer_Ready_Pipeline_v4\output\fixed_pipeline\final_reviewer_closure\manufactured\manufactured_complete.csv
0.01,1e-06,2400,123,off_support,gradient_relative_linf,0.014063409132058297,0.016656628791852084,-0.0025932196597937864,-15.568694555181,True,True,D:\PhD-Project\GP_RKHS_MINT\GP_RKHS_MINT\Tully_models\GP_MInt_QCLE_Reviewer_Ready_Pipeline_v4\output\fixed_pipeline\final_reviewer_closure\manufactured\manufactured_complete.csv
0.01,1e-06,2400,123,off_support,gradient_mae,0.00013321069130639522,0.00013619158088916882,-2.980889582773603e-06,-2.1887473244028333,True,True,D:\PhD-Project\GP_RKHS_MINT\GP_RKHS_MINT\Tully_models\GP_MInt_QCLE_Reviewer_Ready_Pipeline_v4\output\fixed_pipeline\final_reviewer_closure\manufactured\manufactured_complete.csv
0.01,1e-06,2400,123,off_support,gradient_rmse,0.0002210174134546131,0.00022569952025021026,-4.682106795597153e-06,-2.074486817874745,True,True,D:\PhD-Project\GP_RKHS_MINT\GP_RKHS_MINT\Tully_models\GP_MInt_QCLE_Reviewer_Ready_Pipeline_v4\output\fixed_pipeline\final_reviewer_closure\manufactured\manufactured_complete.csv
0.01,1e-06,2400,123,off_support,gradient_linf,0.002164787268461105,0.0025639628062791536,-0.00039917553781804865,-15.568694555181004,True,True,D:\PhD-Project\GP_RKHS_MINT\GP_RKHS_MINT\Tully_models\GP_MInt_QCLE_Reviewer_Ready_Pipeline_v4\output\fixed_pipeline\final_reviewer_closure\manufactured\manufactured_complete.csv
0.01,1e-06,2400,123,off_support,Q_relative_l1,0.024650446764386606,0.025852826644990536,-0.00120237988060393,-4.65086428310118,True,True,D:\PhD-Project\GP_RKHS_MINT\GP_RKHS_MINT\Tully_models\GP_MInt_QCLE_Reviewer_Ready_Pipeline_v4\output\fixed_pipeline\final_reviewer_closure\manufactured\manufactured_complete.csv
0.01,1e-06,2400,123,off_support,Q_relative_l2,0.02355854130736273,0.024322909684905407,-0.0007643683775426756,-3.1425860945289625,True,True,D:\PhD-Project\GP_RKHS_MINT\GP_RKHS_MINT\Tully_models\GP_MInt_QCLE_Reviewer_Ready_Pipeline_v4\output\fixed_pipeline\final_reviewer_closure\manufactured\manufactured_complete.csv
0.01,1e-06,2400,123,off_support,Q_relative_linf,0.030729200995402547,0.03083139113068806,-0.00010219013528551396,-0.331448343840051,True,True,D:\PhD-Project\GP_RKHS_MINT\GP_RKHS_MINT\Tully_models\GP_MInt_QCLE_Reviewer_Ready_Pipeline_v4\output\fixed_pipeline\final_reviewer_closure\manufactured\manufactured_complete.csv
0.01,1e-06,2400,123,off_support,Q_mae,2.088559816196613e-06,2.1904339252720208e-06,-1.0187410907540777e-07,-4.650864283101187,True,True,D:\PhD-Project\GP_RKHS_MINT\GP_RKHS_MINT\Tully_models\GP_MInt_QCLE_Reviewer_Ready_Pipeline_v4\output\fixed_pipeline\final_reviewer_closure\manufactured\manufactured_complete.csv
0.01,1e-06,2400,123,off_support,Q_rmse,3.60599976862921e-06,3.722998192114154e-06,-1.1699842348494436e-07,-3.14258609452897,True,True,D:\PhD-Project\GP_RKHS_MINT\GP_RKHS_MINT\Tully_models\GP_MInt_QCLE_Reviewer_Ready_Pipeline_v4\output\fixed_pipeline\final_reviewer_closure\manufactured\manufactured_complete.csv
0.01,1e-06,2400,123,off_support,Q_linf,2.9645223384164917e-05,2.9743808745647318e-05,-9.85853614824013e-08,-0.3314483438400544,True,True,D:\PhD-Project\GP_RKHS_MINT\GP_RKHS_MINT\Tully_models\GP_MInt_QCLE_Reviewer_Ready_Pipeline_v4\output\fixed_pipeline\final_reviewer_closure\manufactured\manufactured_complete.csv
0.01,1e-06,2400,124,on_support,density_relative_l1,0.0045947980747524115,0.0046175627116273885,-2.2764636874977005e-05,-0.4930011414388341,True,True,D:\PhD-Project\GP_RKHS_MINT\GP_RKHS_MINT\Tully_models\GP_MInt_QCLE_Reviewer_Ready_Pipeline_v4\output\fixed_pipeline\final_reviewer_closure\manufactured\manufactured_complete.csv
0.01,1e-06,2400,124,on_support,density_relative_l2,0.0053750938632851925,0.005409604253061558,-3.4510389776365447e-05,-0.6379466623059227,True,True,D:\PhD-Project\GP_RKHS_MINT\GP_RKHS_MINT\Tully_models\GP_MInt_QCLE_Reviewer_Ready_Pipeline_v4\output\fixed_pipeline\final_reviewer_closure\manufactured\manufactured_complete.csv
0.01,1e-06,2400,124,on_support,density_relative_linf,0.009975038619298054,0.009857378237819986,0.00011766038147806822,1.1936275411106623,True,True,D:\PhD-Project\GP_RKHS_MINT\GP_RKHS_MINT\Tully_models\GP_MInt_QCLE_Reviewer_Ready_Pipeline_v4\output\fixed_pipeline\final_reviewer_closure\manufactured\manufactured_complete.csv
0.01,1e-06,2400,124,on_support,density_mae,4.271009341527041e-05,4.292169787572265e-05,-2.1160446045224052e-07,-0.4930011414388342,True,True,D:\PhD-Project\GP_RKHS_MINT\GP_RKHS_MINT\Tully_models\GP_MInt_QCLE_Reviewer_Ready_Pipeline_v4\output\fixed_pipeline\final_reviewer_closure\manufactured\manufactured_complete.csv
0.01,1e-06,2400,124,on_support,density_rmse,7.78546857681809e-05,7.835454597901901e-05,-4.998602108381039e-07,-0.6379466623059132,True,True,D:\PhD-Project\GP_RKHS_MINT\GP_RKHS_MINT\Tully_models\GP_MInt_QCLE_Reviewer_Ready_Pipeline_v4\output\fixed_pipeline\final_reviewer_closure\manufactured\manufactured_complete.csv
0.01,1e-06,2400,124,on_support,density_linf,0.0008333046821769816,0.0008234754523830518,9.829229793929806e-06,1.1936275411106723,True,True,D:\PhD-Project\GP_RKHS_MINT\GP_RKHS_MINT\Tully_models\GP_MInt_QCLE_Reviewer_Ready_Pipeline_v4\output\fixed_pipeline\final_reviewer_closure\manufactured\manufactured_complete.csv
0.01,1e-06,2400,124,on_support,gradient_relative_l1,0.010008315873247272,0.010064739215215432,-5.6423341968160276e-05,-0.5606041126516417,True,True,D:\PhD-Project\GP_RKHS_MINT\GP_RKHS_MINT\Tully_models\GP_MInt_QCLE_Reviewer_Ready_Pipeline_v4\output\fixed_pipeline\final_reviewer_closure\manufactured\manufactured_complete.csv
0.01,1e-06,2400,124,on_support,gradient_relative_l2,0.009599094470923188,0.009639121601832399,-4.0027130909210326e-05,-0.41525703858327884,True,True,D:\PhD-Project\GP_RKHS_MINT\GP_RKHS_MINT\Tully_models\GP_MInt_QCLE_Reviewer_Ready_Pipeline_v4\output\fixed_pipeline\final_reviewer_closure\manufactured\manufactured_complete.csv
0.01,1e-06,2400,124,on_support,gradient_relative_linf,0.01881739429483641,0.018706772045200097,0.00011062224963631281,0.591348680408478,True,True,D:\PhD-Project\GP_RKHS_MINT\GP_RKHS_MINT\Tully_models\GP_MInt_QCLE_Reviewer_Ready_Pipeline_v4\output\fixed_pipeline\final_reviewer_closure\manufactured\manufactured_complete.csv
0.01,1e-06,2400,124,on_support,gradient_mae,0.00010484659509627509,0.00010543768308392821,-5.910879876531148e-07,-0.5606041126516502,True,True,D:\PhD-Project\GP_RKHS_MINT\GP_RKHS_MINT\Tully_models\GP_MInt_QCLE_Reviewer_Ready_Pipeline_v4\output\fixed_pipeline\final_reviewer_closure\manufactured\manufactured_complete.csv
0.01,1e-06,2400,124,on_support,gradient_rmse,0.00019040540100511243,0.00019119936984612535,-7.939688410129133e-07,-0.41525703858328017,True,True,D:\PhD-Project\GP_RKHS_MINT\GP_RKHS_MINT\Tully_models\GP_MInt_QCLE_Reviewer_Ready_Pipeline_v4\output\fixed_pipeline\final_reviewer_closure\manufactured\manufactured_complete.csv
0.01,1e-06,2400,124,on_support,gradient_linf,0.0034102775488521545,0.0033902294716089756,2.0048077243178808e-05,0.5913486804084725,True,True,D:\PhD-Project\GP_RKHS_MINT\GP_RKHS_MINT\Tully_models\GP_MInt_QCLE_Reviewer_Ready_Pipeline_v4\output\fixed_pipeline\final_reviewer_closure\manufactured\manufactured_complete.csv
0.01,1e-06,2400,124,on_support,Q_relative_l1,0.0227787750308067,0.02317091409402382,-0.0003921390632171222,-1.6923763198373845,True,True,D:\PhD-Project\GP_RKHS_MINT\GP_RKHS_MINT\Tully_models\GP_MInt_QCLE_Reviewer_Ready_Pipeline_v4\output\fixed_pipeline\final_reviewer_closure\manufactured\manufactured_complete.csv
0.01,1e-06,2400,124,on_support,Q_relative_l2,0.020391401779828563,0.02085214009633325,-0.0004607383165046858,-2.2095493046572448,True,True,D:\PhD-Project\GP_RKHS_MINT\GP_RKHS_MINT\Tully_models\GP_MInt_QCLE_Reviewer_Ready_Pipeline_v4\output\fixed_pipeline\final_reviewer_closure\manufactured\manufactured_complete.csv
0.01,1e-06,2400,124,on_support,Q_relative_linf,0.021787519452459443,0.021480278964032026,0.00030724048842741686,1.4303375153641174,True,True,D:\PhD-Project\GP_RKHS_MINT\GP_RKHS_MINT\Tully_models\GP_MInt_QCLE_Reviewer_Ready_Pipeline_v4\output\fixed_pipeline\final_reviewer_closure\manufactured\manufactured_complete.csv
0.01,1e-06,2400,124,on_support,Q_mae,2.0275362491818327e-06,2.0624405038802366e-06,-3.490425469840392e-08,-1.6923763198373825,True,True,D:\PhD-Project\GP_RKHS_MINT\GP_RKHS_MINT\Tully_models\GP_MInt_QCLE_Reviewer_Ready_Pipeline_v4\output\fixed_pipeline\final_reviewer_closure\manufactured\manufactured_complete.csv
0.01,1e-06,2400,124,on_support,Q_rmse,3.239126166221292e-06,3.312313363103822e-06,-7.318719688253011e-08,-2.2095493046572634,True,True,D:\PhD-Project\GP_RKHS_MINT\GP_RKHS_MINT\Tully_models\GP_MInt_QCLE_Reviewer_Ready_Pipeline_v4\output\fixed_pipeline\final_reviewer_closure\manufactured\manufactured_complete.csv
0.01,1e-06,2400,124,on_support,Q_linf,2.2868717194580415e-05,2.2546230008469e-05,3.2248718611141425e-07,1.430337515364116,True,True,D:\PhD-Project\GP_RKHS_MINT\GP_RKHS_MINT\Tully_models\GP_MInt_QCLE_Reviewer_Ready_Pipeline_v4\output\fixed_pipeline\final_reviewer_closure\manufactured\manufactured_complete.csv
0.01,1e-06,2400,124,off_support,density_relative_l1,0.005893326880756869,0.00609682986758808,-0.00020350298683121087,-3.337849197876947,True,True,D:\PhD-Project\GP_RKHS_MINT\GP_RKHS_MINT\Tully_models\GP_MInt_QCLE_Reviewer_Ready_Pipeline_v4\output\fixed_pipeline\final_reviewer_closure\manufactured\manufactured_complete.csv
0.01,1e-06,2400,124,off_support,density_relative_l2,0.007104604954297299,0.008741335681646693,-0.0016367307273493946,-18.72403471229087,True,True,D:\PhD-Project\GP_RKHS_MINT\GP_RKHS_MINT\Tully_models\GP_MInt_QCLE_Reviewer_Ready_Pipeline_v4\output\fixed_pipeline\final_reviewer_closure\manufactured\manufactured_complete.csv
0.01,1e-06,2400,124,off_support,density_relative_linf,0.02096923176857672,0.03313879424067042,-0.0121695624720937,-36.723009243221945,True,True,D:\PhD-Project\GP_RKHS_MINT\GP_RKHS_MINT\Tully_models\GP_MInt_QCLE_Reviewer_Ready_Pipeline_v4\output\fixed_pipeline\final_reviewer_closure\manufactured\manufactured_complete.csv
0.01,1e-06,2400,124,off_support,density_mae,5.576330808154707e-05,5.7688875758310055e-05,-1.9255676767629843e-06,-3.3378491978769533,True,True,D:\PhD-Project\GP_RKHS_MINT\GP_RKHS_MINT\Tully_models\GP_MInt_QCLE_Reviewer_Ready_Pipeline_v4\output\fixed_pipeline\final_reviewer_closure\manufactured\manufactured_complete.csv
0.01,1e-06,2400,124,off_support,density_rmse,0.00010914731645132912,0.0001342922425651397,-2.5144926113810587e-05,-18.72403471229085,True,True,D:\PhD-Project\GP_RKHS_MINT\GP_RKHS_MINT\Tully_models\GP_MInt_QCLE_Reviewer_Ready_Pipeline_v4\output\fixed_pipeline\final_reviewer_closure\manufactured\manufactured_complete.csv
0.01,1e-06,2400,124,off_support,density_linf,0.0019662472814611174,0.0031073653439350674,-0.00114111806247395,-36.72300924322194,True,True,D:\PhD-Project\GP_RKHS_MINT\GP_RKHS_MINT\Tully_models\GP_MInt_QCLE_Reviewer_Ready_Pipeline_v4\output\fixed_pipeline\final_reviewer_closure\manufactured\manufactured_complete.csv
0.01,1e-06,2400,124,off_support,gradient_relative_l1,0.011225936657131723,0.011428369608956863,-0.0002024329518251402,-1.7713196085860359,True,True,D:\PhD-Project\GP_RKHS_MINT\GP_RKHS_MINT\Tully_models\GP_MInt_QCLE_Reviewer_Ready_Pipeline_v4\output\fixed_pipeline\final_reviewer_closure\manufactured\manufactured_complete.csv
0.01,1e-06,2400,124,off_support,gradient_relative_l2,0.010746388736969512,0.011091718344434173,-0.0003453296074646603,-3.113400437525055,True,True,D:\PhD-Project\GP_RKHS_MINT\GP_RKHS_MINT\Tully_models\GP_MInt_QCLE_Reviewer_Ready_Pipeline_v4\output\fixed_pipeline\final_reviewer_closure\manufactured\manufactured_complete.csv
0.01,1e-06,2400,124,off_support,gradient_relative_linf,0.014414942968333252,0.018998614651796777,-0.004583671683463525,-24.12634693356459,True,True,D:\PhD-Project\GP_RKHS_MINT\GP_RKHS_MINT\Tully_models\GP_MInt_QCLE_Reviewer_Ready_Pipeline_v4\output\fixed_pipeline\final_reviewer_closure\manufactured\manufactured_complete.csv
0.01,1e-06,2400,124,off_support,gradient_mae,0.00011407283645596114,0.00011612986757168334,-2.057031115722206e-06,-1.771319608586021,True,True,D:\PhD-Project\GP_RKHS_MINT\GP_RKHS_MINT\Tully_models\GP_MInt_QCLE_Reviewer_Ready_Pipeline_v4\output\fixed_pipeline\final_reviewer_closure\manufactured\manufactured_complete.csv
0.01,1e-06,2400,124,off_support,gradient_rmse,0.0002080885548249996,0.00021477537220285952,-6.686817377859919e-06,-3.113400437525067,True,True,D:\PhD-Project\GP_RKHS_MINT\GP_RKHS_MINT\Tully_models\GP_MInt_QCLE_Reviewer_Ready_Pipeline_v4\output\fixed_pipeline\final_reviewer_closure\manufactured\manufactured_complete.csv
0.01,1e-06,2400,124,off_support,gradient_linf,0.002709287784987885,0.003570788640709861,-0.0008615008557219762,-24.126346933564587,True,True,D:\PhD-Project\GP_RKHS_MINT\GP_RKHS_MINT\Tully_models\GP_MInt_QCLE_Reviewer_Ready_Pipeline_v4\output\fixed_pipeline\final_reviewer_closure\manufactured\manufactured_complete.csv
0.01,1e-06,2400,124,off_support,Q_relative_l1,0.02190433991741812,0.02232617200068856,-0.0004218320832704396,-1.8894062235900984,True,True,D:\PhD-Project\GP_RKHS_MINT\GP_RKHS_MINT\Tully_models\GP_MInt_QCLE_Reviewer_Ready_Pipeline_v4\output\fixed_pipeline\final_reviewer_closure\manufactured\manufactured_complete.csv
0.01,1e-06,2400,124,off_support,Q_relative_l2,0.018771079492312118,0.01914188526347239,-0.0003708057711602729,-1.9371434216454377,True,True,D:\PhD-Project\GP_RKHS_MINT\GP_RKHS_MINT\Tully_models\GP_MInt_QCLE_Reviewer_Ready_Pipeline_v4\output\fixed_pipeline\final_reviewer_closure\manufactured\manufactured_complete.csv
0.01,1e-06,2400,124,off_support,Q_relative_linf,0.025944516245163283,0.02453327853754915,0.0014112377076141332,5.752340460547,True,True,D:\PhD-Project\GP_RKHS_MINT\GP_RKHS_MINT\Tully_models\GP_MInt_QCLE_Reviewer_Ready_Pipeline_v4\output\fixed_pipeline\final_reviewer_closure\manufactured\manufactured_complete.csv
0.01,1e-06,2400,124,off_support,Q_mae,2.003903684041065e-06,2.0424947061352826e-06,-3.859102209421778e-08,-1.8894062235900722,True,True,D:\PhD-Project\GP_RKHS_MINT\GP_RKHS_MINT\Tully_models\GP_MInt_QCLE_Reviewer_Ready_Pipeline_v4\output\fixed_pipeline\final_reviewer_closure\manufactured\manufactured_complete.csv
0.01,1e-06,2400,124,off_support,Q_rmse,3.174270417785927e-06,3.2369752713144854e-06,-6.270485352855827e-08,-1.9371434216454426,True,True,D:\PhD-Project\GP_RKHS_MINT\GP_RKHS_MINT\Tully_models\GP_MInt_QCLE_Reviewer_Ready_Pipeline_v4\output\fixed_pipeline\final_reviewer_closure\manufactured\manufactured_complete.csv
0.01,1e-06,2400,124,off_support,Q_linf,3.1359599121816295e-05,2.965381095609474e-05,1.705788165721556e-06,5.752340460546997,True,True,D:\PhD-Project\GP_RKHS_MINT\GP_RKHS_MINT\Tully_models\GP_MInt_QCLE_Reviewer_Ready_Pipeline_v4\output\fixed_pipeline\final_reviewer_closure\manufactured\manufactured_complete.csv
0.01,1e-06,2400,125,on_support,density_relative_l1,0.009616188451517139,0.0075764444384987355,0.0020397440130184036,26.92218004864795,True,True,D:\PhD-Project\GP_RKHS_MINT\GP_RKHS_MINT\Tully_models\GP_MInt_QCLE_Reviewer_Ready_Pipeline_v4\output\fixed_pipeline\final_reviewer_closure\manufactured\manufactured_complete.csv
0.01,1e-06,2400,125,on_support,density_relative_l2,0.009774071131291598,0.007545161810685587,0.0022289093206060108,29.54090815453939,True,True,D:\PhD-Project\GP_RKHS_MINT\GP_RKHS_MINT\Tully_models\GP_MInt_QCLE_Reviewer_Ready_Pipeline_v4\output\fixed_pipeline\final_reviewer_closure\manufactured\manufactured_complete.csv
0.01,1e-06,2400,125,on_support,density_relative_linf,0.009924131051033142,0.007635714228583822,0.00228841682244932,29.969911837228977,True,True,D:\PhD-Project\GP_RKHS_MINT\GP_RKHS_MINT\Tully_models\GP_MInt_QCLE_Reviewer_Ready_Pipeline_v4\output\fixed_pipeline\final_reviewer_closure\manufactured\manufactured_complete.csv
0.01,1e-06,2400,125,on_support,density_mae,9.165268977374083e-05,7.221172039324516e-05,1.9440969380495678e-05,26.922180048647935,True,True,D:\PhD-Project\GP_RKHS_MINT\GP_RKHS_MINT\Tully_models\GP_MInt_QCLE_Reviewer_Ready_Pipeline_v4\output\fixed_pipeline\final_reviewer_closure\manufactured\manufactured_complete.csv
0.01,1e-06,2400,125,on_support,density_rmse,0.00014560538916453964,0.00011240108722322346,3.320430194131618e-05,29.540908154539412,True,True,D:\PhD-Project\GP_RKHS_MINT\GP_RKHS_MINT\Tully_models\GP_MInt_QCLE_Reviewer_Ready_Pipeline_v4\output\fixed_pipeline\final_reviewer_closure\manufactured\manufactured_complete.csv
0.01,1e-06,2400,125,on_support,density_linf,0.0008725750636921908,0.0006713669735999989,0.00020120809009219198,29.969911837228974,True,True,D:\PhD-Project\GP_RKHS_MINT\GP_RKHS_MINT\Tully_models\GP_MInt_QCLE_Reviewer_Ready_Pipeline_v4\output\fixed_pipeline\final_reviewer_closure\manufactured\manufactured_complete.csv
0.01,1e-06,2400,125,on_support,gradient_relative_l1,0.014676545423325199,0.012351810469418354,0.0023247349539068443,18.821005711370148,True,True,D:\PhD-Project\GP_RKHS_MINT\GP_RKHS_MINT\Tully_models\GP_MInt_QCLE_Reviewer_Ready_Pipeline_v4\output\fixed_pipeline\final_reviewer_closure\manufactured\manufactured_complete.csv
0.01,1e-06,2400,125,on_support,gradient_relative_l2,0.012982079387809372,0.010607792111102732,0.0023742872767066395,22.382483101470026,True,True,D:\PhD-Project\GP_RKHS_MINT\GP_RKHS_MINT\Tully_models\GP_MInt_QCLE_Reviewer_Ready_Pipeline_v4\output\fixed_pipeline\final_reviewer_closure\manufactured\manufactured_complete.csv
0.01,1e-06,2400,125,on_support,gradient_relative_linf,0.014011470094160096,0.01082705009259979,0.003184420001560306,29.41170470557658,True,True,D:\PhD-Project\GP_RKHS_MINT\GP_RKHS_MINT\Tully_models\GP_MInt_QCLE_Reviewer_Ready_Pipeline_v4\output\fixed_pipeline\final_reviewer_closure\manufactured\manufactured_complete.csv
0.01,1e-06,2400,125,on_support,gradient_mae,0.00015340925753394287,0.00012910954306058606,2.4299714473356813e-05,18.821005711370155,True,True,D:\PhD-Project\GP_RKHS_MINT\GP_RKHS_MINT\Tully_models\GP_MInt_QCLE_Reviewer_Ready_Pipeline_v4\output\fixed_pipeline\final_reviewer_closure\manufactured\manufactured_complete.csv
0.01,1e-06,2400,125,on_support,gradient_rmse,0.00025660528300377284,0.00020967484602434132,4.693043697943152e-05,22.38248310147004,True,True,D:\PhD-Project\GP_RKHS_MINT\GP_RKHS_MINT\Tully_models\GP_MInt_QCLE_Reviewer_Ready_Pipeline_v4\output\fixed_pipeline\final_reviewer_closure\manufactured\manufactured_complete.csv
0.01,1e-06,2400,125,on_support,gradient_linf,0.002586839718003133,0.001998922527053043,0.0005879171909500902,29.411704705576586,True,True,D:\PhD-Project\GP_RKHS_MINT\GP_RKHS_MINT\Tully_models\GP_MInt_QCLE_Reviewer_Ready_Pipeline_v4\output\fixed_pipeline\final_reviewer_closure\manufactured\manufactured_complete.csv
0.01,1e-06,2400,125,on_support,Q_relative_l1,0.02314118714710277,0.022808976734476273,0.0003322104126264984,1.456489769329963,True,True,D:\PhD-Project\GP_RKHS_MINT\GP_RKHS_MINT\Tully_models\GP_MInt_QCLE_Reviewer_Ready_Pipeline_v4\output\fixed_pipeline\final_reviewer_closure\manufactured\manufactured_complete.csv
0.01,1e-06,2400,125,on_support,Q_relative_l2,0.021481040901738278,0.0205602531184489,0.0009207877832893771,4.478484666432175,True,True,D:\PhD-Project\GP_RKHS_MINT\GP_RKHS_MINT\Tully_models\GP_MInt_QCLE_Reviewer_Ready_Pipeline_v4\output\fixed_pipeline\final_reviewer_closure\manufactured\manufactured_complete.csv
0.01,1e-06,2400,125,on_support,Q_relative_linf,0.030386870427717826,0.024628356969383425,0.0057585134583344015,23.381638756873055,True,True,D:\PhD-Project\GP_RKHS_MINT\GP_RKHS_MINT\Tully_models\GP_MInt_QCLE_Reviewer_Ready_Pipeline_v4\output\fixed_pipeline\final_reviewer_closure\manufactured\manufactured_complete.csv
0.01,1e-06,2400,125,on_support,Q_mae,1.987548280827805e-06,1.959015421632137e-06,2.8532859195668104e-08,1.4564897693299523,True,True,D:\PhD-Project\GP_RKHS_MINT\GP_RKHS_MINT\Tully_models\GP_MInt_QCLE_Reviewer_Ready_Pipeline_v4\output\fixed_pipeline\final_reviewer_closure\manufactured\manufactured_complete.csv
0.01,1e-06,2400,125,on_support,Q_rmse,3.396953993019492e-06,3.251343091225841e-06,1.4561090179365121e-07,4.478484666432177,True,True,D:\PhD-Project\GP_RKHS_MINT\GP_RKHS_MINT\Tully_models\GP_MInt_QCLE_Reviewer_Ready_Pipeline_v4\output\fixed_pipeline\final_reviewer_closure\manufactured\manufactured_complete.csv
0.01,1e-06,2400,125,on_support,Q_linf,3.492926885056931e-05,2.8309940767927714e-05,6.619328082641592e-06,23.381638756873055,True,True,D:\PhD-Project\GP_RKHS_MINT\GP_RKHS_MINT\Tully_models\GP_MInt_QCLE_Reviewer_Ready_Pipeline_v4\output\fixed_pipeline\final_reviewer_closure\manufactured\manufactured_complete.csv
0.01,1e-06,2400,125,off_support,density_relative_l1,0.010150346115963866,0.008308513740498043,0.0018418323754658232,22.168012631287013,True,True,D:\PhD-Project\GP_RKHS_MINT\GP_RKHS_MINT\Tully_models\GP_MInt_QCLE_Reviewer_Ready_Pipeline_v4\output\fixed_pipeline\final_reviewer_closure\manufactured\manufactured_complete.csv
0.01,1e-06,2400,125,off_support,density_relative_l2,0.010030700972419518,0.007921222267675873,0.002109478704743645,26.630722298398233,True,True,D:\PhD-Project\GP_RKHS_MINT\GP_RKHS_MINT\Tully_models\GP_MInt_QCLE_Reviewer_Ready_Pipeline_v4\output\fixed_pipeline\final_reviewer_closure\manufactured\manufactured_complete.csv
0.01,1e-06,2400,125,off_support,density_relative_linf,0.011969871498807497,0.00715484843495002,0.004815023063857477,67.2973453964034,True,True,D:\PhD-Project\GP_RKHS_MINT\GP_RKHS_MINT\Tully_models\GP_MInt_QCLE_Reviewer_Ready_Pipeline_v4\output\fixed_pipeline\final_reviewer_closure\manufactured\manufactured_complete.csv
0.01,1e-06,2400,125,off_support,density_mae,9.071737098097433e-05,7.425623862341668e-05,1.6461132357557643e-05,22.168012631287024,True,True,D:\PhD-Project\GP_RKHS_MINT\GP_RKHS_MINT\Tully_models\GP_MInt_QCLE_Reviewer_Ready_Pipeline_v4\output\fixed_pipeline\final_reviewer_closure\manufactured\manufactured_complete.csv
0.01,1e-06,2400,125,off_support,density_rmse,0.00014219236467833142,0.00011228899440632031,2.9903370272011106e-05,26.63072229839825,True,True,D:\PhD-Project\GP_RKHS_MINT\GP_RKHS_MINT\Tully_models\GP_MInt_QCLE_Reviewer_Ready_Pipeline_v4\output\fixed_pipeline\final_reviewer_closure\manufactured\manufactured_complete.csv
0.01,1e-06,2400,125,off_support,density_linf,0.0008556569225123059,0.0005114587565540063,0.0003441981659582996,67.2973453964034,True,True,D:\PhD-Project\GP_RKHS_MINT\GP_RKHS_MINT\Tully_models\GP_MInt_QCLE_Reviewer_Ready_Pipeline_v4\output\fixed_pipeline\final_reviewer_closure\manufactured\manufactured_complete.csv
0.01,1e-06,2400,125,off_support,gradient_relative_l1,0.015329291668903582,0.012871537270298637,0.0024577543986049454,19.0944900130637,True,True,D:\PhD-Project\GP_RKHS_MINT\GP_RKHS_MINT\Tully_models\GP_MInt_QCLE_Reviewer_Ready_Pipeline_v4\output\fixed_pipeline\final_reviewer_closure\manufactured\manufactured_complete.csv
0.01,1e-06,2400,125,off_support,gradient_relative_l2,0.013458024848450182,0.010890806232252073,0.0025672186161981095,23.572346816671285,True,True,D:\PhD-Project\GP_RKHS_MINT\GP_RKHS_MINT\Tully_models\GP_MInt_QCLE_Reviewer_Ready_Pipeline_v4\output\fixed_pipeline\final_reviewer_closure\manufactured\manufactured_complete.csv
0.01,1e-06,2400,125,off_support,gradient_relative_linf,0.013507202106736022,0.011670164004108498,0.0018370381026275237,15.741322075514892,True,True,D:\PhD-Project\GP_RKHS_MINT\GP_RKHS_MINT\Tully_models\GP_MInt_QCLE_Reviewer_Ready_Pipeline_v4\output\fixed_pipeline\final_reviewer_closure\manufactured\manufactured_complete.csv
0.01,1e-06,2400,125,off_support,gradient_mae,0.00015534455080510606,0.00013043806710794596,2.4906483697160093e-05,19.09449001306372,True,True,D:\PhD-Project\GP_RKHS_MINT\GP_RKHS_MINT\Tully_models\GP_MInt_QCLE_Reviewer_Ready_Pipeline_v4\output\fixed_pipeline\final_reviewer_closure\manufactured\manufactured_complete.csv
0.01,1e-06,2400,125,off_support,gradient_rmse,0.0002611933392575164,0.00021136876168987545,4.982457756764095e-05,23.572346816671324,True,True,D:\PhD-Project\GP_RKHS_MINT\GP_RKHS_MINT\Tully_models\GP_MInt_QCLE_Reviewer_Ready_Pipeline_v4\output\fixed_pipeline\final_reviewer_closure\manufactured\manufactured_complete.csv
0.01,1e-06,2400,125,off_support,gradient_linf,0.0023669471608615336,0.0020450320753354016,0.00032191508552613206,15.7413220755149,True,True,D:\PhD-Project\GP_RKHS_MINT\GP_RKHS_MINT\Tully_models\GP_MInt_QCLE_Reviewer_Ready_Pipeline_v4\output\fixed_pipeline\final_reviewer_closure\manufactured\manufactured_complete.csv
0.01,1e-06,2400,125,off_support,Q_relative_l1,0.022784352682653015,0.021927965785960672,0.0008563868966923426,3.905455275931898,True,True,D:\PhD-Project\GP_RKHS_MINT\GP_RKHS_MINT\Tully_models\GP_MInt_QCLE_Reviewer_Ready_Pipeline_v4\output\fixed_pipeline\final_reviewer_closure\manufactured\manufactured_complete.csv
0.01,1e-06,2400,125,off_support,Q_relative_l2,0.022217722802507073,0.020312024394531683,0.0019056984079753904,9.382119531563946,True,True,D:\PhD-Project\GP_RKHS_MINT\GP_RKHS_MINT\Tully_models\GP_MInt_QCLE_Reviewer_Ready_Pipeline_v4\output\fixed_pipeline\final_reviewer_closure\manufactured\manufactured_complete.csv
0.01,1e-06,2400,125,off_support,Q_relative_linf,0.0292016757531568,0.025770780306995245,0.0034308954461615554,13.313122091341059,True,True,D:\PhD-Project\GP_RKHS_MINT\GP_RKHS_MINT\Tully_models\GP_MInt_QCLE_Reviewer_Ready_Pipeline_v4\output\fixed_pipeline\final_reviewer_closure\manufactured\manufactured_complete.csv
0.01,1e-06,2400,125,off_support,Q_mae,2.0541491572238935e-06,1.976940625272161e-06,7.720853195173258e-08,3.9054552759318937,True,True,D:\PhD-Project\GP_RKHS_MINT\GP_RKHS_MINT\Tully_models\GP_MInt_QCLE_Reviewer_Ready_Pipeline_v4\output\fixed_pipeline\final_reviewer_closure\manufactured\manufactured_complete.csv
0.01,1e-06,2400,125,off_support,Q_rmse,3.7655277566607256e-06,3.442544149616815e-06,3.2298360704391067e-07,9.382119531563932,True,True,D:\PhD-Project\GP_RKHS_MINT\GP_RKHS_MINT\Tully_models\GP_MInt_QCLE_Reviewer_Ready_Pipeline_v4\output\fixed_pipeline\final_reviewer_closure\manufactured\manufactured_complete.csv
0.01,1e-06,2400,125,off_support,Q_linf,3.4607480060919e-05,3.054145841381204e-05,4.0660216471069565e-06,13.31312209134107,True,True,D:\PhD-Project\GP_RKHS_MINT\GP_RKHS_MINT\Tully_models\GP_MInt_QCLE_Reviewer_Ready_Pipeline_v4\output\fixed_pipeline\final_reviewer_closure\manufactured\manufactured_complete.csv
0.01,1e-06,300,123,on_support,density_relative_l1,0.002653370017850547,0.0026588475557118444,-5.477537861297427e-06,-0.20601173051574007,True,True,D:\PhD-Project\GP_RKHS_MINT\GP_RKHS_MINT\Tully_models\GP_MInt_QCLE_Reviewer_Ready_Pipeline_v4\output\fixed_pipeline\final_reviewer_closure\manufactured\manufactured_complete.csv
0.01,1e-06,300,123,on_support,density_relative_l2,0.0033690699255295047,0.003376643315410408,-7.5733898809034715e-06,-0.22428752975891317,True,True,D:\PhD-Project\GP_RKHS_MINT\GP_RKHS_MINT\Tully_models\GP_MInt_QCLE_Reviewer_Ready_Pipeline_v4\output\fixed_pipeline\final_reviewer_closure\manufactured\manufactured_complete.csv
0.01,1e-06,300,123,on_support,density_relative_linf,0.005673160353528039,0.005700586003595274,-2.742565006723461e-05,-0.481102294570026,True,True,D:\PhD-Project\GP_RKHS_MINT\GP_RKHS_MINT\Tully_models\GP_MInt_QCLE_Reviewer_Ready_Pipeline_v4\output\fixed_pipeline\final_reviewer_closure\manufactured\manufactured_complete.csv
0.01,1e-06,300,123,on_support,density_mae,2.3224686603762293e-05,2.3272630953526195e-05,-4.7944349763902425e-08,-0.20601173051574578,True,True,D:\PhD-Project\GP_RKHS_MINT\GP_RKHS_MINT\Tully_models\GP_MInt_QCLE_Reviewer_Ready_Pipeline_v4\output\fixed_pipeline\final_reviewer_closure\manufactured\manufactured_complete.csv
0.01,1e-06,300,123,on_support,density_rmse,4.475718251814654e-05,4.485779295386715e-05,-1.0061043572061009e-07,-0.22428752975894362,True,True,D:\PhD-Project\GP_RKHS_MINT\GP_RKHS_MINT\Tully_models\GP_MInt_QCLE_Reviewer_Ready_Pipeline_v4\output\fixed_pipeline\final_reviewer_closure\manufactured\manufactured_complete.csv
0.01,1e-06,300,123,on_support,density_linf,0.000275931113656383,0.00027726504213614056,-1.3339284797575512e-06,-0.48110229457003667,True,True,D:\PhD-Project\GP_RKHS_MINT\GP_RKHS_MINT\Tully_models\GP_MInt_QCLE_Reviewer_Ready_Pipeline_v4\output\fixed_pipeline\final_reviewer_closure\manufactured\manufactured_complete.csv
0.01,1e-06,300,123,on_support,gradient_relative_l1,0.006114691384334275,0.006107693450509541,6.997933824733592e-06,0.11457572128394528,True,True,D:\PhD-Project\GP_RKHS_MINT\GP_RKHS_MINT\Tully_models\GP_MInt_QCLE_Reviewer_Ready_Pipeline_v4\output\fixed_pipeline\final_reviewer_closure\manufactured\manufactured_complete.csv
0.01,1e-06,300,123,on_support,gradient_relative_l2,0.0059127163891407545,0.005909708846220379,3.007542920375507e-06,0.0508915582583906,True,True,D:\PhD-Project\GP_RKHS_MINT\GP_RKHS_MINT\Tully_models\GP_MInt_QCLE_Reviewer_Ready_Pipeline_v4\output\fixed_pipeline\final_reviewer_closure\manufactured\manufactured_complete.csv
0.01,1e-06,300,123,on_support,gradient_relative_linf,0.006971883362935336,0.006959570568328794,1.2312794606542457e-05,0.1769188843716134,True,True,D:\PhD-Project\GP_RKHS_MINT\GP_RKHS_MINT\Tully_models\GP_MInt_QCLE_Reviewer_Ready_Pipeline_v4\output\fixed_pipeline\final_reviewer_closure\manufactured\manufactured_complete.csv
0.01,1e-06,300,123,on_support,gradient_mae,5.9729412653185274e-05,5.966105556844211e-05,6.83570847431628e-08,0.11457572128395341,True,True,D:\PhD-Project\GP_RKHS_MINT\GP_RKHS_MINT\Tully_models\GP_MInt_QCLE_Reviewer_Ready_Pipeline_v4\output\fixed_pipeline\final_reviewer_closure\manufactured\manufactured_complete.csv
0.01,1e-06,300,123,on_support,gradient_rmse,0.00011021732765412191,0.00011016126486983252,5.6062784289392063e-08,0.0508915582583736,True,True,D:\PhD-Project\GP_RKHS_MINT\GP_RKHS_MINT\Tully_models\GP_MInt_QCLE_Reviewer_Ready_Pipeline_v4\output\fixed_pipeline\final_reviewer_closure\manufactured\manufactured_complete.csv
0.01,1e-06,300,123,on_support,gradient_linf,0.0012016219630704428,0.0011994998213684382,2.122141702004532e-06,0.17691888437161302,True,True,D:\PhD-Project\GP_RKHS_MINT\GP_RKHS_MINT\Tully_models\GP_MInt_QCLE_Reviewer_Ready_Pipeline_v4\output\fixed_pipeline\final_reviewer_closure\manufactured\manufactured_complete.csv
0.01,1e-06,300,123,on_support,Q_relative_l1,0.013329517505870046,0.01330110461012539,2.841289574465576e-05,0.21361305378371812,True,True,D:\PhD-Project\GP_RKHS_MINT\GP_RKHS_MINT\Tully_models\GP_MInt_QCLE_Reviewer_Ready_Pipeline_v4\output\fixed_pipeline\final_reviewer_closure\manufactured\manufactured_complete.csv
0.01,1e-06,300,123,on_support,Q_relative_l2,0.0129077213210599,0.012893774419526566,1.3946901533333153e-05,0.10816771784227674,True,True,D:\PhD-Project\GP_RKHS_MINT\GP_RKHS_MINT\Tully_models\GP_MInt_QCLE_Reviewer_Ready_Pipeline_v4\output\fixed_pipeline\final_reviewer_closure\manufactured\manufactured_complete.csv
0.01,1e-06,300,123,on_support,Q_relative_linf,0.013306272631208727,0.013295014588917886,1.125804229084107e-05,0.08467867572123808,True,True,D:\PhD-Project\GP_RKHS_MINT\GP_RKHS_MINT\Tully_models\GP_MInt_QCLE_Reviewer_Ready_Pipeline_v4\output\fixed_pipeline\final_reviewer_closure\manufactured\manufactured_complete.csv
0.01,1e-06,300,123,on_support,Q_mae,1.276266263136966e-06,1.2735458030557242e-06,2.720460081241777e-09,0.21361305378372347,True,True,D:\PhD-Project\GP_RKHS_MINT\GP_RKHS_MINT\Tully_models\GP_MInt_QCLE_Reviewer_Ready_Pipeline_v4\output\fixed_pipeline\final_reviewer_closure\manufactured\manufactured_complete.csv
0.01,1e-06,300,123,on_support,Q_rmse,2.2847610352814004e-06,2.2822923317516557e-06,2.4687035297446243e-09,0.10816771784225811,True,True,D:\PhD-Project\GP_RKHS_MINT\GP_RKHS_MINT\Tully_models\GP_MInt_QCLE_Reviewer_Ready_Pipeline_v4\output\fixed_pipeline\final_reviewer_closure\manufactured\manufactured_complete.csv
0.01,1e-06,300,123,on_support,Q_linf,1.5787420554752552e-05,1.5774063286853814e-05,1.3357267898738215e-08,0.08467867572124065,True,True,D:\PhD-Project\GP_RKHS_MINT\GP_RKHS_MINT\Tully_models\GP_MInt_QCLE_Reviewer_Ready_Pipeline_v4\output\fixed_pipeline\final_reviewer_closure\manufactured\manufactured_complete.csv
0.01,1e-06,300,123,off_support,density_relative_l1,0.004833241546374269,0.004825317212069914,7.92433430435533e-06,0.16422411120524102,True,True,D:\PhD-Project\GP_RKHS_MINT\GP_RKHS_MINT\Tully_models\GP_MInt_QCLE_Reviewer_Ready_Pipeline_v4\output\fixed_pipeline\final_reviewer_closure\manufactured\manufactured_complete.csv
0.01,1e-06,300,123,off_support,density_relative_l2,0.0054201951449428095,0.005408517172184482,1.167797275832775e-05,0.21591819692071082,True,True,D:\PhD-Project\GP_RKHS_MINT\GP_RKHS_MINT\Tully_models\GP_MInt_QCLE_Reviewer_Ready_Pipeline_v4\output\fixed_pipeline\final_reviewer_closure\manufactured\manufactured_complete.csv
0.01,1e-06,300,123,off_support,density_relative_linf,0.006267333560468973,0.0062205882320093735,4.674532845959974e-05,0.7514615453738219,True,True,D:\PhD-Project\GP_RKHS_MINT\GP_RKHS_MINT\Tully_models\GP_MInt_QCLE_Reviewer_Ready_Pipeline_v4\output\fixed_pipeline\final_reviewer_closure\manufactured\manufactured_complete.csv
0.01,1e-06,300,123,off_support,density_mae,4.4585657166433495e-05,4.45125568156283e-05,7.310035080519798e-08,0.16422411120525107,True,True,D:\PhD-Project\GP_RKHS_MINT\GP_RKHS_MINT\Tully_models\GP_MInt_QCLE_Reviewer_Ready_Pipeline_v4\output\fixed_pipeline\final_reviewer_closure\manufactured\manufactured_complete.csv
0.01,1e-06,300,123,off_support,density_rmse,7.700214573636999e-05,7.683624230739823e-05,1.6590342897175147e-07,0.21591819692069628,True,True,D:\PhD-Project\GP_RKHS_MINT\GP_RKHS_MINT\Tully_models\GP_MInt_QCLE_Reviewer_Ready_Pipeline_v4\output\fixed_pipeline\final_reviewer_closure\manufactured\manufactured_complete.csv
0.01,1e-06,300,123,off_support,density_linf,0.0005017507209821772,0.0004980083795173649,3.74234146481231e-06,0.7514615453738203,True,True,D:\PhD-Project\GP_RKHS_MINT\GP_RKHS_MINT\Tully_models\GP_MInt_QCLE_Reviewer_Ready_Pipeline_v4\output\fixed_pipeline\final_reviewer_closure\manufactured\manufactured_complete.csv
0.01,1e-06,300,123,off_support,gradient_relative_l1,0.00708094948007415,0.007065453720687413,1.549575938673744e-05,0.21931725830099733,True,True,D:\PhD-Project\GP_RKHS_MINT\GP_RKHS_MINT\Tully_models\GP_MInt_QCLE_Reviewer_Ready_Pipeline_v4\output\fixed_pipeline\final_reviewer_closure\manufactured\manufactured_complete.csv
0.01,1e-06,300,123,off_support,gradient_relative_l2,0.007364524795405411,0.007338591985143252,2.5932810262158795e-05,0.353375828969085,True,True,D:\PhD-Project\GP_RKHS_MINT\GP_RKHS_MINT\Tully_models\GP_MInt_QCLE_Reviewer_Ready_Pipeline_v4\output\fixed_pipeline\final_reviewer_closure\manufactured\manufactured_complete.csv
0.01,1e-06,300,123,off_support,gradient_relative_linf,0.02293060295976302,0.022724751873421295,0.0002058510863417254,0.9058452540574814,True,True,D:\PhD-Project\GP_RKHS_MINT\GP_RKHS_MINT\Tully_models\GP_MInt_QCLE_Reviewer_Ready_Pipeline_v4\output\fixed_pipeline\final_reviewer_closure\manufactured\manufactured_complete.csv
0.01,1e-06,300,123,off_support,gradient_mae,7.344906520576719e-05,7.328833124702165e-05,1.6073395874553103e-07,0.21931725830101098,True,True,D:\PhD-Project\GP_RKHS_MINT\GP_RKHS_MINT\Tully_models\GP_MInt_QCLE_Reviewer_Ready_Pipeline_v4\output\fixed_pipeline\final_reviewer_closure\manufactured\manufactured_complete.csv
0.01,1e-06,300,123,off_support,gradient_rmse,0.00014434694397280314,0.00014383865294059634,5.082910322068001e-07,0.3533758289690868,True,True,D:\PhD-Project\GP_RKHS_MINT\GP_RKHS_MINT\Tully_models\GP_MInt_QCLE_Reviewer_Ready_Pipeline_v4\output\fixed_pipeline\final_reviewer_closure\manufactured\manufactured_complete.csv
0.01,1e-06,300,123,off_support,gradient_linf,0.003663142371732862,0.0036302578532590654,3.28845184737964e-05,0.9058452540574855,True,True,D:\PhD-Project\GP_RKHS_MINT\GP_RKHS_MINT\Tully_models\GP_MInt_QCLE_Reviewer_Ready_Pipeline_v4\output\fixed_pipeline\final_reviewer_closure\manufactured\manufactured_complete.csv
0.01,1e-06,300,123,off_support,Q_relative_l1,0.01580795834511809,0.0157351433929906,7.281495212749234e-05,0.46275366108152916,True,True,D:\PhD-Project\GP_RKHS_MINT\GP_RKHS_MINT\Tully_models\GP_MInt_QCLE_Reviewer_Ready_Pipeline_v4\output\fixed_pipeline\final_reviewer_closure\manufactured\manufactured_complete.csv
0.01,1e-06,300,123,off_support,Q_relative_l2,0.017374017446630995,0.017261735177000193,0.00011228226963080207,0.6504691937367266,True,True,D:\PhD-Project\GP_RKHS_MINT\GP_RKHS_MINT\Tully_models\GP_MInt_QCLE_Reviewer_Ready_Pipeline_v4\output\fixed_pipeline\final_reviewer_closure\manufactured\manufactured_complete.csv
0.01,1e-06,300,123,off_support,Q_relative_linf,0.03428965328233333,0.03406999162431355,0.00021966165801977355,0.6447364602902198,True,True,D:\PhD-Project\GP_RKHS_MINT\GP_RKHS_MINT\Tully_models\GP_MInt_QCLE_Reviewer_Ready_Pipeline_v4\output\fixed_pipeline\final_reviewer_closure\manufactured\manufactured_complete.csv
0.01,1e-06,300,123,off_support,Q_mae,1.4063990389914274e-06,1.3999208539873567e-06,6.478185004070651e-09,0.46275366108155414,True,True,D:\PhD-Project\GP_RKHS_MINT\GP_RKHS_MINT\Tully_models\GP_MInt_QCLE_Reviewer_Ready_Pipeline_v4\output\fixed_pipeline\final_reviewer_closure\manufactured\manufactured_complete.csv
0.01,1e-06,300,123,off_support,Q_rmse,2.7734670712581814e-06,2.7555431121932296e-06,1.7923959064951816e-08,0.6504691937367488,True,True,D:\PhD-Project\GP_RKHS_MINT\GP_RKHS_MINT\Tully_models\GP_MInt_QCLE_Reviewer_Ready_Pipeline_v4\output\fixed_pipeline\final_reviewer_closure\manufactured\manufactured_complete.csv
0.01,1e-06,300,123,off_support,Q_linf,3.418029812291023e-05,3.3961337000863625e-05,2.1896112204660475e-07,0.6447364602902314,True,True,D:\PhD-Project\GP_RKHS_MINT\GP_RKHS_MINT\Tully_models\GP_MInt_QCLE_Reviewer_Ready_Pipeline_v4\output\fixed_pipeline\final_reviewer_closure\manufactured\manufactured_complete.csv
0.01,1e-06,300,124,on_support,density_relative_l1,0.0008308843525076209,0.00016355910201535723,0.0006673252504922637,408.00251546355753,True,True,D:\PhD-Project\GP_RKHS_MINT\GP_RKHS_MINT\Tully_models\GP_MInt_QCLE_Reviewer_Ready_Pipeline_v4\output\fixed_pipeline\final_reviewer_closure\manufactured\manufactured_complete.csv
0.01,1e-06,300,124,on_support,density_relative_l2,0.0011652815072536338,0.0002323355958554491,0.0009329459113981847,401.5510012415964,True,True,D:\PhD-Project\GP_RKHS_MINT\GP_RKHS_MINT\Tully_models\GP_MInt_QCLE_Reviewer_Ready_Pipeline_v4\output\fixed_pipeline\final_reviewer_closure\manufactured\manufactured_complete.csv
0.01,1e-06,300,124,on_support,density_relative_linf,0.002461044439958981,0.00031875335062255927,0.0021422910893364217,672.0842573583301,True,True,D:\PhD-Project\GP_RKHS_MINT\GP_RKHS_MINT\Tully_models\GP_MInt_QCLE_Reviewer_Ready_Pipeline_v4\output\fixed_pipeline\final_reviewer_closure\manufactured\manufactured_complete.csv
0.01,1e-06,300,124,on_support,density_mae,8.021246626494658e-06,1.5789777377726542e-06,6.442268888722003e-06,408.0025154635575,True,True,D:\PhD-Project\GP_RKHS_MINT\GP_RKHS_MINT\Tully_models\GP_MInt_QCLE_Reviewer_Ready_Pipeline_v4\output\fixed_pipeline\final_reviewer_closure\manufactured\manufactured_complete.csv
0.01,1e-06,300,124,on_support,density_rmse,1.7295586870419967e-05,3.4484203655469753e-06,1.3847166504872991e-05,401.55100124159617,True,True,D:\PhD-Project\GP_RKHS_MINT\GP_RKHS_MINT\Tully_models\GP_MInt_QCLE_Reviewer_Ready_Pipeline_v4\output\fixed_pipeline\final_reviewer_closure\manufactured\manufactured_complete.csv
0.01,1e-06,300,124,on_support,density_linf,0.00018274241835793993,2.3668714472069308e-05,0.00015907370388587062,672.0842573583302,True,True,D:\PhD-Project\GP_RKHS_MINT\GP_RKHS_MINT\Tully_models\GP_MInt_QCLE_Reviewer_Ready_Pipeline_v4\output\fixed_pipeline\final_reviewer_closure\manufactured\manufactured_complete.csv
0.01,1e-06,300,124,on_support,gradient_relative_l1,0.01201571991674418,0.010995171025851888,0.0010205488908922918,9.281791874749137,True,True,D:\PhD-Project\GP_RKHS_MINT\GP_RKHS_MINT\Tully_models\GP_MInt_QCLE_Reviewer_Ready_Pipeline_v4\output\fixed_pipeline\final_reviewer_closure\manufactured\manufactured_complete.csv
0.01,1e-06,300,124,on_support,gradient_relative_l2,0.017481754757972343,0.016376724347778416,0.0011050304101939273,6.747566770541816,True,True,D:\PhD-Project\GP_RKHS_MINT\GP_RKHS_MINT\Tully_models\GP_MInt_QCLE_Reviewer_Ready_Pipeline_v4\output\fixed_pipeline\final_reviewer_closure\manufactured\manufactured_complete.csv
0.01,1e-06,300,124,on_support,gradient_relative_linf,0.027238106223851893,0.02761676554426587,-0.00037865932041397654,-1.3711211756751087,True,True,D:\PhD-Project\GP_RKHS_MINT\GP_RKHS_MINT\Tully_models\GP_MInt_QCLE_Reviewer_Ready_Pipeline_v4\output\fixed_pipeline\final_reviewer_closure\manufactured\manufactured_complete.csv
0.01,1e-06,300,124,on_support,gradient_mae,0.00012514583734236895,0.00011451664105746183,1.062919628490712e-05,9.281791874749132,True,True,D:\PhD-Project\GP_RKHS_MINT\GP_RKHS_MINT\Tully_models\GP_MInt_QCLE_Reviewer_Ready_Pipeline_v4\output\fixed_pipeline\final_reviewer_closure\manufactured\manufactured_complete.csv
0.01,1e-06,300,124,on_support,gradient_rmse,0.0003336215381838141,0.00031253315487831865,2.108838330549547e-05,6.747566770541833,True,True,D:\PhD-Project\GP_RKHS_MINT\GP_RKHS_MINT\Tully_models\GP_MInt_QCLE_Reviewer_Ready_Pipeline_v4\output\fixed_pipeline\final_reviewer_closure\manufactured\manufactured_complete.csv
0.01,1e-06,300,124,on_support,gradient_linf,0.0040885870588945935,0.004145425870831478,-5.683881193688494e-05,-1.371121175675115,True,True,D:\PhD-Project\GP_RKHS_MINT\GP_RKHS_MINT\Tully_models\GP_MInt_QCLE_Reviewer_Ready_Pipeline_v4\output\fixed_pipeline\final_reviewer_closure\manufactured\manufactured_complete.csv
0.01,1e-06,300,124,on_support,Q_relative_l1,0.037950647079036226,0.03406622107429858,0.003884426004737644,11.402573817229959,True,True,D:\PhD-Project\GP_RKHS_MINT\GP_RKHS_MINT\Tully_models\GP_MInt_QCLE_Reviewer_Ready_Pipeline_v4\output\fixed_pipeline\final_reviewer_closure\manufactured\manufactured_complete.csv
0.01,1e-06,300,124,on_support,Q_relative_l2,0.05103837912541032,0.03961108631750914,0.011427292807901182,28.848723603043467,True,True,D:\PhD-Project\GP_RKHS_MINT\GP_RKHS_MINT\Tully_models\GP_MInt_QCLE_Reviewer_Ready_Pipeline_v4\output\fixed_pipeline\final_reviewer_closure\manufactured\manufactured_complete.csv
0.01,1e-06,300,124,on_support,Q_relative_linf,0.07264642376128327,0.07220197443490474,0.00044444932637853485,0.6155639507881295,True,True,D:\PhD-Project\GP_RKHS_MINT\GP_RKHS_MINT\Tully_models\GP_MInt_QCLE_Reviewer_Ready_Pipeline_v4\output\fixed_pipeline\final_reviewer_closure\manufactured\manufactured_complete.csv
0.01,1e-06,300,124,on_support,Q_mae,4.1868946616256775e-06,3.7583464350606557e-06,4.2854822656502183e-07,11.402573817229959,True,True,D:\PhD-Project\GP_RKHS_MINT\GP_RKHS_MINT\Tully_models\GP_MInt_QCLE_Reviewer_Ready_Pipeline_v4\output\fixed_pipeline\final_reviewer_closure\manufactured\manufactured_complete.csv
0.01,1e-06,300,124,on_support,Q_rmse,9.94823642589137e-06,7.72086532773103e-06,2.22737109816034e-06,28.848723603043453,True,True,D:\PhD-Project\GP_RKHS_MINT\GP_RKHS_MINT\Tully_models\GP_MInt_QCLE_Reviewer_Ready_Pipeline_v4\output\fixed_pipeline\final_reviewer_closure\manufactured\manufactured_complete.csv
0.01,1e-06,300,124,on_support,Q_linf,7.110053102388133e-05,7.066553943747427e-05,4.349915864070627e-07,0.6155639507881329,True,True,D:\PhD-Project\GP_RKHS_MINT\GP_RKHS_MINT\Tully_models\GP_MInt_QCLE_Reviewer_Ready_Pipeline_v4\output\fixed_pipeline\final_reviewer_closure\manufactured\manufactured_complete.csv
0.01,1e-06,300,124,off_support,density_relative_l1,0.008398002109299054,0.007833730711027628,0.0005642713982714261,7.203099252277017,True,True,D:\PhD-Project\GP_RKHS_MINT\GP_RKHS_MINT\Tully_models\GP_MInt_QCLE_Reviewer_Ready_Pipeline_v4\output\fixed_pipeline\final_reviewer_closure\manufactured\manufactured_complete.csv
0.01,1e-06,300,124,off_support,density_relative_l2,0.016854976565173756,0.014429802153510427,0.002425174411663329,16.806705912272967,True,True,D:\PhD-Project\GP_RKHS_MINT\GP_RKHS_MINT\Tully_models\GP_MInt_QCLE_Reviewer_Ready_Pipeline_v4\output\fixed_pipeline\final_reviewer_closure\manufactured\manufactured_complete.csv
0.01,1e-06,300,124,off_support,density_relative_linf,0.04919431929104799,0.03715744056778289,0.012036878723265101,32.3942621971159,True,True,D:\PhD-Project\GP_RKHS_MINT\GP_RKHS_MINT\Tully_models\GP_MInt_QCLE_Reviewer_Ready_Pipeline_v4\output\fixed_pipeline\final_reviewer_closure\manufactured\manufactured_complete.csv
0.01,1e-06,300,124,off_support,density_mae,7.630428372080272e-05,7.117731133988835e-05,5.1269723809143725e-06,7.2030992522770045,True,True,D:\PhD-Project\GP_RKHS_MINT\GP_RKHS_MINT\Tully_models\GP_MInt_QCLE_Reviewer_Ready_Pipeline_v4\output\fixed_pipeline\final_reviewer_closure\manufactured\manufactured_complete.csv
0.01,1e-06,300,124,off_support,density_rmse,0.00023408980403646657,0.0002004078466284962,3.368195740797037e-05,16.80670591227295,True,True,D:\PhD-Project\GP_RKHS_MINT\GP_RKHS_MINT\Tully_models\GP_MInt_QCLE_Reviewer_Ready_Pipeline_v4\output\fixed_pipeline\final_reviewer_closure\manufactured\manufactured_complete.csv
0.01,1e-06,300,124,off_support,density_linf,0.004423410410740885,0.003341089211370102,0.0010823211993707827,32.39426219711589,True,True,D:\PhD-Project\GP_RKHS_MINT\GP_RKHS_MINT\Tully_models\GP_MInt_QCLE_Reviewer_Ready_Pipeline_v4\output\fixed_pipeline\final_reviewer_closure\manufactured\manufactured_complete.csv
0.01,1e-06,300,124,off_support,gradient_relative_l1,0.014741456741762686,0.013940111681531024,0.0008013450602316619,5.748483789361228,True,True,D:\PhD-Project\GP_RKHS_MINT\GP_RKHS_MINT\Tully_models\GP_MInt_QCLE_Reviewer_Ready_Pipeline_v4\output\fixed_pipeline\final_reviewer_closure\manufactured\manufactured_complete.csv
0.01,1e-06,300,124,off_support,gradient_relative_l2,0.02353975212371024,0.020038277724389243,0.0035014743993209974,17.47392888491229,True,True,D:\PhD-Project\GP_RKHS_MINT\GP_RKHS_MINT\Tully_models\GP_MInt_QCLE_Reviewer_Ready_Pipeline_v4\output\fixed_pipeline\final_reviewer_closure\manufactured\manufactured_complete.csv
0.01,1e-06,300,124,off_support,gradient_relative_linf,0.07064008795736704,0.04965702395515323,0.020983064002213808,42.25598380838178,True,True,D:\PhD-Project\GP_RKHS_MINT\GP_RKHS_MINT\Tully_models\GP_MInt_QCLE_Reviewer_Ready_Pipeline_v4\output\fixed_pipeline\final_reviewer_closure\manufactured\manufactured_complete.csv
0.01,1e-06,300,124,off_support,gradient_mae,0.00015389568894701465,0.0001455299248106073,8.36576413640734e-06,5.748483789361225,True,True,D:\PhD-Project\GP_RKHS_MINT\GP_RKHS_MINT\Tully_models\GP_MInt_QCLE_Reviewer_Ready_Pipeline_v4\output\fixed_pipeline\final_reviewer_closure\manufactured\manufactured_complete.csv
0.01,1e-06,300,124,off_support,gradient_rmse,0.0004670824173392817,0.00039760517229050574,6.947724504877595e-05,17.473928884912286,True,True,D:\PhD-Project\GP_RKHS_MINT\GP_RKHS_MINT\Tully_models\GP_MInt_QCLE_Reviewer_Ready_Pipeline_v4\output\fixed_pipeline\final_reviewer_closure\manufactured\manufactured_complete.csv
0.01,1e-06,300,124,off_support,gradient_linf,0.012995177480554392,0.009135065627930872,0.00386011185262352,42.2559838083818,True,True,D:\PhD-Project\GP_RKHS_MINT\GP_RKHS_MINT\Tully_models\GP_MInt_QCLE_Reviewer_Ready_Pipeline_v4\output\fixed_pipeline\final_reviewer_closure\manufactured\manufactured_complete.csv
0.01,1e-06,300,124,off_support,Q_relative_l1,0.039905244776438545,0.041588971522065254,-0.0016837267456267097,-4.048493348130524,True,True,D:\PhD-Project\GP_RKHS_MINT\GP_RKHS_MINT\Tully_models\GP_MInt_QCLE_Reviewer_Ready_Pipeline_v4\output\fixed_pipeline\final_reviewer_closure\manufactured\manufactured_complete.csv
0.01,1e-06,300,124,off_support,Q_relative_l2,0.07617850842627873,0.053248145297343896,0.02293036312893483,43.063214692059205,True,True,D:\PhD-Project\GP_RKHS_MINT\GP_RKHS_MINT\Tully_models\GP_MInt_QCLE_Reviewer_Ready_Pipeline_v4\output\fixed_pipeline\final_reviewer_closure\manufactured\manufactured_complete.csv
0.01,1e-06,300,124,off_support,Q_relative_linf,0.30255628298756865,0.14461335557162613,0.1579429274159425,109.21738645205167,True,True,D:\PhD-Project\GP_RKHS_MINT\GP_RKHS_MINT\Tully_models\GP_MInt_QCLE_Reviewer_Ready_Pipeline_v4\output\fixed_pipeline\final_reviewer_closure\manufactured\manufactured_complete.csv
0.01,1e-06,300,124,off_support,Q_mae,3.609562822783161e-06,3.7618615368691906e-06,-1.5229871408602975e-07,-4.0484933481305205,True,True,D:\PhD-Project\GP_RKHS_MINT\GP_RKHS_MINT\Tully_models\GP_MInt_QCLE_Reviewer_Ready_Pipeline_v4\output\fixed_pipeline\final_reviewer_closure\manufactured\manufactured_complete.csv
0.01,1e-06,300,124,off_support,Q_rmse,1.20646307486828e-05,8.433076786825798e-06,3.631553961857002e-06,43.06321469205921,True,True,D:\PhD-Project\GP_RKHS_MINT\GP_RKHS_MINT\Tully_models\GP_MInt_QCLE_Reviewer_Ready_Pipeline_v4\output\fixed_pipeline\final_reviewer_closure\manufactured\manufactured_complete.csv
0.01,1e-06,300,124,off_support,Q_linf,0.00028342954011416403,0.00013547131283906,0.00014795822727510405,109.21738645205167,True,True,D:\PhD-Project\GP_RKHS_MINT\GP_RKHS_MINT\Tully_models\GP_MInt_QCLE_Reviewer_Ready_Pipeline_v4\output\fixed_pipeline\final_reviewer_closure\manufactured\manufactured_complete.csv
0.01,1e-06,300,125,on_support,density_relative_l1,0.00019087261214091968,0.00018873087916893076,2.1417329719889224e-06,1.1348079240768454,True,True,D:\PhD-Project\GP_RKHS_MINT\GP_RKHS_MINT\Tully_models\GP_MInt_QCLE_Reviewer_Ready_Pipeline_v4\output\fixed_pipeline\final_reviewer_closure\manufactured\manufactured_complete.csv
0.01,1e-06,300,125,on_support,density_relative_l2,0.00023417101637370806,0.0002291136497319674,5.057366641740666e-06,2.207361563860169,True,True,D:\PhD-Project\GP_RKHS_MINT\GP_RKHS_MINT\Tully_models\GP_MInt_QCLE_Reviewer_Ready_Pipeline_v4\output\fixed_pipeline\final_reviewer_closure\manufactured\manufactured_complete.csv
0.01,1e-06,300,125,on_support,density_relative_linf,0.00026312231987975855,0.0002520941476133503,1.1028172266408227e-05,4.374624468999058,True,True,D:\PhD-Project\GP_RKHS_MINT\GP_RKHS_MINT\Tully_models\GP_MInt_QCLE_Reviewer_Ready_Pipeline_v4\output\fixed_pipeline\final_reviewer_closure\manufactured\manufactured_complete.csv
0.01,1e-06,300,125,on_support,density_mae,1.9328195212225095e-06,1.911131845599095e-06,2.168767562341457e-08,1.1348079240768443,True,True,D:\PhD-Project\GP_RKHS_MINT\GP_RKHS_MINT\Tully_models\GP_MInt_QCLE_Reviewer_Ready_Pipeline_v4\output\fixed_pipeline\final_reviewer_closure\manufactured\manufactured_complete.csv
0.01,1e-06,300,125,on_support,density_rmse,3.636256467168968e-06,3.5577246213297445e-06,7.853184583922328e-08,2.2073615638601902,True,True,D:\PhD-Project\GP_RKHS_MINT\GP_RKHS_MINT\Tully_models\GP_MInt_QCLE_Reviewer_Ready_Pipeline_v4\output\fixed_pipeline\final_reviewer_closure\manufactured\manufactured_complete.csv
0.01,1e-06,300,125,on_support,density_linf,1.987524962208942e-05,1.9042223838604266e-05,8.330257834851529e-07,4.374624468999053,True,True,D:\PhD-Project\GP_RKHS_MINT\GP_RKHS_MINT\Tully_models\GP_MInt_QCLE_Reviewer_Ready_Pipeline_v4\output\fixed_pipeline\final_reviewer_closure\manufactured\manufactured_complete.csv
0.01,1e-06,300,125,on_support,gradient_relative_l1,0.0010230413775265525,0.0010640671449020033,-4.1025767375450816e-05,-3.8555618949431185,True,True,D:\PhD-Project\GP_RKHS_MINT\GP_RKHS_MINT\Tully_models\GP_MInt_QCLE_Reviewer_Ready_Pipeline_v4\output\fixed_pipeline\final_reviewer_closure\manufactured\manufactured_complete.csv
0.01,1e-06,300,125,on_support,gradient_relative_l2,0.001368993406716974,0.001472190374244991,-0.00010319696752801697,-7.009756980712583,True,True,D:\PhD-Project\GP_RKHS_MINT\GP_RKHS_MINT\Tully_models\GP_MInt_QCLE_Reviewer_Ready_Pipeline_v4\output\fixed_pipeline\final_reviewer_closure\manufactured\manufactured_complete.csv
0.01,1e-06,300,125,on_support,gradient_relative_linf,0.0042544684578320925,0.004889943966826246,-0.0006354755089941532,-12.995558094433548,True,True,D:\PhD-Project\GP_RKHS_MINT\GP_RKHS_MINT\Tully_models\GP_MInt_QCLE_Reviewer_Ready_Pipeline_v4\output\fixed_pipeline\final_reviewer_closure\manufactured\manufactured_complete.csv
0.01,1e-06,300,125,on_support,gradient_mae,1.1318389386762857e-05,1.1772276805440653e-05,-4.538874186777965e-07,-3.8555618949431154,True,True,D:\PhD-Project\GP_RKHS_MINT\GP_RKHS_MINT\Tully_models\GP_MInt_QCLE_Reviewer_Ready_Pipeline_v4\output\fixed_pipeline\final_reviewer_closure\manufactured\manufactured_complete.csv
0.01,1e-06,300,125,on_support,gradient_rmse,2.8407905383655113e-05,3.054933986758475e-05,-2.141434483929634e-06,-7.0097569807125835,True,True,D:\PhD-Project\GP_RKHS_MINT\GP_RKHS_MINT\Tully_models\GP_MInt_QCLE_Reviewer_Ready_Pipeline_v4\output\fixed_pipeline\final_reviewer_closure\manufactured\manufactured_complete.csv
0.01,1e-06,300,125,on_support,gradient_linf,0.0007471517158336647,0.0008587512309367078,-0.0001115995151030431,-12.995558094433552,True,True,D:\PhD-Project\GP_RKHS_MINT\GP_RKHS_MINT\Tully_models\GP_MInt_QCLE_Reviewer_Ready_Pipeline_v4\output\fixed_pipeline\final_reviewer_closure\manufactured\manufactured_complete.csv
0.01,1e-06,300,125,on_support,Q_relative_l1,0.0034310199806206285,0.0037048905778707896,-0.00027387059725016106,-7.392137270827448,True,True,D:\PhD-Project\GP_RKHS_MINT\GP_RKHS_MINT\Tully_models\GP_MInt_QCLE_Reviewer_Ready_Pipeline_v4\output\fixed_pipeline\final_reviewer_closure\manufactured\manufactured_complete.csv
0.01,1e-06,300,125,on_support,Q_relative_l2,0.0035875450695752836,0.004049747661492274,-0.0004622025919169908,-11.413120780633422,True,True,D:\PhD-Project\GP_RKHS_MINT\GP_RKHS_MINT\Tully_models\GP_MInt_QCLE_Reviewer_Ready_Pipeline_v4\output\fixed_pipeline\final_reviewer_closure\manufactured\manufactured_complete.csv
0.01,1e-06,300,125,on_support,Q_relative_linf,0.005178027577646227,0.005704196436785829,-0.0005261688591396019,-9.224241573210701,True,True,D:\PhD-Project\GP_RKHS_MINT\GP_RKHS_MINT\Tully_models\GP_MInt_QCLE_Reviewer_Ready_Pipeline_v4\output\fixed_pipeline\final_reviewer_closure\manufactured\manufactured_complete.csv
0.01,1e-06,300,125,on_support,Q_mae,3.0307031264511225e-07,3.272619664395317e-07,-2.4191653794419464e-08,-7.392137270827456,True,True,D:\PhD-Project\GP_RKHS_MINT\GP_RKHS_MINT\Tully_models\GP_MInt_QCLE_Reviewer_Ready_Pipeline_v4\output\fixed_pipeline\final_reviewer_closure\manufactured\manufactured_complete.csv
0.01,1e-06,300,125,on_support,Q_rmse,5.463186873777681e-07,6.167038416884807e-07,-7.038515431071258e-08,-11.413120780633413,True,True,D:\PhD-Project\GP_RKHS_MINT\GP_RKHS_MINT\Tully_models\GP_MInt_QCLE_Reviewer_Ready_Pipeline_v4\output\fixed_pipeline\final_reviewer_closure\manufactured\manufactured_complete.csv
0.01,1e-06,300,125,on_support,Q_linf,4.12813967850536e-06,4.547623451512891e-06,-4.1948377300753126e-07,-9.224241573210696,True,True,D:\PhD-Project\GP_RKHS_MINT\GP_RKHS_MINT\Tully_models\GP_MInt_QCLE_Reviewer_Ready_Pipeline_v4\output\fixed_pipeline\final_reviewer_closure\manufactured\manufactured_complete.csv
0.01,1e-06,300,125,off_support,density_relative_l1,0.0007854080984391942,0.0008680626845549194,-8.265458611572522e-05,-9.521730122301546,True,True,D:\PhD-Project\GP_RKHS_MINT\GP_RKHS_MINT\Tully_models\GP_MInt_QCLE_Reviewer_Ready_Pipeline_v4\output\fixed_pipeline\final_reviewer_closure\manufactured\manufactured_complete.csv
0.01,1e-06,300,125,off_support,density_relative_l2,0.0009149794956974253,0.0011188759651483478,-0.00020389646945092254,-18.22333089654747,True,True,D:\PhD-Project\GP_RKHS_MINT\GP_RKHS_MINT\Tully_models\GP_MInt_QCLE_Reviewer_Ready_Pipeline_v4\output\fixed_pipeline\final_reviewer_closure\manufactured\manufactured_complete.csv
0.01,1e-06,300,125,off_support,density_relative_linf,0.0016454986311057373,0.002346342871220779,-0.0007008442401150417,-29.869643039442032,True,True,D:\PhD-Project\GP_RKHS_MINT\GP_RKHS_MINT\Tully_models\GP_MInt_QCLE_Reviewer_Ready_Pipeline_v4\output\fixed_pipeline\final_reviewer_closure\manufactured\manufactured_complete.csv
0.01,1e-06,300,125,off_support,density_mae,7.665786277354125e-06,8.472516426006094e-06,-8.067301486519688e-07,-9.521730122301546,True,True,D:\PhD-Project\GP_RKHS_MINT\GP_RKHS_MINT\Tully_models\GP_MInt_QCLE_Reviewer_Ready_Pipeline_v4\output\fixed_pipeline\final_reviewer_closure\manufactured\manufactured_complete.csv
0.01,1e-06,300,125,off_support,density_rmse,1.3729444996072746e-05,1.6788951111109876e-05,-3.05950611503713e-06,-18.223330896547434,True,True,D:\PhD-Project\GP_RKHS_MINT\GP_RKHS_MINT\Tully_models\GP_MInt_QCLE_Reviewer_Ready_Pipeline_v4\output\fixed_pipeline\final_reviewer_closure\manufactured\manufactured_complete.csv
0.01,1e-06,300,125,off_support,density_linf,0.00011689155870586872,0.00016667754703089525,-4.9785988325026526e-05,-29.869643039442035,True,True,D:\PhD-Project\GP_RKHS_MINT\GP_RKHS_MINT\Tully_models\GP_MInt_QCLE_Reviewer_Ready_Pipeline_v4\output\fixed_pipeline\final_reviewer_closure\manufactured\manufactured_complete.csv
0.01,1e-06,300,125,off_support,gradient_relative_l1,0.001420551120329707,0.0015700085747474728,-0.00014945745441776576,-9.519531091848028,True,True,D:\PhD-Project\GP_RKHS_MINT\GP_RKHS_MINT\Tully_models\GP_MInt_QCLE_Reviewer_Ready_Pipeline_v4\output\fixed_pipeline\final_reviewer_closure\manufactured\manufactured_complete.csv
0.01,1e-06,300,125,off_support,gradient_relative_l2,0.0017944826923061556,0.0023164060084955233,-0.0005219233161893677,-22.531599135695146,True,True,D:\PhD-Project\GP_RKHS_MINT\GP_RKHS_MINT\Tully_models\GP_MInt_QCLE_Reviewer_Ready_Pipeline_v4\output\fixed_pipeline\final_reviewer_closure\manufactured\manufactured_complete.csv
0.01,1e-06,300,125,off_support,gradient_relative_linf,0.005640735184408186,0.009780247233090792,-0.004139512048682606,-42.32522910746932,True,True,D:\PhD-Project\GP_RKHS_MINT\GP_RKHS_MINT\Tully_models\GP_MInt_QCLE_Reviewer_Ready_Pipeline_v4\output\fixed_pipeline\final_reviewer_closure\manufactured\manufactured_complete.csv
0.01,1e-06,300,125,off_support,gradient_mae,1.547731165266774e-05,1.710569346007588e-05,-1.6283818074081404e-06,-9.51953109184804,True,True,D:\PhD-Project\GP_RKHS_MINT\GP_RKHS_MINT\Tully_models\GP_MInt_QCLE_Reviewer_Ready_Pipeline_v4\output\fixed_pipeline\final_reviewer_closure\manufactured\manufactured_complete.csv
0.01,1e-06,300,125,off_support,gradient_rmse,3.6699098804080927e-05,4.737299130307824e-05,-1.0673892498997312e-05,-22.531599135695146,True,True,D:\PhD-Project\GP_RKHS_MINT\GP_RKHS_MINT\Tully_models\GP_MInt_QCLE_Reviewer_Ready_Pipeline_v4\output\fixed_pipeline\final_reviewer_closure\manufactured\manufactured_complete.csv
0.01,1e-06,300,125,off_support,gradient_linf,0.0009016302191332722,0.00156330091161236,-0.0006616706924790877,-42.32522910746932,True,True,D:\PhD-Project\GP_RKHS_MINT\GP_RKHS_MINT\Tully_models\GP_MInt_QCLE_Reviewer_Ready_Pipeline_v4\output\fixed_pipeline\final_reviewer_closure\manufactured\manufactured_complete.csv
0.01,1e-06,300,125,off_support,Q_relative_l1,0.0039343975283261615,0.0045518036363300565,-0.0006174061080038949,-13.563988197471664,True,True,D:\PhD-Project\GP_RKHS_MINT\GP_RKHS_MINT\Tully_models\GP_MInt_QCLE_Reviewer_Ready_Pipeline_v4\output\fixed_pipeline\final_reviewer_closure\manufactured\manufactured_complete.csv
0.01,1e-06,300,125,off_support,Q_relative_l2,0.004737009342440133,0.006175560479788878,-0.001438551137348745,-23.29426036805528,True,True,D:\PhD-Project\GP_RKHS_MINT\GP_RKHS_MINT\Tully_models\GP_MInt_QCLE_Reviewer_Ready_Pipeline_v4\output\fixed_pipeline\final_reviewer_closure\manufactured\manufactured_complete.csv
0.01,1e-06,300,125,off_support,Q_relative_linf,0.008884326381916689,0.01429374964684503,-0.005409423264928341,-37.844676159711035,True,True,D:\PhD-Project\GP_RKHS_MINT\GP_RKHS_MINT\Tully_models\GP_MInt_QCLE_Reviewer_Ready_Pipeline_v4\output\fixed_pipeline\final_reviewer_closure\manufactured\manufactured_complete.csv
0.01,1e-06,300,125,off_support,Q_mae,3.4212944399269397e-07,3.9581817445987986e-07,-5.368873046718589e-08,-13.56398819747166,True,True,D:\PhD-Project\GP_RKHS_MINT\GP_RKHS_MINT\Tully_models\GP_MInt_QCLE_Reviewer_Ready_Pipeline_v4\output\fixed_pipeline\final_reviewer_closure\manufactured\manufactured_complete.csv
0.01,1e-06,300,125,off_support,Q_rmse,7.537821309272118e-07,9.826932567811302e-07,-2.2891112585391843e-07,-23.294260368055273,True,True,D:\PhD-Project\GP_RKHS_MINT\GP_RKHS_MINT\Tully_models\GP_MInt_QCLE_Reviewer_Ready_Pipeline_v4\output\fixed_pipeline\final_reviewer_closure\manufactured\manufactured_complete.csv
0.01,1e-06,300,125,off_support,Q_linf,8.676272443161872e-06,1.3959017356994171e-05,-5.2827449138323e-06,-37.844676159711035,True,True,D:\PhD-Project\GP_RKHS_MINT\GP_RKHS_MINT\Tully_models\GP_MInt_QCLE_Reviewer_Ready_Pipeline_v4\output\fixed_pipeline\final_reviewer_closure\manufactured\manufactured_complete.csv
0.01,1e-06,600,123,on_support,density_relative_l1,0.0037341743785821824,0.0037250469856089405,9.127392973241888e-06,0.24502759316872927,True,True,D:\PhD-Project\GP_RKHS_MINT\GP_RKHS_MINT\Tully_models\GP_MInt_QCLE_Reviewer_Ready_Pipeline_v4\output\fixed_pipeline\final_reviewer_closure\manufactured\manufactured_complete.csv
0.01,1e-06,600,123,on_support,density_relative_l2,0.004975844171528892,0.004942137478427175,3.370669310171718e-05,0.6820266180139584,True,True,D:\PhD-Project\GP_RKHS_MINT\GP_RKHS_MINT\Tully_models\GP_MInt_QCLE_Reviewer_Ready_Pipeline_v4\output\fixed_pipeline\final_reviewer_closure\manufactured\manufactured_complete.csv
0.01,1e-06,600,123,on_support,density_relative_linf,0.00874328880931378,0.008441223807779208,0.00030206500153457175,3.578450333898228,True,True,D:\PhD-Project\GP_RKHS_MINT\GP_RKHS_MINT\Tully_models\GP_MInt_QCLE_Reviewer_Ready_Pipeline_v4\output\fixed_pipeline\final_reviewer_closure\manufactured\manufactured_complete.csv
0.01,1e-06,600,123,on_support,density_mae,3.660072973969269e-05,3.651126706077826e-05,8.946267891443314e-08,0.24502759316873235,True,True,D:\PhD-Project\GP_RKHS_MINT\GP_RKHS_MINT\Tully_models\GP_MInt_QCLE_Reviewer_Ready_Pipeline_v4\output\fixed_pipeline\final_reviewer_closure\manufactured\manufactured_complete.csv
0.01,1e-06,600,123,on_support,density_rmse,7.477070576287593e-05,7.426420412310017e-05,5.065016397757643e-07,0.6820266180139605,True,True,D:\PhD-Project\GP_RKHS_MINT\GP_RKHS_MINT\Tully_models\GP_MInt_QCLE_Reviewer_Ready_Pipeline_v4\output\fixed_pipeline\final_reviewer_closure\manufactured\manufactured_complete.csv
0.01,1e-06,600,123,on_support,density_linf,0.0007163580793159222,0.0006916091880180206,2.4748891297901587e-05,3.5784503338982145,True,True,D:\PhD-Project\GP_RKHS_MINT\GP_RKHS_MINT\Tully_models\GP_MInt_QCLE_Reviewer_Ready_Pipeline_v4\output\fixed_pipeline\final_reviewer_closure\manufactured\manufactured_complete.csv
0.01,1e-06,600,123,on_support,gradient_relative_l1,0.008205481453951377,0.008120538580955575,8.49428729958017e-05,1.0460251145781285,True,True,D:\PhD-Project\GP_RKHS_MINT\GP_RKHS_MINT\Tully_models\GP_MInt_QCLE_Reviewer_Ready_Pipeline_v4\output\fixed_pipeline\final_reviewer_closure\manufactured\manufactured_complete.csv
0.01,1e-06,600,123,on_support,gradient_relative_l2,0.008974088085558394,0.008838295055846119,0.00013579302971227468,1.5364165696465852,True,True,D:\PhD-Project\GP_RKHS_MINT\GP_RKHS_MINT\Tully_models\GP_MInt_QCLE_Reviewer_Ready_Pipeline_v4\output\fixed_pipeline\final_reviewer_closure\manufactured\manufactured_complete.csv
0.01,1e-06,600,123,on_support,gradient_relative_linf,0.0153033706120161,0.014703536705827656,0.000599833906188443,4.079521262055969,True,True,D:\PhD-Project\GP_RKHS_MINT\GP_RKHS_MINT\Tully_models\GP_MInt_QCLE_Reviewer_Ready_Pipeline_v4\output\fixed_pipeline\final_reviewer_closure\manufactured\manufactured_complete.csv
0.01,1e-06,600,123,on_support,gradient_mae,8.320890884115229e-05,8.234753296510182e-05,8.613758760504629e-07,1.0460251145781216,True,True,D:\PhD-Project\GP_RKHS_MINT\GP_RKHS_MINT\Tully_models\GP_MInt_QCLE_Reviewer_Ready_Pipeline_v4\output\fixed_pipeline\final_reviewer_closure\manufactured\manufactured_complete.csv
0.01,1e-06,600,123,on_support,gradient_rmse,0.00016880159175598362,0.0001662473400764523,2.5542516795313175e-06,1.536416569646583,True,True,D:\PhD-Project\GP_RKHS_MINT\GP_RKHS_MINT\Tully_models\GP_MInt_QCLE_Reviewer_Ready_Pipeline_v4\output\fixed_pipeline\final_reviewer_closure\manufactured\manufactured_complete.csv
0.01,1e-06,600,123,on_support,gradient_linf,0.0025775276597930913,0.002476498381754927,0.00010102927803816442,4.079521262055976,True,True,D:\PhD-Project\GP_RKHS_MINT\GP_RKHS_MINT\Tully_models\GP_MInt_QCLE_Reviewer_Ready_Pipeline_v4\output\fixed_pipeline\final_reviewer_closure\manufactured\manufactured_complete.csv
0.01,1e-06,600,123,on_support,Q_relative_l1,0.016242500993130536,0.01579231037112839,0.0004501906220021473,2.8506951258074875,True,True,D:\PhD-Project\GP_RKHS_MINT\GP_RKHS_MINT\Tully_models\GP_MInt_QCLE_Reviewer_Ready_Pipeline_v4\output\fixed_pipeline\final_reviewer_closure\manufactured\manufactured_complete.csv
0.01,1e-06,600,123,on_support,Q_relative_l2,0.017239541978799587,0.016857308889565773,0.00038223308923381397,2.2674620945601,True,True,D:\PhD-Project\GP_RKHS_MINT\GP_RKHS_MINT\Tully_models\GP_MInt_QCLE_Reviewer_Ready_Pipeline_v4\output\fixed_pipeline\final_reviewer_closure\manufactured\manufactured_complete.csv
0.01,1e-06,600,123,on_support,Q_relative_linf,0.02080865972346109,0.021011439879831062,-0.00020278015636997215,-0.9650940512868962,True,True,D:\PhD-Project\GP_RKHS_MINT\GP_RKHS_MINT\Tully_models\GP_MInt_QCLE_Reviewer_Ready_Pipeline_v4\output\fixed_pipeline\final_reviewer_closure\manufactured\manufactured_complete.csv
0.01,1e-06,600,123,on_support,Q_mae,1.597980603198167e-06,1.5536896481287841e-06,4.4290955069382856e-08,2.850695125807494,True,True,D:\PhD-Project\GP_RKHS_MINT\GP_RKHS_MINT\Tully_models\GP_MInt_QCLE_Reviewer_Ready_Pipeline_v4\output\fixed_pipeline\final_reviewer_closure\manufactured\manufactured_complete.csv
0.01,1e-06,600,123,on_support,Q_rmse,3.150686597622433e-06,3.0808299463901796e-06,6.985665123225341e-08,2.2674620945600945,True,True,D:\PhD-Project\GP_RKHS_MINT\GP_RKHS_MINT\Tully_models\GP_MInt_QCLE_Reviewer_Ready_Pipeline_v4\output\fixed_pipeline\final_reviewer_closure\manufactured\manufactured_complete.csv
0.01,1e-06,600,123,on_support,Q_linf,2.318861973728682e-05,2.341459257738422e-05,-2.259728400973984e-07,-0.9650940512868968,True,True,D:\PhD-Project\GP_RKHS_MINT\GP_RKHS_MINT\Tully_models\GP_MInt_QCLE_Reviewer_Ready_Pipeline_v4\output\fixed_pipeline\final_reviewer_closure\manufactured\manufactured_complete.csv
0.01,1e-06,600,123,off_support,density_relative_l1,0.005677610607613311,0.005636132846390134,4.147776122317721e-05,0.7359258973063978,True,True,D:\PhD-Project\GP_RKHS_MINT\GP_RKHS_MINT\Tully_models\GP_MInt_QCLE_Reviewer_Ready_Pipeline_v4\output\fixed_pipeline\final_reviewer_closure\manufactured\manufactured_complete.csv
0.01,1e-06,600,123,off_support,density_relative_l2,0.008041848720008392,0.007921101156869002,0.0001207475631393902,1.5243785017778824,True,True,D:\PhD-Project\GP_RKHS_MINT\GP_RKHS_MINT\Tully_models\GP_MInt_QCLE_Reviewer_Ready_Pipeline_v4\output\fixed_pipeline\final_reviewer_closure\manufactured\manufactured_complete.csv
0.01,1e-06,600,123,off_support,density_relative_linf,0.02014455106587409,0.019648314894862243,0.0004962361710118476,2.525591500681854,True,True,D:\PhD-Project\GP_RKHS_MINT\GP_RKHS_MINT\Tully_models\GP_MInt_QCLE_Reviewer_Ready_Pipeline_v4\output\fixed_pipeline\final_reviewer_closure\manufactured\manufactured_complete.csv
0.01,1e-06,600,123,off_support,density_mae,5.4172203097072786e-05,5.377644828747368e-05,3.957548095991068e-07,0.7359258973064073,True,True,D:\PhD-Project\GP_RKHS_MINT\GP_RKHS_MINT\Tully_models\GP_MInt_QCLE_Reviewer_Ready_Pipeline_v4\output\fixed_pipeline\final_reviewer_closure\manufactured\manufactured_complete.csv
0.01,1e-06,600,123,off_support,density_rmse,0.00011623631960782899,0.00011449104276545115,1.7452768423778433e-06,1.5243785017778688,True,True,D:\PhD-Project\GP_RKHS_MINT\GP_RKHS_MINT\Tully_models\GP_MInt_QCLE_Reviewer_Ready_Pipeline_v4\output\fixed_pipeline\final_reviewer_closure\manufactured\manufactured_complete.csv
0.01,1e-06,600,123,off_support,density_linf,0.00140665625559162,0.0013720050135797215,3.4651242011898495e-05,2.5255915006818634,True,True,D:\PhD-Project\GP_RKHS_MINT\GP_RKHS_MINT\Tully_models\GP_MInt_QCLE_Reviewer_Ready_Pipeline_v4\output\fixed_pipeline\final_reviewer_closure\manufactured\manufactured_complete.csv
0.01,1e-06,600,123,off_support,gradient_relative_l1,0.008947165990184192,0.008857300439388314,8.98655507958774e-05,1.0145930061968578,True,True,D:\PhD-Project\GP_RKHS_MINT\GP_RKHS_MINT\Tully_models\GP_MInt_QCLE_Reviewer_Ready_Pipeline_v4\output\fixed_pipeline\final_reviewer_closure\manufactured\manufactured_complete.csv
0.01,1e-06,600,123,off_support,gradient_relative_l2,0.009074605572574293,0.008969350015539774,0.00010525555703451948,1.17350261559823,True,True,D:\PhD-Project\GP_RKHS_MINT\GP_RKHS_MINT\Tully_models\GP_MInt_QCLE_Reviewer_Ready_Pipeline_v4\output\fixed_pipeline\final_reviewer_closure\manufactured\manufactured_complete.csv
0.01,1e-06,600,123,off_support,gradient_relative_linf,0.013152303084614542,0.012643994162572628,0.000508308922041914,4.020160999018448,True,True,D:\PhD-Project\GP_RKHS_MINT\GP_RKHS_MINT\Tully_models\GP_MInt_QCLE_Reviewer_Ready_Pipeline_v4\output\fixed_pipeline\final_reviewer_closure\manufactured\manufactured_complete.csv
0.01,1e-06,600,123,off_support,gradient_mae,9.504409387471373e-05,9.408946870565834e-05,9.546251690553903e-07,1.0145930061968573,True,True,D:\PhD-Project\GP_RKHS_MINT\GP_RKHS_MINT\Tully_models\GP_MInt_QCLE_Reviewer_Ready_Pipeline_v4\output\fixed_pipeline\final_reviewer_closure\manufactured\manufactured_complete.csv
0.01,1e-06,600,123,off_support,gradient_rmse,0.00018523880987404866,0.0001830902411057674,2.148568768281273e-06,1.1735026155982229,True,True,D:\PhD-Project\GP_RKHS_MINT\GP_RKHS_MINT\Tully_models\GP_MInt_QCLE_Reviewer_Ready_Pipeline_v4\output\fixed_pipeline\final_reviewer_closure\manufactured\manufactured_complete.csv
0.01,1e-06,600,123,off_support,gradient_linf,0.0022578170817029383,0.0021705571881630173,8.7259893539921e-05,4.020160999018444,True,True,D:\PhD-Project\GP_RKHS_MINT\GP_RKHS_MINT\Tully_models\GP_MInt_QCLE_Reviewer_Ready_Pipeline_v4\output\fixed_pipeline\final_reviewer_closure\manufactured\manufactured_complete.csv
0.01,1e-06,600,123,off_support,Q_relative_l1,0.01869218157111479,0.018290552275705044,0.00040162929540974585,2.195829242090309,True,True,D:\PhD-Project\GP_RKHS_MINT\GP_RKHS_MINT\Tully_models\GP_MInt_QCLE_Reviewer_Ready_Pipeline_v4\output\fixed_pipeline\final_reviewer_closure\manufactured\manufactured_complete.csv
0.01,1e-06,600,123,off_support,Q_relative_l2,0.020337275678507162,0.02032600124184366,1.1274436663502585e-05,0.05546805064782109,True,True,D:\PhD-Project\GP_RKHS_MINT\GP_RKHS_MINT\Tully_models\GP_MInt_QCLE_Reviewer_Ready_Pipeline_v4\output\fixed_pipeline\final_reviewer_closure\manufactured\manufactured_complete.csv
0.01,1e-06,600,123,off_support,Q_relative_linf,0.035392012753172865,0.03730444689873692,-0.0019124341455640584,-5.126558103797568,True,True,D:\PhD-Project\GP_RKHS_MINT\GP_RKHS_MINT\Tully_models\GP_MInt_QCLE_Reviewer_Ready_Pipeline_v4\output\fixed_pipeline\final_reviewer_closure\manufactured\manufactured_complete.csv
0.01,1e-06,600,123,off_support,Q_mae,1.7501262645036278e-06,1.7125222012316939e-06,3.760406327193388e-08,2.1958292420902916,True,True,D:\PhD-Project\GP_RKHS_MINT\GP_RKHS_MINT\Tully_models\GP_MInt_QCLE_Reviewer_Ready_Pipeline_v4\output\fixed_pipeline\final_reviewer_closure\manufactured\manufactured_complete.csv
0.01,1e-06,600,123,off_support,Q_rmse,3.4944920570440034e-06,3.4925548049758766e-06,1.9372520681268206e-09,0.055468050647818005,True,True,D:\PhD-Project\GP_RKHS_MINT\GP_RKHS_MINT\Tully_models\GP_MInt_QCLE_Reviewer_Ready_Pipeline_v4\output\fixed_pipeline\final_reviewer_closure\manufactured\manufactured_complete.csv
0.01,1e-06,600,123,off_support,Q_linf,3.883302690224616e-05,4.093139884682581e-05,-2.0983719445796475e-06,-5.126558103797555,True,True,D:\PhD-Project\GP_RKHS_MINT\GP_RKHS_MINT\Tully_models\GP_MInt_QCLE_Reviewer_Ready_Pipeline_v4\output\fixed_pipeline\final_reviewer_closure\manufactured\manufactured_complete.csv
0.01,1e-06,600,124,on_support,density_relative_l1,0.011756586501503102,0.011787024788883597,-3.0438287380495088e-05,-0.25823554226509804,True,True,D:\PhD-Project\GP_RKHS_MINT\GP_RKHS_MINT\Tully_models\GP_MInt_QCLE_Reviewer_Ready_Pipeline_v4\output\fixed_pipeline\final_reviewer_closure\manufactured\manufactured_complete.csv
0.01,1e-06,600,124,on_support,density_relative_l2,0.013332802045887266,0.013417152898148809,-8.435085226154299e-05,-0.6286792205608766,True,True,D:\PhD-Project\GP_RKHS_MINT\GP_RKHS_MINT\Tully_models\GP_MInt_QCLE_Reviewer_Ready_Pipeline_v4\output\fixed_pipeline\final_reviewer_closure\manufactured\manufactured_complete.csv
0.01,1e-06,600,124,on_support,density_relative_linf,0.013358453550277774,0.01370532198970457,-0.0003468684394267955,-2.530903248295537,True,True,D:\PhD-Project\GP_RKHS_MINT\GP_RKHS_MINT\Tully_models\GP_MInt_QCLE_Reviewer_Ready_Pipeline_v4\output\fixed_pipeline\final_reviewer_closure\manufactured\manufactured_complete.csv
0.01,1e-06,600,124,on_support,density_mae,0.00010724976952882627,0.00010752744360590577,-2.7767407707949806e-07,-0.25823554226508855,True,True,D:\PhD-Project\GP_RKHS_MINT\GP_RKHS_MINT\Tully_models\GP_MInt_QCLE_Reviewer_Ready_Pipeline_v4\output\fixed_pipeline\final_reviewer_closure\manufactured\manufactured_complete.csv
0.01,1e-06,600,124,on_support,density_rmse,0.0001885919530306893,0.00018978509247077535,-1.1931394400860513e-06,-0.6286792205608986,True,True,D:\PhD-Project\GP_RKHS_MINT\GP_RKHS_MINT\Tully_models\GP_MInt_QCLE_Reviewer_Ready_Pipeline_v4\output\fixed_pipeline\final_reviewer_closure\manufactured\manufactured_complete.csv
0.01,1e-06,600,124,on_support,density_linf,0.000987064797213319,0.00101269513118378,-2.5630333970461106e-05,-2.5309032482955436,True,True,D:\PhD-Project\GP_RKHS_MINT\GP_RKHS_MINT\Tully_models\GP_MInt_QCLE_Reviewer_Ready_Pipeline_v4\output\fixed_pipeline\final_reviewer_closure\manufactured\manufactured_complete.csv
0.01,1e-06,600,124,on_support,gradient_relative_l1,0.018775884700721956,0.01904106666459653,-0.00026518196387457366,-1.3926843939243816,True,True,D:\PhD-Project\GP_RKHS_MINT\GP_RKHS_MINT\Tully_models\GP_MInt_QCLE_Reviewer_Ready_Pipeline_v4\output\fixed_pipeline\final_reviewer_closure\manufactured\manufactured_complete.csv
0.01,1e-06,600,124,on_support,gradient_relative_l2,0.01840654967627262,0.018642932827080336,-0.00023638315080771674,-1.2679504507163781,True,True,D:\PhD-Project\GP_RKHS_MINT\GP_RKHS_MINT\Tully_models\GP_MInt_QCLE_Reviewer_Ready_Pipeline_v4\output\fixed_pipeline\final_reviewer_closure\manufactured\manufactured_complete.csv
0.01,1e-06,600,124,on_support,gradient_relative_linf,0.017980344832662056,0.018070340601481227,-8.999576881917049e-05,-0.49803028511700287,True,True,D:\PhD-Project\GP_RKHS_MINT\GP_RKHS_MINT\Tully_models\GP_MInt_QCLE_Reviewer_Ready_Pipeline_v4\output\fixed_pipeline\final_reviewer_closure\manufactured\manufactured_complete.csv
0.01,1e-06,600,124,on_support,gradient_mae,0.00019440226970436194,0.00019714791799117182,-2.7456482868098834e-06,-1.3926843939243791,True,True,D:\PhD-Project\GP_RKHS_MINT\GP_RKHS_MINT\Tully_models\GP_MInt_QCLE_Reviewer_Ready_Pipeline_v4\output\fixed_pipeline\final_reviewer_closure\manufactured\manufactured_complete.csv
0.01,1e-06,600,124,on_support,gradient_rmse,0.0003560109703852138,0.00036058298395548385,-4.572013570270067e-06,-1.2679504507163626,True,True,D:\PhD-Project\GP_RKHS_MINT\GP_RKHS_MINT\Tully_models\GP_MInt_QCLE_Reviewer_Ready_Pipeline_v4\output\fixed_pipeline\final_reviewer_closure\manufactured\manufactured_complete.csv
0.01,1e-06,600,124,on_support,gradient_linf,0.0028211618735857896,0.002835282438799616,-1.4120565213826541e-05,-0.4980302851170205,True,True,D:\PhD-Project\GP_RKHS_MINT\GP_RKHS_MINT\Tully_models\GP_MInt_QCLE_Reviewer_Ready_Pipeline_v4\output\fixed_pipeline\final_reviewer_closure\manufactured\manufactured_complete.csv
0.01,1e-06,600,124,on_support,Q_relative_l1,0.04056336356578024,0.0413385943758523,-0.0007752308100720598,-1.8753197146076799,True,True,D:\PhD-Project\GP_RKHS_MINT\GP_RKHS_MINT\Tully_models\GP_MInt_QCLE_Reviewer_Ready_Pipeline_v4\output\fixed_pipeline\final_reviewer_closure\manufactured\manufactured_complete.csv
0.01,1e-06,600,124,on_support,Q_relative_l2,0.04229642052404612,0.042960940544823134,-0.0006645200207770138,-1.5468004479177764,True,True,D:\PhD-Project\GP_RKHS_MINT\GP_RKHS_MINT\Tully_models\GP_MInt_QCLE_Reviewer_Ready_Pipeline_v4\output\fixed_pipeline\final_reviewer_closure\manufactured\manufactured_complete.csv
0.01,1e-06,600,124,on_support,Q_relative_linf,0.03666428339859206,0.038158238037471676,-0.0014939546388796146,-3.915156243358354,True,True,D:\PhD-Project\GP_RKHS_MINT\GP_RKHS_MINT\Tully_models\GP_MInt_QCLE_Reviewer_Ready_Pipeline_v4\output\fixed_pipeline\final_reviewer_closure\manufactured\manufactured_complete.csv
0.01,1e-06,600,124,on_support,Q_mae,3.866622169663188e-06,3.940519508871007e-06,-7.389733920781956e-08,-1.8753197146076759,True,True,D:\PhD-Project\GP_RKHS_MINT\GP_RKHS_MINT\Tully_models\GP_MInt_QCLE_Reviewer_Ready_Pipeline_v4\output\fixed_pipeline\final_reviewer_closure\manufactured\manufactured_complete.csv
0.01,1e-06,600,124,on_support,Q_rmse,7.350710874363447e-06,7.466198059388497e-06,-1.1548718502505057e-07,-1.5468004479177893,True,True,D:\PhD-Project\GP_RKHS_MINT\GP_RKHS_MINT\Tully_models\GP_MInt_QCLE_Reviewer_Ready_Pipeline_v4\output\fixed_pipeline\final_reviewer_closure\manufactured\manufactured_complete.csv
0.01,1e-06,600,124,on_support,Q_linf,4.034004938614644e-05,4.1983779968792455e-05,-1.6437305826460136e-06,-3.9151562433583584,True,True,D:\PhD-Project\GP_RKHS_MINT\GP_RKHS_MINT\Tully_models\GP_MInt_QCLE_Reviewer_Ready_Pipeline_v4\output\fixed_pipeline\final_reviewer_closure\manufactured\manufactured_complete.csv
0.01,1e-06,600,124,off_support,density_relative_l1,0.01355609334530445,0.013764600207900279,-0.00020850686259582876,-1.514805075676335,True,True,D:\PhD-Project\GP_RKHS_MINT\GP_RKHS_MINT\Tully_models\GP_MInt_QCLE_Reviewer_Ready_Pipeline_v4\output\fixed_pipeline\final_reviewer_closure\manufactured\manufactured_complete.csv
0.01,1e-06,600,124,off_support,density_relative_l2,0.015261311010205824,0.015481514140661134,-0.00022020313045531016,-1.4223617176885932,True,True,D:\PhD-Project\GP_RKHS_MINT\GP_RKHS_MINT\Tully_models\GP_MInt_QCLE_Reviewer_Ready_Pipeline_v4\output\fixed_pipeline\final_reviewer_closure\manufactured\manufactured_complete.csv
0.01,1e-06,600,124,off_support,density_relative_linf,0.014672532340276961,0.015050516873054694,-0.000377984532777733,-2.5114388825705243,True,True,D:\PhD-Project\GP_RKHS_MINT\GP_RKHS_MINT\Tully_models\GP_MInt_QCLE_Reviewer_Ready_Pipeline_v4\output\fixed_pipeline\final_reviewer_closure\manufactured\manufactured_complete.csv
0.01,1e-06,600,124,off_support,density_mae,0.00012291949740569964,0.000124810127552828,-1.8906301471283496e-06,-1.5148050756763376,True,True,D:\PhD-Project\GP_RKHS_MINT\GP_RKHS_MINT\Tully_models\GP_MInt_QCLE_Reviewer_Ready_Pipeline_v4\output\fixed_pipeline\final_reviewer_closure\manufactured\manufactured_complete.csv
0.01,1e-06,600,124,off_support,density_rmse,0.00021430851316196666,0.00021740073803373092,-3.0922248717642523e-06,-1.4223617176885925,True,True,D:\PhD-Project\GP_RKHS_MINT\GP_RKHS_MINT\Tully_models\GP_MInt_QCLE_Reviewer_Ready_Pipeline_v4\output\fixed_pipeline\final_reviewer_closure\manufactured\manufactured_complete.csv
0.01,1e-06,600,124,off_support,density_linf,0.0012183260373492544,0.0012497117850387846,-3.1385747689530175e-05,-2.511438882570522,True,True,D:\PhD-Project\GP_RKHS_MINT\GP_RKHS_MINT\Tully_models\GP_MInt_QCLE_Reviewer_Ready_Pipeline_v4\output\fixed_pipeline\final_reviewer_closure\manufactured\manufactured_complete.csv
0.01,1e-06,600,124,off_support,gradient_relative_l1,0.01926544435120485,0.01966908601905478,-0.00040364166784993133,-2.052162807457836,True,True,D:\PhD-Project\GP_RKHS_MINT\GP_RKHS_MINT\Tully_models\GP_MInt_QCLE_Reviewer_Ready_Pipeline_v4\output\fixed_pipeline\final_reviewer_closure\manufactured\manufactured_complete.csv
0.01,1e-06,600,124,off_support,gradient_relative_l2,0.01815478468262036,0.01859995840432938,-0.00044517372170901903,-2.3934124584138807,True,True,D:\PhD-Project\GP_RKHS_MINT\GP_RKHS_MINT\Tully_models\GP_MInt_QCLE_Reviewer_Ready_Pipeline_v4\output\fixed_pipeline\final_reviewer_closure\manufactured\manufactured_complete.csv
0.01,1e-06,600,124,off_support,gradient_relative_linf,0.018648515276905215,0.026690759366449046,-0.008042244089543831,-30.131192519209975,True,True,D:\PhD-Project\GP_RKHS_MINT\GP_RKHS_MINT\Tully_models\GP_MInt_QCLE_Reviewer_Ready_Pipeline_v4\output\fixed_pipeline\final_reviewer_closure\manufactured\manufactured_complete.csv
0.01,1e-06,600,124,off_support,gradient_mae,0.00020410248277517518,0.0002083787540647357,-4.2762712895605295e-06,-2.052162807457831,True,True,D:\PhD-Project\GP_RKHS_MINT\GP_RKHS_MINT\Tully_models\GP_MInt_QCLE_Reviewer_Ready_Pipeline_v4\output\fixed_pipeline\final_reviewer_closure\manufactured\manufactured_complete.csv
0.01,1e-06,600,124,off_support,gradient_rmse,0.00036640823529818505,0.0003753929366110394,-8.984701312854328e-06,-2.393412458413878,True,True,D:\PhD-Project\GP_RKHS_MINT\GP_RKHS_MINT\Tully_models\GP_MInt_QCLE_Reviewer_Ready_Pipeline_v4\output\fixed_pipeline\final_reviewer_closure\manufactured\manufactured_complete.csv
0.01,1e-06,600,124,off_support,gradient_linf,0.0030132458608736717,0.004312719752232989,-0.0012994738913593173,-30.131192519209975,True,True,D:\PhD-Project\GP_RKHS_MINT\GP_RKHS_MINT\Tully_models\GP_MInt_QCLE_Reviewer_Ready_Pipeline_v4\output\fixed_pipeline\final_reviewer_closure\manufactured\manufactured_complete.csv
0.01,1e-06,600,124,off_support,Q_relative_l1,0.04307654975803405,0.044060575939781445,-0.0009840261817473939,-2.233348431696136,True,True,D:\PhD-Project\GP_RKHS_MINT\GP_RKHS_MINT\Tully_models\GP_MInt_QCLE_Reviewer_Ready_Pipeline_v4\output\fixed_pipeline\final_reviewer_closure\manufactured\manufactured_complete.csv
0.01,1e-06,600,124,off_support,Q_relative_l2,0.045819965578920624,0.04650924876945704,-0.0006892831905364188,-1.4820346678854035,True,True,D:\PhD-Project\GP_RKHS_MINT\GP_RKHS_MINT\Tully_models\GP_MInt_QCLE_Reviewer_Ready_Pipeline_v4\output\fixed_pipeline\final_reviewer_closure\manufactured\manufactured_complete.csv
0.01,1e-06,600,124,off_support,Q_relative_linf,0.04512252457563743,0.04511785089526732,4.673680370111122e-06,0.010358827553555687,True,True,D:\PhD-Project\GP_RKHS_MINT\GP_RKHS_MINT\Tully_models\GP_MInt_QCLE_Reviewer_Ready_Pipeline_v4\output\fixed_pipeline\final_reviewer_closure\manufactured\manufactured_complete.csv
0.01,1e-06,600,124,off_support,Q_mae,3.872178761274543e-06,3.960633507601799e-06,-8.845474632725545e-08,-2.233348431696111,True,True,D:\PhD-Project\GP_RKHS_MINT\GP_RKHS_MINT\Tully_models\GP_MInt_QCLE_Reviewer_Ready_Pipeline_v4\output\fixed_pipeline\final_reviewer_closure\manufactured\manufactured_complete.csv
0.01,1e-06,600,124,off_support,Q_rmse,7.834486420518906e-06,7.952342899194087e-06,-1.1785647867518019e-07,-1.4820346678854115,True,True,D:\PhD-Project\GP_RKHS_MINT\GP_RKHS_MINT\Tully_models\GP_MInt_QCLE_Reviewer_Ready_Pipeline_v4\output\fixed_pipeline\final_reviewer_closure\manufactured\manufactured_complete.csv
0.01,1e-06,600,124,off_support,Q_linf,5.205958136461251e-05,5.205418916092293e-05,5.39220368958029e-09,0.010358827553553013,True,True,D:\PhD-Project\GP_RKHS_MINT\GP_RKHS_MINT\Tully_models\GP_MInt_QCLE_Reviewer_Ready_Pipeline_v4\output\fixed_pipeline\final_reviewer_closure\manufactured\manufactured_complete.csv
0.01,1e-06,600,125,on_support,density_relative_l1,0.00015276137921276436,0.00017568573230404973,-2.2924353091285362e-05,-13.04850017735728,True,True,D:\PhD-Project\GP_RKHS_MINT\GP_RKHS_MINT\Tully_models\GP_MInt_QCLE_Reviewer_Ready_Pipeline_v4\output\fixed_pipeline\final_reviewer_closure\manufactured\manufactured_complete.csv
0.01,1e-06,600,125,on_support,density_relative_l2,0.00019271469494562058,0.00021987904259060788,-2.71643476449873e-05,-12.354223178770392,True,True,D:\PhD-Project\GP_RKHS_MINT\GP_RKHS_MINT\Tully_models\GP_MInt_QCLE_Reviewer_Ready_Pipeline_v4\output\fixed_pipeline\final_reviewer_closure\manufactured\manufactured_complete.csv
0.01,1e-06,600,125,on_support,density_relative_linf,0.00022570102959187165,0.0002855745016590992,-5.987347206722757e-05,-20.965972703928845,True,True,D:\PhD-Project\GP_RKHS_MINT\GP_RKHS_MINT\Tully_models\GP_MInt_QCLE_Reviewer_Ready_Pipeline_v4\output\fixed_pipeline\final_reviewer_closure\manufactured\manufactured_complete.csv
0.01,1e-06,600,125,on_support,density_mae,1.4869385907827695e-06,1.7100781399006545e-06,-2.23139549117885e-07,-13.04850017735728,True,True,D:\PhD-Project\GP_RKHS_MINT\GP_RKHS_MINT\Tully_models\GP_MInt_QCLE_Reviewer_Ready_Pipeline_v4\output\fixed_pipeline\final_reviewer_closure\manufactured\manufactured_complete.csv
0.01,1e-06,600,125,on_support,density_rmse,2.9236548007758267e-06,3.335762322854622e-06,-4.1210752207879546e-07,-12.354223178770395,True,True,D:\PhD-Project\GP_RKHS_MINT\GP_RKHS_MINT\Tully_models\GP_MInt_QCLE_Reviewer_Ready_Pipeline_v4\output\fixed_pipeline\final_reviewer_closure\manufactured\manufactured_complete.csv
0.01,1e-06,600,125,on_support,density_linf,1.9560148621845797e-05,2.4749021770801433e-05,-5.188873148955636e-06,-20.96597270392885,True,True,D:\PhD-Project\GP_RKHS_MINT\GP_RKHS_MINT\Tully_models\GP_MInt_QCLE_Reviewer_Ready_Pipeline_v4\output\fixed_pipeline\final_reviewer_closure\manufactured\manufactured_complete.csv
0.01,1e-06,600,125,on_support,gradient_relative_l1,0.0038450736299389617,0.0041821535392083725,-0.00033707990926941074,-8.059960164284536,True,True,D:\PhD-Project\GP_RKHS_MINT\GP_RKHS_MINT\Tully_models\GP_MInt_QCLE_Reviewer_Ready_Pipeline_v4\output\fixed_pipeline\final_reviewer_closure\manufactured\manufactured_complete.csv
0.01,1e-06,600,125,on_support,gradient_relative_l2,0.007032814669518317,0.00749482877770721,-0.0004620141081888929,-6.1644384667348,True,True,D:\PhD-Project\GP_RKHS_MINT\GP_RKHS_MINT\Tully_models\GP_MInt_QCLE_Reviewer_Ready_Pipeline_v4\output\fixed_pipeline\final_reviewer_closure\manufactured\manufactured_complete.csv
0.01,1e-06,600,125,on_support,gradient_relative_linf,0.02653067401801288,0.02681367101176051,-0.00028299699374762996,-1.0554205488070139,True,True,D:\PhD-Project\GP_RKHS_MINT\GP_RKHS_MINT\Tully_models\GP_MInt_QCLE_Reviewer_Ready_Pipeline_v4\output\fixed_pipeline\final_reviewer_closure\manufactured\manufactured_complete.csv
0.01,1e-06,600,125,on_support,gradient_mae,4.167845016925688e-05,4.533220808227915e-05,-3.6537579130222666e-06,-8.05996016428452,True,True,D:\PhD-Project\GP_RKHS_MINT\GP_RKHS_MINT\Tully_models\GP_MInt_QCLE_Reviewer_Ready_Pipeline_v4\output\fixed_pipeline\final_reviewer_closure\manufactured\manufactured_complete.csv
0.01,1e-06,600,125,on_support,gradient_rmse,0.00014632086123576667,0.00015593327182668925,-9.612410590922578e-06,-6.164438466734805,True,True,D:\PhD-Project\GP_RKHS_MINT\GP_RKHS_MINT\Tully_models\GP_MInt_QCLE_Reviewer_Ready_Pipeline_v4\output\fixed_pipeline\final_reviewer_closure\manufactured\manufactured_complete.csv
0.01,1e-06,600,125,on_support,gradient_linf,0.00489027902262129,0.004942442577193983,-5.216355457269249e-05,-1.0554205488070187,True,True,D:\PhD-Project\GP_RKHS_MINT\GP_RKHS_MINT\Tully_models\GP_MInt_QCLE_Reviewer_Ready_Pipeline_v4\output\fixed_pipeline\final_reviewer_closure\manufactured\manufactured_complete.csv
0.01,1e-06,600,125,on_support,Q_relative_l1,0.02346269802425681,0.02349861558337217,-3.591755911536154e-05,-0.1528496816671069,True,True,D:\PhD-Project\GP_RKHS_MINT\GP_RKHS_MINT\Tully_models\GP_MInt_QCLE_Reviewer_Ready_Pipeline_v4\output\fixed_pipeline\final_reviewer_closure\manufactured\manufactured_complete.csv
0.01,1e-06,600,125,on_support,Q_relative_l2,0.031793862674549596,0.031867654794425396,-7.379211987579987e-05,-0.23155804953902134,True,True,D:\PhD-Project\GP_RKHS_MINT\GP_RKHS_MINT\Tully_models\GP_MInt_QCLE_Reviewer_Ready_Pipeline_v4\output\fixed_pipeline\final_reviewer_closure\manufactured\manufactured_complete.csv
0.01,1e-06,600,125,on_support,Q_relative_linf,0.07934014498579503,0.07749029191826479,0.0018498530675302438,2.387206218659535,True,True,D:\PhD-Project\GP_RKHS_MINT\GP_RKHS_MINT\Tully_models\GP_MInt_QCLE_Reviewer_Ready_Pipeline_v4\output\fixed_pipeline\final_reviewer_closure\manufactured\manufactured_complete.csv
0.01,1e-06,600,125,on_support,Q_mae,2.1921218867902683e-06,2.1954776674159863e-06,-3.355780625717998e-09,-0.1528496816671178,True,True,D:\PhD-Project\GP_RKHS_MINT\GP_RKHS_MINT\Tully_models\GP_MInt_QCLE_Reviewer_Ready_Pipeline_v4\output\fixed_pipeline\final_reviewer_closure\manufactured\manufactured_complete.csv
0.01,1e-06,600,125,on_support,Q_rmse,5.140768967759302e-06,5.1527004604440945e-06,-1.1931492684792403e-08,-0.23155804953901912,True,True,D:\PhD-Project\GP_RKHS_MINT\GP_RKHS_MINT\Tully_models\GP_MInt_QCLE_Reviewer_Ready_Pipeline_v4\output\fixed_pipeline\final_reviewer_closure\manufactured\manufactured_complete.csv
0.01,1e-06,600,125,on_support,Q_linf,6.570019318089629e-05,6.41683620515888e-05,1.53183112930749e-06,2.3872062186595304,True,True,D:\PhD-Project\GP_RKHS_MINT\GP_RKHS_MINT\Tully_models\GP_MInt_QCLE_Reviewer_Ready_Pipeline_v4\output\fixed_pipeline\final_reviewer_closure\manufactured\manufactured_complete.csv
0.01,1e-06,600,125,off_support,density_relative_l1,0.0027820703895879884,0.0030879888299929536,-0.0003059184404049652,-9.906721081166062,True,True,D:\PhD-Project\GP_RKHS_MINT\GP_RKHS_MINT\Tully_models\GP_MInt_QCLE_Reviewer_Ready_Pipeline_v4\output\fixed_pipeline\final_reviewer_closure\manufactured\manufactured_complete.csv
0.01,1e-06,600,125,off_support,density_relative_l2,0.004539233835823754,0.004989346277079067,-0.0004501124412553126,-9.021471276169345,True,True,D:\PhD-Project\GP_RKHS_MINT\GP_RKHS_MINT\Tully_models\GP_MInt_QCLE_Reviewer_Ready_Pipeline_v4\output\fixed_pipeline\final_reviewer_closure\manufactured\manufactured_complete.csv
0.01,1e-06,600,125,off_support,density_relative_linf,0.010443488441776021,0.011405111245104295,-0.0009616228033282742,-8.43150744137683,True,True,D:\PhD-Project\GP_RKHS_MINT\GP_RKHS_MINT\Tully_models\GP_MInt_QCLE_Reviewer_Ready_Pipeline_v4\output\fixed_pipeline\final_reviewer_closure\manufactured\manufactured_complete.csv
0.01,1e-06,600,125,off_support,density_mae,2.6427051696516872e-05,2.9332989112678765e-05,-2.905937416161893e-06,-9.906721081166063,True,True,D:\PhD-Project\GP_RKHS_MINT\GP_RKHS_MINT\Tully_models\GP_MInt_QCLE_Reviewer_Ready_Pipeline_v4\output\fixed_pipeline\final_reviewer_closure\manufactured\manufactured_complete.csv
0.01,1e-06,600,125,off_support,density_rmse,6.6264956336702e-05,7.283581880935027e-05,-6.570862472648272e-06,-9.02147127616933,True,True,D:\PhD-Project\GP_RKHS_MINT\GP_RKHS_MINT\Tully_models\GP_MInt_QCLE_Reviewer_Ready_Pipeline_v4\output\fixed_pipeline\final_reviewer_closure\manufactured\manufactured_complete.csv
0.01,1e-06,600,125,off_support,density_linf,0.0008294095839010126,0.0009057805373065582,-7.637095340554557e-05,-8.431507441376839,True,True,D:\PhD-Project\GP_RKHS_MINT\GP_RKHS_MINT\Tully_models\GP_MInt_QCLE_Reviewer_Ready_Pipeline_v4\output\fixed_pipeline\final_reviewer_closure\manufactured\manufactured_complete.csv
0.01,1e-06,600,125,off_support,gradient_relative_l1,0.005309437069499695,0.005921925031942772,-0.0006124879624430767,-10.342717260676658,True,True,D:\PhD-Project\GP_RKHS_MINT\GP_RKHS_MINT\Tully_models\GP_MInt_QCLE_Reviewer_Ready_Pipeline_v4\output\fixed_pipeline\final_reviewer_closure\manufactured\manufactured_complete.csv
0.01,1e-06,600,125,off_support,gradient_relative_l2,0.008971380389595494,0.010042316333772797,-0.0010709359441773026,-10.664232320343196,True,True,D:\PhD-Project\GP_RKHS_MINT\GP_RKHS_MINT\Tully_models\GP_MInt_QCLE_Reviewer_Ready_Pipeline_v4\output\fixed_pipeline\final_reviewer_closure\manufactured\manufactured_complete.csv
0.01,1e-06,600,125,off_support,gradient_relative_linf,0.038388343435419824,0.04444502510586684,-0.006056681670447019,-13.6273557187113,True,True,D:\PhD-Project\GP_RKHS_MINT\GP_RKHS_MINT\Tully_models\GP_MInt_QCLE_Reviewer_Ready_Pipeline_v4\output\fixed_pipeline\final_reviewer_closure\manufactured\manufactured_complete.csv
0.01,1e-06,600,125,off_support,gradient_mae,5.5430915810096645e-05,6.182533545128829e-05,-6.394419641191642e-06,-10.342717260676663,True,True,D:\PhD-Project\GP_RKHS_MINT\GP_RKHS_MINT\Tully_models\GP_MInt_QCLE_Reviewer_Ready_Pipeline_v4\output\fixed_pipeline\final_reviewer_closure\manufactured\manufactured_complete.csv
0.01,1e-06,600,125,off_support,gradient_rmse,0.00017584869270655855,0.0001968401876134571,-2.0991494906898547e-05,-10.664232320343233,True,True,D:\PhD-Project\GP_RKHS_MINT\GP_RKHS_MINT\Tully_models\GP_MInt_QCLE_Reviewer_Ready_Pipeline_v4\output\fixed_pipeline\final_reviewer_closure\manufactured\manufactured_complete.csv
0.01,1e-06,600,125,off_support,gradient_linf,0.006496764451218213,0.007521784825830135,-0.001025020374611922,-13.627355718711303,True,True,D:\PhD-Project\GP_RKHS_MINT\GP_RKHS_MINT\Tully_models\GP_MInt_QCLE_Reviewer_Ready_Pipeline_v4\output\fixed_pipeline\final_reviewer_closure\manufactured\manufactured_complete.csv
0.01,1e-06,600,125,off_support,Q_relative_l1,0.023775956200326936,0.024911520199320542,-0.0011355639989936057,-4.558389010015447,True,True,D:\PhD-Project\GP_RKHS_MINT\GP_RKHS_MINT\Tully_models\GP_MInt_QCLE_Reviewer_Ready_Pipeline_v4\output\fixed_pipeline\final_reviewer_closure\manufactured\manufactured_complete.csv
0.01,1e-06,600,125,off_support,Q_relative_l2,0.02429957184649351,0.025364258719906087,-0.001064686873412577,-4.197587184272812,True,True,D:\PhD-Project\GP_RKHS_MINT\GP_RKHS_MINT\Tully_models\GP_MInt_QCLE_Reviewer_Ready_Pipeline_v4\output\fixed_pipeline\final_reviewer_closure\manufactured\manufactured_complete.csv
0.01,1e-06,600,125,off_support,Q_relative_linf,0.03914043451186093,0.03900783319845767,0.00013260131340325776,0.3399350913151994,True,True,D:\PhD-Project\GP_RKHS_MINT\GP_RKHS_MINT\Tully_models\GP_MInt_QCLE_Reviewer_Ready_Pipeline_v4\output\fixed_pipeline\final_reviewer_closure\manufactured\manufactured_complete.csv
0.01,1e-06,600,125,off_support,Q_mae,2.0737831823410952e-06,2.172829189313154e-06,-9.904600697205887e-08,-4.558389010015461,True,True,D:\PhD-Project\GP_RKHS_MINT\GP_RKHS_MINT\Tully_models\GP_MInt_QCLE_Reviewer_Ready_Pipeline_v4\output\fixed_pipeline\final_reviewer_closure\manufactured\manufactured_complete.csv
0.01,1e-06,600,125,off_support,Q_rmse,3.928177266967718e-06,4.100290537069707e-06,-1.721132701019892e-07,-4.1975871842728205,True,True,D:\PhD-Project\GP_RKHS_MINT\GP_RKHS_MINT\Tully_models\GP_MInt_QCLE_Reviewer_Ready_Pipeline_v4\output\fixed_pipeline\final_reviewer_closure\manufactured\manufactured_complete.csv
0.01,1e-06,600,125,off_support,Q_linf,3.727809397715648e-05,3.7151801965220764e-05,1.2629201193571464e-07,0.3399350913151978,True,True,D:\PhD-Project\GP_RKHS_MINT\GP_RKHS_MINT\Tully_models\GP_MInt_QCLE_Reviewer_Ready_Pipeline_v4\output\fixed_pipeline\final_reviewer_closure\manufactured\manufactured_complete.csv
0.05,1e-06,1200,123,on_support,density_relative_l1,0.00894313925240333,0.008934996354744611,8.142897658719103e-06,0.09113487387597095,True,True,D:\PhD-Project\GP_RKHS_MINT\GP_RKHS_MINT\Tully_models\GP_MInt_QCLE_Reviewer_Ready_Pipeline_v4\output\fixed_pipeline\final_reviewer_closure\manufactured\manufactured_complete.csv
0.05,1e-06,1200,123,on_support,density_relative_l2,0.009740393872897107,0.009694502821452441,4.589105144466553e-05,0.4733718921935398,True,True,D:\PhD-Project\GP_RKHS_MINT\GP_RKHS_MINT\Tully_models\GP_MInt_QCLE_Reviewer_Ready_Pipeline_v4\output\fixed_pipeline\final_reviewer_closure\manufactured\manufactured_complete.csv
0.05,1e-06,1200,123,on_support,density_relative_linf,0.00928245839662933,0.00923152333319424,5.093506343509073e-05,0.5517514455273165,True,True,D:\PhD-Project\GP_RKHS_MINT\GP_RKHS_MINT\Tully_models\GP_MInt_QCLE_Reviewer_Ready_Pipeline_v4\output\fixed_pipeline\final_reviewer_closure\manufactured\manufactured_complete.csv
0.05,1e-06,1200,123,on_support,density_mae,8.121919685911893e-05,8.114524524221108e-05,7.395161690784344e-08,0.09113487387597964,True,True,D:\PhD-Project\GP_RKHS_MINT\GP_RKHS_MINT\Tully_models\GP_MInt_QCLE_Reviewer_Ready_Pipeline_v4\output\fixed_pipeline\final_reviewer_closure\manufactured\manufactured_complete.csv
0.05,1e-06,1200,123,on_support,density_rmse,0.0001407486959327565,0.00014008557021832392,6.631257144325742e-07,0.47337189219352865,True,True,D:\PhD-Project\GP_RKHS_MINT\GP_RKHS_MINT\Tully_models\GP_MInt_QCLE_Reviewer_Ready_Pipeline_v4\output\fixed_pipeline\final_reviewer_closure\manufactured\manufactured_complete.csv
0.05,1e-06,1200,123,on_support,density_linf,0.0008121948072983276,0.0008077381006519058,4.4567066464218374e-06,0.5517514455273235,True,True,D:\PhD-Project\GP_RKHS_MINT\GP_RKHS_MINT\Tully_models\GP_MInt_QCLE_Reviewer_Ready_Pipeline_v4\output\fixed_pipeline\final_reviewer_closure\manufactured\manufactured_complete.csv
0.05,1e-06,1200,123,on_support,gradient_relative_l1,0.013880319322041708,0.013857776593611381,2.254272843032687e-05,0.16267204394620827,True,True,D:\PhD-Project\GP_RKHS_MINT\GP_RKHS_MINT\Tully_models\GP_MInt_QCLE_Reviewer_Ready_Pipeline_v4\output\fixed_pipeline\final_reviewer_closure\manufactured\manufactured_complete.csv
0.05,1e-06,1200,123,on_support,gradient_relative_l2,0.012786116035425272,0.01273316666630034,5.294936912493206e-05,0.41583818473897866,True,True,D:\PhD-Project\GP_RKHS_MINT\GP_RKHS_MINT\Tully_models\GP_MInt_QCLE_Reviewer_Ready_Pipeline_v4\output\fixed_pipeline\final_reviewer_closure\manufactured\manufactured_complete.csv
0.05,1e-06,1200,123,on_support,gradient_relative_linf,0.01295093718795737,0.01290138053983117,4.955664812619949e-05,0.3841189551242242,True,True,D:\PhD-Project\GP_RKHS_MINT\GP_RKHS_MINT\Tully_models\GP_MInt_QCLE_Reviewer_Ready_Pipeline_v4\output\fixed_pipeline\final_reviewer_closure\manufactured\manufactured_complete.csv
0.05,1e-06,1200,123,on_support,gradient_mae,0.00014148667518560075,0.00014125688971588506,2.2978546971569162e-07,0.1626720439462225,True,True,D:\PhD-Project\GP_RKHS_MINT\GP_RKHS_MINT\Tully_models\GP_MInt_QCLE_Reviewer_Ready_Pipeline_v4\output\fixed_pipeline\final_reviewer_closure\manufactured\manufactured_complete.csv
0.05,1e-06,1200,123,on_support,gradient_rmse,0.00024951696014140115,0.0002484836701580431,1.0332899833580202e-06,0.4158381847389877,True,True,D:\PhD-Project\GP_RKHS_MINT\GP_RKHS_MINT\Tully_models\GP_MInt_QCLE_Reviewer_Ready_Pipeline_v4\output\fixed_pipeline\final_reviewer_closure\manufactured\manufactured_complete.csv
0.05,1e-06,1200,123,on_support,gradient_linf,0.002256764596631017,0.0022481291065969133,8.635490034103466e-06,0.38411895512421734,True,True,D:\PhD-Project\GP_RKHS_MINT\GP_RKHS_MINT\Tully_models\GP_MInt_QCLE_Reviewer_Ready_Pipeline_v4\output\fixed_pipeline\final_reviewer_closure\manufactured\manufactured_complete.csv
0.05,1e-06,1200,123,on_support,Q_relative_l1,0.025248790501756345,0.02524367906428308,5.111437473264563e-06,0.020248385586935553,True,True,D:\PhD-Project\GP_RKHS_MINT\GP_RKHS_MINT\Tully_models\GP_MInt_QCLE_Reviewer_Ready_Pipeline_v4\output\fixed_pipeline\final_reviewer_closure\manufactured\manufactured_complete.csv
0.05,1e-06,1200,123,on_support,Q_relative_l2,0.022827448913949458,0.022875730420702445,-4.828150675298751e-05,-0.21105995684095374,True,True,D:\PhD-Project\GP_RKHS_MINT\GP_RKHS_MINT\Tully_models\GP_MInt_QCLE_Reviewer_Ready_Pipeline_v4\output\fixed_pipeline\final_reviewer_closure\manufactured\manufactured_complete.csv
0.05,1e-06,1200,123,on_support,Q_relative_linf,0.02232648921039735,0.022241245544588645,8.524366580870552e-05,0.3832683994150028,True,True,D:\PhD-Project\GP_RKHS_MINT\GP_RKHS_MINT\Tully_models\GP_MInt_QCLE_Reviewer_Ready_Pipeline_v4\output\fixed_pipeline\final_reviewer_closure\manufactured\manufactured_complete.csv
0.05,1e-06,1200,123,on_support,Q_mae,2.236732809980793e-06,2.2362799993837145e-06,4.528105970785635e-10,0.020248385586927906,True,True,D:\PhD-Project\GP_RKHS_MINT\GP_RKHS_MINT\Tully_models\GP_MInt_QCLE_Reviewer_Ready_Pipeline_v4\output\fixed_pipeline\final_reviewer_closure\manufactured\manufactured_complete.csv
0.05,1e-06,1200,123,on_support,Q_rmse,3.757808623777796e-06,3.7657566280917826e-06,-7.94800431398667e-09,-0.21105995684097495,True,True,D:\PhD-Project\GP_RKHS_MINT\GP_RKHS_MINT\Tully_models\GP_MInt_QCLE_Reviewer_Ready_Pipeline_v4\output\fixed_pipeline\final_reviewer_closure\manufactured\manufactured_complete.csv
0.05,1e-06,1200,123,on_support,Q_linf,2.2639105940150395e-05,2.2552668687845123e-05,8.643725230527127e-08,0.38326839941499724,True,True,D:\PhD-Project\GP_RKHS_MINT\GP_RKHS_MINT\Tully_models\GP_MInt_QCLE_Reviewer_Ready_Pipeline_v4\output\fixed_pipeline\final_reviewer_closure\manufactured\manufactured_complete.csv
0.05,1e-06,1200,123,off_support,density_relative_l1,0.00985425298562998,0.009827372923657943,2.6880061972036837e-05,0.2735223561866374,True,True,D:\PhD-Project\GP_RKHS_MINT\GP_RKHS_MINT\Tully_models\GP_MInt_QCLE_Reviewer_Ready_Pipeline_v4\output\fixed_pipeline\final_reviewer_closure\manufactured\manufactured_complete.csv
0.05,1e-06,1200,123,off_support,density_relative_l2,0.010695893063282964,0.010625449790709568,7.044327257339604e-05,0.6629674410111898,True,True,D:\PhD-Project\GP_RKHS_MINT\GP_RKHS_MINT\Tully_models\GP_MInt_QCLE_Reviewer_Ready_Pipeline_v4\output\fixed_pipeline\final_reviewer_closure\manufactured\manufactured_complete.csv
0.05,1e-06,1200,123,off_support,density_relative_linf,0.012882847704888829,0.012803674981987577,7.917272290125163e-05,0.6183593617663142,True,True,D:\PhD-Project\GP_RKHS_MINT\GP_RKHS_MINT\Tully_models\GP_MInt_QCLE_Reviewer_Ready_Pipeline_v4\output\fixed_pipeline\final_reviewer_closure\manufactured\manufactured_complete.csv
0.05,1e-06,1200,123,off_support,density_mae,9.771071923213676e-05,9.744418759426202e-05,2.6653163787474215e-07,0.2735223561866268,True,True,D:\PhD-Project\GP_RKHS_MINT\GP_RKHS_MINT\Tully_models\GP_MInt_QCLE_Reviewer_Ready_Pipeline_v4\output\fixed_pipeline\final_reviewer_closure\manufactured\manufactured_complete.csv
0.05,1e-06,1200,123,off_support,density_rmse,0.00017225324433436714,0.0001711187825207995,1.1344618135676317e-06,0.6629674410111804,True,True,D:\PhD-Project\GP_RKHS_MINT\GP_RKHS_MINT\Tully_models\GP_MInt_QCLE_Reviewer_Ready_Pipeline_v4\output\fixed_pipeline\final_reviewer_closure\manufactured\manufactured_complete.csv
0.05,1e-06,1200,123,off_support,density_linf,0.0011277674718738126,0.001120836673373895,6.930798499917706e-06,0.6183593617663233,True,True,D:\PhD-Project\GP_RKHS_MINT\GP_RKHS_MINT\Tully_models\GP_MInt_QCLE_Reviewer_Ready_Pipeline_v4\output\fixed_pipeline\final_reviewer_closure\manufactured\manufactured_complete.csv
0.05,1e-06,1200,123,off_support,gradient_relative_l1,0.014809340473157571,0.014777736204865183,3.160426829238762e-05,0.2138640712911274,True,True,D:\PhD-Project\GP_RKHS_MINT\GP_RKHS_MINT\Tully_models\GP_MInt_QCLE_Reviewer_Ready_Pipeline_v4\output\fixed_pipeline\final_reviewer_closure\manufactured\manufactured_complete.csv
0.05,1e-06,1200,123,off_support,gradient_relative_l2,0.013667129103794053,0.013605976760067588,6.115234372646577e-05,0.44945206657961395,True,True,D:\PhD-Project\GP_RKHS_MINT\GP_RKHS_MINT\Tully_models\GP_MInt_QCLE_Reviewer_Ready_Pipeline_v4\output\fixed_pipeline\final_reviewer_closure\manufactured\manufactured_complete.csv
0.05,1e-06,1200,123,off_support,gradient_relative_linf,0.012190244783888183,0.01214219570523779,4.804907865039315e-05,0.395719850155818,True,True,D:\PhD-Project\GP_RKHS_MINT\GP_RKHS_MINT\Tully_models\GP_MInt_QCLE_Reviewer_Ready_Pipeline_v4\output\fixed_pipeline\final_reviewer_closure\manufactured\manufactured_complete.csv
0.05,1e-06,1200,123,off_support,gradient_mae,0.0001517481276726088,0.00015142428553064946,3.2384214195934746e-07,0.21386407129112672,True,True,D:\PhD-Project\GP_RKHS_MINT\GP_RKHS_MINT\Tully_models\GP_MInt_QCLE_Reviewer_Ready_Pipeline_v4\output\fixed_pipeline\final_reviewer_closure\manufactured\manufactured_complete.csv
0.05,1e-06,1200,123,off_support,gradient_rmse,0.0002679810711567427,0.0002667820138820869,1.199057274655789e-06,0.4494520665796277,True,True,D:\PhD-Project\GP_RKHS_MINT\GP_RKHS_MINT\Tully_models\GP_MInt_QCLE_Reviewer_Ready_Pipeline_v4\output\fixed_pipeline\final_reviewer_closure\manufactured\manufactured_complete.csv
0.05,1e-06,1200,123,off_support,gradient_linf,0.002111627543590615,0.0021033043507654448,8.323192825170078e-06,0.39571985015583033,True,True,D:\PhD-Project\GP_RKHS_MINT\GP_RKHS_MINT\Tully_models\GP_MInt_QCLE_Reviewer_Ready_Pipeline_v4\output\fixed_pipeline\final_reviewer_closure\manufactured\manufactured_complete.csv
0.05,1e-06,1200,123,off_support,Q_relative_l1,0.025748581947497025,0.025660307418284206,8.82745292128187e-05,0.3440119706045253,True,True,D:\PhD-Project\GP_RKHS_MINT\GP_RKHS_MINT\Tully_models\GP_MInt_QCLE_Reviewer_Ready_Pipeline_v4\output\fixed_pipeline\final_reviewer_closure\manufactured\manufactured_complete.csv
0.05,1e-06,1200,123,off_support,Q_relative_l2,0.02571546081614075,0.025654646356610702,6.081445953004874e-05,0.23705046908346114,True,True,D:\PhD-Project\GP_RKHS_MINT\GP_RKHS_MINT\Tully_models\GP_MInt_QCLE_Reviewer_Ready_Pipeline_v4\output\fixed_pipeline\final_reviewer_closure\manufactured\manufactured_complete.csv
0.05,1e-06,1200,123,off_support,Q_relative_linf,0.02642354651837947,0.026406468739927337,1.7077778452133374e-05,0.06467270811682323,True,True,D:\PhD-Project\GP_RKHS_MINT\GP_RKHS_MINT\Tully_models\GP_MInt_QCLE_Reviewer_Ready_Pipeline_v4\output\fixed_pipeline\final_reviewer_closure\manufactured\manufactured_complete.csv
0.05,1e-06,1200,123,off_support,Q_mae,2.265922697992329e-06,2.2581543766220194e-06,7.76832137030959e-09,0.3440119706045185,True,True,D:\PhD-Project\GP_RKHS_MINT\GP_RKHS_MINT\Tully_models\GP_MInt_QCLE_Reviewer_Ready_Pipeline_v4\output\fixed_pipeline\final_reviewer_closure\manufactured\manufactured_complete.csv
0.05,1e-06,1200,123,off_support,Q_rmse,4.075412152752363e-06,4.065774215901693e-06,9.637936850669527e-09,0.23705046908346483,True,True,D:\PhD-Project\GP_RKHS_MINT\GP_RKHS_MINT\Tully_models\GP_MInt_QCLE_Reviewer_Ready_Pipeline_v4\output\fixed_pipeline\final_reviewer_closure\manufactured\manufactured_complete.csv
0.05,1e-06,1200,123,off_support,Q_linf,2.4372186596378204e-05,2.4356434630501953e-05,1.5751965876250554e-08,0.06467270811682804,True,True,D:\PhD-Project\GP_RKHS_MINT\GP_RKHS_MINT\Tully_models\GP_MInt_QCLE_Reviewer_Ready_Pipeline_v4\output\fixed_pipeline\final_reviewer_closure\manufactured\manufactured_complete.csv
0.05,1e-06,1200,124,on_support,density_relative_l1,0.006913315927558578,0.006903103048175933,1.021287938264559e-05,0.14794621073119035,True,True,D:\PhD-Project\GP_RKHS_MINT\GP_RKHS_MINT\Tully_models\GP_MInt_QCLE_Reviewer_Ready_Pipeline_v4\output\fixed_pipeline\final_reviewer_closure\manufactured\manufactured_complete.csv
0.05,1e-06,1200,124,on_support,density_relative_l2,0.007773885065562405,0.007837288036928847,-6.340297136644187e-05,-0.808991210578082,True,True,D:\PhD-Project\GP_RKHS_MINT\GP_RKHS_MINT\Tully_models\GP_MInt_QCLE_Reviewer_Ready_Pipeline_v4\output\fixed_pipeline\final_reviewer_closure\manufactured\manufactured_complete.csv
0.05,1e-06,1200,124,on_support,density_relative_linf,0.008791994758033274,0.009240736641756042,-0.0004487418837227676,-4.85612674746125,True,True,D:\PhD-Project\GP_RKHS_MINT\GP_RKHS_MINT\Tully_models\GP_MInt_QCLE_Reviewer_Ready_Pipeline_v4\output\fixed_pipeline\final_reviewer_closure\manufactured\manufactured_complete.csv
0.05,1e-06,1200,124,on_support,density_mae,6.163491214209902e-05,6.154386033279896e-05,9.105180930006466e-08,0.14794621073117808,True,True,D:\PhD-Project\GP_RKHS_MINT\GP_RKHS_MINT\Tully_models\GP_MInt_QCLE_Reviewer_Ready_Pipeline_v4\output\fixed_pipeline\final_reviewer_closure\manufactured\manufactured_complete.csv
0.05,1e-06,1200,124,on_support,density_rmse,0.00010586268203622247,0.00010672608669699509,-8.634046607726182e-07,-0.8089912105780672,True,True,D:\PhD-Project\GP_RKHS_MINT\GP_RKHS_MINT\Tully_models\GP_MInt_QCLE_Reviewer_Ready_Pipeline_v4\output\fixed_pipeline\final_reviewer_closure\manufactured\manufactured_complete.csv
0.05,1e-06,1200,124,on_support,density_linf,0.000674871018817318,0.0007093163182730847,-3.444529945576674e-05,-4.856126747461265,True,True,D:\PhD-Project\GP_RKHS_MINT\GP_RKHS_MINT\Tully_models\GP_MInt_QCLE_Reviewer_Ready_Pipeline_v4\output\fixed_pipeline\final_reviewer_closure\manufactured\manufactured_complete.csv
0.05,1e-06,1200,124,on_support,gradient_relative_l1,0.01123847593850964,0.011367360050862517,-0.00012888411235287799,-1.133808657209716,True,True,D:\PhD-Project\GP_RKHS_MINT\GP_RKHS_MINT\Tully_models\GP_MInt_QCLE_Reviewer_Ready_Pipeline_v4\output\fixed_pipeline\final_reviewer_closure\manufactured\manufactured_complete.csv
0.05,1e-06,1200,124,on_support,gradient_relative_l2,0.010202905131855285,0.01033527559735558,-0.00013237046550029427,-1.2807637711582944,True,True,D:\PhD-Project\GP_RKHS_MINT\GP_RKHS_MINT\Tully_models\GP_MInt_QCLE_Reviewer_Ready_Pipeline_v4\output\fixed_pipeline\final_reviewer_closure\manufactured\manufactured_complete.csv
0.05,1e-06,1200,124,on_support,gradient_relative_linf,0.011670448961831482,0.012252025846957115,-0.0005815768851256328,-4.746781408970598,True,True,D:\PhD-Project\GP_RKHS_MINT\GP_RKHS_MINT\Tully_models\GP_MInt_QCLE_Reviewer_Ready_Pipeline_v4\output\fixed_pipeline\final_reviewer_closure\manufactured\manufactured_complete.csv
0.05,1e-06,1200,124,on_support,gradient_mae,0.00011662198319684246,0.00011795941728197968,-1.3374340851372244e-06,-1.1338086572097201,True,True,D:\PhD-Project\GP_RKHS_MINT\GP_RKHS_MINT\Tully_models\GP_MInt_QCLE_Reviewer_Ready_Pipeline_v4\output\fixed_pipeline\final_reviewer_closure\manufactured\manufactured_complete.csv
0.05,1e-06,1200,124,on_support,gradient_rmse,0.00020535016643845197,0.00020801433872769077,-2.6641722892387977e-06,-1.2807637711583122,True,True,D:\PhD-Project\GP_RKHS_MINT\GP_RKHS_MINT\Tully_models\GP_MInt_QCLE_Reviewer_Ready_Pipeline_v4\output\fixed_pipeline\final_reviewer_closure\manufactured\manufactured_complete.csv
0.05,1e-06,1200,124,on_support,gradient_linf,0.0019985017466923674,0.0020980936668113584,-9.959192011899098e-05,-4.746781408970594,True,True,D:\PhD-Project\GP_RKHS_MINT\GP_RKHS_MINT\Tully_models\GP_MInt_QCLE_Reviewer_Ready_Pipeline_v4\output\fixed_pipeline\final_reviewer_closure\manufactured\manufactured_complete.csv
0.05,1e-06,1200,124,on_support,Q_relative_l1,0.023914978865878636,0.024455261077514365,-0.0005402822116357293,-2.209267813266149,True,True,D:\PhD-Project\GP_RKHS_MINT\GP_RKHS_MINT\Tully_models\GP_MInt_QCLE_Reviewer_Ready_Pipeline_v4\output\fixed_pipeline\final_reviewer_closure\manufactured\manufactured_complete.csv
0.05,1e-06,1200,124,on_support,Q_relative_l2,0.024277376808716927,0.024579956664812535,-0.00030257985609560833,-1.2310023985061247,True,True,D:\PhD-Project\GP_RKHS_MINT\GP_RKHS_MINT\Tully_models\GP_MInt_QCLE_Reviewer_Ready_Pipeline_v4\output\fixed_pipeline\final_reviewer_closure\manufactured\manufactured_complete.csv
0.05,1e-06,1200,124,on_support,Q_relative_linf,0.03381528453502786,0.03131177412631631,0.002503510408711551,7.995428169007675,True,True,D:\PhD-Project\GP_RKHS_MINT\GP_RKHS_MINT\Tully_models\GP_MInt_QCLE_Reviewer_Ready_Pipeline_v4\output\fixed_pipeline\final_reviewer_closure\manufactured\manufactured_complete.csv
0.05,1e-06,1200,124,on_support,Q_mae,1.956326966059765e-06,2.000523896604138e-06,-4.419693054437285e-08,-2.209267813266142,True,True,D:\PhD-Project\GP_RKHS_MINT\GP_RKHS_MINT\Tully_models\GP_MInt_QCLE_Reviewer_Ready_Pipeline_v4\output\fixed_pipeline\final_reviewer_closure\manufactured\manufactured_complete.csv
0.05,1e-06,1200,124,on_support,Q_rmse,3.4543348354270934e-06,3.4973877626706286e-06,-4.305292724353519e-08,-1.2310023985061265,True,True,D:\PhD-Project\GP_RKHS_MINT\GP_RKHS_MINT\Tully_models\GP_MInt_QCLE_Reviewer_Ready_Pipeline_v4\output\fixed_pipeline\final_reviewer_closure\manufactured\manufactured_complete.csv
0.05,1e-06,1200,124,on_support,Q_linf,3.115432151266234e-05,2.8847815172237956e-05,2.3065063404243834e-06,7.995428169007675,True,True,D:\PhD-Project\GP_RKHS_MINT\GP_RKHS_MINT\Tully_models\GP_MInt_QCLE_Reviewer_Ready_Pipeline_v4\output\fixed_pipeline\final_reviewer_closure\manufactured\manufactured_complete.csv
0.05,1e-06,1200,124,off_support,density_relative_l1,0.007541941515900407,0.007603475875259745,-6.153435935933767e-05,-0.8092924916031982,True,True,D:\PhD-Project\GP_RKHS_MINT\GP_RKHS_MINT\Tully_models\GP_MInt_QCLE_Reviewer_Ready_Pipeline_v4\output\fixed_pipeline\final_reviewer_closure\manufactured\manufactured_complete.csv
0.05,1e-06,1200,124,off_support,density_relative_l2,0.008044298315038407,0.008275860694046932,-0.00023156237900852535,-2.7980458778758193,True,True,D:\PhD-Project\GP_RKHS_MINT\GP_RKHS_MINT\Tully_models\GP_MInt_QCLE_Reviewer_Ready_Pipeline_v4\output\fixed_pipeline\final_reviewer_closure\manufactured\manufactured_complete.csv
0.05,1e-06,1200,124,off_support,density_relative_linf,0.012629610704085565,0.013012861741006129,-0.0003832510369205632,-2.9451710511367577,True,True,D:\PhD-Project\GP_RKHS_MINT\GP_RKHS_MINT\Tully_models\GP_MInt_QCLE_Reviewer_Ready_Pipeline_v4\output\fixed_pipeline\final_reviewer_closure\manufactured\manufactured_complete.csv
0.05,1e-06,1200,124,off_support,density_mae,7.11387403644364e-05,7.17191581261927e-05,-5.804177617562979e-07,-0.8092924916031917,True,True,D:\PhD-Project\GP_RKHS_MINT\GP_RKHS_MINT\Tully_models\GP_MInt_QCLE_Reviewer_Ready_Pipeline_v4\output\fixed_pipeline\final_reviewer_closure\manufactured\manufactured_complete.csv
0.05,1e-06,1200,124,off_support,density_rmse,0.00011695765410632715,0.0001203243856181965,-3.366731511869343e-06,-2.7980458778758117,True,True,D:\PhD-Project\GP_RKHS_MINT\GP_RKHS_MINT\Tully_models\GP_MInt_QCLE_Reviewer_Ready_Pipeline_v4\output\fixed_pipeline\final_reviewer_closure\manufactured\manufactured_complete.csv
0.05,1e-06,1200,124,off_support,density_linf,0.0010055230471605983,0.0010360360819247783,-3.0513034764180057e-05,-2.945171051136756,True,True,D:\PhD-Project\GP_RKHS_MINT\GP_RKHS_MINT\Tully_models\GP_MInt_QCLE_Reviewer_Ready_Pipeline_v4\output\fixed_pipeline\final_reviewer_closure\manufactured\manufactured_complete.csv
0.05,1e-06,1200,124,off_support,gradient_relative_l1,0.011811621504119666,0.011933248155465634,-0.00012162665134596816,-1.0192250237439422,True,True,D:\PhD-Project\GP_RKHS_MINT\GP_RKHS_MINT\Tully_models\GP_MInt_QCLE_Reviewer_Ready_Pipeline_v4\output\fixed_pipeline\final_reviewer_closure\manufactured\manufactured_complete.csv
0.05,1e-06,1200,124,off_support,gradient_relative_l2,0.010853434912318742,0.011270237751139807,-0.00041680283882106553,-3.698261279172327,True,True,D:\PhD-Project\GP_RKHS_MINT\GP_RKHS_MINT\Tully_models\GP_MInt_QCLE_Reviewer_Ready_Pipeline_v4\output\fixed_pipeline\final_reviewer_closure\manufactured\manufactured_complete.csv
0.05,1e-06,1200,124,off_support,gradient_relative_linf,0.014753898552102252,0.02445873301068701,-0.009704834458584758,-39.67840220646067,True,True,D:\PhD-Project\GP_RKHS_MINT\GP_RKHS_MINT\Tully_models\GP_MInt_QCLE_Reviewer_Ready_Pipeline_v4\output\fixed_pipeline\final_reviewer_closure\manufactured\manufactured_complete.csv
0.05,1e-06,1200,124,off_support,gradient_mae,0.0001273421713298436,0.0001286534393778903,-1.3112680480466916e-06,-1.019225023743935,True,True,D:\PhD-Project\GP_RKHS_MINT\GP_RKHS_MINT\Tully_models\GP_MInt_QCLE_Reviewer_Ready_Pipeline_v4\output\fixed_pipeline\final_reviewer_closure\manufactured\manufactured_complete.csv
0.05,1e-06,1200,124,off_support,gradient_rmse,0.00022203868944424549,0.00023056560804984099,-8.5269186055955e-06,-3.6982612791723257,True,True,D:\PhD-Project\GP_RKHS_MINT\GP_RKHS_MINT\Tully_models\GP_MInt_QCLE_Reviewer_Ready_Pipeline_v4\output\fixed_pipeline\final_reviewer_closure\manufactured\manufactured_complete.csv
0.05,1e-06,1200,124,off_support,gradient_linf,0.0024748176058483518,0.004102705658293113,-0.0016278880524447609,-39.67840220646066,True,True,D:\PhD-Project\GP_RKHS_MINT\GP_RKHS_MINT\Tully_models\GP_MInt_QCLE_Reviewer_Ready_Pipeline_v4\output\fixed_pipeline\final_reviewer_closure\manufactured\manufactured_complete.csv
0.05,1e-06,1200,124,off_support,Q_relative_l1,0.02376190794650871,0.02434323511015269,-0.0005813271636439798,-2.388043992565019,True,True,D:\PhD-Project\GP_RKHS_MINT\GP_RKHS_MINT\Tully_models\GP_MInt_QCLE_Reviewer_Ready_Pipeline_v4\output\fixed_pipeline\final_reviewer_closure\manufactured\manufactured_complete.csv
0.05,1e-06,1200,124,off_support,Q_relative_l2,0.023722587304185375,0.023906782468792014,-0.00018419516460663893,-0.7704724165499387,True,True,D:\PhD-Project\GP_RKHS_MINT\GP_RKHS_MINT\Tully_models\GP_MInt_QCLE_Reviewer_Ready_Pipeline_v4\output\fixed_pipeline\final_reviewer_closure\manufactured\manufactured_complete.csv
0.05,1e-06,1200,124,off_support,Q_relative_linf,0.026456569938235155,0.026224735509822492,0.0002318344284126632,0.8840296151922273,True,True,D:\PhD-Project\GP_RKHS_MINT\GP_RKHS_MINT\Tully_models\GP_MInt_QCLE_Reviewer_Ready_Pipeline_v4\output\fixed_pipeline\final_reviewer_closure\manufactured\manufactured_complete.csv
0.05,1e-06,1200,124,off_support,Q_mae,2.1217036616632026e-06,2.1736104350798944e-06,-5.1906773416691704e-08,-2.388043992565015,True,True,D:\PhD-Project\GP_RKHS_MINT\GP_RKHS_MINT\Tully_models\GP_MInt_QCLE_Reviewer_Ready_Pipeline_v4\output\fixed_pipeline\final_reviewer_closure\manufactured\manufactured_complete.csv
0.05,1e-06,1200,124,off_support,Q_rmse,3.7656461007454097e-06,3.7948846401375603e-06,-2.9238539392150642e-08,-0.7704724165499476,True,True,D:\PhD-Project\GP_RKHS_MINT\GP_RKHS_MINT\Tully_models\GP_MInt_QCLE_Reviewer_Ready_Pipeline_v4\output\fixed_pipeline\final_reviewer_closure\manufactured\manufactured_complete.csv
0.05,1e-06,1200,124,off_support,Q_linf,2.5941909289574436e-05,2.571458474500489e-05,2.2732454456954624e-07,0.8840296151922286,True,True,D:\PhD-Project\GP_RKHS_MINT\GP_RKHS_MINT\Tully_models\GP_MInt_QCLE_Reviewer_Ready_Pipeline_v4\output\fixed_pipeline\final_reviewer_closure\manufactured\manufactured_complete.csv
0.05,1e-06,1200,125,on_support,density_relative_l1,0.004571641676496748,0.004540017248001642,3.162442849510578e-05,0.6965706685150976,True,True,D:\PhD-Project\GP_RKHS_MINT\GP_RKHS_MINT\Tully_models\GP_MInt_QCLE_Reviewer_Ready_Pipeline_v4\output\fixed_pipeline\final_reviewer_closure\manufactured\manufactured_complete.csv
0.05,1e-06,1200,125,on_support,density_relative_l2,0.005419906700543494,0.005377024806127608,4.288189441588666e-05,0.7975022612322498,True,True,D:\PhD-Project\GP_RKHS_MINT\GP_RKHS_MINT\Tully_models\GP_MInt_QCLE_Reviewer_Ready_Pipeline_v4\output\fixed_pipeline\final_reviewer_closure\manufactured\manufactured_complete.csv
0.05,1e-06,1200,125,on_support,density_relative_linf,0.00871958968052177,0.008819020351222735,-9.943067070096456e-05,-1.1274570954718202,True,True,D:\PhD-Project\GP_RKHS_MINT\GP_RKHS_MINT\Tully_models\GP_MInt_QCLE_Reviewer_Ready_Pipeline_v4\output\fixed_pipeline\final_reviewer_closure\manufactured\manufactured_complete.csv
0.05,1e-06,1200,125,on_support,density_mae,4.314006246633258e-05,4.2841640167018346e-05,2.9842229931423405e-07,0.6965706685151017,True,True,D:\PhD-Project\GP_RKHS_MINT\GP_RKHS_MINT\Tully_models\GP_MInt_QCLE_Reviewer_Ready_Pipeline_v4\output\fixed_pipeline\final_reviewer_closure\manufactured\manufactured_complete.csv
0.05,1e-06,1200,125,on_support,density_rmse,7.867237323646559e-05,7.804992333299493e-05,6.224499034706611e-07,0.797502261232236,True,True,D:\PhD-Project\GP_RKHS_MINT\GP_RKHS_MINT\Tully_models\GP_MInt_QCLE_Reviewer_Ready_Pipeline_v4\output\fixed_pipeline\final_reviewer_closure\manufactured\manufactured_complete.csv
0.05,1e-06,1200,125,on_support,density_linf,0.0006510190555100584,0.0006584427146156093,-7.423659105550845e-06,-1.1274570954718035,True,True,D:\PhD-Project\GP_RKHS_MINT\GP_RKHS_MINT\Tully_models\GP_MInt_QCLE_Reviewer_Ready_Pipeline_v4\output\fixed_pipeline\final_reviewer_closure\manufactured\manufactured_complete.csv
0.05,1e-06,1200,125,on_support,gradient_relative_l1,0.008060593243093678,0.007957935597352457,0.0001026576457412217,1.2900034749637217,True,True,D:\PhD-Project\GP_RKHS_MINT\GP_RKHS_MINT\Tully_models\GP_MInt_QCLE_Reviewer_Ready_Pipeline_v4\output\fixed_pipeline\final_reviewer_closure\manufactured\manufactured_complete.csv
0.05,1e-06,1200,125,on_support,gradient_relative_l2,0.007534976207524574,0.007457843030345916,7.713317717865723e-05,1.0342558413311036,True,True,D:\PhD-Project\GP_RKHS_MINT\GP_RKHS_MINT\Tully_models\GP_MInt_QCLE_Reviewer_Ready_Pipeline_v4\output\fixed_pipeline\final_reviewer_closure\manufactured\manufactured_complete.csv
0.05,1e-06,1200,125,on_support,gradient_relative_linf,0.011565343731081586,0.011725427589104357,-0.000160083858022771,-1.3652709618157213,True,True,D:\PhD-Project\GP_RKHS_MINT\GP_RKHS_MINT\Tully_models\GP_MInt_QCLE_Reviewer_Ready_Pipeline_v4\output\fixed_pipeline\final_reviewer_closure\manufactured\manufactured_complete.csv
0.05,1e-06,1200,125,on_support,gradient_mae,8.779210895909996e-05,8.667401120269474e-05,1.1180977564052234e-06,1.29000347496374,True,True,D:\PhD-Project\GP_RKHS_MINT\GP_RKHS_MINT\Tully_models\GP_MInt_QCLE_Reviewer_Ready_Pipeline_v4\output\fixed_pipeline\final_reviewer_closure\manufactured\manufactured_complete.csv
0.05,1e-06,1200,125,on_support,gradient_rmse,0.0001573678419212726,0.00015575691690985526,1.6109250114173504e-06,1.0342558413310643,True,True,D:\PhD-Project\GP_RKHS_MINT\GP_RKHS_MINT\Tully_models\GP_MInt_QCLE_Reviewer_Ready_Pipeline_v4\output\fixed_pipeline\final_reviewer_closure\manufactured\manufactured_complete.csv
0.05,1e-06,1200,125,on_support,gradient_linf,0.001930958257025767,0.0019576859751682784,-2.672771814251143e-05,-1.365270961815721,True,True,D:\PhD-Project\GP_RKHS_MINT\GP_RKHS_MINT\Tully_models\GP_MInt_QCLE_Reviewer_Ready_Pipeline_v4\output\fixed_pipeline\final_reviewer_closure\manufactured\manufactured_complete.csv
0.05,1e-06,1200,125,on_support,Q_relative_l1,0.01840562791825949,0.01782804547334713,0.0005775824449123605,3.2397406983050634,True,True,D:\PhD-Project\GP_RKHS_MINT\GP_RKHS_MINT\Tully_models\GP_MInt_QCLE_Reviewer_Ready_Pipeline_v4\output\fixed_pipeline\final_reviewer_closure\manufactured\manufactured_complete.csv
0.05,1e-06,1200,125,on_support,Q_relative_l2,0.01851022769970646,0.0178369172484192,0.0006733104512872609,3.774814010234494,True,True,D:\PhD-Project\GP_RKHS_MINT\GP_RKHS_MINT\Tully_models\GP_MInt_QCLE_Reviewer_Ready_Pipeline_v4\output\fixed_pipeline\final_reviewer_closure\manufactured\manufactured_complete.csv
0.05,1e-06,1200,125,on_support,Q_relative_linf,0.03187988023737184,0.030887812598185543,0.0009920676391862934,3.2118416803803416,True,True,D:\PhD-Project\GP_RKHS_MINT\GP_RKHS_MINT\Tully_models\GP_MInt_QCLE_Reviewer_Ready_Pipeline_v4\output\fixed_pipeline\final_reviewer_closure\manufactured\manufactured_complete.csv
0.05,1e-06,1200,125,on_support,Q_mae,1.6522890274275216e-06,1.6004389552429864e-06,5.185007218453526e-08,3.2397406983050554,True,True,D:\PhD-Project\GP_RKHS_MINT\GP_RKHS_MINT\Tully_models\GP_MInt_QCLE_Reviewer_Ready_Pipeline_v4\output\fixed_pipeline\final_reviewer_closure\manufactured\manufactured_complete.csv
0.05,1e-06,1200,125,on_support,Q_rmse,2.9101437694578304e-06,2.8042871454058455e-06,1.0585662405198485e-07,3.7748140102344956,True,True,D:\PhD-Project\GP_RKHS_MINT\GP_RKHS_MINT\Tully_models\GP_MInt_QCLE_Reviewer_Ready_Pipeline_v4\output\fixed_pipeline\final_reviewer_closure\manufactured\manufactured_complete.csv
0.05,1e-06,1200,125,on_support,Q_linf,3.1108530677104596e-05,3.014046660792998e-05,9.68064069174616e-07,3.211841680380348,True,True,D:\PhD-Project\GP_RKHS_MINT\GP_RKHS_MINT\Tully_models\GP_MInt_QCLE_Reviewer_Ready_Pipeline_v4\output\fixed_pipeline\final_reviewer_closure\manufactured\manufactured_complete.csv
0.05,1e-06,1200,125,off_support,density_relative_l1,0.005629439446640635,0.0055528177430759365,7.66217035646985e-05,1.3798706730513821,True,True,D:\PhD-Project\GP_RKHS_MINT\GP_RKHS_MINT\Tully_models\GP_MInt_QCLE_Reviewer_Ready_Pipeline_v4\output\fixed_pipeline\final_reviewer_closure\manufactured\manufactured_complete.csv
0.05,1e-06,1200,125,off_support,density_relative_l2,0.006288443585353139,0.006258443787984832,2.999979736830697e-05,0.47934915427221025,True,True,D:\PhD-Project\GP_RKHS_MINT\GP_RKHS_MINT\Tully_models\GP_MInt_QCLE_Reviewer_Ready_Pipeline_v4\output\fixed_pipeline\final_reviewer_closure\manufactured\manufactured_complete.csv
0.05,1e-06,1200,125,off_support,density_relative_linf,0.010983642589264313,0.010929952519442034,5.36900698222785e-05,0.49121960710053786,True,True,D:\PhD-Project\GP_RKHS_MINT\GP_RKHS_MINT\Tully_models\GP_MInt_QCLE_Reviewer_Ready_Pipeline_v4\output\fixed_pipeline\final_reviewer_closure\manufactured\manufactured_complete.csv
0.05,1e-06,1200,125,off_support,density_mae,5.466448215659569e-05,5.392044968462019e-05,7.440324719755055e-07,1.3798706730513917,True,True,D:\PhD-Project\GP_RKHS_MINT\GP_RKHS_MINT\Tully_models\GP_MInt_QCLE_Reviewer_Ready_Pipeline_v4\output\fixed_pipeline\final_reviewer_closure\manufactured\manufactured_complete.csv
0.05,1e-06,1200,125,off_support,density_rmse,9.661387642128376e-05,9.615296798245227e-05,4.609084388314895e-07,0.47934915427218466,True,True,D:\PhD-Project\GP_RKHS_MINT\GP_RKHS_MINT\Tully_models\GP_MInt_QCLE_Reviewer_Ready_Pipeline_v4\output\fixed_pipeline\final_reviewer_closure\manufactured\manufactured_complete.csv
0.05,1e-06,1200,125,off_support,density_linf,0.0008359523648310827,0.0008318660755630991,4.086289267983632e-06,0.4912196071005274,True,True,D:\PhD-Project\GP_RKHS_MINT\GP_RKHS_MINT\Tully_models\GP_MInt_QCLE_Reviewer_Ready_Pipeline_v4\output\fixed_pipeline\final_reviewer_closure\manufactured\manufactured_complete.csv
0.05,1e-06,1200,125,off_support,gradient_relative_l1,0.009101205964440924,0.008952983100609135,0.00014822286383178902,1.6555695701213193,True,True,D:\PhD-Project\GP_RKHS_MINT\GP_RKHS_MINT\Tully_models\GP_MInt_QCLE_Reviewer_Ready_Pipeline_v4\output\fixed_pipeline\final_reviewer_closure\manufactured\manufactured_complete.csv
0.05,1e-06,1200,125,off_support,gradient_relative_l2,0.00841444063337605,0.008314107059389952,0.00010033357398609756,1.206787130228024,True,True,D:\PhD-Project\GP_RKHS_MINT\GP_RKHS_MINT\Tully_models\GP_MInt_QCLE_Reviewer_Ready_Pipeline_v4\output\fixed_pipeline\final_reviewer_closure\manufactured\manufactured_complete.csv
0.05,1e-06,1200,125,off_support,gradient_relative_linf,0.0112376511767594,0.011640255171174568,-0.0004026039944151679,-3.458721381058375,True,True,D:\PhD-Project\GP_RKHS_MINT\GP_RKHS_MINT\Tully_models\GP_MInt_QCLE_Reviewer_Ready_Pipeline_v4\output\fixed_pipeline\final_reviewer_closure\manufactured\manufactured_complete.csv
0.05,1e-06,1200,125,off_support,gradient_mae,9.736045443219965e-05,9.577483540145931e-05,1.5856190307403427e-06,1.655569570121321,True,True,D:\PhD-Project\GP_RKHS_MINT\GP_RKHS_MINT\Tully_models\GP_MInt_QCLE_Reviewer_Ready_Pipeline_v4\output\fixed_pipeline\final_reviewer_closure\manufactured\manufactured_complete.csv
0.05,1e-06,1200,125,off_support,gradient_rmse,0.0001722461449561789,0.00017019228634789174,2.053858608287159e-06,1.2067871302280095,True,True,D:\PhD-Project\GP_RKHS_MINT\GP_RKHS_MINT\Tully_models\GP_MInt_QCLE_Reviewer_Ready_Pipeline_v4\output\fixed_pipeline\final_reviewer_closure\manufactured\manufactured_complete.csv
0.05,1e-06,1200,125,off_support,gradient_linf,0.00202417596005397,0.002096694791088899,-7.251883103492895e-05,-3.458721381058374,True,True,D:\PhD-Project\GP_RKHS_MINT\GP_RKHS_MINT\Tully_models\GP_MInt_QCLE_Reviewer_Ready_Pipeline_v4\output\fixed_pipeline\final_reviewer_closure\manufactured\manufactured_complete.csv
0.05,1e-06,1200,125,off_support,Q_relative_l1,0.02001603075292028,0.019513555747418025,0.0005024750055022537,2.5750048428192778,True,True,D:\PhD-Project\GP_RKHS_MINT\GP_RKHS_MINT\Tully_models\GP_MInt_QCLE_Reviewer_Ready_Pipeline_v4\output\fixed_pipeline\final_reviewer_closure\manufactured\manufactured_complete.csv
0.05,1e-06,1200,125,off_support,Q_relative_l2,0.02207449789002071,0.021245379881689445,0.000829118008331263,3.9025802925079587,True,True,D:\PhD-Project\GP_RKHS_MINT\GP_RKHS_MINT\Tully_models\GP_MInt_QCLE_Reviewer_Ready_Pipeline_v4\output\fixed_pipeline\final_reviewer_closure\manufactured\manufactured_complete.csv
0.05,1e-06,1200,125,off_support,Q_relative_linf,0.028674320946700128,0.0274661916897224,0.001208129256977726,4.398604912634455,True,True,D:\PhD-Project\GP_RKHS_MINT\GP_RKHS_MINT\Tully_models\GP_MInt_QCLE_Reviewer_Ready_Pipeline_v4\output\fixed_pipeline\final_reviewer_closure\manufactured\manufactured_complete.csv
0.05,1e-06,1200,125,off_support,Q_mae,1.7630102471606882e-06,1.7187522923954383e-06,4.4257954765249895e-08,2.575004842819278,True,True,D:\PhD-Project\GP_RKHS_MINT\GP_RKHS_MINT\Tully_models\GP_MInt_QCLE_Reviewer_Ready_Pipeline_v4\output\fixed_pipeline\final_reviewer_closure\manufactured\manufactured_complete.csv
0.05,1e-06,1200,125,off_support,Q_rmse,3.459891496351953e-06,3.3299379925037663e-06,1.2995350384818663e-07,3.9025802925079436,True,True,D:\PhD-Project\GP_RKHS_MINT\GP_RKHS_MINT\Tully_models\GP_MInt_QCLE_Reviewer_Ready_Pipeline_v4\output\fixed_pipeline\final_reviewer_closure\manufactured\manufactured_complete.csv
0.05,1e-06,1200,125,off_support,Q_linf,2.8816553999888123e-05,2.760243206698321e-05,1.2141219329049136e-06,4.398604912634462,True,True,D:\PhD-Project\GP_RKHS_MINT\GP_RKHS_MINT\Tully_models\GP_MInt_QCLE_Reviewer_Ready_Pipeline_v4\output\fixed_pipeline\final_reviewer_closure\manufactured\manufactured_complete.csv
0.05,1e-06,2400,123,on_support,density_relative_l1,0.007335374387224415,0.007283463135629235,5.1911251595180424e-05,0.7127275943944994,True,True,D:\PhD-Project\GP_RKHS_MINT\GP_RKHS_MINT\Tully_models\GP_MInt_QCLE_Reviewer_Ready_Pipeline_v4\output\fixed_pipeline\final_reviewer_closure\manufactured\manufactured_complete.csv
0.05,1e-06,2400,123,on_support,density_relative_l2,0.007629056974996322,0.007560594741266241,6.846223373008133e-05,0.905513865945093,True,True,D:\PhD-Project\GP_RKHS_MINT\GP_RKHS_MINT\Tully_models\GP_MInt_QCLE_Reviewer_Ready_Pipeline_v4\output\fixed_pipeline\final_reviewer_closure\manufactured\manufactured_complete.csv
0.05,1e-06,2400,123,on_support,density_relative_linf,0.009054397208372793,0.008790453644387186,0.00026394356398560734,3.002615958894665,True,True,D:\PhD-Project\GP_RKHS_MINT\GP_RKHS_MINT\Tully_models\GP_MInt_QCLE_Reviewer_Ready_Pipeline_v4\output\fixed_pipeline\final_reviewer_closure\manufactured\manufactured_complete.csv
0.05,1e-06,2400,123,on_support,density_mae,6.952727389726233e-05,6.903524068702922e-05,4.92033210233115e-07,0.712727594394498,True,True,D:\PhD-Project\GP_RKHS_MINT\GP_RKHS_MINT\Tully_models\GP_MInt_QCLE_Reviewer_Ready_Pipeline_v4\output\fixed_pipeline\final_reviewer_closure\manufactured\manufactured_complete.csv
0.05,1e-06,2400,123,on_support,density_rmse,0.00011256438300869038,0.00011155424386246556,1.0101391462248214e-06,0.9055138659450865,True,True,D:\PhD-Project\GP_RKHS_MINT\GP_RKHS_MINT\Tully_models\GP_MInt_QCLE_Reviewer_Ready_Pipeline_v4\output\fixed_pipeline\final_reviewer_closure\manufactured\manufactured_complete.csv
0.05,1e-06,2400,123,on_support,density_linf,0.0007995377592641224,0.000776230537274116,2.3307221990006427e-05,3.0026159588946677,True,True,D:\PhD-Project\GP_RKHS_MINT\GP_RKHS_MINT\Tully_models\GP_MInt_QCLE_Reviewer_Ready_Pipeline_v4\output\fixed_pipeline\final_reviewer_closure\manufactured\manufactured_complete.csv
0.05,1e-06,2400,123,on_support,gradient_relative_l1,0.012843136250179457,0.012863520540049498,-2.0384289870041192e-05,-0.15846587103877516,True,True,D:\PhD-Project\GP_RKHS_MINT\GP_RKHS_MINT\Tully_models\GP_MInt_QCLE_Reviewer_Ready_Pipeline_v4\output\fixed_pipeline\final_reviewer_closure\manufactured\manufactured_complete.csv
0.05,1e-06,2400,123,on_support,gradient_relative_l2,0.011415046040187813,0.011384569489152205,3.0476551035607535e-05,0.2677005139689045,True,True,D:\PhD-Project\GP_RKHS_MINT\GP_RKHS_MINT\Tully_models\GP_MInt_QCLE_Reviewer_Ready_Pipeline_v4\output\fixed_pipeline\final_reviewer_closure\manufactured\manufactured_complete.csv
0.05,1e-06,2400,123,on_support,gradient_relative_linf,0.011253132679515295,0.011228369683351686,2.4762996163609288e-05,0.22053955170647263,True,True,D:\PhD-Project\GP_RKHS_MINT\GP_RKHS_MINT\Tully_models\GP_MInt_QCLE_Reviewer_Ready_Pipeline_v4\output\fixed_pipeline\final_reviewer_closure\manufactured\manufactured_complete.csv
0.05,1e-06,2400,123,on_support,gradient_mae,0.00013300938935292467,0.00013322049837607853,-2.111090231538557e-07,-0.15846587103877932,True,True,D:\PhD-Project\GP_RKHS_MINT\GP_RKHS_MINT\Tully_models\GP_MInt_QCLE_Reviewer_Ready_Pipeline_v4\output\fixed_pipeline\final_reviewer_closure\manufactured\manufactured_complete.csv
0.05,1e-06,2400,123,on_support,gradient_rmse,0.00022502499184153747,0.0002244242070856984,6.007847558390752e-07,0.2677005139689143,True,True,D:\PhD-Project\GP_RKHS_MINT\GP_RKHS_MINT\Tully_models\GP_MInt_QCLE_Reviewer_Ready_Pipeline_v4\output\fixed_pipeline\final_reviewer_closure\manufactured\manufactured_complete.csv
0.05,1e-06,2400,123,on_support,gradient_linf,0.0020880379228208,0.002083443106733151,4.594816087648973e-06,0.22053955170648587,True,True,D:\PhD-Project\GP_RKHS_MINT\GP_RKHS_MINT\Tully_models\GP_MInt_QCLE_Reviewer_Ready_Pipeline_v4\output\fixed_pipeline\final_reviewer_closure\manufactured\manufactured_complete.csv
0.05,1e-06,2400,123,on_support,Q_relative_l1,0.026088102574647273,0.026417375843164847,-0.0003292732685175742,-1.2464268611402196,True,True,D:\PhD-Project\GP_RKHS_MINT\GP_RKHS_MINT\Tully_models\GP_MInt_QCLE_Reviewer_Ready_Pipeline_v4\output\fixed_pipeline\final_reviewer_closure\manufactured\manufactured_complete.csv
0.05,1e-06,2400,123,on_support,Q_relative_l2,0.02441166265540108,0.024565508415851662,-0.00015384576045058065,-0.6262673576554469,True,True,D:\PhD-Project\GP_RKHS_MINT\GP_RKHS_MINT\Tully_models\GP_MInt_QCLE_Reviewer_Ready_Pipeline_v4\output\fixed_pipeline\final_reviewer_closure\manufactured\manufactured_complete.csv
0.05,1e-06,2400,123,on_support,Q_relative_linf,0.031137463199744395,0.030534223668448886,0.0006032395312955095,1.9756177129167982,True,True,D:\PhD-Project\GP_RKHS_MINT\GP_RKHS_MINT\Tully_models\GP_MInt_QCLE_Reviewer_Ready_Pipeline_v4\output\fixed_pipeline\final_reviewer_closure\manufactured\manufactured_complete.csv
0.05,1e-06,2400,123,on_support,Q_mae,2.417502407947258e-06,2.448015126043034e-06,-3.0512718095775854e-08,-1.2464268611402145,True,True,D:\PhD-Project\GP_RKHS_MINT\GP_RKHS_MINT\Tully_models\GP_MInt_QCLE_Reviewer_Ready_Pipeline_v4\output\fixed_pipeline\final_reviewer_closure\manufactured\manufactured_complete.csv
0.05,1e-06,2400,123,on_support,Q_rmse,4.2150702872687026e-06,4.24163425805805e-06,-2.6563970789347723e-08,-0.6262673576554316,True,True,D:\PhD-Project\GP_RKHS_MINT\GP_RKHS_MINT\Tully_models\GP_MInt_QCLE_Reviewer_Ready_Pipeline_v4\output\fixed_pipeline\final_reviewer_closure\manufactured\manufactured_complete.csv
0.05,1e-06,2400,123,on_support,Q_linf,3.327111877045265e-05,3.2626543007680496e-05,6.445757627721515e-07,1.9756177129167938,True,True,D:\PhD-Project\GP_RKHS_MINT\GP_RKHS_MINT\Tully_models\GP_MInt_QCLE_Reviewer_Ready_Pipeline_v4\output\fixed_pipeline\final_reviewer_closure\manufactured\manufactured_complete.csv
0.05,1e-06,2400,123,off_support,density_relative_l1,0.008008034390922139,0.008002274480334009,5.759910588130218e-06,0.07197841816455418,True,True,D:\PhD-Project\GP_RKHS_MINT\GP_RKHS_MINT\Tully_models\GP_MInt_QCLE_Reviewer_Ready_Pipeline_v4\output\fixed_pipeline\final_reviewer_closure\manufactured\manufactured_complete.csv
0.05,1e-06,2400,123,off_support,density_relative_l2,0.008217393044607706,0.008224017278493133,-6.624233885426864e-06,-0.08054742179044408,True,True,D:\PhD-Project\GP_RKHS_MINT\GP_RKHS_MINT\Tully_models\GP_MInt_QCLE_Reviewer_Ready_Pipeline_v4\output\fixed_pipeline\final_reviewer_closure\manufactured\manufactured_complete.csv
0.05,1e-06,2400,123,off_support,density_relative_linf,0.006989033349319328,0.007244964624520001,-0.00025593127520067305,-3.5325400255854142,True,True,D:\PhD-Project\GP_RKHS_MINT\GP_RKHS_MINT\Tully_models\GP_MInt_QCLE_Reviewer_Ready_Pipeline_v4\output\fixed_pipeline\final_reviewer_closure\manufactured\manufactured_complete.csv
0.05,1e-06,2400,123,off_support,density_mae,7.053774048477383e-05,7.048700505352473e-05,5.073543124910359e-08,0.07197841816456428,True,True,D:\PhD-Project\GP_RKHS_MINT\GP_RKHS_MINT\Tully_models\GP_MInt_QCLE_Reviewer_Ready_Pipeline_v4\output\fixed_pipeline\final_reviewer_closure\manufactured\manufactured_complete.csv
0.05,1e-06,2400,123,off_support,density_rmse,0.00010862883983141554,0.00010871640809519942,-8.756826378387603e-08,-0.08054742179045812,True,True,D:\PhD-Project\GP_RKHS_MINT\GP_RKHS_MINT\Tully_models\GP_MInt_QCLE_Reviewer_Ready_Pipeline_v4\output\fixed_pipeline\final_reviewer_closure\manufactured\manufactured_complete.csv
0.05,1e-06,2400,123,off_support,density_linf,0.0005731910253773675,0.000594180696298411,-2.0989670921043452e-05,-3.5325400255854094,True,True,D:\PhD-Project\GP_RKHS_MINT\GP_RKHS_MINT\Tully_models\GP_MInt_QCLE_Reviewer_Ready_Pipeline_v4\output\fixed_pipeline\final_reviewer_closure\manufactured\manufactured_complete.csv
0.05,1e-06,2400,123,off_support,gradient_relative_l1,0.013477356780372811,0.013558932613268805,-8.157583289599389e-05,-0.6016390465438525,True,True,D:\PhD-Project\GP_RKHS_MINT\GP_RKHS_MINT\Tully_models\GP_MInt_QCLE_Reviewer_Ready_Pipeline_v4\output\fixed_pipeline\final_reviewer_closure\manufactured\manufactured_complete.csv
0.05,1e-06,2400,123,off_support,gradient_relative_l2,0.011991650408830417,0.012021234588612385,-2.9584179781967992e-05,-0.2460993466510739,True,True,D:\PhD-Project\GP_RKHS_MINT\GP_RKHS_MINT\Tully_models\GP_MInt_QCLE_Reviewer_Ready_Pipeline_v4\output\fixed_pipeline\final_reviewer_closure\manufactured\manufactured_complete.csv
0.05,1e-06,2400,123,off_support,gradient_relative_linf,0.01504708304401498,0.016656628791852084,-0.0016095457478371034,-9.66309430287865,True,True,D:\PhD-Project\GP_RKHS_MINT\GP_RKHS_MINT\Tully_models\GP_MInt_QCLE_Reviewer_Ready_Pipeline_v4\output\fixed_pipeline\final_reviewer_closure\manufactured\manufactured_complete.csv
0.05,1e-06,2400,123,off_support,gradient_mae,0.00013537219916043424,0.00013619158088916882,-8.193817287345799e-07,-0.6016390465438415,True,True,D:\PhD-Project\GP_RKHS_MINT\GP_RKHS_MINT\Tully_models\GP_MInt_QCLE_Reviewer_Ready_Pipeline_v4\output\fixed_pipeline\final_reviewer_closure\manufactured\manufactured_complete.csv
0.05,1e-06,2400,123,off_support,gradient_rmse,0.00022514407520547985,0.00022569952025021026,-5.554450447304085e-07,-0.24609934665108846,True,True,D:\PhD-Project\GP_RKHS_MINT\GP_RKHS_MINT\Tully_models\GP_MInt_QCLE_Reviewer_Ready_Pipeline_v4\output\fixed_pipeline\final_reviewer_closure\manufactured\manufactured_complete.csv
0.05,1e-06,2400,123,off_support,gradient_linf,0.002316204662417665,0.0025639628062791536,-0.0002477581438614885,-9.663094302878653,True,True,D:\PhD-Project\GP_RKHS_MINT\GP_RKHS_MINT\Tully_models\GP_MInt_QCLE_Reviewer_Ready_Pipeline_v4\output\fixed_pipeline\final_reviewer_closure\manufactured\manufactured_complete.csv
0.05,1e-06,2400,123,off_support,Q_relative_l1,0.025399981772482965,0.025852826644990536,-0.0004528448725075705,-1.7516261518556913,True,True,D:\PhD-Project\GP_RKHS_MINT\GP_RKHS_MINT\Tully_models\GP_MInt_QCLE_Reviewer_Ready_Pipeline_v4\output\fixed_pipeline\final_reviewer_closure\manufactured\manufactured_complete.csv
0.05,1e-06,2400,123,off_support,Q_relative_l2,0.024116555394743902,0.024322909684905407,-0.0002063542901615048,-0.8483947555401504,True,True,D:\PhD-Project\GP_RKHS_MINT\GP_RKHS_MINT\Tully_models\GP_MInt_QCLE_Reviewer_Ready_Pipeline_v4\output\fixed_pipeline\final_reviewer_closure\manufactured\manufactured_complete.csv
0.05,1e-06,2400,123,off_support,Q_relative_linf,0.031093335404966418,0.03083139113068806,0.00026194427427835704,0.8496025144244319,True,True,D:\PhD-Project\GP_RKHS_MINT\GP_RKHS_MINT\Tully_models\GP_MInt_QCLE_Reviewer_Ready_Pipeline_v4\output\fixed_pipeline\final_reviewer_closure\manufactured\manufactured_complete.csv
0.05,1e-06,2400,123,off_support,Q_mae,2.1520657117978368e-06,2.1904339252720208e-06,-3.8368213474183994e-08,-1.7516261518556973,True,True,D:\PhD-Project\GP_RKHS_MINT\GP_RKHS_MINT\Tully_models\GP_MInt_QCLE_Reviewer_Ready_Pipeline_v4\output\fixed_pipeline\final_reviewer_closure\manufactured\manufactured_complete.csv
0.05,1e-06,2400,123,off_support,Q_rmse,3.6914124707034025e-06,3.722998192114154e-06,-3.158572141075171e-08,-0.8483947555401669,True,True,D:\PhD-Project\GP_RKHS_MINT\GP_RKHS_MINT\Tully_models\GP_MInt_QCLE_Reviewer_Ready_Pipeline_v4\output\fixed_pipeline\final_reviewer_closure\manufactured\manufactured_complete.csv
0.05,1e-06,2400,123,off_support,Q_linf,2.999651289263593e-05,2.9743808745647318e-05,2.527041469886117e-07,0.8496025144244251,True,True,D:\PhD-Project\GP_RKHS_MINT\GP_RKHS_MINT\Tully_models\GP_MInt_QCLE_Reviewer_Ready_Pipeline_v4\output\fixed_pipeline\final_reviewer_closure\manufactured\manufactured_complete.csv
0.05,1e-06,2400,124,on_support,density_relative_l1,0.004610731069740612,0.0046175627116273885,-6.831641886776915e-06,-0.14794908728741896,True,True,D:\PhD-Project\GP_RKHS_MINT\GP_RKHS_MINT\Tully_models\GP_MInt_QCLE_Reviewer_Ready_Pipeline_v4\output\fixed_pipeline\final_reviewer_closure\manufactured\manufactured_complete.csv
0.05,1e-06,2400,124,on_support,density_relative_l2,0.005329477950277657,0.005409604253061558,-8.012630278390106e-05,-1.4811860357170064,True,True,D:\PhD-Project\GP_RKHS_MINT\GP_RKHS_MINT\Tully_models\GP_MInt_QCLE_Reviewer_Ready_Pipeline_v4\output\fixed_pipeline\final_reviewer_closure\manufactured\manufactured_complete.csv
0.05,1e-06,2400,124,on_support,density_relative_linf,0.009565732226538858,0.009857378237819986,-0.0002916460112811284,-2.958657000318449,True,True,D:\PhD-Project\GP_RKHS_MINT\GP_RKHS_MINT\Tully_models\GP_MInt_QCLE_Reviewer_Ready_Pipeline_v4\output\fixed_pipeline\final_reviewer_closure\manufactured\manufactured_complete.csv
0.05,1e-06,2400,124,on_support,density_mae,4.2858195615467254e-05,4.292169787572265e-05,-6.350226025539531e-08,-0.14794908728741932,True,True,D:\PhD-Project\GP_RKHS_MINT\GP_RKHS_MINT\Tully_models\GP_MInt_QCLE_Reviewer_Ready_Pipeline_v4\output\fixed_pipeline\final_reviewer_closure\manufactured\manufactured_complete.csv
0.05,1e-06,2400,124,on_support,density_rmse,7.719396938562832e-05,7.835454597901901e-05,-1.160576593390691e-06,-1.4811860357170068,True,True,D:\PhD-Project\GP_RKHS_MINT\GP_RKHS_MINT\Tully_models\GP_MInt_QCLE_Reviewer_Ready_Pipeline_v4\output\fixed_pipeline\final_reviewer_closure\manufactured\manufactured_complete.csv
0.05,1e-06,2400,124,on_support,density_linf,0.0007991116382652166,0.0008234754523830518,-2.4363814117835114e-05,-2.9586570003184414,True,True,D:\PhD-Project\GP_RKHS_MINT\GP_RKHS_MINT\Tully_models\GP_MInt_QCLE_Reviewer_Ready_Pipeline_v4\output\fixed_pipeline\final_reviewer_closure\manufactured\manufactured_complete.csv
0.05,1e-06,2400,124,on_support,gradient_relative_l1,0.009962957247638531,0.010064739215215432,-0.00010178196757690099,-1.0112727751855852,True,True,D:\PhD-Project\GP_RKHS_MINT\GP_RKHS_MINT\Tully_models\GP_MInt_QCLE_Reviewer_Ready_Pipeline_v4\output\fixed_pipeline\final_reviewer_closure\manufactured\manufactured_complete.csv
0.05,1e-06,2400,124,on_support,gradient_relative_l2,0.009462772635418996,0.009639121601832399,-0.0001763489664134022,-1.8295128300889807,True,True,D:\PhD-Project\GP_RKHS_MINT\GP_RKHS_MINT\Tully_models\GP_MInt_QCLE_Reviewer_Ready_Pipeline_v4\output\fixed_pipeline\final_reviewer_closure\manufactured\manufactured_complete.csv
0.05,1e-06,2400,124,on_support,gradient_relative_linf,0.018031451379116558,0.018706772045200097,-0.0006753206660835391,-3.610033117695563,True,True,D:\PhD-Project\GP_RKHS_MINT\GP_RKHS_MINT\Tully_models\GP_MInt_QCLE_Reviewer_Ready_Pipeline_v4\output\fixed_pipeline\final_reviewer_closure\manufactured\manufactured_complete.csv
0.05,1e-06,2400,124,on_support,gradient_mae,0.00010437142050011398,0.00010543768308392821,-1.0662625838142229e-06,-1.011272775185585,True,True,D:\PhD-Project\GP_RKHS_MINT\GP_RKHS_MINT\Tully_models\GP_MInt_QCLE_Reviewer_Ready_Pipeline_v4\output\fixed_pipeline\final_reviewer_closure\manufactured\manufactured_complete.csv
0.05,1e-06,2400,124,on_support,gradient_rmse,0.00018770135284374115,0.00019119936984612535,-3.4980170023842004e-06,-1.8295128300890098,True,True,D:\PhD-Project\GP_RKHS_MINT\GP_RKHS_MINT\Tully_models\GP_MInt_QCLE_Reviewer_Ready_Pipeline_v4\output\fixed_pipeline\final_reviewer_closure\manufactured\manufactured_complete.csv
0.05,1e-06,2400,124,on_support,gradient_linf,0.003267841064918016,0.0033902294716089756,-0.00012238840669095974,-3.6100331176955756,True,True,D:\PhD-Project\GP_RKHS_MINT\GP_RKHS_MINT\Tully_models\GP_MInt_QCLE_Reviewer_Ready_Pipeline_v4\output\fixed_pipeline\final_reviewer_closure\manufactured\manufactured_complete.csv
0.05,1e-06,2400,124,on_support,Q_relative_l1,0.022430420751900784,0.02317091409402382,-0.0007404933421230366,-3.1957882158564583,True,True,D:\PhD-Project\GP_RKHS_MINT\GP_RKHS_MINT\Tully_models\GP_MInt_QCLE_Reviewer_Ready_Pipeline_v4\output\fixed_pipeline\final_reviewer_closure\manufactured\manufactured_complete.csv
0.05,1e-06,2400,124,on_support,Q_relative_l2,0.020017876570861726,0.02085214009633325,-0.0008342635254715222,-4.000853253514365,True,True,D:\PhD-Project\GP_RKHS_MINT\GP_RKHS_MINT\Tully_models\GP_MInt_QCLE_Reviewer_Ready_Pipeline_v4\output\fixed_pipeline\final_reviewer_closure\manufactured\manufactured_complete.csv
0.05,1e-06,2400,124,on_support,Q_relative_linf,0.021019828972978122,0.021480278964032026,-0.0004604499910539038,-2.1435940930977253,True,True,D:\PhD-Project\GP_RKHS_MINT\GP_RKHS_MINT\Tully_models\GP_MInt_QCLE_Reviewer_Ready_Pipeline_v4\output\fixed_pipeline\final_reviewer_closure\manufactured\manufactured_complete.csv
0.05,1e-06,2400,124,on_support,Q_mae,1.9965292732981815e-06,2.0624405038802366e-06,-6.591123058205515e-08,-3.195788215856458,True,True,D:\PhD-Project\GP_RKHS_MINT\GP_RKHS_MINT\Tully_models\GP_MInt_QCLE_Reviewer_Ready_Pipeline_v4\output\fixed_pipeline\final_reviewer_closure\manufactured\manufactured_complete.csv
0.05,1e-06,2400,124,on_support,Q_rmse,3.179792566149492e-06,3.312313363103822e-06,-1.3252079695433005e-07,-4.000853253514356,True,True,D:\PhD-Project\GP_RKHS_MINT\GP_RKHS_MINT\Tully_models\GP_MInt_QCLE_Reviewer_Ready_Pipeline_v4\output\fixed_pipeline\final_reviewer_closure\manufactured\manufactured_complete.csv
0.05,1e-06,2400,124,on_support,Q_linf,2.2062930353791233e-05,2.2546230008469e-05,-4.832996546777686e-07,-2.1435940930977266,True,True,D:\PhD-Project\GP_RKHS_MINT\GP_RKHS_MINT\Tully_models\GP_MInt_QCLE_Reviewer_Ready_Pipeline_v4\output\fixed_pipeline\final_reviewer_closure\manufactured\manufactured_complete.csv
0.05,1e-06,2400,124,off_support,density_relative_l1,0.0059886525172826366,0.00609682986758808,-0.0001081773503054436,-1.774321289175793,True,True,D:\PhD-Project\GP_RKHS_MINT\GP_RKHS_MINT\Tully_models\GP_MInt_QCLE_Reviewer_Ready_Pipeline_v4\output\fixed_pipeline\final_reviewer_closure\manufactured\manufactured_complete.csv
0.05,1e-06,2400,124,off_support,density_relative_l2,0.008462112194999545,0.008741335681646693,-0.00027922348664714824,-3.194288571178039,True,True,D:\PhD-Project\GP_RKHS_MINT\GP_RKHS_MINT\Tully_models\GP_MInt_QCLE_Reviewer_Ready_Pipeline_v4\output\fixed_pipeline\final_reviewer_closure\manufactured\manufactured_complete.csv
0.05,1e-06,2400,124,off_support,density_relative_linf,0.03202379701517197,0.03313879424067042,-0.0011149972254984528,-3.3646282281750746,True,True,D:\PhD-Project\GP_RKHS_MINT\GP_RKHS_MINT\Tully_models\GP_MInt_QCLE_Reviewer_Ready_Pipeline_v4\output\fixed_pipeline\final_reviewer_closure\manufactured\manufactured_complete.csv
0.05,1e-06,2400,124,off_support,density_mae,5.666528975424418e-05,5.7688875758310055e-05,-1.0235860040658766e-06,-1.7743212891758071,True,True,D:\PhD-Project\GP_RKHS_MINT\GP_RKHS_MINT\Tully_models\GP_MInt_QCLE_Reviewer_Ready_Pipeline_v4\output\fixed_pipeline\final_reviewer_closure\manufactured\manufactured_complete.csv
0.05,1e-06,2400,124,off_support,density_rmse,0.0001300025608089028,0.0001342922425651397,-4.289681756236899e-06,-3.194288571178003,True,True,D:\PhD-Project\GP_RKHS_MINT\GP_RKHS_MINT\Tully_models\GP_MInt_QCLE_Reviewer_Ready_Pipeline_v4\output\fixed_pipeline\final_reviewer_closure\manufactured\manufactured_complete.csv
0.05,1e-06,2400,124,off_support,density_linf,0.003002814052420499,0.0031073653439350674,-0.0001045512915145686,-3.364628228175069,True,True,D:\PhD-Project\GP_RKHS_MINT\GP_RKHS_MINT\Tully_models\GP_MInt_QCLE_Reviewer_Ready_Pipeline_v4\output\fixed_pipeline\final_reviewer_closure\manufactured\manufactured_complete.csv
0.05,1e-06,2400,124,off_support,gradient_relative_l1,0.011239270857119512,0.011428369608956863,-0.00018909875183735145,-1.6546432982806867,True,True,D:\PhD-Project\GP_RKHS_MINT\GP_RKHS_MINT\Tully_models\GP_MInt_QCLE_Reviewer_Ready_Pipeline_v4\output\fixed_pipeline\final_reviewer_closure\manufactured\manufactured_complete.csv
0.05,1e-06,2400,124,off_support,gradient_relative_l2,0.010846019274250421,0.011091718344434173,-0.00024569907018375144,-2.215157855203232,True,True,D:\PhD-Project\GP_RKHS_MINT\GP_RKHS_MINT\Tully_models\GP_MInt_QCLE_Reviewer_Ready_Pipeline_v4\output\fixed_pipeline\final_reviewer_closure\manufactured\manufactured_complete.csv
0.05,1e-06,2400,124,off_support,gradient_relative_linf,0.020181330044112895,0.018998614651796777,0.001182715392316118,6.225271757929274,True,True,D:\PhD-Project\GP_RKHS_MINT\GP_RKHS_MINT\Tully_models\GP_MInt_QCLE_Reviewer_Ready_Pipeline_v4\output\fixed_pipeline\final_reviewer_closure\manufactured\manufactured_complete.csv
0.05,1e-06,2400,124,off_support,gradient_mae,0.00011420833250060625,0.00011612986757168334,-1.921535071077097e-06,-1.6546432982806885,True,True,D:\PhD-Project\GP_RKHS_MINT\GP_RKHS_MINT\Tully_models\GP_MInt_QCLE_Reviewer_Ready_Pipeline_v4\output\fixed_pipeline\final_reviewer_closure\manufactured\manufactured_complete.csv
0.05,1e-06,2400,124,off_support,gradient_rmse,0.0002100177586744659,0.00021477537220285952,-4.7576135283936255e-06,-2.215157855203234,True,True,D:\PhD-Project\GP_RKHS_MINT\GP_RKHS_MINT\Tully_models\GP_MInt_QCLE_Reviewer_Ready_Pipeline_v4\output\fixed_pipeline\final_reviewer_closure\manufactured\manufactured_complete.csv
0.05,1e-06,2400,124,off_support,gradient_linf,0.0037930799374953188,0.003570788640709861,0.00022229129678545765,6.225271757929275,True,True,D:\PhD-Project\GP_RKHS_MINT\GP_RKHS_MINT\Tully_models\GP_MInt_QCLE_Reviewer_Ready_Pipeline_v4\output\fixed_pipeline\final_reviewer_closure\manufactured\manufactured_complete.csv
0.05,1e-06,2400,124,off_support,Q_relative_l1,0.021636690308220484,0.02232617200068856,-0.0006894816924680747,-3.088221717752647,True,True,D:\PhD-Project\GP_RKHS_MINT\GP_RKHS_MINT\Tully_models\GP_MInt_QCLE_Reviewer_Ready_Pipeline_v4\output\fixed_pipeline\final_reviewer_closure\manufactured\manufactured_complete.csv
0.05,1e-06,2400,124,off_support,Q_relative_l2,0.018469411696914073,0.01914188526347239,-0.0006724735665583174,-3.513099975797937,True,True,D:\PhD-Project\GP_RKHS_MINT\GP_RKHS_MINT\Tully_models\GP_MInt_QCLE_Reviewer_Ready_Pipeline_v4\output\fixed_pipeline\final_reviewer_closure\manufactured\manufactured_complete.csv
0.05,1e-06,2400,124,off_support,Q_relative_linf,0.02473630694151808,0.02453327853754915,0.00020302840396892868,0.827563277603463,True,True,D:\PhD-Project\GP_RKHS_MINT\GP_RKHS_MINT\Tully_models\GP_MInt_QCLE_Reviewer_Ready_Pipeline_v4\output\fixed_pipeline\final_reviewer_closure\manufactured\manufactured_complete.csv
0.05,1e-06,2400,124,off_support,Q_mae,1.979417941036465e-06,2.0424947061352826e-06,-6.307676509881759e-08,-3.0882217177526314,True,True,D:\PhD-Project\GP_RKHS_MINT\GP_RKHS_MINT\Tully_models\GP_MInt_QCLE_Reviewer_Ready_Pipeline_v4\output\fixed_pipeline\final_reviewer_closure\manufactured\manufactured_complete.csv
0.05,1e-06,2400,124,off_support,Q_rmse,3.1232570938413505e-06,3.2369752713144854e-06,-1.1371817747313486e-07,-3.5130999757979517,True,True,D:\PhD-Project\GP_RKHS_MINT\GP_RKHS_MINT\Tully_models\GP_MInt_QCLE_Reviewer_Ready_Pipeline_v4\output\fixed_pipeline\final_reviewer_closure\manufactured\manufactured_complete.csv
0.05,1e-06,2400,124,off_support,Q_linf,2.989921500597733e-05,2.965381095609474e-05,2.4540404988259053e-07,0.8275632776034566,True,True,D:\PhD-Project\GP_RKHS_MINT\GP_RKHS_MINT\Tully_models\GP_MInt_QCLE_Reviewer_Ready_Pipeline_v4\output\fixed_pipeline\final_reviewer_closure\manufactured\manufactured_complete.csv
0.05,1e-06,2400,125,on_support,density_relative_l1,0.009631059835633574,0.0075764444384987355,0.002054615397134838,27.118464522679954,True,True,D:\PhD-Project\GP_RKHS_MINT\GP_RKHS_MINT\Tully_models\GP_MInt_QCLE_Reviewer_Ready_Pipeline_v4\output\fixed_pipeline\final_reviewer_closure\manufactured\manufactured_complete.csv
0.05,1e-06,2400,125,on_support,density_relative_l2,0.009792824339688325,0.007545161810685587,0.0022476625290027375,29.789454294002805,True,True,D:\PhD-Project\GP_RKHS_MINT\GP_RKHS_MINT\Tully_models\GP_MInt_QCLE_Reviewer_Ready_Pipeline_v4\output\fixed_pipeline\final_reviewer_closure\manufactured\manufactured_complete.csv
0.05,1e-06,2400,125,on_support,density_relative_linf,0.010019090870885391,0.007635714228583822,0.002383376642301569,31.213539047592253,True,True,D:\PhD-Project\GP_RKHS_MINT\GP_RKHS_MINT\Tully_models\GP_MInt_QCLE_Reviewer_Ready_Pipeline_v4\output\fixed_pipeline\final_reviewer_closure\manufactured\manufactured_complete.csv
0.05,1e-06,2400,125,on_support,density_mae,9.179443016930417e-05,7.221172039324516e-05,1.9582709776059016e-05,27.11846452267993,True,True,D:\PhD-Project\GP_RKHS_MINT\GP_RKHS_MINT\Tully_models\GP_MInt_QCLE_Reviewer_Ready_Pipeline_v4\output\fixed_pipeline\final_reviewer_closure\manufactured\manufactured_complete.csv
0.05,1e-06,2400,125,on_support,density_rmse,0.00014588475772754788,0.00011240108722322346,3.348367050432442e-05,29.78945429400284,True,True,D:\PhD-Project\GP_RKHS_MINT\GP_RKHS_MINT\Tully_models\GP_MInt_QCLE_Reviewer_Ready_Pipeline_v4\output\fixed_pipeline\final_reviewer_closure\manufactured\manufactured_complete.csv
0.05,1e-06,2400,125,on_support,density_linf,0.000880924366057273,0.0006713669735999989,0.00020955739245727412,31.213539047592267,True,True,D:\PhD-Project\GP_RKHS_MINT\GP_RKHS_MINT\Tully_models\GP_MInt_QCLE_Reviewer_Ready_Pipeline_v4\output\fixed_pipeline\final_reviewer_closure\manufactured\manufactured_complete.csv
0.05,1e-06,2400,125,on_support,gradient_relative_l1,0.014645750818546265,0.012351810469418354,0.00229394034912791,18.57169323321014,True,True,D:\PhD-Project\GP_RKHS_MINT\GP_RKHS_MINT\Tully_models\GP_MInt_QCLE_Reviewer_Ready_Pipeline_v4\output\fixed_pipeline\final_reviewer_closure\manufactured\manufactured_complete.csv
0.05,1e-06,2400,125,on_support,gradient_relative_l2,0.012973763320387528,0.010607792111102732,0.002365971209284796,22.304087264384005,True,True,D:\PhD-Project\GP_RKHS_MINT\GP_RKHS_MINT\Tully_models\GP_MInt_QCLE_Reviewer_Ready_Pipeline_v4\output\fixed_pipeline\final_reviewer_closure\manufactured\manufactured_complete.csv
0.05,1e-06,2400,125,on_support,gradient_relative_linf,0.013870094749590514,0.01082705009259979,0.003043044656990724,28.105944194999363,True,True,D:\PhD-Project\GP_RKHS_MINT\GP_RKHS_MINT\Tully_models\GP_MInt_QCLE_Reviewer_Ready_Pipeline_v4\output\fixed_pipeline\final_reviewer_closure\manufactured\manufactured_complete.csv
0.05,1e-06,2400,125,on_support,gradient_mae,0.00015308737133259748,0.00012910954306058606,2.397782827201142e-05,18.571693233210162,True,True,D:\PhD-Project\GP_RKHS_MINT\GP_RKHS_MINT\Tully_models\GP_MInt_QCLE_Reviewer_Ready_Pipeline_v4\output\fixed_pipeline\final_reviewer_closure\manufactured\manufactured_complete.csv
0.05,1e-06,2400,125,on_support,gradient_rmse,0.00025644090665307323,0.00020967484602434132,4.676606062873191e-05,22.304087264384016,True,True,D:\PhD-Project\GP_RKHS_MINT\GP_RKHS_MINT\Tully_models\GP_MInt_QCLE_Reviewer_Ready_Pipeline_v4\output\fixed_pipeline\final_reviewer_closure\manufactured\manufactured_complete.csv
0.05,1e-06,2400,125,on_support,gradient_linf,0.0025607385770078425,0.001998922527053043,0.0005618160499547995,28.105944194999378,True,True,D:\PhD-Project\GP_RKHS_MINT\GP_RKHS_MINT\Tully_models\GP_MInt_QCLE_Reviewer_Ready_Pipeline_v4\output\fixed_pipeline\final_reviewer_closure\manufactured\manufactured_complete.csv
0.05,1e-06,2400,125,on_support,Q_relative_l1,0.023055071023015215,0.022808976734476273,0.0002460942885389415,1.0789361197732494,True,True,D:\PhD-Project\GP_RKHS_MINT\GP_RKHS_MINT\Tully_models\GP_MInt_QCLE_Reviewer_Ready_Pipeline_v4\output\fixed_pipeline\final_reviewer_closure\manufactured\manufactured_complete.csv
0.05,1e-06,2400,125,on_support,Q_relative_l2,0.021417347911516053,0.0205602531184489,0.0008570947930671528,4.168697671810635,True,True,D:\PhD-Project\GP_RKHS_MINT\GP_RKHS_MINT\Tully_models\GP_MInt_QCLE_Reviewer_Ready_Pipeline_v4\output\fixed_pipeline\final_reviewer_closure\manufactured\manufactured_complete.csv
0.05,1e-06,2400,125,on_support,Q_relative_linf,0.030443071118425057,0.024628356969383425,0.005814714149041632,23.609833803652247,True,True,D:\PhD-Project\GP_RKHS_MINT\GP_RKHS_MINT\Tully_models\GP_MInt_QCLE_Reviewer_Ready_Pipeline_v4\output\fixed_pipeline\final_reviewer_closure\manufactured\manufactured_complete.csv
0.05,1e-06,2400,125,on_support,Q_mae,1.980151946608054e-06,1.959015421632137e-06,2.113652497591709e-08,1.0789361197732366,True,True,D:\PhD-Project\GP_RKHS_MINT\GP_RKHS_MINT\Tully_models\GP_MInt_QCLE_Reviewer_Ready_Pipeline_v4\output\fixed_pipeline\final_reviewer_closure\manufactured\manufactured_complete.csv
0.05,1e-06,2400,125,on_support,Q_rmse,3.386881754972349e-06,3.251343091225841e-06,1.3553866374650832e-07,4.1686976718106585,True,True,D:\PhD-Project\GP_RKHS_MINT\GP_RKHS_MINT\Tully_models\GP_MInt_QCLE_Reviewer_Ready_Pipeline_v4\output\fixed_pipeline\final_reviewer_closure\manufactured\manufactured_complete.csv
0.05,1e-06,2400,125,on_support,Q_linf,3.499387073314784e-05,2.8309940767927714e-05,6.683929965220123e-06,23.609833803652236,True,True,D:\PhD-Project\GP_RKHS_MINT\GP_RKHS_MINT\Tully_models\GP_MInt_QCLE_Reviewer_Ready_Pipeline_v4\output\fixed_pipeline\final_reviewer_closure\manufactured\manufactured_complete.csv
0.05,1e-06,2400,125,off_support,density_relative_l1,0.010145419818230078,0.008308513740498043,0.0018369060777320353,22.108720465592253,True,True,D:\PhD-Project\GP_RKHS_MINT\GP_RKHS_MINT\Tully_models\GP_MInt_QCLE_Reviewer_Ready_Pipeline_v4\output\fixed_pipeline\final_reviewer_closure\manufactured\manufactured_complete.csv
0.05,1e-06,2400,125,off_support,density_relative_l2,0.010025928134619765,0.007921222267675873,0.002104705866943892,26.570468493638458,True,True,D:\PhD-Project\GP_RKHS_MINT\GP_RKHS_MINT\Tully_models\GP_MInt_QCLE_Reviewer_Ready_Pipeline_v4\output\fixed_pipeline\final_reviewer_closure\manufactured\manufactured_complete.csv
0.05,1e-06,2400,125,off_support,density_relative_linf,0.012047172516745355,0.00715484843495002,0.004892324081795335,68.3777458918249,True,True,D:\PhD-Project\GP_RKHS_MINT\GP_RKHS_MINT\Tully_models\GP_MInt_QCLE_Reviewer_Ready_Pipeline_v4\output\fixed_pipeline\final_reviewer_closure\manufactured\manufactured_complete.csv
0.05,1e-06,2400,125,off_support,density_mae,9.067334284893103e-05,7.425623862341668e-05,1.6417104225514343e-05,22.108720465592253,True,True,D:\PhD-Project\GP_RKHS_MINT\GP_RKHS_MINT\Tully_models\GP_MInt_QCLE_Reviewer_Ready_Pipeline_v4\output\fixed_pipeline\final_reviewer_closure\manufactured\manufactured_complete.csv
0.05,1e-06,2400,125,off_support,density_rmse,0.00014212470628687516,0.00011228899440632031,2.9835711880554845e-05,26.570468493638504,True,True,D:\PhD-Project\GP_RKHS_MINT\GP_RKHS_MINT\Tully_models\GP_MInt_QCLE_Reviewer_Ready_Pipeline_v4\output\fixed_pipeline\final_reviewer_closure\manufactured\manufactured_complete.csv
0.05,1e-06,2400,125,off_support,density_linf,0.0008611827254519921,0.0005114587565540063,0.00034972396889798585,68.37774589182492,True,True,D:\PhD-Project\GP_RKHS_MINT\GP_RKHS_MINT\Tully_models\GP_MInt_QCLE_Reviewer_Ready_Pipeline_v4\output\fixed_pipeline\final_reviewer_closure\manufactured\manufactured_complete.csv
0.05,1e-06,2400,125,off_support,gradient_relative_l1,0.01530644979552548,0.012871537270298637,0.002434912525226844,18.917029676365537,True,True,D:\PhD-Project\GP_RKHS_MINT\GP_RKHS_MINT\Tully_models\GP_MInt_QCLE_Reviewer_Ready_Pipeline_v4\output\fixed_pipeline\final_reviewer_closure\manufactured\manufactured_complete.csv
0.05,1e-06,2400,125,off_support,gradient_relative_l2,0.013452166570422471,0.010890806232252073,0.0025613603381703983,23.518555775835736,True,True,D:\PhD-Project\GP_RKHS_MINT\GP_RKHS_MINT\Tully_models\GP_MInt_QCLE_Reviewer_Ready_Pipeline_v4\output\fixed_pipeline\final_reviewer_closure\manufactured\manufactured_complete.csv
0.05,1e-06,2400,125,off_support,gradient_relative_linf,0.013786368236032723,0.011670164004108498,0.0021162042319242246,18.133457517642526,True,True,D:\PhD-Project\GP_RKHS_MINT\GP_RKHS_MINT\Tully_models\GP_MInt_QCLE_Reviewer_Ready_Pipeline_v4\output\fixed_pipeline\final_reviewer_closure\manufactured\manufactured_complete.csv
0.05,1e-06,2400,125,off_support,gradient_mae,0.0001551130749720337,0.00013043806710794596,2.4675007864087735e-05,18.917029676365537,True,True,D:\PhD-Project\GP_RKHS_MINT\GP_RKHS_MINT\Tully_models\GP_MInt_QCLE_Reviewer_Ready_Pipeline_v4\output\fixed_pipeline\final_reviewer_closure\manufactured\manufactured_complete.csv
0.05,1e-06,2400,125,off_support,gradient_rmse,0.00026107964180060225,0.00021136876168987545,4.9710880110726794e-05,23.518555775835793,True,True,D:\PhD-Project\GP_RKHS_MINT\GP_RKHS_MINT\Tully_models\GP_MInt_QCLE_Reviewer_Ready_Pipeline_v4\output\fixed_pipeline\final_reviewer_closure\manufactured\manufactured_complete.csv
0.05,1e-06,2400,125,off_support,gradient_linf,0.00241586709793851,0.0020450320753354016,0.00037083502260310854,18.133457517642537,True,True,D:\PhD-Project\GP_RKHS_MINT\GP_RKHS_MINT\Tully_models\GP_MInt_QCLE_Reviewer_Ready_Pipeline_v4\output\fixed_pipeline\final_reviewer_closure\manufactured\manufactured_complete.csv
0.05,1e-06,2400,125,off_support,Q_relative_l1,0.022746774266402647,0.021927965785960672,0.0008188084804419751,3.7340831723032664,True,True,D:\PhD-Project\GP_RKHS_MINT\GP_RKHS_MINT\Tully_models\GP_MInt_QCLE_Reviewer_Ready_Pipeline_v4\output\fixed_pipeline\final_reviewer_closure\manufactured\manufactured_complete.csv
0.05,1e-06,2400,125,off_support,Q_relative_l2,0.02227933470122274,0.020312024394531683,0.001967310306691058,9.685446750549831,True,True,D:\PhD-Project\GP_RKHS_MINT\GP_RKHS_MINT\Tully_models\GP_MInt_QCLE_Reviewer_Ready_Pipeline_v4\output\fixed_pipeline\final_reviewer_closure\manufactured\manufactured_complete.csv
0.05,1e-06,2400,125,off_support,Q_relative_linf,0.029635308810413534,0.025770780306995245,0.0038645285034182887,14.99577605870668,True,True,D:\PhD-Project\GP_RKHS_MINT\GP_RKHS_MINT\Tully_models\GP_MInt_QCLE_Reviewer_Ready_Pipeline_v4\output\fixed_pipeline\final_reviewer_closure\manufactured\manufactured_complete.csv
0.05,1e-06,2400,125,off_support,Q_mae,2.0507612324868757e-06,1.976940625272161e-06,7.382060721471474e-08,3.7340831723032664,True,True,D:\PhD-Project\GP_RKHS_MINT\GP_RKHS_MINT\Tully_models\GP_MInt_QCLE_Reviewer_Ready_Pipeline_v4\output\fixed_pipeline\final_reviewer_closure\manufactured\manufactured_complete.csv
0.05,1e-06,2400,125,off_support,Q_rmse,3.77596993009212e-06,3.442544149616815e-06,3.334257804753049e-07,9.685446750549824,True,True,D:\PhD-Project\GP_RKHS_MINT\GP_RKHS_MINT\Tully_models\GP_MInt_QCLE_Reviewer_Ready_Pipeline_v4\output\fixed_pipeline\final_reviewer_closure\manufactured\manufactured_complete.csv
0.05,1e-06,2400,125,off_support,Q_linf,3.5121387122610326e-05,3.054145841381204e-05,4.579928708798285e-06,14.995776058706685,True,True,D:\PhD-Project\GP_RKHS_MINT\GP_RKHS_MINT\Tully_models\GP_MInt_QCLE_Reviewer_Ready_Pipeline_v4\output\fixed_pipeline\final_reviewer_closure\manufactured\manufactured_complete.csv
0.05,1e-06,300,123,on_support,density_relative_l1,0.0026638669164358213,0.0026588475557118444,5.0193607239769344e-06,0.18877956027204867,True,True,D:\PhD-Project\GP_RKHS_MINT\GP_RKHS_MINT\Tully_models\GP_MInt_QCLE_Reviewer_Ready_Pipeline_v4\output\fixed_pipeline\final_reviewer_closure\manufactured\manufactured_complete.csv
0.05,1e-06,300,123,on_support,density_relative_l2,0.003386343229548971,0.003376643315410408,9.699914138562755e-06,0.287264991664771,True,True,D:\PhD-Project\GP_RKHS_MINT\GP_RKHS_MINT\Tully_models\GP_MInt_QCLE_Reviewer_Ready_Pipeline_v4\output\fixed_pipeline\final_reviewer_closure\manufactured\manufactured_complete.csv
0.05,1e-06,300,123,on_support,density_relative_linf,0.005732290921153167,0.005700586003595274,3.170491755789297e-05,0.5561694453499544,True,True,D:\PhD-Project\GP_RKHS_MINT\GP_RKHS_MINT\Tully_models\GP_MInt_QCLE_Reviewer_Ready_Pipeline_v4\output\fixed_pipeline\final_reviewer_closure\manufactured\manufactured_complete.csv
0.05,1e-06,300,123,on_support,density_mae,2.3316564923903997e-05,2.3272630953526195e-05,4.3933970377802e-08,0.18877956027204248,True,True,D:\PhD-Project\GP_RKHS_MINT\GP_RKHS_MINT\Tully_models\GP_MInt_QCLE_Reviewer_Ready_Pipeline_v4\output\fixed_pipeline\final_reviewer_closure\manufactured\manufactured_complete.csv
0.05,1e-06,300,123,on_support,density_rmse,4.498665368905706e-05,4.485779295386715e-05,1.2886073518991254e-07,0.28726499166473946,True,True,D:\PhD-Project\GP_RKHS_MINT\GP_RKHS_MINT\Tully_models\GP_MInt_QCLE_Reviewer_Ready_Pipeline_v4\output\fixed_pipeline\final_reviewer_closure\manufactured\manufactured_complete.csv
0.05,1e-06,300,123,on_support,density_linf,0.0002788071055831384,0.00027726504213614056,1.5420634469978656e-06,0.5561694453499455,True,True,D:\PhD-Project\GP_RKHS_MINT\GP_RKHS_MINT\Tully_models\GP_MInt_QCLE_Reviewer_Ready_Pipeline_v4\output\fixed_pipeline\final_reviewer_closure\manufactured\manufactured_complete.csv
0.05,1e-06,300,123,on_support,gradient_relative_l1,0.0060884798425694,0.006107693450509541,-1.92136079401415e-05,-0.3145804237856532,True,True,D:\PhD-Project\GP_RKHS_MINT\GP_RKHS_MINT\Tully_models\GP_MInt_QCLE_Reviewer_Ready_Pipeline_v4\output\fixed_pipeline\final_reviewer_closure\manufactured\manufactured_complete.csv
0.05,1e-06,300,123,on_support,gradient_relative_l2,0.005896822123826422,0.005909708846220379,-1.28867223939573e-05,-0.2180601909381568,True,True,D:\PhD-Project\GP_RKHS_MINT\GP_RKHS_MINT\Tully_models\GP_MInt_QCLE_Reviewer_Ready_Pipeline_v4\output\fixed_pipeline\final_reviewer_closure\manufactured\manufactured_complete.csv
0.05,1e-06,300,123,on_support,gradient_relative_linf,0.006924979597552006,0.006959570568328794,-3.459097077678809e-05,-0.4970273731284895,True,True,D:\PhD-Project\GP_RKHS_MINT\GP_RKHS_MINT\Tully_models\GP_MInt_QCLE_Reviewer_Ready_Pipeline_v4\output\fixed_pipeline\final_reviewer_closure\manufactured\manufactured_complete.csv
0.05,1e-06,300,123,on_support,gradient_mae,5.9473373566999916e-05,5.966105556844211e-05,-1.8768200144219456e-07,-0.3145804237856454,True,True,D:\PhD-Project\GP_RKHS_MINT\GP_RKHS_MINT\Tully_models\GP_MInt_QCLE_Reviewer_Ready_Pipeline_v4\output\fixed_pipeline\final_reviewer_closure\manufactured\manufactured_complete.csv
0.05,1e-06,300,123,on_support,gradient_rmse,0.0001099210470053175,0.00011016126486983252,-2.402178645150141e-07,-0.21806019093812834,True,True,D:\PhD-Project\GP_RKHS_MINT\GP_RKHS_MINT\Tully_models\GP_MInt_QCLE_Reviewer_Ready_Pipeline_v4\output\fixed_pipeline\final_reviewer_closure\manufactured\manufactured_complete.csv
0.05,1e-06,300,123,on_support,gradient_linf,0.0011935379789156098,0.0011994998213684382,-5.961842452828492e-06,-0.4970273731284911,True,True,D:\PhD-Project\GP_RKHS_MINT\GP_RKHS_MINT\Tully_models\GP_MInt_QCLE_Reviewer_Ready_Pipeline_v4\output\fixed_pipeline\final_reviewer_closure\manufactured\manufactured_complete.csv
0.05,1e-06,300,123,on_support,Q_relative_l1,0.01323272091537488,0.01330110461012539,-6.838369475051058e-05,-0.514120418979743,True,True,D:\PhD-Project\GP_RKHS_MINT\GP_RKHS_MINT\Tully_models\GP_MInt_QCLE_Reviewer_Ready_Pipeline_v4\output\fixed_pipeline\final_reviewer_closure\manufactured\manufactured_complete.csv
0.05,1e-06,300,123,on_support,Q_relative_l2,0.012830178401458368,0.012893774419526566,-6.359601806819881e-05,-0.4932304226750535,True,True,D:\PhD-Project\GP_RKHS_MINT\GP_RKHS_MINT\Tully_models\GP_MInt_QCLE_Reviewer_Ready_Pipeline_v4\output\fixed_pipeline\final_reviewer_closure\manufactured\manufactured_complete.csv
0.05,1e-06,300,123,on_support,Q_relative_linf,0.013224446887628504,0.013295014588917886,-7.056770128938128e-05,-0.5307831805480174,True,True,D:\PhD-Project\GP_RKHS_MINT\GP_RKHS_MINT\Tully_models\GP_MInt_QCLE_Reviewer_Ready_Pipeline_v4\output\fixed_pipeline\final_reviewer_closure\manufactured\manufactured_complete.csv
0.05,1e-06,300,123,on_support,Q_mae,1.2669982440371552e-06,1.2735458030557242e-06,-6.547559018568976e-09,-0.5141204189797394,True,True,D:\PhD-Project\GP_RKHS_MINT\GP_RKHS_MINT\Tully_models\GP_MInt_QCLE_Reviewer_Ready_Pipeline_v4\output\fixed_pipeline\final_reviewer_closure\manufactured\manufactured_complete.csv
0.05,1e-06,300,123,on_support,Q_rmse,2.2710353716370764e-06,2.2822923317516557e-06,-1.1256960114579358e-08,-0.49323042267506806,True,True,D:\PhD-Project\GP_RKHS_MINT\GP_RKHS_MINT\Tully_models\GP_MInt_QCLE_Reviewer_Ready_Pipeline_v4\output\fixed_pipeline\final_reviewer_closure\manufactured\manufactured_complete.csv
0.05,1e-06,300,123,on_support,Q_linf,1.5690337212038194e-05,1.5774063286853814e-05,-8.372607481561996e-08,-0.5307831805480183,True,True,D:\PhD-Project\GP_RKHS_MINT\GP_RKHS_MINT\Tully_models\GP_MInt_QCLE_Reviewer_Ready_Pipeline_v4\output\fixed_pipeline\final_reviewer_closure\manufactured\manufactured_complete.csv
0.05,1e-06,300,123,off_support,density_relative_l1,0.004807511932468299,0.004825317212069914,-1.780527960161451e-05,-0.3689970797583396,True,True,D:\PhD-Project\GP_RKHS_MINT\GP_RKHS_MINT\Tully_models\GP_MInt_QCLE_Reviewer_Ready_Pipeline_v4\output\fixed_pipeline\final_reviewer_closure\manufactured\manufactured_complete.csv
0.05,1e-06,300,123,off_support,density_relative_l2,0.005382826409182253,0.005408517172184482,-2.5690763002229194e-05,-0.4750056657738739,True,True,D:\PhD-Project\GP_RKHS_MINT\GP_RKHS_MINT\Tully_models\GP_MInt_QCLE_Reviewer_Ready_Pipeline_v4\output\fixed_pipeline\final_reviewer_closure\manufactured\manufactured_complete.csv
0.05,1e-06,300,123,off_support,density_relative_linf,0.006099018590950175,0.0062205882320093735,-0.0001215696410591981,-1.9543110156951942,True,True,D:\PhD-Project\GP_RKHS_MINT\GP_RKHS_MINT\Tully_models\GP_MInt_QCLE_Reviewer_Ready_Pipeline_v4\output\fixed_pipeline\final_reviewer_closure\manufactured\manufactured_complete.csv
0.05,1e-06,300,123,off_support,density_mae,4.434830678085286e-05,4.45125568156283e-05,-1.6425003477543672e-07,-0.36899707975833185,True,True,D:\PhD-Project\GP_RKHS_MINT\GP_RKHS_MINT\Tully_models\GP_MInt_QCLE_Reviewer_Ready_Pipeline_v4\output\fixed_pipeline\final_reviewer_closure\manufactured\manufactured_complete.csv
0.05,1e-06,300,123,off_support,density_rmse,7.647126580307034e-05,7.683624230739823e-05,-3.649765043278909e-07,-0.4750056657738829,True,True,D:\PhD-Project\GP_RKHS_MINT\GP_RKHS_MINT\Tully_models\GP_MInt_QCLE_Reviewer_Ready_Pipeline_v4\output\fixed_pipeline\final_reviewer_closure\manufactured\manufactured_complete.csv
0.05,1e-06,300,123,off_support,density_linf,0.0004882757468973719,0.0004980083795173649,-9.732632619992992e-06,-1.9543110156951944,True,True,D:\PhD-Project\GP_RKHS_MINT\GP_RKHS_MINT\Tully_models\GP_MInt_QCLE_Reviewer_Ready_Pipeline_v4\output\fixed_pipeline\final_reviewer_closure\manufactured\manufactured_complete.csv
0.05,1e-06,300,123,off_support,gradient_relative_l1,0.007031342774083511,0.007065453720687413,-3.411094660390156e-05,-0.48278494138353556,True,True,D:\PhD-Project\GP_RKHS_MINT\GP_RKHS_MINT\Tully_models\GP_MInt_QCLE_Reviewer_Ready_Pipeline_v4\output\fixed_pipeline\final_reviewer_closure\manufactured\manufactured_complete.csv
0.05,1e-06,300,123,off_support,gradient_relative_l2,0.007278966740937206,0.007338591985143252,-5.962524420604579e-05,-0.8124888851533811,True,True,D:\PhD-Project\GP_RKHS_MINT\GP_RKHS_MINT\Tully_models\GP_MInt_QCLE_Reviewer_Ready_Pipeline_v4\output\fixed_pipeline\final_reviewer_closure\manufactured\manufactured_complete.csv
0.05,1e-06,300,123,off_support,gradient_relative_linf,0.022206858344065303,0.022724751873421295,-0.0005178935293559915,-2.2789843085667134,True,True,D:\PhD-Project\GP_RKHS_MINT\GP_RKHS_MINT\Tully_models\GP_MInt_QCLE_Reviewer_Ready_Pipeline_v4\output\fixed_pipeline\final_reviewer_closure\manufactured\manufactured_complete.csv
0.05,1e-06,300,123,off_support,gradient_mae,7.293450621996975e-05,7.328833124702165e-05,-3.5382502705189956e-07,-0.48278494138352834,True,True,D:\PhD-Project\GP_RKHS_MINT\GP_RKHS_MINT\Tully_models\GP_MInt_QCLE_Reviewer_Ready_Pipeline_v4\output\fixed_pipeline\final_reviewer_closure\manufactured\manufactured_complete.csv
0.05,1e-06,300,123,off_support,gradient_rmse,0.0001426699798728997,0.00014383865294059634,-1.1686730676966424e-06,-0.8124888851533465,True,True,D:\PhD-Project\GP_RKHS_MINT\GP_RKHS_MINT\Tully_models\GP_MInt_QCLE_Reviewer_Ready_Pipeline_v4\output\fixed_pipeline\final_reviewer_closure\manufactured\manufactured_complete.csv
0.05,1e-06,300,123,off_support,gradient_linf,0.0035475248464227806,0.0036302578532590654,-8.273300683628478e-05,-2.2789843085667094,True,True,D:\PhD-Project\GP_RKHS_MINT\GP_RKHS_MINT\Tully_models\GP_MInt_QCLE_Reviewer_Ready_Pipeline_v4\output\fixed_pipeline\final_reviewer_closure\manufactured\manufactured_complete.csv
0.05,1e-06,300,123,off_support,Q_relative_l1,0.015587513781910964,0.0157351433929906,-0.00014762961107963463,-0.9382158610985264,True,True,D:\PhD-Project\GP_RKHS_MINT\GP_RKHS_MINT\Tully_models\GP_MInt_QCLE_Reviewer_Ready_Pipeline_v4\output\fixed_pipeline\final_reviewer_closure\manufactured\manufactured_complete.csv
0.05,1e-06,300,123,off_support,Q_relative_l2,0.017024817033435252,0.017261735177000193,-0.00023691814356494034,-1.3725047982465506,True,True,D:\PhD-Project\GP_RKHS_MINT\GP_RKHS_MINT\Tully_models\GP_MInt_QCLE_Reviewer_Ready_Pipeline_v4\output\fixed_pipeline\final_reviewer_closure\manufactured\manufactured_complete.csv
0.05,1e-06,300,123,off_support,Q_relative_linf,0.03342239191719758,0.03406999162431355,-0.0006475997071159756,-1.9007920936905236,True,True,D:\PhD-Project\GP_RKHS_MINT\GP_RKHS_MINT\Tully_models\GP_MInt_QCLE_Reviewer_Ready_Pipeline_v4\output\fixed_pipeline\final_reviewer_closure\manufactured\manufactured_complete.csv
0.05,1e-06,300,123,off_support,Q_mae,1.3867865744924216e-06,1.3999208539873567e-06,-1.3134279494935191e-08,-0.938215861098517,True,True,D:\PhD-Project\GP_RKHS_MINT\GP_RKHS_MINT\Tully_models\GP_MInt_QCLE_Reviewer_Ready_Pipeline_v4\output\fixed_pipeline\final_reviewer_closure\manufactured\manufactured_complete.csv
0.05,1e-06,300,123,off_support,Q_rmse,2.7177231507606256e-06,2.7555431121932296e-06,-3.7819961432604047e-08,-1.3725047982465375,True,True,D:\PhD-Project\GP_RKHS_MINT\GP_RKHS_MINT\Tully_models\GP_MInt_QCLE_Reviewer_Ready_Pipeline_v4\output\fixed_pipeline\final_reviewer_closure\manufactured\manufactured_complete.csv
0.05,1e-06,300,123,off_support,Q_linf,3.331580259223962e-05,3.3961337000863625e-05,-6.455344086240069e-07,-1.900792093690514,True,True,D:\PhD-Project\GP_RKHS_MINT\GP_RKHS_MINT\Tully_models\GP_MInt_QCLE_Reviewer_Ready_Pipeline_v4\output\fixed_pipeline\final_reviewer_closure\manufactured\manufactured_complete.csv
0.05,1e-06,300,124,on_support,density_relative_l1,0.00016493885945420908,0.00016355910201535723,1.3797574388518482e-06,0.8435834030944345,True,True,D:\PhD-Project\GP_RKHS_MINT\GP_RKHS_MINT\Tully_models\GP_MInt_QCLE_Reviewer_Ready_Pipeline_v4\output\fixed_pipeline\final_reviewer_closure\manufactured\manufactured_complete.csv
0.05,1e-06,300,124,on_support,density_relative_l2,0.00023773616986912907,0.0002323355958554491,5.400574013679981e-06,2.3244712002890964,True,True,D:\PhD-Project\GP_RKHS_MINT\GP_RKHS_MINT\Tully_models\GP_MInt_QCLE_Reviewer_Ready_Pipeline_v4\output\fixed_pipeline\final_reviewer_closure\manufactured\manufactured_complete.csv
0.05,1e-06,300,124,on_support,density_relative_linf,0.000347074972986919,0.00031875335062255927,2.8321622364359744e-05,8.88512146116883,True,True,D:\PhD-Project\GP_RKHS_MINT\GP_RKHS_MINT\Tully_models\GP_MInt_QCLE_Reviewer_Ready_Pipeline_v4\output\fixed_pipeline\final_reviewer_closure\manufactured\manufactured_complete.csv
0.05,1e-06,300,124,on_support,density_mae,1.5922977319070604e-06,1.5789777377726542e-06,1.3319994134406176e-08,0.8435834030944411,True,True,D:\PhD-Project\GP_RKHS_MINT\GP_RKHS_MINT\Tully_models\GP_MInt_QCLE_Reviewer_Ready_Pipeline_v4\output\fixed_pipeline\final_reviewer_closure\manufactured\manufactured_complete.csv
0.05,1e-06,300,124,on_support,density_rmse,3.5285779038090177e-06,3.4484203655469753e-06,8.015753826204236e-08,2.3244712002890657,True,True,D:\PhD-Project\GP_RKHS_MINT\GP_RKHS_MINT\Tully_models\GP_MInt_QCLE_Reviewer_Ready_Pipeline_v4\output\fixed_pipeline\final_reviewer_closure\manufactured\manufactured_complete.csv
0.05,1e-06,300,124,on_support,density_linf,2.577170850120991e-05,2.3668714472069308e-05,2.1029940291406035e-06,8.885121461168833,True,True,D:\PhD-Project\GP_RKHS_MINT\GP_RKHS_MINT\Tully_models\GP_MInt_QCLE_Reviewer_Ready_Pipeline_v4\output\fixed_pipeline\final_reviewer_closure\manufactured\manufactured_complete.csv
0.05,1e-06,300,124,on_support,gradient_relative_l1,0.011010083619849514,0.010995171025851888,1.4912593997625997e-05,0.1356285769685933,True,True,D:\PhD-Project\GP_RKHS_MINT\GP_RKHS_MINT\Tully_models\GP_MInt_QCLE_Reviewer_Ready_Pipeline_v4\output\fixed_pipeline\final_reviewer_closure\manufactured\manufactured_complete.csv
0.05,1e-06,300,124,on_support,gradient_relative_l2,0.016268656065240382,0.016376724347778416,-0.000108068282538034,-0.6598894885392267,True,True,D:\PhD-Project\GP_RKHS_MINT\GP_RKHS_MINT\Tully_models\GP_MInt_QCLE_Reviewer_Ready_Pipeline_v4\output\fixed_pipeline\final_reviewer_closure\manufactured\manufactured_complete.csv
0.05,1e-06,300,124,on_support,gradient_relative_linf,0.027620146215539806,0.02761676554426587,3.3806712739364864e-06,0.012241372975114469,True,True,D:\PhD-Project\GP_RKHS_MINT\GP_RKHS_MINT\Tully_models\GP_MInt_QCLE_Reviewer_Ready_Pipeline_v4\output\fixed_pipeline\final_reviewer_closure\manufactured\manufactured_complete.csv
0.05,1e-06,300,124,on_support,gradient_mae,0.0001146719583481203,0.00011451664105746183,1.553172906584697e-07,0.13562857696859537,True,True,D:\PhD-Project\GP_RKHS_MINT\GP_RKHS_MINT\Tully_models\GP_MInt_QCLE_Reviewer_Ready_Pipeline_v4\output\fixed_pipeline\final_reviewer_closure\manufactured\manufactured_complete.csv
0.05,1e-06,300,124,on_support,gradient_rmse,0.0003104707814410766,0.00031253315487831865,-2.0623734372420617e-06,-0.6598894885392317,True,True,D:\PhD-Project\GP_RKHS_MINT\GP_RKHS_MINT\Tully_models\GP_MInt_QCLE_Reviewer_Ready_Pipeline_v4\output\fixed_pipeline\final_reviewer_closure\manufactured\manufactured_complete.csv
0.05,1e-06,300,124,on_support,gradient_linf,0.0041459333278737335,0.004145425870831478,5.074570422550218e-07,0.01224137297510611,True,True,D:\PhD-Project\GP_RKHS_MINT\GP_RKHS_MINT\Tully_models\GP_MInt_QCLE_Reviewer_Ready_Pipeline_v4\output\fixed_pipeline\final_reviewer_closure\manufactured\manufactured_complete.csv
0.05,1e-06,300,124,on_support,Q_relative_l1,0.034562744331600774,0.03406622107429858,0.0004965232573021922,1.457523733610701,True,True,D:\PhD-Project\GP_RKHS_MINT\GP_RKHS_MINT\Tully_models\GP_MInt_QCLE_Reviewer_Ready_Pipeline_v4\output\fixed_pipeline\final_reviewer_closure\manufactured\manufactured_complete.csv
0.05,1e-06,300,124,on_support,Q_relative_l2,0.040021569199428744,0.03961108631750914,0.0004104828819196035,1.0362828189797948,True,True,D:\PhD-Project\GP_RKHS_MINT\GP_RKHS_MINT\Tully_models\GP_MInt_QCLE_Reviewer_Ready_Pipeline_v4\output\fixed_pipeline\final_reviewer_closure\manufactured\manufactured_complete.csv
0.05,1e-06,300,124,on_support,Q_relative_linf,0.0679631252926761,0.07220197443490474,-0.0042388491422286345,-5.870821643596826,True,True,D:\PhD-Project\GP_RKHS_MINT\GP_RKHS_MINT\Tully_models\GP_MInt_QCLE_Reviewer_Ready_Pipeline_v4\output\fixed_pipeline\final_reviewer_closure\manufactured\manufactured_complete.csv
0.05,1e-06,300,124,on_support,Q_mae,3.8131252263429766e-06,3.7583464350606557e-06,5.477879128232087e-08,1.4575237336107043,True,True,D:\PhD-Project\GP_RKHS_MINT\GP_RKHS_MINT\Tully_models\GP_MInt_QCLE_Reviewer_Ready_Pipeline_v4\output\fixed_pipeline\final_reviewer_closure\manufactured\manufactured_complete.csv
0.05,1e-06,300,124,on_support,Q_rmse,7.800875328598875e-06,7.72086532773103e-06,8.001000086784448e-08,1.0362828189797921,True,True,D:\PhD-Project\GP_RKHS_MINT\GP_RKHS_MINT\Tully_models\GP_MInt_QCLE_Reviewer_Ready_Pipeline_v4\output\fixed_pipeline\final_reviewer_closure\manufactured\manufactured_complete.csv
0.05,1e-06,300,124,on_support,Q_linf,6.651689165361458e-05,7.066553943747427e-05,-4.14864778385969e-06,-5.870821643596826,True,True,D:\PhD-Project\GP_RKHS_MINT\GP_RKHS_MINT\Tully_models\GP_MInt_QCLE_Reviewer_Ready_Pipeline_v4\output\fixed_pipeline\final_reviewer_closure\manufactured\manufactured_complete.csv
0.05,1e-06,300,124,off_support,density_relative_l1,0.008141530119215819,0.007833730711027628,0.0003077994081881908,3.929154824723528,True,True,D:\PhD-Project\GP_RKHS_MINT\GP_RKHS_MINT\Tully_models\GP_MInt_QCLE_Reviewer_Ready_Pipeline_v4\output\fixed_pipeline\final_reviewer_closure\manufactured\manufactured_complete.csv
0.05,1e-06,300,124,off_support,density_relative_l2,0.014986829046490796,0.014429802153510427,0.0005570268929803689,3.860253155618336,True,True,D:\PhD-Project\GP_RKHS_MINT\GP_RKHS_MINT\Tully_models\GP_MInt_QCLE_Reviewer_Ready_Pipeline_v4\output\fixed_pipeline\final_reviewer_closure\manufactured\manufactured_complete.csv
0.05,1e-06,300,124,off_support,density_relative_linf,0.03955623062954849,0.03715744056778289,0.0023987900617655974,6.455746211555411,True,True,D:\PhD-Project\GP_RKHS_MINT\GP_RKHS_MINT\Tully_models\GP_MInt_QCLE_Reviewer_Ready_Pipeline_v4\output\fixed_pipeline\final_reviewer_closure\manufactured\manufactured_complete.csv
0.05,1e-06,300,124,off_support,density_mae,7.397397810250805e-05,7.117731133988835e-05,2.796666762619704e-06,3.9291548247235197,True,True,D:\PhD-Project\GP_RKHS_MINT\GP_RKHS_MINT\Tully_models\GP_MInt_QCLE_Reviewer_Ready_Pipeline_v4\output\fixed_pipeline\final_reviewer_closure\manufactured\manufactured_complete.csv
0.05,1e-06,300,124,off_support,density_rmse,0.00020814409685207948,0.0002004078466284962,7.736250223583277e-06,3.8602531556183344,True,True,D:\PhD-Project\GP_RKHS_MINT\GP_RKHS_MINT\Tully_models\GP_MInt_QCLE_Reviewer_Ready_Pipeline_v4\output\fixed_pipeline\final_reviewer_closure\manufactured\manufactured_complete.csv
0.05,1e-06,300,124,off_support,density_linf,0.003556781451557814,0.003341089211370102,0.0002156922401877117,6.455746211555404,True,True,D:\PhD-Project\GP_RKHS_MINT\GP_RKHS_MINT\Tully_models\GP_MInt_QCLE_Reviewer_Ready_Pipeline_v4\output\fixed_pipeline\final_reviewer_closure\manufactured\manufactured_complete.csv
0.05,1e-06,300,124,off_support,gradient_relative_l1,0.014371495104021257,0.013940111681531024,0.0004313834224902325,3.0945478224666148,True,True,D:\PhD-Project\GP_RKHS_MINT\GP_RKHS_MINT\Tully_models\GP_MInt_QCLE_Reviewer_Ready_Pipeline_v4\output\fixed_pipeline\final_reviewer_closure\manufactured\manufactured_complete.csv
0.05,1e-06,300,124,off_support,gradient_relative_l2,0.020542934618024887,0.020038277724389243,0.0005046568936356438,2.51846441384236,True,True,D:\PhD-Project\GP_RKHS_MINT\GP_RKHS_MINT\Tully_models\GP_MInt_QCLE_Reviewer_Ready_Pipeline_v4\output\fixed_pipeline\final_reviewer_closure\manufactured\manufactured_complete.csv
0.05,1e-06,300,124,off_support,gradient_relative_linf,0.05232679563452972,0.04965702395515323,0.002669771679376494,5.376423044980799,True,True,D:\PhD-Project\GP_RKHS_MINT\GP_RKHS_MINT\Tully_models\GP_MInt_QCLE_Reviewer_Ready_Pipeline_v4\output\fixed_pipeline\final_reviewer_closure\manufactured\manufactured_complete.csv
0.05,1e-06,300,124,off_support,gradient_mae,0.00015003341792987123,0.0001455299248106073,4.503493119263922e-06,3.0945478224665957,True,True,D:\PhD-Project\GP_RKHS_MINT\GP_RKHS_MINT\Tully_models\GP_MInt_QCLE_Reviewer_Ready_Pipeline_v4\output\fixed_pipeline\final_reviewer_closure\manufactured\manufactured_complete.csv
0.05,1e-06,300,124,off_support,gradient_rmse,0.00040761871706223863,0.00039760517229050574,1.0013544771732893e-05,2.5184644138423353,True,True,D:\PhD-Project\GP_RKHS_MINT\GP_RKHS_MINT\Tully_models\GP_MInt_QCLE_Reviewer_Ready_Pipeline_v4\output\fixed_pipeline\final_reviewer_closure\manufactured\manufactured_complete.csv
0.05,1e-06,300,124,off_support,gradient_linf,0.009626205401525067,0.009135065627930872,0.0004911397735941955,5.3764230449808,True,True,D:\PhD-Project\GP_RKHS_MINT\GP_RKHS_MINT\Tully_models\GP_MInt_QCLE_Reviewer_Ready_Pipeline_v4\output\fixed_pipeline\final_reviewer_closure\manufactured\manufactured_complete.csv
0.05,1e-06,300,124,off_support,Q_relative_l1,0.04255092997046889,0.041588971522065254,0.0009619584484036325,2.31301331386197,True,True,D:\PhD-Project\GP_RKHS_MINT\GP_RKHS_MINT\Tully_models\GP_MInt_QCLE_Reviewer_Ready_Pipeline_v4\output\fixed_pipeline\final_reviewer_closure\manufactured\manufactured_complete.csv
0.05,1e-06,300,124,off_support,Q_relative_l2,0.054872913603506795,0.053248145297343896,0.0016247683061628992,3.0513143642656515,True,True,D:\PhD-Project\GP_RKHS_MINT\GP_RKHS_MINT\Tully_models\GP_MInt_QCLE_Reviewer_Ready_Pipeline_v4\output\fixed_pipeline\final_reviewer_closure\manufactured\manufactured_complete.csv
0.05,1e-06,300,124,off_support,Q_relative_linf,0.15426057420427725,0.14461335557162613,0.009647218632651111,6.671042653368832,True,True,D:\PhD-Project\GP_RKHS_MINT\GP_RKHS_MINT\Tully_models\GP_MInt_QCLE_Reviewer_Ready_Pipeline_v4\output\fixed_pipeline\final_reviewer_closure\manufactured\manufactured_complete.csv
0.05,1e-06,300,124,off_support,Q_mae,3.8488738950660275e-06,3.7618615368691906e-06,8.701235819683681e-08,2.3130133138619677,True,True,D:\PhD-Project\GP_RKHS_MINT\GP_RKHS_MINT\Tully_models\GP_MInt_QCLE_Reviewer_Ready_Pipeline_v4\output\fixed_pipeline\final_reviewer_closure\manufactured\manufactured_complete.csv
0.05,1e-06,300,124,off_support,Q_rmse,8.690396470171765e-06,8.433076786825798e-06,2.573196833459668e-07,3.051314364265639,True,True,D:\PhD-Project\GP_RKHS_MINT\GP_RKHS_MINT\Tully_models\GP_MInt_QCLE_Reviewer_Ready_Pipeline_v4\output\fixed_pipeline\final_reviewer_closure\manufactured\manufactured_complete.csv
0.05,1e-06,300,124,off_support,Q_linf,0.00014450866190163241,0.00013547131283906,9.037349062572428e-06,6.671042653368839,True,True,D:\PhD-Project\GP_RKHS_MINT\GP_RKHS_MINT\Tully_models\GP_MInt_QCLE_Reviewer_Ready_Pipeline_v4\output\fixed_pipeline\final_reviewer_closure\manufactured\manufactured_complete.csv
0.05,1e-06,300,125,on_support,density_relative_l1,0.0002143183204241799,0.00018873087916893076,2.5587441255249147e-05,13.557633688733116,True,True,D:\PhD-Project\GP_RKHS_MINT\GP_RKHS_MINT\Tully_models\GP_MInt_QCLE_Reviewer_Ready_Pipeline_v4\output\fixed_pipeline\final_reviewer_closure\manufactured\manufactured_complete.csv
0.05,1e-06,300,125,on_support,density_relative_l2,0.00028012599027165146,0.0002291136497319674,5.101234053968406e-05,22.265081368727593,True,True,D:\PhD-Project\GP_RKHS_MINT\GP_RKHS_MINT\Tully_models\GP_MInt_QCLE_Reviewer_Ready_Pipeline_v4\output\fixed_pipeline\final_reviewer_closure\manufactured\manufactured_complete.csv
0.05,1e-06,300,125,on_support,density_relative_linf,0.00036053143014744054,0.0002520941476133503,0.00010843728253409022,43.01459734813282,True,True,D:\PhD-Project\GP_RKHS_MINT\GP_RKHS_MINT\Tully_models\GP_MInt_QCLE_Reviewer_Ready_Pipeline_v4\output\fixed_pipeline\final_reviewer_closure\manufactured\manufactured_complete.csv
0.05,1e-06,300,125,on_support,density_mae,2.1702361005341446e-06,1.911131845599095e-06,2.591042549350496e-07,13.557633688733102,True,True,D:\PhD-Project\GP_RKHS_MINT\GP_RKHS_MINT\Tully_models\GP_MInt_QCLE_Reviewer_Ready_Pipeline_v4\output\fixed_pipeline\final_reviewer_closure\manufactured\manufactured_complete.csv
0.05,1e-06,300,125,on_support,density_rmse,4.349854903144069e-06,3.5577246213297445e-06,7.921302818143248e-07,22.265081368727635,True,True,D:\PhD-Project\GP_RKHS_MINT\GP_RKHS_MINT\Tully_models\GP_MInt_QCLE_Reviewer_Ready_Pipeline_v4\output\fixed_pipeline\final_reviewer_closure\manufactured\manufactured_complete.csv
0.05,1e-06,300,125,on_support,density_linf,2.7233159748910052e-05,1.9042223838604266e-05,8.190935910305785e-06,43.01459734813282,True,True,D:\PhD-Project\GP_RKHS_MINT\GP_RKHS_MINT\Tully_models\GP_MInt_QCLE_Reviewer_Ready_Pipeline_v4\output\fixed_pipeline\final_reviewer_closure\manufactured\manufactured_complete.csv
0.05,1e-06,300,125,on_support,gradient_relative_l1,0.0010493526143279942,0.0010640671449020033,-1.471453057400908e-05,-1.3828573360719858,True,True,D:\PhD-Project\GP_RKHS_MINT\GP_RKHS_MINT\Tully_models\GP_MInt_QCLE_Reviewer_Ready_Pipeline_v4\output\fixed_pipeline\final_reviewer_closure\manufactured\manufactured_complete.csv
0.05,1e-06,300,125,on_support,gradient_relative_l2,0.0015965139604568535,0.001472190374244991,0.00012432358621186244,8.444803633200051,True,True,D:\PhD-Project\GP_RKHS_MINT\GP_RKHS_MINT\Tully_models\GP_MInt_QCLE_Reviewer_Ready_Pipeline_v4\output\fixed_pipeline\final_reviewer_closure\manufactured\manufactured_complete.csv
0.05,1e-06,300,125,on_support,gradient_relative_linf,0.005323760500989568,0.004889943966826246,0.00043381653416332214,8.871605423423391,True,True,D:\PhD-Project\GP_RKHS_MINT\GP_RKHS_MINT\Tully_models\GP_MInt_QCLE_Reviewer_Ready_Pipeline_v4\output\fixed_pipeline\final_reviewer_closure\manufactured\manufactured_complete.csv
0.05,1e-06,300,125,on_support,gradient_mae,1.1609483012013917e-05,1.1772276805440653e-05,-1.6279379342673624e-07,-1.3828573360719802,True,True,D:\PhD-Project\GP_RKHS_MINT\GP_RKHS_MINT\Tully_models\GP_MInt_QCLE_Reviewer_Ready_Pipeline_v4\output\fixed_pipeline\final_reviewer_closure\manufactured\manufactured_complete.csv
0.05,1e-06,300,125,on_support,gradient_rmse,3.312917163064118e-05,3.054933986758475e-05,2.5798317630564306e-06,8.44480363320006,True,True,D:\PhD-Project\GP_RKHS_MINT\GP_RKHS_MINT\Tully_models\GP_MInt_QCLE_Reviewer_Ready_Pipeline_v4\output\fixed_pipeline\final_reviewer_closure\manufactured\manufactured_complete.csv
0.05,1e-06,300,125,on_support,gradient_linf,0.0009349362517142039,0.0008587512309367078,7.618502077749603e-05,8.871605423423382,True,True,D:\PhD-Project\GP_RKHS_MINT\GP_RKHS_MINT\Tully_models\GP_MInt_QCLE_Reviewer_Ready_Pipeline_v4\output\fixed_pipeline\final_reviewer_closure\manufactured\manufactured_complete.csv
0.05,1e-06,300,125,on_support,Q_relative_l1,0.003575128588991666,0.0037048905778707896,-0.0001297619888791235,-3.502451318108781,True,True,D:\PhD-Project\GP_RKHS_MINT\GP_RKHS_MINT\Tully_models\GP_MInt_QCLE_Reviewer_Ready_Pipeline_v4\output\fixed_pipeline\final_reviewer_closure\manufactured\manufactured_complete.csv
0.05,1e-06,300,125,on_support,Q_relative_l2,0.003953276091965082,0.004049747661492274,-9.647156952719265e-05,-2.3821624849495993,True,True,D:\PhD-Project\GP_RKHS_MINT\GP_RKHS_MINT\Tully_models\GP_MInt_QCLE_Reviewer_Ready_Pipeline_v4\output\fixed_pipeline\final_reviewer_closure\manufactured\manufactured_complete.csv
0.05,1e-06,300,125,on_support,Q_relative_linf,0.005340541973860221,0.005704196436785829,-0.00036365446292560815,-6.3752093209910266,True,True,D:\PhD-Project\GP_RKHS_MINT\GP_RKHS_MINT\Tully_models\GP_MInt_QCLE_Reviewer_Ready_Pipeline_v4\output\fixed_pipeline\final_reviewer_closure\manufactured\manufactured_complete.csv
0.05,1e-06,300,125,on_support,Q_mae,3.1579977538230164e-07,3.272619664395317e-07,-1.1462191057230077e-08,-3.5024513181087755,True,True,D:\PhD-Project\GP_RKHS_MINT\GP_RKHS_MINT\Tully_models\GP_MInt_QCLE_Reviewer_Ready_Pipeline_v4\output\fixed_pipeline\final_reviewer_closure\manufactured\manufactured_complete.csv
0.05,1e-06,300,125,on_support,Q_rmse,6.020129541285347e-07,6.167038416884807e-07,-1.4690887559945975e-08,-2.382162484949603,True,True,D:\PhD-Project\GP_RKHS_MINT\GP_RKHS_MINT\Tully_models\GP_MInt_QCLE_Reviewer_Ready_Pipeline_v4\output\fixed_pipeline\final_reviewer_closure\manufactured\manufactured_complete.csv
0.05,1e-06,300,125,on_support,Q_linf,4.2577029373484675e-06,4.547623451512891e-06,-2.8992051416442355e-07,-6.375209320991024,True,True,D:\PhD-Project\GP_RKHS_MINT\GP_RKHS_MINT\Tully_models\GP_MInt_QCLE_Reviewer_Ready_Pipeline_v4\output\fixed_pipeline\final_reviewer_closure\manufactured\manufactured_complete.csv
0.05,1e-06,300,125,off_support,density_relative_l1,0.000813762068563231,0.0008680626845549194,-5.4300615991688395e-05,-6.255379589266629,True,True,D:\PhD-Project\GP_RKHS_MINT\GP_RKHS_MINT\Tully_models\GP_MInt_QCLE_Reviewer_Ready_Pipeline_v4\output\fixed_pipeline\final_reviewer_closure\manufactured\manufactured_complete.csv
0.05,1e-06,300,125,off_support,density_relative_l2,0.0009634440070604379,0.0011188759651483478,-0.00015543195808790993,-13.891795241781045,True,True,D:\PhD-Project\GP_RKHS_MINT\GP_RKHS_MINT\Tully_models\GP_MInt_QCLE_Reviewer_Ready_Pipeline_v4\output\fixed_pipeline\final_reviewer_closure\manufactured\manufactured_complete.csv
0.05,1e-06,300,125,off_support,density_relative_linf,0.0016315614748115205,0.002346342871220779,-0.0007147813964092586,-30.463637909721385,True,True,D:\PhD-Project\GP_RKHS_MINT\GP_RKHS_MINT\Tully_models\GP_MInt_QCLE_Reviewer_Ready_Pipeline_v4\output\fixed_pipeline\final_reviewer_closure\manufactured\manufactured_complete.csv
0.05,1e-06,300,125,off_support,density_mae,7.942528362796446e-06,8.472516426006094e-06,-5.299880632096479e-07,-6.255379589266631,True,True,D:\PhD-Project\GP_RKHS_MINT\GP_RKHS_MINT\Tully_models\GP_MInt_QCLE_Reviewer_Ready_Pipeline_v4\output\fixed_pipeline\final_reviewer_closure\manufactured\manufactured_complete.csv
0.05,1e-06,300,125,off_support,density_rmse,1.4456664399511773e-05,1.6788951111109876e-05,-2.332286711598103e-06,-13.891795241781017,True,True,D:\PhD-Project\GP_RKHS_MINT\GP_RKHS_MINT\Tully_models\GP_MInt_QCLE_Reviewer_Ready_Pipeline_v4\output\fixed_pipeline\final_reviewer_closure\manufactured\manufactured_complete.csv
0.05,1e-06,300,125,off_support,density_linf,0.00011590150262659775,0.00016667754703089525,-5.07760444042975e-05,-30.46363790972139,True,True,D:\PhD-Project\GP_RKHS_MINT\GP_RKHS_MINT\Tully_models\GP_MInt_QCLE_Reviewer_Ready_Pipeline_v4\output\fixed_pipeline\final_reviewer_closure\manufactured\manufactured_complete.csv
0.05,1e-06,300,125,off_support,gradient_relative_l1,0.001435443825499796,0.0015700085747474728,-0.00013456474924767692,-8.570956325465987,True,True,D:\PhD-Project\GP_RKHS_MINT\GP_RKHS_MINT\Tully_models\GP_MInt_QCLE_Reviewer_Ready_Pipeline_v4\output\fixed_pipeline\final_reviewer_closure\manufactured\manufactured_complete.csv
0.05,1e-06,300,125,off_support,gradient_relative_l2,0.0016630115850961066,0.0023164060084955233,-0.0006533944233994167,-28.207249549649898,True,True,D:\PhD-Project\GP_RKHS_MINT\GP_RKHS_MINT\Tully_models\GP_MInt_QCLE_Reviewer_Ready_Pipeline_v4\output\fixed_pipeline\final_reviewer_closure\manufactured\manufactured_complete.csv
0.05,1e-06,300,125,off_support,gradient_relative_linf,0.005007660078483522,0.009780247233090792,-0.00477258715460727,-48.798226065896884,True,True,D:\PhD-Project\GP_RKHS_MINT\GP_RKHS_MINT\Tully_models\GP_MInt_QCLE_Reviewer_Ready_Pipeline_v4\output\fixed_pipeline\final_reviewer_closure\manufactured\manufactured_complete.csv
0.05,1e-06,300,125,off_support,gradient_mae,1.5639571944444686e-05,1.710569346007588e-05,-1.466121515631195e-06,-8.570956325465984,True,True,D:\PhD-Project\GP_RKHS_MINT\GP_RKHS_MINT\Tully_models\GP_MInt_QCLE_Reviewer_Ready_Pipeline_v4\output\fixed_pipeline\final_reviewer_closure\manufactured\manufactured_complete.csv
0.05,1e-06,300,125,off_support,gradient_rmse,3.401037342708502e-05,4.737299130307824e-05,-1.336261787599322e-05,-28.207249549649895,True,True,D:\PhD-Project\GP_RKHS_MINT\GP_RKHS_MINT\Tully_models\GP_MInt_QCLE_Reviewer_Ready_Pipeline_v4\output\fixed_pipeline\final_reviewer_closure\manufactured\manufactured_complete.csv
0.05,1e-06,300,125,off_support,gradient_linf,0.0008004377986735336,0.00156330091161236,-0.0007628631129388263,-48.798226065896884,True,True,D:\PhD-Project\GP_RKHS_MINT\GP_RKHS_MINT\Tully_models\GP_MInt_QCLE_Reviewer_Ready_Pipeline_v4\output\fixed_pipeline\final_reviewer_closure\manufactured\manufactured_complete.csv
0.05,1e-06,300,125,off_support,Q_relative_l1,0.00422582629668774,0.0045518036363300565,-0.00032597733964231674,-7.161498291370488,True,True,D:\PhD-Project\GP_RKHS_MINT\GP_RKHS_MINT\Tully_models\GP_MInt_QCLE_Reviewer_Ready_Pipeline_v4\output\fixed_pipeline\final_reviewer_closure\manufactured\manufactured_complete.csv
0.05,1e-06,300,125,off_support,Q_relative_l2,0.004868325086140671,0.006175560479788878,-0.0013072353936482073,-21.16788262258096,True,True,D:\PhD-Project\GP_RKHS_MINT\GP_RKHS_MINT\Tully_models\GP_MInt_QCLE_Reviewer_Ready_Pipeline_v4\output\fixed_pipeline\final_reviewer_closure\manufactured\manufactured_complete.csv
0.05,1e-06,300,125,off_support,Q_relative_linf,0.008609639546156024,0.01429374964684503,-0.005684110100689007,-39.76640308614629,True,True,D:\PhD-Project\GP_RKHS_MINT\GP_RKHS_MINT\Tully_models\GP_MInt_QCLE_Reviewer_Ready_Pipeline_v4\output\fixed_pipeline\final_reviewer_closure\manufactured\manufactured_complete.csv
0.05,1e-06,300,125,off_support,Q_mae,3.6747166265900173e-07,3.9581817445987986e-07,-2.834651180087813e-08,-7.161498291370482,True,True,D:\PhD-Project\GP_RKHS_MINT\GP_RKHS_MINT\Tully_models\GP_MInt_QCLE_Reviewer_Ready_Pipeline_v4\output\fixed_pipeline\final_reviewer_closure\manufactured\manufactured_complete.csv
0.05,1e-06,300,125,off_support,Q_rmse,7.746779016456826e-07,9.826932567811302e-07,-2.0801535513544763e-07,-21.167882622580947,True,True,D:\PhD-Project\GP_RKHS_MINT\GP_RKHS_MINT\Tully_models\GP_MInt_QCLE_Reviewer_Ready_Pipeline_v4\output\fixed_pipeline\final_reviewer_closure\manufactured\manufactured_complete.csv
0.05,1e-06,300,125,off_support,Q_linf,8.408018247946744e-06,1.3959017356994171e-05,-5.550999109047427e-06,-39.76640308614629,True,True,D:\PhD-Project\GP_RKHS_MINT\GP_RKHS_MINT\Tully_models\GP_MInt_QCLE_Reviewer_Ready_Pipeline_v4\output\fixed_pipeline\final_reviewer_closure\manufactured\manufactured_complete.csv
0.05,1e-06,600,123,on_support,density_relative_l1,0.003738305485960475,0.0037250469856089405,1.3258500351534443e-05,0.3559284058095458,True,True,D:\PhD-Project\GP_RKHS_MINT\GP_RKHS_MINT\Tully_models\GP_MInt_QCLE_Reviewer_Ready_Pipeline_v4\output\fixed_pipeline\final_reviewer_closure\manufactured\manufactured_complete.csv
0.05,1e-06,600,123,on_support,density_relative_l2,0.0049541178473606895,0.004942137478427175,1.1980368933514791e-05,0.24241270069499402,True,True,D:\PhD-Project\GP_RKHS_MINT\GP_RKHS_MINT\Tully_models\GP_MInt_QCLE_Reviewer_Ready_Pipeline_v4\output\fixed_pipeline\final_reviewer_closure\manufactured\manufactured_complete.csv
0.05,1e-06,600,123,on_support,density_relative_linf,0.008509781532520366,0.008441223807779208,6.855772474115805e-05,0.8121775503449757,True,True,D:\PhD-Project\GP_RKHS_MINT\GP_RKHS_MINT\Tully_models\GP_MInt_QCLE_Reviewer_Ready_Pipeline_v4\output\fixed_pipeline\final_reviewer_closure\manufactured\manufactured_complete.csv
0.05,1e-06,600,123,on_support,density_mae,3.6641221031568554e-05,3.651126706077826e-05,1.2995397079029373e-07,0.35592840580954543,True,True,D:\PhD-Project\GP_RKHS_MINT\GP_RKHS_MINT\Tully_models\GP_MInt_QCLE_Reviewer_Ready_Pipeline_v4\output\fixed_pipeline\final_reviewer_closure\manufactured\manufactured_complete.csv
0.05,1e-06,600,123,on_support,density_rmse,7.444422998596462e-05,7.426420412310017e-05,1.8002586286445046e-07,0.24241270069499435,True,True,D:\PhD-Project\GP_RKHS_MINT\GP_RKHS_MINT\Tully_models\GP_MInt_QCLE_Reviewer_Ready_Pipeline_v4\output\fixed_pipeline\final_reviewer_closure\manufactured\manufactured_complete.csv
0.05,1e-06,600,123,on_support,density_linf,0.0006972262825792261,0.0006916091880180206,5.617094561205516e-06,0.8121775503449726,True,True,D:\PhD-Project\GP_RKHS_MINT\GP_RKHS_MINT\Tully_models\GP_MInt_QCLE_Reviewer_Ready_Pipeline_v4\output\fixed_pipeline\final_reviewer_closure\manufactured\manufactured_complete.csv
0.05,1e-06,600,123,on_support,gradient_relative_l1,0.008121489062541525,0.008120538580955575,9.504815859495003e-07,0.011704661907260508,True,True,D:\PhD-Project\GP_RKHS_MINT\GP_RKHS_MINT\Tully_models\GP_MInt_QCLE_Reviewer_Ready_Pipeline_v4\output\fixed_pipeline\final_reviewer_closure\manufactured\manufactured_complete.csv
0.05,1e-06,600,123,on_support,gradient_relative_l2,0.008837436199878316,0.008838295055846119,-8.588559678029961e-07,-0.009717439419890186,True,True,D:\PhD-Project\GP_RKHS_MINT\GP_RKHS_MINT\Tully_models\GP_MInt_QCLE_Reviewer_Ready_Pipeline_v4\output\fixed_pipeline\final_reviewer_closure\manufactured\manufactured_complete.csv
0.05,1e-06,600,123,on_support,gradient_relative_linf,0.01483057800966075,0.014703536705827656,0.0001270413038330937,0.864018680503866,True,True,D:\PhD-Project\GP_RKHS_MINT\GP_RKHS_MINT\Tully_models\GP_MInt_QCLE_Reviewer_Ready_Pipeline_v4\output\fixed_pipeline\final_reviewer_closure\manufactured\manufactured_complete.csv
0.05,1e-06,600,123,on_support,gradient_mae,8.235717146542436e-05,8.234753296510182e-05,9.63850032253933e-09,0.011704661907265691,True,True,D:\PhD-Project\GP_RKHS_MINT\GP_RKHS_MINT\Tully_models\GP_MInt_QCLE_Reviewer_Ready_Pipeline_v4\output\fixed_pipeline\final_reviewer_closure\manufactured\manufactured_complete.csv
0.05,1e-06,600,123,on_support,gradient_rmse,0.00016623118509189315,0.0001662473400764523,-1.615498455915707e-08,-0.00971743941991966,True,True,D:\PhD-Project\GP_RKHS_MINT\GP_RKHS_MINT\Tully_models\GP_MInt_QCLE_Reviewer_Ready_Pipeline_v4\output\fixed_pipeline\final_reviewer_closure\manufactured\manufactured_complete.csv
0.05,1e-06,600,123,on_support,gradient_linf,0.0024978957903956656,0.002476498381754927,2.139740864073869e-05,0.8640186805038732,True,True,D:\PhD-Project\GP_RKHS_MINT\GP_RKHS_MINT\Tully_models\GP_MInt_QCLE_Reviewer_Ready_Pipeline_v4\output\fixed_pipeline\final_reviewer_closure\manufactured\manufactured_complete.csv
0.05,1e-06,600,123,on_support,Q_relative_l1,0.015835881097886667,0.01579231037112839,4.357072675827828e-05,0.27589836910712306,True,True,D:\PhD-Project\GP_RKHS_MINT\GP_RKHS_MINT\Tully_models\GP_MInt_QCLE_Reviewer_Ready_Pipeline_v4\output\fixed_pipeline\final_reviewer_closure\manufactured\manufactured_complete.csv
0.05,1e-06,600,123,on_support,Q_relative_l2,0.016872495554483044,0.016857308889565773,1.5186664917270914e-05,0.09008949777666503,True,True,D:\PhD-Project\GP_RKHS_MINT\GP_RKHS_MINT\Tully_models\GP_MInt_QCLE_Reviewer_Ready_Pipeline_v4\output\fixed_pipeline\final_reviewer_closure\manufactured\manufactured_complete.csv
0.05,1e-06,600,123,on_support,Q_relative_linf,0.02103765366103251,0.021011439879831062,2.6213781201447905e-05,0.12475956598581607,True,True,D:\PhD-Project\GP_RKHS_MINT\GP_RKHS_MINT\Tully_models\GP_MInt_QCLE_Reviewer_Ready_Pipeline_v4\output\fixed_pipeline\final_reviewer_closure\manufactured\manufactured_complete.csv
0.05,1e-06,600,123,on_support,Q_mae,1.5579762525289577e-06,1.5536896481287841e-06,4.286604400173526e-09,0.27589836910712384,True,True,D:\PhD-Project\GP_RKHS_MINT\GP_RKHS_MINT\Tully_models\GP_MInt_QCLE_Reviewer_Ready_Pipeline_v4\output\fixed_pipeline\final_reviewer_closure\manufactured\manufactured_complete.csv
0.05,1e-06,600,123,on_support,Q_rmse,3.0836054506162356e-06,3.0808299463901796e-06,2.775504226056019e-09,0.09008949777666529,True,True,D:\PhD-Project\GP_RKHS_MINT\GP_RKHS_MINT\Tully_models\GP_MInt_QCLE_Reviewer_Ready_Pipeline_v4\output\fixed_pipeline\final_reviewer_closure\manufactured\manufactured_complete.csv
0.05,1e-06,600,123,on_support,Q_linf,2.3443804521461114e-05,2.341459257738422e-05,2.9211944076895126e-08,0.12475956598583089,True,True,D:\PhD-Project\GP_RKHS_MINT\GP_RKHS_MINT\Tully_models\GP_MInt_QCLE_Reviewer_Ready_Pipeline_v4\output\fixed_pipeline\final_reviewer_closure\manufactured\manufactured_complete.csv
0.05,1e-06,600,123,off_support,density_relative_l1,0.005633913944490268,0.005636132846390134,-2.2189018998655663e-06,-0.039369226388741754,True,True,D:\PhD-Project\GP_RKHS_MINT\GP_RKHS_MINT\Tully_models\GP_MInt_QCLE_Reviewer_Ready_Pipeline_v4\output\fixed_pipeline\final_reviewer_closure\manufactured\manufactured_complete.csv
0.05,1e-06,600,123,off_support,density_relative_l2,0.007912707596706186,0.007921101156869002,-8.393560162816074e-06,-0.10596456220657359,True,True,D:\PhD-Project\GP_RKHS_MINT\GP_RKHS_MINT\Tully_models\GP_MInt_QCLE_Reviewer_Ready_Pipeline_v4\output\fixed_pipeline\final_reviewer_closure\manufactured\manufactured_complete.csv
0.05,1e-06,600,123,off_support,density_relative_linf,0.019632053296348127,0.019648314894862243,-1.6261598514116793e-05,-0.08276332398545268,True,True,D:\PhD-Project\GP_RKHS_MINT\GP_RKHS_MINT\Tully_models\GP_MInt_QCLE_Reviewer_Ready_Pipeline_v4\output\fixed_pipeline\final_reviewer_closure\manufactured\manufactured_complete.csv
0.05,1e-06,600,123,off_support,density_mae,5.3755276915803564e-05,5.377644828747368e-05,-2.1171371670115208e-08,-0.03936922638873256,True,True,D:\PhD-Project\GP_RKHS_MINT\GP_RKHS_MINT\Tully_models\GP_MInt_QCLE_Reviewer_Ready_Pipeline_v4\output\fixed_pipeline\final_reviewer_closure\manufactured\manufactured_complete.csv
0.05,1e-06,600,123,off_support,density_rmse,0.000114369722833219,0.00011449104276545115,-1.213199322321496e-07,-0.10596456220657215,True,True,D:\PhD-Project\GP_RKHS_MINT\GP_RKHS_MINT\Tully_models\GP_MInt_QCLE_Reviewer_Ready_Pipeline_v4\output\fixed_pipeline\final_reviewer_closure\manufactured\manufactured_complete.csv
0.05,1e-06,600,123,off_support,density_linf,0.001370869496625236,0.0013720050135797215,-1.1355169544854937e-06,-0.0827633239854421,True,True,D:\PhD-Project\GP_RKHS_MINT\GP_RKHS_MINT\Tully_models\GP_MInt_QCLE_Reviewer_Ready_Pipeline_v4\output\fixed_pipeline\final_reviewer_closure\manufactured\manufactured_complete.csv
0.05,1e-06,600,123,off_support,gradient_relative_l1,0.00884428993309769,0.008857300439388314,-1.3010506290624807e-05,-0.14689019955524185,True,True,D:\PhD-Project\GP_RKHS_MINT\GP_RKHS_MINT\Tully_models\GP_MInt_QCLE_Reviewer_Ready_Pipeline_v4\output\fixed_pipeline\final_reviewer_closure\manufactured\manufactured_complete.csv
0.05,1e-06,600,123,off_support,gradient_relative_l2,0.008950677209458333,0.008969350015539774,-1.867280608144027e-05,-0.20818460701264702,True,True,D:\PhD-Project\GP_RKHS_MINT\GP_RKHS_MINT\Tully_models\GP_MInt_QCLE_Reviewer_Ready_Pipeline_v4\output\fixed_pipeline\final_reviewer_closure\manufactured\manufactured_complete.csv
0.05,1e-06,600,123,off_support,gradient_relative_linf,0.012614258285881962,0.012643994162572628,-2.9735876690665727e-05,-0.23517787424077294,True,True,D:\PhD-Project\GP_RKHS_MINT\GP_RKHS_MINT\Tully_models\GP_MInt_QCLE_Reviewer_Ready_Pipeline_v4\output\fixed_pipeline\final_reviewer_closure\manufactured\manufactured_complete.csv
0.05,1e-06,600,123,off_support,gradient_mae,9.395126049731614e-05,9.408946870565834e-05,-1.382082083422004e-07,-0.14689019955523339,True,True,D:\PhD-Project\GP_RKHS_MINT\GP_RKHS_MINT\Tully_models\GP_MInt_QCLE_Reviewer_Ready_Pipeline_v4\output\fixed_pipeline\final_reviewer_closure\manufactured\manufactured_complete.csv
0.05,1e-06,600,123,off_support,gradient_rmse,0.0001827090754068428,0.0001830902411057674,-3.8116569892458784e-07,-0.20818460701266783,True,True,D:\PhD-Project\GP_RKHS_MINT\GP_RKHS_MINT\Tully_models\GP_MInt_QCLE_Reviewer_Ready_Pipeline_v4\output\fixed_pipeline\final_reviewer_closure\manufactured\manufactured_complete.csv
0.05,1e-06,600,123,off_support,gradient_linf,0.002165452517908715,0.0021705571881630173,-5.104670254302279e-06,-0.2351778742407822,True,True,D:\PhD-Project\GP_RKHS_MINT\GP_RKHS_MINT\Tully_models\GP_MInt_QCLE_Reviewer_Ready_Pipeline_v4\output\fixed_pipeline\final_reviewer_closure\manufactured\manufactured_complete.csv
0.05,1e-06,600,123,off_support,Q_relative_l1,0.018283752325200537,0.018290552275705044,-6.799950504506741e-06,-0.03717739301693461,True,True,D:\PhD-Project\GP_RKHS_MINT\GP_RKHS_MINT\Tully_models\GP_MInt_QCLE_Reviewer_Ready_Pipeline_v4\output\fixed_pipeline\final_reviewer_closure\manufactured\manufactured_complete.csv
0.05,1e-06,600,123,off_support,Q_relative_l2,0.02022207078036409,0.02032600124184366,-0.00010393046147956844,-0.5113177955810333,True,True,D:\PhD-Project\GP_RKHS_MINT\GP_RKHS_MINT\Tully_models\GP_MInt_QCLE_Reviewer_Ready_Pipeline_v4\output\fixed_pipeline\final_reviewer_closure\manufactured\manufactured_complete.csv
0.05,1e-06,600,123,off_support,Q_relative_linf,0.03681177281283212,0.03730444689873692,-0.0004926740859048026,-1.3206846016030434,True,True,D:\PhD-Project\GP_RKHS_MINT\GP_RKHS_MINT\Tully_models\GP_MInt_QCLE_Reviewer_Ready_Pipeline_v4\output\fixed_pipeline\final_reviewer_closure\manufactured\manufactured_complete.csv
0.05,1e-06,600,123,off_support,Q_mae,1.7118855301224393e-06,1.7125222012316939e-06,-6.366711092545235e-10,-0.037177393016955454,True,True,D:\PhD-Project\GP_RKHS_MINT\GP_RKHS_MINT\Tully_models\GP_MInt_QCLE_Reviewer_Ready_Pipeline_v4\output\fixed_pipeline\final_reviewer_closure\manufactured\manufactured_complete.csv
0.05,1e-06,600,123,off_support,Q_rmse,3.4746967507376147e-06,3.4925548049758766e-06,-1.7858054238261856e-08,-0.5113177955810261,True,True,D:\PhD-Project\GP_RKHS_MINT\GP_RKHS_MINT\Tully_models\GP_MInt_QCLE_Reviewer_Ready_Pipeline_v4\output\fixed_pipeline\final_reviewer_closure\manufactured\manufactured_complete.csv
0.05,1e-06,600,123,off_support,Q_linf,4.039082416503506e-05,4.093139884682581e-05,-5.40574681790753e-07,-1.3206846016030407,True,True,D:\PhD-Project\GP_RKHS_MINT\GP_RKHS_MINT\Tully_models\GP_MInt_QCLE_Reviewer_Ready_Pipeline_v4\output\fixed_pipeline\final_reviewer_closure\manufactured\manufactured_complete.csv
0.05,1e-06,600,124,on_support,density_relative_l1,0.011673811485232572,0.011787024788883597,-0.00011321330365102536,-0.9604909269198907,True,True,D:\PhD-Project\GP_RKHS_MINT\GP_RKHS_MINT\Tully_models\GP_MInt_QCLE_Reviewer_Ready_Pipeline_v4\output\fixed_pipeline\final_reviewer_closure\manufactured\manufactured_complete.csv
0.05,1e-06,600,124,on_support,density_relative_l2,0.013254840959780245,0.013417152898148809,-0.00016231193836856346,-1.2097345808063196,True,True,D:\PhD-Project\GP_RKHS_MINT\GP_RKHS_MINT\Tully_models\GP_MInt_QCLE_Reviewer_Ready_Pipeline_v4\output\fixed_pipeline\final_reviewer_closure\manufactured\manufactured_complete.csv
0.05,1e-06,600,124,on_support,density_relative_linf,0.013509352004669536,0.01370532198970457,-0.0001959699850350334,-1.429882385705684,True,True,D:\PhD-Project\GP_RKHS_MINT\GP_RKHS_MINT\Tully_models\GP_MInt_QCLE_Reviewer_Ready_Pipeline_v4\output\fixed_pipeline\final_reviewer_closure\manufactured\manufactured_complete.csv
0.05,1e-06,600,124,on_support,density_mae,0.00010649465226612214,0.00010752744360590577,-1.0327913397836314e-06,-0.9604909269198947,True,True,D:\PhD-Project\GP_RKHS_MINT\GP_RKHS_MINT\Tully_models\GP_MInt_QCLE_Reviewer_Ready_Pipeline_v4\output\fixed_pipeline\final_reviewer_closure\manufactured\manufactured_complete.csv
0.05,1e-06,600,124,on_support,density_rmse,0.0001874891965779411,0.00018978509247077535,-2.2958958928342608e-06,-1.2097345808063409,True,True,D:\PhD-Project\GP_RKHS_MINT\GP_RKHS_MINT\Tully_models\GP_MInt_QCLE_Reviewer_Ready_Pipeline_v4\output\fixed_pipeline\final_reviewer_closure\manufactured\manufactured_complete.csv
0.05,1e-06,600,124,on_support,density_linf,0.0009982147818820841,0.00101269513118378,-1.448034930169595e-05,-1.4298823857056848,True,True,D:\PhD-Project\GP_RKHS_MINT\GP_RKHS_MINT\Tully_models\GP_MInt_QCLE_Reviewer_Ready_Pipeline_v4\output\fixed_pipeline\final_reviewer_closure\manufactured\manufactured_complete.csv
0.05,1e-06,600,124,on_support,gradient_relative_l1,0.018866624259690587,0.01904106666459653,-0.00017444240490594246,-0.9161377772511402,True,True,D:\PhD-Project\GP_RKHS_MINT\GP_RKHS_MINT\Tully_models\GP_MInt_QCLE_Reviewer_Ready_Pipeline_v4\output\fixed_pipeline\final_reviewer_closure\manufactured\manufactured_complete.csv
0.05,1e-06,600,124,on_support,gradient_relative_l2,0.018457613078475196,0.018642932827080336,-0.00018531974860513944,-0.9940482558406681,True,True,D:\PhD-Project\GP_RKHS_MINT\GP_RKHS_MINT\Tully_models\GP_MInt_QCLE_Reviewer_Ready_Pipeline_v4\output\fixed_pipeline\final_reviewer_closure\manufactured\manufactured_complete.csv
0.05,1e-06,600,124,on_support,gradient_relative_linf,0.01760370006318269,0.018070340601481227,-0.000466640538298535,-2.582356075016563,True,True,D:\PhD-Project\GP_RKHS_MINT\GP_RKHS_MINT\Tully_models\GP_MInt_QCLE_Reviewer_Ready_Pipeline_v4\output\fixed_pipeline\final_reviewer_closure\manufactured\manufactured_complete.csv
0.05,1e-06,600,124,on_support,gradient_mae,0.0001953417714373906,0.00019714791799117182,-1.8061465537812119e-06,-0.9161377772511349,True,True,D:\PhD-Project\GP_RKHS_MINT\GP_RKHS_MINT\Tully_models\GP_MInt_QCLE_Reviewer_Ready_Pipeline_v4\output\fixed_pipeline\final_reviewer_closure\manufactured\manufactured_complete.csv
0.05,1e-06,600,124,on_support,gradient_rmse,0.00035699861509261614,0.00036058298395548385,-3.5843688628677114e-06,-0.9940482558406648,True,True,D:\PhD-Project\GP_RKHS_MINT\GP_RKHS_MINT\Tully_models\GP_MInt_QCLE_Reviewer_Ready_Pipeline_v4\output\fixed_pipeline\final_reviewer_closure\manufactured\manufactured_complete.csv
0.05,1e-06,600,124,on_support,gradient_linf,0.002762065350497396,0.002835282438799616,-7.321708830222012e-05,-2.5823560750165795,True,True,D:\PhD-Project\GP_RKHS_MINT\GP_RKHS_MINT\Tully_models\GP_MInt_QCLE_Reviewer_Ready_Pipeline_v4\output\fixed_pipeline\final_reviewer_closure\manufactured\manufactured_complete.csv
0.05,1e-06,600,124,on_support,Q_relative_l1,0.04170800428807881,0.0413385943758523,0.0003694099122265107,0.893619915732547,True,True,D:\PhD-Project\GP_RKHS_MINT\GP_RKHS_MINT\Tully_models\GP_MInt_QCLE_Reviewer_Ready_Pipeline_v4\output\fixed_pipeline\final_reviewer_closure\manufactured\manufactured_complete.csv
0.05,1e-06,600,124,on_support,Q_relative_l2,0.04322571261640653,0.042960940544823134,0.0002647720715833954,0.6163088336186365,True,True,D:\PhD-Project\GP_RKHS_MINT\GP_RKHS_MINT\Tully_models\GP_MInt_QCLE_Reviewer_Ready_Pipeline_v4\output\fixed_pipeline\final_reviewer_closure\manufactured\manufactured_complete.csv
0.05,1e-06,600,124,on_support,Q_relative_linf,0.0395019512875291,0.038158238037471676,0.0013437132500574225,3.521423732243313,True,True,D:\PhD-Project\GP_RKHS_MINT\GP_RKHS_MINT\Tully_models\GP_MInt_QCLE_Reviewer_Ready_Pipeline_v4\output\fixed_pipeline\final_reviewer_closure\manufactured\manufactured_complete.csv
0.05,1e-06,600,124,on_support,Q_mae,3.975732775985605e-06,3.940519508871007e-06,3.521326711459768e-08,0.8936199157325473,True,True,D:\PhD-Project\GP_RKHS_MINT\GP_RKHS_MINT\Tully_models\GP_MInt_QCLE_Reviewer_Ready_Pipeline_v4\output\fixed_pipeline\final_reviewer_closure\manufactured\manufactured_complete.csv
0.05,1e-06,600,124,on_support,Q_rmse,7.512212897563972e-06,7.466198059388497e-06,4.601483817547463e-08,0.616308833618638,True,True,D:\PhD-Project\GP_RKHS_MINT\GP_RKHS_MINT\Tully_models\GP_MInt_QCLE_Reviewer_Ready_Pipeline_v4\output\fixed_pipeline\final_reviewer_closure\manufactured\manufactured_complete.csv
0.05,1e-06,600,124,on_support,Q_linf,4.346220676030633e-05,4.1983779968792455e-05,1.478426791513875e-06,3.5214237322433206,True,True,D:\PhD-Project\GP_RKHS_MINT\GP_RKHS_MINT\Tully_models\GP_MInt_QCLE_Reviewer_Ready_Pipeline_v4\output\fixed_pipeline\final_reviewer_closure\manufactured\manufactured_complete.csv
0.05,1e-06,600,124,off_support,density_relative_l1,0.013656626783481543,0.013764600207900279,-0.00010797342441873532,-0.7844283363694304,True,True,D:\PhD-Project\GP_RKHS_MINT\GP_RKHS_MINT\Tully_models\GP_MInt_QCLE_Reviewer_Ready_Pipeline_v4\output\fixed_pipeline\final_reviewer_closure\manufactured\manufactured_complete.csv
0.05,1e-06,600,124,off_support,density_relative_l2,0.015315523652088325,0.015481514140661134,-0.0001659904885728085,-1.0721851045360342,True,True,D:\PhD-Project\GP_RKHS_MINT\GP_RKHS_MINT\Tully_models\GP_MInt_QCLE_Reviewer_Ready_Pipeline_v4\output\fixed_pipeline\final_reviewer_closure\manufactured\manufactured_complete.csv
0.05,1e-06,600,124,off_support,density_relative_linf,0.014704872273250713,0.015050516873054694,-0.00034564459980398164,-2.296562986636011,True,True,D:\PhD-Project\GP_RKHS_MINT\GP_RKHS_MINT\Tully_models\GP_MInt_QCLE_Reviewer_Ready_Pipeline_v4\output\fixed_pipeline\final_reviewer_closure\manufactured\manufactured_complete.csv
0.05,1e-06,600,124,off_support,density_mae,0.00012383108154564478,0.000124810127552828,-9.790460071832166e-07,-0.7844283363694335,True,True,D:\PhD-Project\GP_RKHS_MINT\GP_RKHS_MINT\Tully_models\GP_MInt_QCLE_Reviewer_Ready_Pipeline_v4\output\fixed_pipeline\final_reviewer_closure\manufactured\manufactured_complete.csv
0.05,1e-06,600,124,off_support,density_rmse,0.0002150697997033819,0.00021740073803373092,-2.330938330349008e-06,-1.0721851045360067,True,True,D:\PhD-Project\GP_RKHS_MINT\GP_RKHS_MINT\Tully_models\GP_MInt_QCLE_Reviewer_Ready_Pipeline_v4\output\fixed_pipeline\final_reviewer_closure\manufactured\manufactured_complete.csv
0.05,1e-06,600,124,off_support,density_linf,0.0012210113667439557,0.0012497117850387846,-2.870041829482889e-05,-2.2965629866360087,True,True,D:\PhD-Project\GP_RKHS_MINT\GP_RKHS_MINT\Tully_models\GP_MInt_QCLE_Reviewer_Ready_Pipeline_v4\output\fixed_pipeline\final_reviewer_closure\manufactured\manufactured_complete.csv
0.05,1e-06,600,124,off_support,gradient_relative_l1,0.019517419622215204,0.01966908601905478,-0.00015166639683957678,-0.7710902107634652,True,True,D:\PhD-Project\GP_RKHS_MINT\GP_RKHS_MINT\Tully_models\GP_MInt_QCLE_Reviewer_Ready_Pipeline_v4\output\fixed_pipeline\final_reviewer_closure\manufactured\manufactured_complete.csv
0.05,1e-06,600,124,off_support,gradient_relative_l2,0.018476239266839042,0.01859995840432938,-0.0001237191374903364,-0.6651581406845468,True,True,D:\PhD-Project\GP_RKHS_MINT\GP_RKHS_MINT\Tully_models\GP_MInt_QCLE_Reviewer_Ready_Pipeline_v4\output\fixed_pipeline\final_reviewer_closure\manufactured\manufactured_complete.csv
0.05,1e-06,600,124,off_support,gradient_relative_linf,0.029066457294561063,0.026690759366449046,0.0023756979281120173,8.900825546006493,True,True,D:\PhD-Project\GP_RKHS_MINT\GP_RKHS_MINT\Tully_models\GP_MInt_QCLE_Reviewer_Ready_Pipeline_v4\output\fixed_pipeline\final_reviewer_closure\manufactured\manufactured_complete.csv
0.05,1e-06,600,124,off_support,gradient_mae,0.00020677196589083166,0.0002083787540647357,-1.6067881739040431e-06,-0.7710902107634603,True,True,D:\PhD-Project\GP_RKHS_MINT\GP_RKHS_MINT\Tully_models\GP_MInt_QCLE_Reviewer_Ready_Pipeline_v4\output\fixed_pipeline\final_reviewer_closure\manufactured\manufactured_complete.csv
0.05,1e-06,600,124,off_support,gradient_rmse,0.0003728959799336163,0.0003753929366110394,-2.4969566774230966e-06,-0.6651581406845435,True,True,D:\PhD-Project\GP_RKHS_MINT\GP_RKHS_MINT\Tully_models\GP_MInt_QCLE_Reviewer_Ready_Pipeline_v4\output\fixed_pipeline\final_reviewer_closure\manufactured\manufactured_complete.csv
0.05,1e-06,600,124,off_support,gradient_linf,0.0046965874136674106,0.004312719752232989,0.00038386766143442153,8.900825546006486,True,True,D:\PhD-Project\GP_RKHS_MINT\GP_RKHS_MINT\Tully_models\GP_MInt_QCLE_Reviewer_Ready_Pipeline_v4\output\fixed_pipeline\final_reviewer_closure\manufactured\manufactured_complete.csv
0.05,1e-06,600,124,off_support,Q_relative_l1,0.044376173717848466,0.044060575939781445,0.00031559777806702133,0.716281554054935,True,True,D:\PhD-Project\GP_RKHS_MINT\GP_RKHS_MINT\Tully_models\GP_MInt_QCLE_Reviewer_Ready_Pipeline_v4\output\fixed_pipeline\final_reviewer_closure\manufactured\manufactured_complete.csv
0.05,1e-06,600,124,off_support,Q_relative_l2,0.0465171391628313,0.04650924876945704,7.89039337426023e-06,0.016965213550045356,True,True,D:\PhD-Project\GP_RKHS_MINT\GP_RKHS_MINT\Tully_models\GP_MInt_QCLE_Reviewer_Ready_Pipeline_v4\output\fixed_pipeline\final_reviewer_closure\manufactured\manufactured_complete.csv
0.05,1e-06,600,124,off_support,Q_relative_linf,0.043981477168259286,0.04511785089526732,-0.0011363737270080332,-2.5186787589814794,True,True,D:\PhD-Project\GP_RKHS_MINT\GP_RKHS_MINT\Tully_models\GP_MInt_QCLE_Reviewer_Ready_Pipeline_v4\output\fixed_pipeline\final_reviewer_closure\manufactured\manufactured_complete.csv
0.05,1e-06,600,124,off_support,Q_mae,3.989002794840469e-06,3.960633507601799e-06,2.8369287238670687e-08,0.7162815540549361,True,True,D:\PhD-Project\GP_RKHS_MINT\GP_RKHS_MINT\Tully_models\GP_MInt_QCLE_Reviewer_Ready_Pipeline_v4\output\fixed_pipeline\final_reviewer_closure\manufactured\manufactured_complete.csv
0.05,1e-06,600,124,off_support,Q_rmse,7.953692031149165e-06,7.952342899194087e-06,1.3491319550786897e-09,0.01696521355002706,True,True,D:\PhD-Project\GP_RKHS_MINT\GP_RKHS_MINT\Tully_models\GP_MInt_QCLE_Reviewer_Ready_Pipeline_v4\output\fixed_pipeline\final_reviewer_closure\manufactured\manufactured_complete.csv
0.05,1e-06,600,124,off_support,Q_linf,5.0743111355366726e-05,5.205418916092293e-05,-1.3110778055562024e-06,-2.5186787589814736,True,True,D:\PhD-Project\GP_RKHS_MINT\GP_RKHS_MINT\Tully_models\GP_MInt_QCLE_Reviewer_Ready_Pipeline_v4\output\fixed_pipeline\final_reviewer_closure\manufactured\manufactured_complete.csv
0.05,1e-06,600,125,on_support,density_relative_l1,0.0001758445047767777,0.00017568573230404973,1.5877247272797585e-07,0.09037300334280816,True,True,D:\PhD-Project\GP_RKHS_MINT\GP_RKHS_MINT\Tully_models\GP_MInt_QCLE_Reviewer_Ready_Pipeline_v4\output\fixed_pipeline\final_reviewer_closure\manufactured\manufactured_complete.csv
0.05,1e-06,600,125,on_support,density_relative_l2,0.00022016514067865124,0.00021987904259060788,2.8609808804336083e-07,0.13011612415288074,True,True,D:\PhD-Project\GP_RKHS_MINT\GP_RKHS_MINT\Tully_models\GP_MInt_QCLE_Reviewer_Ready_Pipeline_v4\output\fixed_pipeline\final_reviewer_closure\manufactured\manufactured_complete.csv
0.05,1e-06,600,125,on_support,density_relative_linf,0.0002853612730864482,0.0002855745016590992,-2.1322857265103357e-07,-0.0746665305943779,True,True,D:\PhD-Project\GP_RKHS_MINT\GP_RKHS_MINT\Tully_models\GP_MInt_QCLE_Reviewer_Ready_Pipeline_v4\output\fixed_pipeline\final_reviewer_closure\manufactured\manufactured_complete.csv
0.05,1e-06,600,125,on_support,density_mae,1.7116235888751916e-06,1.7100781399006545e-06,1.545448974537044e-09,0.0903730033428078,True,True,D:\PhD-Project\GP_RKHS_MINT\GP_RKHS_MINT\Tully_models\GP_MInt_QCLE_Reviewer_Ready_Pipeline_v4\output\fixed_pipeline\final_reviewer_closure\manufactured\manufactured_complete.csv
0.05,1e-06,600,125,on_support,density_rmse,3.3401026875000727e-06,3.335762322854622e-06,4.3403646454505355e-09,0.13011612415288065,True,True,D:\PhD-Project\GP_RKHS_MINT\GP_RKHS_MINT\Tully_models\GP_MInt_QCLE_Reviewer_Ready_Pipeline_v4\output\fixed_pipeline\final_reviewer_closure\manufactured\manufactured_complete.csv
0.05,1e-06,600,125,on_support,density_linf,2.4730542534889127e-05,2.4749021770801433e-05,-1.847923591230538e-08,-0.07466653059438065,True,True,D:\PhD-Project\GP_RKHS_MINT\GP_RKHS_MINT\Tully_models\GP_MInt_QCLE_Reviewer_Ready_Pipeline_v4\output\fixed_pipeline\final_reviewer_closure\manufactured\manufactured_complete.csv
0.05,1e-06,600,125,on_support,gradient_relative_l1,0.004166470359894063,0.0041821535392083725,-1.568317931430977e-05,-0.3750024758124589,True,True,D:\PhD-Project\GP_RKHS_MINT\GP_RKHS_MINT\Tully_models\GP_MInt_QCLE_Reviewer_Ready_Pipeline_v4\output\fixed_pipeline\final_reviewer_closure\manufactured\manufactured_complete.csv
0.05,1e-06,600,125,on_support,gradient_relative_l2,0.007467155257163811,0.00749482877770721,-2.7673520543398944e-05,-0.36923485998388245,True,True,D:\PhD-Project\GP_RKHS_MINT\GP_RKHS_MINT\Tully_models\GP_MInt_QCLE_Reviewer_Ready_Pipeline_v4\output\fixed_pipeline\final_reviewer_closure\manufactured\manufactured_complete.csv
0.05,1e-06,600,125,on_support,gradient_relative_linf,0.02678020027903976,0.02681367101176051,-3.347073272074938e-05,-0.12482711787606059,True,True,D:\PhD-Project\GP_RKHS_MINT\GP_RKHS_MINT\Tully_models\GP_MInt_QCLE_Reviewer_Ready_Pipeline_v4\output\fixed_pipeline\final_reviewer_closure\manufactured\manufactured_complete.csv
0.05,1e-06,600,125,on_support,gradient_mae,4.516221117963015e-05,4.533220808227915e-05,-1.6999690264899754e-07,-0.37500247581244817,True,True,D:\PhD-Project\GP_RKHS_MINT\GP_RKHS_MINT\Tully_models\GP_MInt_QCLE_Reviewer_Ready_Pipeline_v4\output\fixed_pipeline\final_reviewer_closure\manufactured\manufactured_complete.csv
0.05,1e-06,600,125,on_support,gradient_rmse,0.00015535751182879163,0.00015593327182668925,-5.75759997897623e-07,-0.36923485998392097,True,True,D:\PhD-Project\GP_RKHS_MINT\GP_RKHS_MINT\Tully_models\GP_MInt_QCLE_Reviewer_Ready_Pipeline_v4\output\fixed_pipeline\final_reviewer_closure\manufactured\manufactured_complete.csv
0.05,1e-06,600,125,on_support,gradient_linf,0.004936273068572192,0.004942442577193983,-6.169508621790831e-06,-0.12482711787606648,True,True,D:\PhD-Project\GP_RKHS_MINT\GP_RKHS_MINT\Tully_models\GP_MInt_QCLE_Reviewer_Ready_Pipeline_v4\output\fixed_pipeline\final_reviewer_closure\manufactured\manufactured_complete.csv
0.05,1e-06,600,125,on_support,Q_relative_l1,0.023509326950919916,0.02349861558337217,1.0711367547745765e-05,0.0455829727914917,True,True,D:\PhD-Project\GP_RKHS_MINT\GP_RKHS_MINT\Tully_models\GP_MInt_QCLE_Reviewer_Ready_Pipeline_v4\output\fixed_pipeline\final_reviewer_closure\manufactured\manufactured_complete.csv
0.05,1e-06,600,125,on_support,Q_relative_l2,0.031855921603337334,0.031867654794425396,-1.1733191088061923e-05,-0.03681849563060539,True,True,D:\PhD-Project\GP_RKHS_MINT\GP_RKHS_MINT\Tully_models\GP_MInt_QCLE_Reviewer_Ready_Pipeline_v4\output\fixed_pipeline\final_reviewer_closure\manufactured\manufactured_complete.csv
0.05,1e-06,600,125,on_support,Q_relative_linf,0.07694887430922995,0.07749029191826479,-0.0005414176090348388,-0.6986908884094994,True,True,D:\PhD-Project\GP_RKHS_MINT\GP_RKHS_MINT\Tully_models\GP_MInt_QCLE_Reviewer_Ready_Pipeline_v4\output\fixed_pipeline\final_reviewer_closure\manufactured\manufactured_complete.csv
0.05,1e-06,600,125,on_support,Q_mae,2.1964784314037678e-06,2.1954776674159863e-06,1.0007639877814317e-09,0.045582972791488326,True,True,D:\PhD-Project\GP_RKHS_MINT\GP_RKHS_MINT\Tully_models\GP_MInt_QCLE_Reviewer_Ready_Pipeline_v4\output\fixed_pipeline\final_reviewer_closure\manufactured\manufactured_complete.csv
0.05,1e-06,600,125,on_support,Q_rmse,5.150803313650207e-06,5.1527004604440945e-06,-1.89714679388709e-09,-0.03681849563061115,True,True,D:\PhD-Project\GP_RKHS_MINT\GP_RKHS_MINT\Tully_models\GP_MInt_QCLE_Reviewer_Ready_Pipeline_v4\output\fixed_pipeline\final_reviewer_closure\manufactured\manufactured_complete.csv
0.05,1e-06,600,125,on_support,Q_linf,6.372002355269272e-05,6.41683620515888e-05,-4.483384988960746e-07,-0.6986908884095068,True,True,D:\PhD-Project\GP_RKHS_MINT\GP_RKHS_MINT\Tully_models\GP_MInt_QCLE_Reviewer_Ready_Pipeline_v4\output\fixed_pipeline\final_reviewer_closure\manufactured\manufactured_complete.csv
0.05,1e-06,600,125,off_support,density_relative_l1,0.0030761290388426066,0.0030879888299929536,-1.1859791150346972e-05,-0.3840619834876163,True,True,D:\PhD-Project\GP_RKHS_MINT\GP_RKHS_MINT\Tully_models\GP_MInt_QCLE_Reviewer_Ready_Pipeline_v4\output\fixed_pipeline\final_reviewer_closure\manufactured\manufactured_complete.csv
0.05,1e-06,600,125,off_support,density_relative_l2,0.004975729875494902,0.004989346277079067,-1.3616401584164509e-05,-0.272909532190979,True,True,D:\PhD-Project\GP_RKHS_MINT\GP_RKHS_MINT\Tully_models\GP_MInt_QCLE_Reviewer_Ready_Pipeline_v4\output\fixed_pipeline\final_reviewer_closure\manufactured\manufactured_complete.csv
0.05,1e-06,600,125,off_support,density_relative_linf,0.011397548766608364,0.011405111245104295,-7.562478495931266e-06,-0.06630780124286381,True,True,D:\PhD-Project\GP_RKHS_MINT\GP_RKHS_MINT\Tully_models\GP_MInt_QCLE_Reviewer_Ready_Pipeline_v4\output\fixed_pipeline\final_reviewer_closure\manufactured\manufactured_complete.csv
0.05,1e-06,600,125,off_support,density_mae,2.9220332252876404e-05,2.9332989112678765e-05,-1.1265685980236137e-07,-0.38406198348761894,True,True,D:\PhD-Project\GP_RKHS_MINT\GP_RKHS_MINT\Tully_models\GP_MInt_QCLE_Reviewer_Ready_Pipeline_v4\output\fixed_pipeline\final_reviewer_closure\manufactured\manufactured_complete.csv
0.05,1e-06,600,125,off_support,density_rmse,7.263704291697023e-05,7.283581880935027e-05,-1.9877589238003564e-07,-0.27290953219093605,True,True,D:\PhD-Project\GP_RKHS_MINT\GP_RKHS_MINT\Tully_models\GP_MInt_QCLE_Reviewer_Ready_Pipeline_v4\output\fixed_pipeline\final_reviewer_closure\manufactured\manufactured_complete.csv
0.05,1e-06,600,125,off_support,density_linf,0.0009051799341481844,0.0009057805373065582,-6.006031583738469e-07,-0.06630780124287158,True,True,D:\PhD-Project\GP_RKHS_MINT\GP_RKHS_MINT\Tully_models\GP_MInt_QCLE_Reviewer_Ready_Pipeline_v4\output\fixed_pipeline\final_reviewer_closure\manufactured\manufactured_complete.csv
0.05,1e-06,600,125,off_support,gradient_relative_l1,0.0058937040768661415,0.005921925031942772,-2.8220955076630437e-05,-0.47655036030356757,True,True,D:\PhD-Project\GP_RKHS_MINT\GP_RKHS_MINT\Tully_models\GP_MInt_QCLE_Reviewer_Ready_Pipeline_v4\output\fixed_pipeline\final_reviewer_closure\manufactured\manufactured_complete.csv
0.05,1e-06,600,125,off_support,gradient_relative_l2,0.010003456646449067,0.010042316333772797,-3.8859687323729644e-05,-0.38695940291228065,True,True,D:\PhD-Project\GP_RKHS_MINT\GP_RKHS_MINT\Tully_models\GP_MInt_QCLE_Reviewer_Ready_Pipeline_v4\output\fixed_pipeline\final_reviewer_closure\manufactured\manufactured_complete.csv
0.05,1e-06,600,125,off_support,gradient_relative_linf,0.04431313830241036,0.04444502510586684,-0.00013188680345647963,-0.296741430885299,True,True,D:\PhD-Project\GP_RKHS_MINT\GP_RKHS_MINT\Tully_models\GP_MInt_QCLE_Reviewer_Ready_Pipeline_v4\output\fixed_pipeline\final_reviewer_closure\manufactured\manufactured_complete.csv
0.05,1e-06,600,125,off_support,gradient_mae,6.153070659243627e-05,6.182533545128829e-05,-2.9462885885201686e-07,-0.476550360303589,True,True,D:\PhD-Project\GP_RKHS_MINT\GP_RKHS_MINT\Tully_models\GP_MInt_QCLE_Reviewer_Ready_Pipeline_v4\output\fixed_pipeline\final_reviewer_closure\manufactured\manufactured_complete.csv
0.05,1e-06,600,125,off_support,gradient_rmse,0.0001960784959987766,0.0001968401876134571,-7.616916146804852e-07,-0.38695940291230024,True,True,D:\PhD-Project\GP_RKHS_MINT\GP_RKHS_MINT\Tully_models\GP_MInt_QCLE_Reviewer_Ready_Pipeline_v4\output\fixed_pipeline\final_reviewer_closure\manufactured\manufactured_complete.csv
0.05,1e-06,600,125,off_support,gradient_linf,0.007499464573909853,0.007521784825830135,-2.232025192028253e-05,-0.29674143088531085,True,True,D:\PhD-Project\GP_RKHS_MINT\GP_RKHS_MINT\Tully_models\GP_MInt_QCLE_Reviewer_Ready_Pipeline_v4\output\fixed_pipeline\final_reviewer_closure\manufactured\manufactured_complete.csv
0.05,1e-06,600,125,off_support,Q_relative_l1,0.024858468994573606,0.024911520199320542,-5.305120474693656e-05,-0.21295852008414776,True,True,D:\PhD-Project\GP_RKHS_MINT\GP_RKHS_MINT\Tully_models\GP_MInt_QCLE_Reviewer_Ready_Pipeline_v4\output\fixed_pipeline\final_reviewer_closure\manufactured\manufactured_complete.csv
0.05,1e-06,600,125,off_support,Q_relative_l2,0.025308798339114515,0.025364258719906087,-5.546038079157212e-05,-0.2186556343081548,True,True,D:\PhD-Project\GP_RKHS_MINT\GP_RKHS_MINT\Tully_models\GP_MInt_QCLE_Reviewer_Ready_Pipeline_v4\output\fixed_pipeline\final_reviewer_closure\manufactured\manufactured_complete.csv
0.05,1e-06,600,125,off_support,Q_relative_linf,0.03905059436995457,0.03900783319845767,4.2761171496895345e-05,0.1096220117619506,True,True,D:\PhD-Project\GP_RKHS_MINT\GP_RKHS_MINT\Tully_models\GP_MInt_QCLE_Reviewer_Ready_Pipeline_v4\output\fixed_pipeline\final_reviewer_closure\manufactured\manufactured_complete.csv
0.05,1e-06,600,125,off_support,Q_mae,2.168201964427636e-06,2.172829189313154e-06,-4.627224885517887e-09,-0.21295852008415736,True,True,D:\PhD-Project\GP_RKHS_MINT\GP_RKHS_MINT\Tully_models\GP_MInt_QCLE_Reviewer_Ready_Pipeline_v4\output\fixed_pipeline\final_reviewer_closure\manufactured\manufactured_complete.csv
0.05,1e-06,600,125,off_support,Q_rmse,4.091325020787399e-06,4.100290537069707e-06,-8.96551628230771e-09,-0.21865563430817178,True,True,D:\PhD-Project\GP_RKHS_MINT\GP_RKHS_MINT\Tully_models\GP_MInt_QCLE_Reviewer_Ready_Pipeline_v4\output\fixed_pipeline\final_reviewer_closure\manufactured\manufactured_complete.csv
0.05,1e-06,600,125,off_support,Q_linf,3.719252851794086e-05,3.7151801965220764e-05,4.072655272009326e-08,0.10962201176195696,True,True,D:\PhD-Project\GP_RKHS_MINT\GP_RKHS_MINT\Tully_models\GP_MInt_QCLE_Reviewer_Ready_Pipeline_v4\output\fixed_pipeline\final_reviewer_closure\manufactured\manufactured_complete.csv
