l2_regularization,N,query_type,metric,n_seeds,seeds,mean,sample_sd,standard_error,ci95_low,ci95_high,confidence_interval_method,baseline_l2_regularization,mean_paired_difference_from_baseline,paired_difference_sample_sd,paired_difference_standard_error,paired_difference_ci95_low,paired_difference_ci95_high,paired_training_and_query_clouds_verified,source_csv
1e-06,300,off_support,density_relative_l1,3,"[123,124,125]",0.004509036869217487,0.003493588084650534,0.002017024021110655,-0.004169517041076961,0.013187590779511935,"two-sided Student t, df=n-1",1e-06,0.0,0.0,0.0,0.0,0.0,True,D:\PhD-Project\GP_RKHS_MINT\GP_RKHS_MINT\Tully_models\GP_MInt_QCLE_Reviewer_Ready_Pipeline_v4\output\fixed_pipeline\final_reviewer_closure\manufactured\manufactured_complete.csv
1e-06,300,off_support,density_relative_l2,3,"[123,124,125]",0.006985731763614419,0.0067941808482384755,0.003922622141653484,-0.00989194910173747,0.02386341262896631,"two-sided Student t, df=n-1",1e-06,0.0,0.0,0.0,0.0,0.0,True,D:\PhD-Project\GP_RKHS_MINT\GP_RKHS_MINT\Tully_models\GP_MInt_QCLE_Reviewer_Ready_Pipeline_v4\output\fixed_pipeline\final_reviewer_closure\manufactured\manufactured_complete.csv
1e-06,300,off_support,density_relative_linf,3,"[123,124,125]",0.015241457223671014,0.01907839586373655,0.01101491698763454,-0.032151905420551144,0.06263481986789317,"two-sided Student t, df=n-1",1e-06,0.0,0.0,0.0,0.0,0.0,True,D:\PhD-Project\GP_RKHS_MINT\GP_RKHS_MINT\Tully_models\GP_MInt_QCLE_Reviewer_Ready_Pipeline_v4\output\fixed_pipeline\final_reviewer_closure\manufactured\manufactured_complete.csv
1e-06,300,off_support,density_mae,3,"[123,124,125]",4.138746152717425e-05,3.146899254376356e-05,1.8168631316268217e-05,-3.678584960061e-05,0.00011956077265495849,"two-sided Student t, df=n-1",1e-06,0.0,0.0,0.0,0.0,0.0,True,D:\PhD-Project\GP_RKHS_MINT\GP_RKHS_MINT\Tully_models\GP_MInt_QCLE_Reviewer_Ready_Pipeline_v4\output\fixed_pipeline\final_reviewer_closure\manufactured\manufactured_complete.csv
1e-06,300,off_support,density_rmse,3,"[123,124,125]",9.801101334900144e-05,9.362292931891443e-05,5.405322344459656e-05,-0.00013456123605376744,0.0003305832627517703,"two-sided Student t, df=n-1",1e-06,0.0,0.0,0.0,0.0,0.0,True,D:\PhD-Project\GP_RKHS_MINT\GP_RKHS_MINT\Tully_models\GP_MInt_QCLE_Reviewer_Ready_Pipeline_v4\output\fixed_pipeline\final_reviewer_closure\manufactured\manufactured_complete.csv
1e-06,300,off_support,density_linf,3,"[123,124,125]",0.0013352583793061208,0.00174498224211105,0.0010074659672139315,-0.0029995178146028654,0.005670034573215107,"two-sided Student t, df=n-1",1e-06,0.0,0.0,0.0,0.0,0.0,True,D:\PhD-Project\GP_RKHS_MINT\GP_RKHS_MINT\Tully_models\GP_MInt_QCLE_Reviewer_Ready_Pipeline_v4\output\fixed_pipeline\final_reviewer_closure\manufactured\manufactured_complete.csv
1e-06,300,off_support,gradient_relative_l1,3,"[123,124,125]",0.007525191325655303,0.006197852992543485,0.003578332093642709,-0.00787112902481581,0.022921511676126414,"two-sided Student t, df=n-1",1e-06,0.0,0.0,0.0,0.0,0.0,True,D:\PhD-Project\GP_RKHS_MINT\GP_RKHS_MINT\Tully_models\GP_MInt_QCLE_Reviewer_Ready_Pipeline_v4\output\fixed_pipeline\final_reviewer_closure\manufactured\manufactured_complete.csv
1e-06,300,off_support,gradient_relative_l2,3,"[123,124,125]",0.009897758572676005,0.0091339030264015,0.005273461371044843,-0.012792114390397248,0.032587631535749256,"two-sided Student t, df=n-1",1e-06,0.0,0.0,0.0,0.0,0.0,True,D:\PhD-Project\GP_RKHS_MINT\GP_RKHS_MINT\Tully_models\GP_MInt_QCLE_Reviewer_Ready_Pipeline_v4\output\fixed_pipeline\final_reviewer_closure\manufactured\manufactured_complete.csv
1e-06,300,off_support,gradient_relative_linf,3,"[123,124,125]",0.027387341020555105,0.020343159381018786,0.011745128544798656,-0.023147868373354908,0.07792255041446512,"two-sided Student t, df=n-1",1e-06,0.0,0.0,0.0,0.0,0.0,True,D:\PhD-Project\GP_RKHS_MINT\GP_RKHS_MINT\Tully_models\GP_MInt_QCLE_Reviewer_Ready_Pipeline_v4\output\fixed_pipeline\final_reviewer_closure\manufactured\manufactured_complete.csv
1e-06,300,off_support,gradient_mae,3,"[123,124,125]",7.864131650590161e-05,6.437924073705781e-05,3.716937196976405e-05,-8.128558326089492e-05,0.00023856821627269814,"two-sided Student t, df=n-1",1e-06,0.0,0.0,0.0,0.0,0.0,True,D:\PhD-Project\GP_RKHS_MINT\GP_RKHS_MINT\Tully_models\GP_MInt_QCLE_Reviewer_Ready_Pipeline_v4\output\fixed_pipeline\final_reviewer_closure\manufactured\manufactured_complete.csv
1e-06,300,off_support,gradient_rmse,3,"[123,124,125]",0.00019627227217806009,0.00018090773468693106,0.00010444712931998506,-0.00025312745389949955,0.0006456719982556197,"two-sided Student t, df=n-1",1e-06,0.0,0.0,0.0,0.0,0.0,True,D:\PhD-Project\GP_RKHS_MINT\GP_RKHS_MINT\Tully_models\GP_MInt_QCLE_Reviewer_Ready_Pipeline_v4\output\fixed_pipeline\final_reviewer_closure\manufactured\manufactured_complete.csv
1e-06,300,off_support,gradient_linf,3,"[123,124,125]",0.004776208130934099,0.003913796974678056,0.0022596317368839187,-0.0049462025298775275,0.014498618791745726,"two-sided Student t, df=n-1",1e-06,0.0,0.0,0.0,0.0,0.0,True,D:\PhD-Project\GP_RKHS_MINT\GP_RKHS_MINT\Tully_models\GP_MInt_QCLE_Reviewer_Ready_Pipeline_v4\output\fixed_pipeline\final_reviewer_closure\manufactured\manufactured_complete.csv
1e-06,300,off_support,Q_relative_l1,3,"[123,124,125]",0.020625306183795305,0.018996663400172722,0.010967728727794434,-0.026565021765416207,0.06781563413300681,"two-sided Student t, df=n-1",1e-06,0.0,0.0,0.0,0.0,0.0,True,D:\PhD-Project\GP_RKHS_MINT\GP_RKHS_MINT\Tully_models\GP_MInt_QCLE_Reviewer_Ready_Pipeline_v4\output\fixed_pipeline\final_reviewer_closure\manufactured\manufactured_complete.csv
1e-06,300,off_support,Q_relative_l2,3,"[123,124,125]",0.025561813651377652,0.024609460322447055,0.014208278541776222,-0.03557147480067893,0.08669510210343423,"two-sided Student t, df=n-1",1e-06,0.0,0.0,0.0,0.0,0.0,True,D:\PhD-Project\GP_RKHS_MINT\GP_RKHS_MINT\Tully_models\GP_MInt_QCLE_Reviewer_Ready_Pipeline_v4\output\fixed_pipeline\final_reviewer_closure\manufactured\manufactured_complete.csv
1e-06,300,off_support,Q_relative_linf,3,"[123,124,125]",0.06432569894759492,0.07023073252730322,0.04054773233002312,-0.11013711224516758,0.2387885101403574,"two-sided Student t, df=n-1",1e-06,0.0,0.0,0.0,0.0,0.0,True,D:\PhD-Project\GP_RKHS_MINT\GP_RKHS_MINT\Tully_models\GP_MInt_QCLE_Reviewer_Ready_Pipeline_v4\output\fixed_pipeline\final_reviewer_closure\manufactured\manufactured_complete.csv
1e-06,300,off_support,Q_mae,3,"[123,124,125]",1.8525335217721427e-06,1.7280641335565039e-06,9.97698292685785e-07,-2.4402157606655302e-06,6.145282804209816e-06,"two-sided Student t, df=n-1",1e-06,0.0,0.0,0.0,0.0,0.0,True,D:\PhD-Project\GP_RKHS_MINT\GP_RKHS_MINT\Tully_models\GP_MInt_QCLE_Reviewer_Ready_Pipeline_v4\output\fixed_pipeline\final_reviewer_closure\manufactured\manufactured_complete.csv
1e-06,300,off_support,Q_rmse,3,"[123,124,125]",4.0571043852667195e-06,3.8919917775945675e-06,2.247042500478034e-06,-5.611139163158338e-06,1.3725347933691778e-05,"two-sided Student t, df=n-1",1e-06,0.0,0.0,0.0,0.0,0.0,True,D:\PhD-Project\GP_RKHS_MINT\GP_RKHS_MINT\Tully_models\GP_MInt_QCLE_Reviewer_Ready_Pipeline_v4\output\fixed_pipeline\final_reviewer_closure\manufactured\manufactured_complete.csv
1e-06,300,off_support,Q_linf,3,"[123,124,125]",6.113055573230592e-05,6.515316050037737e-05,3.761619475344777e-05,-0.00010071886730439782,0.00022297997876900968,"two-sided Student t, df=n-1",1e-06,0.0,0.0,0.0,0.0,0.0,True,D:\PhD-Project\GP_RKHS_MINT\GP_RKHS_MINT\Tully_models\GP_MInt_QCLE_Reviewer_Ready_Pipeline_v4\output\fixed_pipeline\final_reviewer_closure\manufactured\manufactured_complete.csv
1e-06,300,on_support,density_relative_l1,3,"[123,124,125]",0.0010037125122987108,0.0014334442484944833,0.0008275994227366108,-0.0025571604030339193,0.004564585427631341,"two-sided Student t, df=n-1",1e-06,0.0,0.0,0.0,0.0,0.0,True,D:\PhD-Project\GP_RKHS_MINT\GP_RKHS_MINT\Tully_models\GP_MInt_QCLE_Reviewer_Ready_Pipeline_v4\output\fixed_pipeline\final_reviewer_closure\manufactured\manufactured_complete.csv
1e-06,300,on_support,density_relative_l2,3,"[123,124,125]",0.0012793641869992749,0.0018162977184608055,0.0010486399766818492,-0.0032325694711393825,0.005791297845137933,"two-sided Student t, df=n-1",1e-06,0.0,0.0,0.0,0.0,0.0,True,D:\PhD-Project\GP_RKHS_MINT\GP_RKHS_MINT\Tully_models\GP_MInt_QCLE_Reviewer_Ready_Pipeline_v4\output\fixed_pipeline\final_reviewer_closure\manufactured\manufactured_complete.csv
1e-06,300,on_support,density_relative_linf,3,"[123,124,125]",0.0020904778339437277,0.003126623036084632,0.0018051566515379473,-0.005676484360325169,0.009857440028212625,"two-sided Student t, df=n-1",1e-06,0.0,0.0,0.0,0.0,0.0,True,D:\PhD-Project\GP_RKHS_MINT\GP_RKHS_MINT\Tully_models\GP_MInt_QCLE_Reviewer_Ready_Pipeline_v4\output\fixed_pipeline\final_reviewer_closure\manufactured\manufactured_complete.csv
1e-06,300,on_support,density_mae,3,"[123,124,125]",8.920913512299315e-06,1.243006141265796e-05,7.176499302641654e-06,-2.195707080187425e-05,3.9798897826472884e-05,"two-sided Student t, df=n-1",1e-06,0.0,0.0,0.0,0.0,0.0,True,D:\PhD-Project\GP_RKHS_MINT\GP_RKHS_MINT\Tully_models\GP_MInt_QCLE_Reviewer_Ready_Pipeline_v4\output\fixed_pipeline\final_reviewer_closure\manufactured\manufactured_complete.csv
1e-06,300,on_support,density_rmse,3,"[123,124,125]",1.7287979313581288e-05,2.3876221538910887e-05,1.3784942932721342e-05,-4.2023843024597735e-05,7.65998016517603e-05,"two-sided Student t, df=n-1",1e-06,0.0,0.0,0.0,0.0,0.0,True,D:\PhD-Project\GP_RKHS_MINT\GP_RKHS_MINT\Tully_models\GP_MInt_QCLE_Reviewer_Ready_Pipeline_v4\output\fixed_pipeline\final_reviewer_closure\manufactured\manufactured_complete.csv
1e-06,300,on_support,density_linf,3,"[123,124,125]",0.00010665866014893804,0.00014776756844777486,8.531364542081928e-05,-0.0002604163292012788,0.00047373364949915487,"two-sided Student t, df=n-1",1e-06,0.0,0.0,0.0,0.0,0.0,True,D:\PhD-Project\GP_RKHS_MINT\GP_RKHS_MINT\Tully_models\GP_MInt_QCLE_Reviewer_Ready_Pipeline_v4\output\fixed_pipeline\final_reviewer_closure\manufactured\manufactured_complete.csv
1e-06,300,on_support,gradient_relative_l1,3,"[123,124,125]",0.006055643873754477,0.004965756532733432,0.00286698087090379,-0.006279979196426338,0.01839126694393529,"two-sided Student t, df=n-1",1e-06,0.0,0.0,0.0,0.0,0.0,True,D:\PhD-Project\GP_RKHS_MINT\GP_RKHS_MINT\Tully_models\GP_MInt_QCLE_Reviewer_Ready_Pipeline_v4\output\fixed_pipeline\final_reviewer_closure\manufactured\manufactured_complete.csv
1e-06,300,on_support,gradient_relative_l2,3,"[123,124,125]",0.007919541189414596,0.0076528329903288225,0.0044183651870295946,-0.011091149843352693,0.026930232222181882,"two-sided Student t, df=n-1",1e-06,0.0,0.0,0.0,0.0,0.0,True,D:\PhD-Project\GP_RKHS_MINT\GP_RKHS_MINT\Tully_models\GP_MInt_QCLE_Reviewer_Ready_Pipeline_v4\output\fixed_pipeline\final_reviewer_closure\manufactured\manufactured_complete.csv
1e-06,300,on_support,gradient_relative_linf,3,"[123,124,125]",0.013155426693140302,0.012566565942719475,0.007255310229818273,-0.018061653671979636,0.044372507058260235,"two-sided Student t, df=n-1",1e-06,0.0,0.0,0.0,0.0,0.0,True,D:\PhD-Project\GP_RKHS_MINT\GP_RKHS_MINT\Tully_models\GP_MInt_QCLE_Reviewer_Ready_Pipeline_v4\output\fixed_pipeline\final_reviewer_closure\manufactured\manufactured_complete.csv
1e-06,300,on_support,gradient_mae,3,"[123,124,125]",6.198332447711487e-05,5.1411533687015634e-05,2.968246281364999e-05,-6.573000517214048e-05,0.00018969665412637022,"two-sided Student t, df=n-1",1e-06,0.0,0.0,0.0,0.0,0.0,True,D:\PhD-Project\GP_RKHS_MINT\GP_RKHS_MINT\Tully_models\GP_MInt_QCLE_Reviewer_Ready_Pipeline_v4\output\fixed_pipeline\final_reviewer_closure\manufactured\manufactured_complete.csv
1e-06,300,on_support,gradient_rmse,3,"[123,124,125]",0.0001510812532052453,0.0001453772749298517,8.393360881480411e-05,-0.00021005591787501976,0.0005122184242855104,"two-sided Student t, df=n-1",1e-06,0.0,0.0,0.0,0.0,0.0,True,D:\PhD-Project\GP_RKHS_MINT\GP_RKHS_MINT\Tully_models\GP_MInt_QCLE_Reviewer_Ready_Pipeline_v4\output\fixed_pipeline\final_reviewer_closure\manufactured\manufactured_complete.csv
1e-06,300,on_support,gradient_linf,3,"[123,124,125]",0.002067892307712208,0.0018072456058559365,0.0010434137370326933,-0.0024215546561339625,0.006557339271558379,"two-sided Student t, df=n-1",1e-06,0.0,0.0,0.0,0.0,0.0,True,D:\PhD-Project\GP_RKHS_MINT\GP_RKHS_MINT\Tully_models\GP_MInt_QCLE_Reviewer_Ready_Pipeline_v4\output\fixed_pipeline\final_reviewer_closure\manufactured\manufactured_complete.csv
1e-06,300,on_support,Q_relative_l1,3,"[123,124,125]",0.017024072087431587,0.015519277125760041,0.008960058826185962,-0.02152794947929545,0.05557609365415862,"two-sided Student t, df=n-1",1e-06,0.0,0.0,0.0,0.0,0.0,True,D:\PhD-Project\GP_RKHS_MINT\GP_RKHS_MINT\Tully_models\GP_MInt_QCLE_Reviewer_Ready_Pipeline_v4\output\fixed_pipeline\final_reviewer_closure\manufactured\manufactured_complete.csv
1e-06,300,on_support,Q_relative_l2,3,"[123,124,125]",0.018851536132842663,0.01851414041284313,0.010689143951169511,-0.027140138266771835,0.06484321053245716,"two-sided Student t, df=n-1",1e-06,0.0,0.0,0.0,0.0,0.0,True,D:\PhD-Project\GP_RKHS_MINT\GP_RKHS_MINT\Tully_models\GP_MInt_QCLE_Reviewer_Ready_Pipeline_v4\output\fixed_pipeline\final_reviewer_closure\manufactured\manufactured_complete.csv
1e-06,300,on_support,Q_relative_linf,3,"[123,124,125]",0.03040039515353615,0.036399644955234,0.021015344813311153,-0.06002133557296274,0.12082212588003505,"two-sided Student t, df=n-1",1e-06,0.0,0.0,0.0,0.0,0.0,True,D:\PhD-Project\GP_RKHS_MINT\GP_RKHS_MINT\Tully_models\GP_MInt_QCLE_Reviewer_Ready_Pipeline_v4\output\fixed_pipeline\final_reviewer_closure\manufactured\manufactured_complete.csv
1e-06,300,on_support,Q_mae,3,"[123,124,125]",1.7863847348519706e-06,1.7720998801359114e-06,1.023122342827372e-06,-2.615755406327333e-06,6.188524876031274e-06,"two-sided Student t, df=n-1",1e-06,0.0,0.0,0.0,0.0,0.0,True,D:\PhD-Project\GP_RKHS_MINT\GP_RKHS_MINT\Tully_models\GP_MInt_QCLE_Reviewer_Ready_Pipeline_v4\output\fixed_pipeline\final_reviewer_closure\manufactured\manufactured_complete.csv
1e-06,300,on_support,Q_rmse,3,"[123,124,125]",3.539953833723723e-06,3.715314514963645e-06,2.1450378353383845e-06,-5.689399063796479e-06,1.2769306731243926e-05,"two-sided Student t, df=n-1",1e-06,0.0,0.0,0.0,0.0,0.0,True,D:\PhD-Project\GP_RKHS_MINT\GP_RKHS_MINT\Tully_models\GP_MInt_QCLE_Reviewer_Ready_Pipeline_v4\output\fixed_pipeline\final_reviewer_closure\manufactured\manufactured_complete.csv
1e-06,300,on_support,Q_linf,3,"[123,124,125]",3.032907539194699e-05,3.538051704845788e-05,2.04269510419953e-05,-5.756100126826354e-05,0.00011821915205215751,"two-sided Student t, df=n-1",1e-06,0.0,0.0,0.0,0.0,0.0,True,D:\PhD-Project\GP_RKHS_MINT\GP_RKHS_MINT\Tully_models\GP_MInt_QCLE_Reviewer_Ready_Pipeline_v4\output\fixed_pipeline\final_reviewer_closure\manufactured\manufactured_complete.csv
1e-06,600,off_support,density_relative_l1,3,"[123,124,125]",0.007496240628094455,0.005576065669303292,0.003219343015191287,-0.0063554743840465435,0.021347955640235453,"two-sided Student t, df=n-1",1e-06,0.0,0.0,0.0,0.0,0.0,True,D:\PhD-Project\GP_RKHS_MINT\GP_RKHS_MINT\Tully_models\GP_MInt_QCLE_Reviewer_Ready_Pipeline_v4\output\fixed_pipeline\final_reviewer_closure\manufactured\manufactured_complete.csv
1e-06,600,off_support,density_relative_l2,3,"[123,124,125]",0.0094639871915364,0.005413572721075689,0.003125527667790664,-0.003984072960023916,0.022912047343096716,"two-sided Student t, df=n-1",1e-06,0.0,0.0,0.0,0.0,0.0,True,D:\PhD-Project\GP_RKHS_MINT\GP_RKHS_MINT\Tully_models\GP_MInt_QCLE_Reviewer_Ready_Pipeline_v4\output\fixed_pipeline\final_reviewer_closure\manufactured\manufactured_complete.csv
1e-06,600,off_support,density_relative_linf,3,"[123,124,125]",0.015367981004340411,0.0041307613352547295,0.002384896168867416,0.005106600993321152,0.025629361015359668,"two-sided Student t, df=n-1",1e-06,0.0,0.0,0.0,0.0,0.0,True,D:\PhD-Project\GP_RKHS_MINT\GP_RKHS_MINT\Tully_models\GP_MInt_QCLE_Reviewer_Ready_Pipeline_v4\output\fixed_pipeline\final_reviewer_closure\manufactured\manufactured_complete.csv
1e-06,600,off_support,density_mae,3,"[123,124,125]",6.930652165099348e-05,4.959695933408707e-05,2.8634817822522093e-05,-5.3899155417432945e-05,0.00019251219871941992,"two-sided Student t, df=n-1",1e-06,0.0,0.0,0.0,0.0,0.0,True,D:\PhD-Project\GP_RKHS_MINT\GP_RKHS_MINT\Tully_models\GP_MInt_QCLE_Reviewer_Ready_Pipeline_v4\output\fixed_pipeline\final_reviewer_closure\manufactured\manufactured_complete.csv
1e-06,600,off_support,density_rmse,3,"[123,124,125]",0.00013490919986951079,7.441390879555026e-05,4.29628902745632e-05,-4.9945197245974406e-05,0.000319763596984996,"two-sided Student t, df=n-1",1e-06,0.0,0.0,0.0,0.0,0.0,True,D:\PhD-Project\GP_RKHS_MINT\GP_RKHS_MINT\Tully_models\GP_MInt_QCLE_Reviewer_Ready_Pipeline_v4\output\fixed_pipeline\final_reviewer_closure\manufactured\manufactured_complete.csv
1e-06,600,off_support,density_linf,3,"[123,124,125]",0.0011758324453083548,0.00024173318596812385,0.00013956471999076217,0.0005753339218708243,0.0017763309687458852,"two-sided Student t, df=n-1",1e-06,0.0,0.0,0.0,0.0,0.0,True,D:\PhD-Project\GP_RKHS_MINT\GP_RKHS_MINT\Tully_models\GP_MInt_QCLE_Reviewer_Ready_Pipeline_v4\output\fixed_pipeline\final_reviewer_closure\manufactured\manufactured_complete.csv
1e-06,600,off_support,gradient_relative_l1,3,"[123,124,125]",0.011482770496795289,0.00723988456870336,0.004179949304642703,-0.006502099788817127,0.029467640782407704,"two-sided Student t, df=n-1",1e-06,0.0,0.0,0.0,0.0,0.0,True,D:\PhD-Project\GP_RKHS_MINT\GP_RKHS_MINT\Tully_models\GP_MInt_QCLE_Reviewer_Ready_Pipeline_v4\output\fixed_pipeline\final_reviewer_closure\manufactured\manufactured_complete.csv
1e-06,600,off_support,gradient_relative_l2,3,"[123,124,125]",0.012537208251213983,0.005277832769645245,0.0030471581702925105,-0.0005736551680109881,0.025648071670438956,"two-sided Student t, df=n-1",1e-06,0.0,0.0,0.0,0.0,0.0,True,D:\PhD-Project\GP_RKHS_MINT\GP_RKHS_MINT\Tully_models\GP_MInt_QCLE_Reviewer_Ready_Pipeline_v4\output\fixed_pipeline\final_reviewer_closure\manufactured\manufactured_complete.csv
1e-06,600,off_support,gradient_relative_linf,3,"[123,124,125]",0.027926592878296172,0.015936494458187546,0.00920093936537356,-0.011661853997897063,0.06751503975448941,"two-sided Student t, df=n-1",1e-06,0.0,0.0,0.0,0.0,0.0,True,D:\PhD-Project\GP_RKHS_MINT\GP_RKHS_MINT\Tully_models\GP_MInt_QCLE_Reviewer_Ready_Pipeline_v4\output\fixed_pipeline\final_reviewer_closure\manufactured\manufactured_complete.csv
1e-06,600,off_support,gradient_mae,3,"[123,124,125]",0.00012143118607389411,7.700748832617158e-05,4.4460294114732126e-05,-6.986601976195138e-05,0.0003127283919097396,"two-sided Student t, df=n-1",1e-06,0.0,0.0,0.0,0.0,0.0,True,D:\PhD-Project\GP_RKHS_MINT\GP_RKHS_MINT\Tully_models\GP_MInt_QCLE_Reviewer_Ready_Pipeline_v4\output\fixed_pipeline\final_reviewer_closure\manufactured\manufactured_complete.csv
1e-06,600,off_support,gradient_rmse,3,"[123,124,125]",0.000251774455110088,0.00010727726685412844,6.193655889615838e-05,-1.4717049092453764e-05,0.0005182659593126297,"two-sided Student t, df=n-1",1e-06,0.0,0.0,0.0,0.0,0.0,True,D:\PhD-Project\GP_RKHS_MINT\GP_RKHS_MINT\Tully_models\GP_MInt_QCLE_Reviewer_Ready_Pipeline_v4\output\fixed_pipeline\final_reviewer_closure\manufactured\manufactured_complete.csv
1e-06,600,off_support,gradient_linf,3,"[123,124,125]",0.0046683539220753805,0.002693281651554979,0.001554966886528747,-0.002022128596834643,0.011358836440985405,"two-sided Student t, df=n-1",1e-06,0.0,0.0,0.0,0.0,0.0,True,D:\PhD-Project\GP_RKHS_MINT\GP_RKHS_MINT\Tully_models\GP_MInt_QCLE_Reviewer_Ready_Pipeline_v4\output\fixed_pipeline\final_reviewer_closure\manufactured\manufactured_complete.csv
1e-06,600,off_support,Q_relative_l1,3,"[123,124,125]",0.029087549471602345,0.013382934852788467,0.007726641039804647,-0.004157503689695356,0.062332602632900046,"two-sided Student t, df=n-1",1e-06,0.0,0.0,0.0,0.0,0.0,True,D:\PhD-Project\GP_RKHS_MINT\GP_RKHS_MINT\Tully_models\GP_MInt_QCLE_Reviewer_Ready_Pipeline_v4\output\fixed_pipeline\final_reviewer_closure\manufactured\manufactured_complete.csv
1e-06,600,off_support,Q_relative_l2,3,"[123,124,125]",0.030733169577068925,0.013892786459785124,0.00802100400235093,-0.003778425188549983,0.06524476434268783,"two-sided Student t, df=n-1",1e-06,0.0,0.0,0.0,0.0,0.0,True,D:\PhD-Project\GP_RKHS_MINT\GP_RKHS_MINT\Tully_models\GP_MInt_QCLE_Reviewer_Ready_Pipeline_v4\output\fixed_pipeline\final_reviewer_closure\manufactured\manufactured_complete.csv
1e-06,600,off_support,Q_relative_linf,3,"[123,124,125]",0.04047671033082064,0.004108591063337094,0.0023720961564077624,0.030270404328351055,0.050683016333290226,"two-sided Student t, df=n-1",1e-06,0.0,0.0,0.0,0.0,0.0,True,D:\PhD-Project\GP_RKHS_MINT\GP_RKHS_MINT\Tully_models\GP_MInt_QCLE_Reviewer_Ready_Pipeline_v4\output\fixed_pipeline\final_reviewer_closure\manufactured\manufactured_complete.csv
1e-06,600,off_support,Q_mae,3,"[123,124,125]",2.615328299382215e-06,1.1875837689469355e-06,6.856518086867436e-07,-3.34793326884899e-07,5.565449925649329e-06,"two-sided Student t, df=n-1",1e-06,0.0,0.0,0.0,0.0,0.0,True,D:\PhD-Project\GP_RKHS_MINT\GP_RKHS_MINT\Tully_models\GP_MInt_QCLE_Reviewer_Ready_Pipeline_v4\output\fixed_pipeline\final_reviewer_closure\manufactured\manufactured_complete.csv
1e-06,600,off_support,Q_rmse,3,"[123,124,125]",5.181729413746556e-06,2.4185863628003215e-06,1.3963714876211236e-06,-8.263721791363344e-07,1.1189831006629446e-05,"two-sided Student t, df=n-1",1e-06,0.0,0.0,0.0,0.0,0.0,True,D:\PhD-Project\GP_RKHS_MINT\GP_RKHS_MINT\Tully_models\GP_MInt_QCLE_Reviewer_Ready_Pipeline_v4\output\fixed_pipeline\final_reviewer_closure\manufactured\manufactured_complete.csv
1e-06,600,off_support,Q_linf,3,"[123,124,125]",4.3379129990989834e-05,7.746859160217115e-06,4.47265122152547e-06,2.4134865003714486e-05,6.262339497826518e-05,"two-sided Student t, df=n-1",1e-06,0.0,0.0,0.0,0.0,0.0,True,D:\PhD-Project\GP_RKHS_MINT\GP_RKHS_MINT\Tully_models\GP_MInt_QCLE_Reviewer_Ready_Pipeline_v4\output\fixed_pipeline\final_reviewer_closure\manufactured\manufactured_complete.csv
1e-06,600,on_support,density_relative_l1,3,"[123,124,125]",0.005229252502265529,0.005950023054490418,0.0034352474121945222,-0.009551424152994838,0.020009929157525898,"two-sided Student t, df=n-1",1e-06,0.0,0.0,0.0,0.0,0.0,True,D:\PhD-Project\GP_RKHS_MINT\GP_RKHS_MINT\Tully_models\GP_MInt_QCLE_Reviewer_Ready_Pipeline_v4\output\fixed_pipeline\final_reviewer_closure\manufactured\manufactured_complete.csv
1e-06,600,on_support,density_relative_l2,3,"[123,124,125]",0.00619305647305553,0.006686973011235465,0.0038607256681005586,-0.010418305361405297,0.02280441830751636,"two-sided Student t, df=n-1",1e-06,0.0,0.0,0.0,0.0,0.0,True,D:\PhD-Project\GP_RKHS_MINT\GP_RKHS_MINT\Tully_models\GP_MInt_QCLE_Reviewer_Ready_Pipeline_v4\output\fixed_pipeline\final_reviewer_closure\manufactured\manufactured_complete.csv
1e-06,600,on_support,density_relative_linf,3,"[123,124,125]",0.007477373433047625,0.006761594584073962,0.003903808453266218,-0.009319358664609142,0.02427410553070439,"two-sided Student t, df=n-1",1e-06,0.0,0.0,0.0,0.0,0.0,True,D:\PhD-Project\GP_RKHS_MINT\GP_RKHS_MINT\Tully_models\GP_MInt_QCLE_Reviewer_Ready_Pipeline_v4\output\fixed_pipeline\final_reviewer_closure\manufactured\manufactured_complete.csv
1e-06,600,on_support,density_mae,3,"[123,124,125]",4.8582929602194894e-05,5.3931646423291254e-05,3.1137450580326925e-05,-8.539070713302747e-05,0.00018255656633741726,"two-sided Student t, df=n-1",1e-06,0.0,0.0,0.0,0.0,0.0,True,D:\PhD-Project\GP_RKHS_MINT\GP_RKHS_MINT\Tully_models\GP_MInt_QCLE_Reviewer_Ready_Pipeline_v4\output\fixed_pipeline\final_reviewer_closure\manufactured\manufactured_complete.csv
1e-06,600,on_support,density_rmse,3,"[123,124,125]",8.912835297224338e-05,9.4109220424511e-05,5.433398374531726e-05,-0.00014465191050481172,0.0003229086164492985,"two-sided Student t, df=n-1",1e-06,0.0,0.0,0.0,0.0,0.0,True,D:\PhD-Project\GP_RKHS_MINT\GP_RKHS_MINT\Tully_models\GP_MInt_QCLE_Reviewer_Ready_Pipeline_v4\output\fixed_pipeline\final_reviewer_closure\manufactured\manufactured_complete.csv
1e-06,600,on_support,density_linf,3,"[123,124,125]",0.000576351113657534,0.00050395703840211,0.00029095973178146483,-0.000675547570523643,0.001828249797838711,"two-sided Student t, df=n-1",1e-06,0.0,0.0,0.0,0.0,0.0,True,D:\PhD-Project\GP_RKHS_MINT\GP_RKHS_MINT\Tully_models\GP_MInt_QCLE_Reviewer_Ready_Pipeline_v4\output\fixed_pipeline\final_reviewer_closure\manufactured\manufactured_complete.csv
1e-06,600,on_support,gradient_relative_l1,3,"[123,124,125]",0.01044791959492016,0.007698009587229689,0.004444447907411381,-0.008674996325895726,0.029570835515736048,"two-sided Student t, df=n-1",1e-06,0.0,0.0,0.0,0.0,0.0,True,D:\PhD-Project\GP_RKHS_MINT\GP_RKHS_MINT\Tully_models\GP_MInt_QCLE_Reviewer_Ready_Pipeline_v4\output\fixed_pipeline\final_reviewer_closure\manufactured\manufactured_complete.csv
1e-06,600,on_support,gradient_relative_l2,3,"[123,124,125]",0.011658685553544554,0.006085721641148492,0.003513593027730213,-0.0034590850782601785,0.02677645618534929,"two-sided Student t, df=n-1",1e-06,0.0,0.0,0.0,0.0,0.0,True,D:\PhD-Project\GP_RKHS_MINT\GP_RKHS_MINT\Tully_models\GP_MInt_QCLE_Reviewer_Ready_Pipeline_v4\output\fixed_pipeline\final_reviewer_closure\manufactured\manufactured_complete.csv
1e-06,600,on_support,gradient_relative_linf,3,"[123,124,125]",0.019862516106356462,0.006250820586702122,0.0036089129483885245,0.004334616957736825,0.0353904152549761,"two-sided Student t, df=n-1",1e-06,0.0,0.0,0.0,0.0,0.0,True,D:\PhD-Project\GP_RKHS_MINT\GP_RKHS_MINT\Tully_models\GP_MInt_QCLE_Reviewer_Ready_Pipeline_v4\output\fixed_pipeline\final_reviewer_closure\manufactured\manufactured_complete.csv
1e-06,600,on_support,gradient_mae,3,"[123,124,125]",0.00010827588634618428,7.915940926747735e-05,4.5702706249469806e-05,-8.836698745259791e-05,0.00030491876014496645,"two-sided Student t, df=n-1",1e-06,0.0,0.0,0.0,0.0,0.0,True,D:\PhD-Project\GP_RKHS_MINT\GP_RKHS_MINT\Tully_models\GP_MInt_QCLE_Reviewer_Ready_Pipeline_v4\output\fixed_pipeline\final_reviewer_closure\manufactured\manufactured_complete.csv
1e-06,600,on_support,gradient_rmse,3,"[123,124,125]",0.00022758786528620845,0.0001152925461309454,6.656418254425868e-05,-5.881469643783844e-05,0.0005139904270102554,"two-sided Student t, df=n-1",1e-06,0.0,0.0,0.0,0.0,0.0,True,D:\PhD-Project\GP_RKHS_MINT\GP_RKHS_MINT\Tully_models\GP_MInt_QCLE_Reviewer_Ready_Pipeline_v4\output\fixed_pipeline\final_reviewer_closure\manufactured\manufactured_complete.csv
1e-06,600,on_support,gradient_linf,3,"[123,124,125]",0.003418074465916175,0.0013322744101377404,0.0007691889893274744,0.00010852136133410097,0.006727627570498249,"two-sided Student t, df=n-1",1e-06,0.0,0.0,0.0,0.0,0.0,True,D:\PhD-Project\GP_RKHS_MINT\GP_RKHS_MINT\Tully_models\GP_MInt_QCLE_Reviewer_Ready_Pipeline_v4\output\fixed_pipeline\final_reviewer_closure\manufactured\manufactured_complete.csv
1e-06,600,on_support,Q_relative_l1,3,"[123,124,125]",0.026876506776784288,0.013103845553821273,0.007565508757917993,-0.005675250132011634,0.05942826368558021,"two-sided Student t, df=n-1",1e-06,0.0,0.0,0.0,0.0,0.0,True,D:\PhD-Project\GP_RKHS_MINT\GP_RKHS_MINT\Tully_models\GP_MInt_QCLE_Reviewer_Ready_Pipeline_v4\output\fixed_pipeline\final_reviewer_closure\manufactured\manufactured_complete.csv
1e-06,600,on_support,Q_relative_l2,3,"[123,124,125]",0.030561968076271432,0.013100706460065857,0.007563696401293292,-0.001981990891346038,0.0631059270438889,"two-sided Student t, df=n-1",1e-06,0.0,0.0,0.0,0.0,0.0,True,D:\PhD-Project\GP_RKHS_MINT\GP_RKHS_MINT\Tully_models\GP_MInt_QCLE_Reviewer_Ready_Pipeline_v4\output\fixed_pipeline\final_reviewer_closure\manufactured\manufactured_complete.csv
1e-06,600,on_support,Q_relative_linf,3,"[123,124,125]",0.04555332327852251,0.02895653028569943,0.01671806055524612,-0.026378685604732603,0.11748533216177762,"two-sided Student t, df=n-1",1e-06,0.0,0.0,0.0,0.0,0.0,True,D:\PhD-Project\GP_RKHS_MINT\GP_RKHS_MINT\Tully_models\GP_MInt_QCLE_Reviewer_Ready_Pipeline_v4\output\fixed_pipeline\final_reviewer_closure\manufactured\manufactured_complete.csv
1e-06,600,on_support,Q_mae,3,"[123,124,125]",2.5632289414719262e-06,1.2351801268276663e-06,7.131315787216293e-07,-5.051285923472111e-07,5.631586475291063e-06,"two-sided Student t, df=n-1",1e-06,0.0,0.0,0.0,0.0,0.0,True,D:\PhD-Project\GP_RKHS_MINT\GP_RKHS_MINT\Tully_models\GP_MInt_QCLE_Reviewer_Ready_Pipeline_v4\output\fixed_pipeline\final_reviewer_closure\manufactured\manufactured_complete.csv
1e-06,600,on_support,Q_rmse,3,"[123,124,125]",5.2332428220742575e-06,2.193793216244031e-06,1.2665871039448663e-06,-2.164416381120521e-07,1.0682927282260566e-05,"two-sided Student t, df=n-1",1e-06,0.0,0.0,0.0,0.0,0.0,True,D:\PhD-Project\GP_RKHS_MINT\GP_RKHS_MINT\Tully_models\GP_MInt_QCLE_Reviewer_Ready_Pipeline_v4\output\fixed_pipeline\final_reviewer_closure\manufactured\manufactured_complete.csv
1e-06,600,on_support,Q_linf,3,"[123,124,125]",4.318891153258849e-05,2.0403594981122697e-05,1.1780021054787287e-05,-7.496428214670053e-06,9.387425127984703e-05,"two-sided Student t, df=n-1",1e-06,0.0,0.0,0.0,0.0,0.0,True,D:\PhD-Project\GP_RKHS_MINT\GP_RKHS_MINT\Tully_models\GP_MInt_QCLE_Reviewer_Ready_Pipeline_v4\output\fixed_pipeline\final_reviewer_closure\manufactured\manufactured_complete.csv
1e-06,1200,off_support,density_relative_l1,3,"[123,124,125]",0.007661222180664541,0.0021378625949300496,0.001234295544673296,0.0023504770861241973,0.012971967275204884,"two-sided Student t, df=n-1",1e-06,0.0,0.0,0.0,0.0,0.0,True,D:\PhD-Project\GP_RKHS_MINT\GP_RKHS_MINT\Tully_models\GP_MInt_QCLE_Reviewer_Ready_Pipeline_v4\output\fixed_pipeline\final_reviewer_closure\manufactured\manufactured_complete.csv
1e-06,1200,off_support,density_relative_l2,3,"[123,124,125]",0.008386584757580444,0.0021856075175205863,0.0012618610885833802,0.002957234700289818,0.013815934814871068,"two-sided Student t, df=n-1",1e-06,0.0,0.0,0.0,0.0,0.0,True,D:\PhD-Project\GP_RKHS_MINT\GP_RKHS_MINT\Tully_models\GP_MInt_QCLE_Reviewer_Ready_Pipeline_v4\output\fixed_pipeline\final_reviewer_closure\manufactured\manufactured_complete.csv
1e-06,1200,off_support,density_relative_linf,3,"[123,124,125]",0.012248829747478582,0.0011469601701943244,0.0006621977630114721,0.009399622734858592,0.015098036760098571,"two-sided Student t, df=n-1",1e-06,0.0,0.0,0.0,0.0,0.0,True,D:\PhD-Project\GP_RKHS_MINT\GP_RKHS_MINT\Tully_models\GP_MInt_QCLE_Reviewer_Ready_Pipeline_v4\output\fixed_pipeline\final_reviewer_closure\manufactured\manufactured_complete.csv
1e-06,1200,off_support,density_mae,3,"[123,124,125]",7.436126513502497e-05,2.1881830076375897e-05,1.2633480484957274e-05,2.000378584086061e-05,0.00012871874442918932,"two-sided Student t, df=n-1",1e-06,0.0,0.0,0.0,0.0,0.0,True,D:\PhD-Project\GP_RKHS_MINT\GP_RKHS_MINT\Tully_models\GP_MInt_QCLE_Reviewer_Ready_Pipeline_v4\output\fixed_pipeline\final_reviewer_closure\manufactured\manufactured_complete.csv
1e-06,1200,off_support,density_rmse,3,"[123,124,125]",0.00012919871204048277,3.826269187389244e-05,2.209097545331151e-05,3.4148916204641545e-05,0.000224248507876324,"two-sided Student t, df=n-1",1e-06,0.0,0.0,0.0,0.0,0.0,True,D:\PhD-Project\GP_RKHS_MINT\GP_RKHS_MINT\Tully_models\GP_MInt_QCLE_Reviewer_Ready_Pipeline_v4\output\fixed_pipeline\final_reviewer_closure\manufactured\manufactured_complete.csv
1e-06,1200,off_support,density_linf,3,"[123,124,125]",0.000996246276953924,0.0001485376148808649,8.575823193625232e-05,0.0006272583862194931,0.001365234167688355,"two-sided Student t, df=n-1",1e-06,0.0,0.0,0.0,0.0,0.0,True,D:\PhD-Project\GP_RKHS_MINT\GP_RKHS_MINT\Tully_models\GP_MInt_QCLE_Reviewer_Ready_Pipeline_v4\output\fixed_pipeline\final_reviewer_closure\manufactured\manufactured_complete.csv
1e-06,1200,off_support,gradient_relative_l1,3,"[123,124,125]",0.01188798915364665,0.0029126402909249462,0.0016816136560180678,0.004652589566286202,0.0191233887410071,"two-sided Student t, df=n-1",1e-06,0.0,0.0,0.0,0.0,0.0,True,D:\PhD-Project\GP_RKHS_MINT\GP_RKHS_MINT\Tully_models\GP_MInt_QCLE_Reviewer_Ready_Pipeline_v4\output\fixed_pipeline\final_reviewer_closure\manufactured\manufactured_complete.csv
1e-06,1200,off_support,gradient_relative_l2,3,"[123,124,125]",0.011063440523532449,0.002651988886146974,0.0015311264973048514,0.004475534920393638,0.017651346126671262,"two-sided Student t, df=n-1",1e-06,0.0,0.0,0.0,0.0,0.0,True,D:\PhD-Project\GP_RKHS_MINT\GP_RKHS_MINT\Tully_models\GP_MInt_QCLE_Reviewer_Ready_Pipeline_v4\output\fixed_pipeline\final_reviewer_closure\manufactured\manufactured_complete.csv
1e-06,1200,off_support,gradient_relative_linf,3,"[123,124,125]",0.016080394629033122,0.007260192945304893,0.004191674351340402,-0.001954924460758966,0.034115713718825214,"two-sided Student t, df=n-1",1e-06,0.0,0.0,0.0,0.0,0.0,True,D:\PhD-Project\GP_RKHS_MINT\GP_RKHS_MINT\Tully_models\GP_MInt_QCLE_Reviewer_Ready_Pipeline_v4\output\fixed_pipeline\final_reviewer_closure\manufactured\manufactured_complete.csv
1e-06,1200,off_support,gradient_mae,3,"[123,124,125]",0.0001252841867699997,2.7977298337619e-05,1.61527007264228e-05,5.5784724897491785e-05,0.00019478364864250762,"two-sided Student t, df=n-1",1e-06,0.0,0.0,0.0,0.0,0.0,True,D:\PhD-Project\GP_RKHS_MINT\GP_RKHS_MINT\Tully_models\GP_MInt_QCLE_Reviewer_Ready_Pipeline_v4\output\fixed_pipeline\final_reviewer_closure\manufactured\manufactured_complete.csv
1e-06,1200,off_support,gradient_rmse,3,"[123,124,125]",0.00022251330275993987,4.8795733231952174e-05,2.817222971677276e-05,0.00010129798166744079,0.00034372862385243896,"two-sided Student t, df=n-1",1e-06,0.0,0.0,0.0,0.0,0.0,True,D:\PhD-Project\GP_RKHS_MINT\GP_RKHS_MINT\Tully_models\GP_MInt_QCLE_Reviewer_Ready_Pipeline_v4\output\fixed_pipeline\final_reviewer_closure\manufactured\manufactured_complete.csv
1e-06,1200,off_support,gradient_linf,3,"[123,124,125]",0.002767568266715819,0.0011562676214270833,0.0006675714224861749,-0.000104759736511458,0.005639896269943096,"two-sided Student t, df=n-1",1e-06,0.0,0.0,0.0,0.0,0.0,True,D:\PhD-Project\GP_RKHS_MINT\GP_RKHS_MINT\Tully_models\GP_MInt_QCLE_Reviewer_Ready_Pipeline_v4\output\fixed_pipeline\final_reviewer_closure\manufactured\manufactured_complete.csv
1e-06,1200,off_support,Q_relative_l1,3,"[123,124,125]",0.02317236609195164,0.0032363312128336564,0.0018684966969162997,0.0151328736785365,0.03121185850536678,"two-sided Student t, df=n-1",1e-06,0.0,0.0,0.0,0.0,0.0,True,D:\PhD-Project\GP_RKHS_MINT\GP_RKHS_MINT\Tully_models\GP_MInt_QCLE_Reviewer_Ready_Pipeline_v4\output\fixed_pipeline\final_reviewer_closure\manufactured\manufactured_complete.csv
1e-06,1200,off_support,Q_relative_l2,3,"[123,124,125]",0.02360226956903072,0.0022203499254187177,0.0012819196271356623,0.018086614586084404,0.029117924551977037,"two-sided Student t, df=n-1",1e-06,0.0,0.0,0.0,0.0,0.0,True,D:\PhD-Project\GP_RKHS_MINT\GP_RKHS_MINT\Tully_models\GP_MInt_QCLE_Reviewer_Ready_Pipeline_v4\output\fixed_pipeline\final_reviewer_closure\manufactured\manufactured_complete.csv
1e-06,1200,off_support,Q_relative_linf,3,"[123,124,125]",0.02669913197982408,0.000670479075469967,0.00038710127470859685,0.02503356962353028,0.02836469433611788,"two-sided Student t, df=n-1",1e-06,0.0,0.0,0.0,0.0,0.0,True,D:\PhD-Project\GP_RKHS_MINT\GP_RKHS_MINT\Tully_models\GP_MInt_QCLE_Reviewer_Ready_Pipeline_v4\output\fixed_pipeline\final_reviewer_closure\manufactured\manufactured_complete.csv
1e-06,1200,off_support,Q_mae,3,"[123,124,125]",2.0501723680324507e-06,2.9011440745730265e-07,1.6749763124126248e-07,1.3294882277545949e-06,2.7708565083103065e-06,"two-sided Student t, df=n-1",1e-06,0.0,0.0,0.0,0.0,0.0,True,D:\PhD-Project\GP_RKHS_MINT\GP_RKHS_MINT\Tully_models\GP_MInt_QCLE_Reviewer_Ready_Pipeline_v4\output\fixed_pipeline\final_reviewer_closure\manufactured\manufactured_complete.csv
1e-06,1200,off_support,Q_rmse,3,"[123,124,125]",3.7301989495143398e-06,3.721584552911342e-07,2.1486578434353165e-07,2.8057060959903406e-06,4.654691803038339e-06,"two-sided Student t, df=n-1",1e-06,0.0,0.0,0.0,0.0,0.0,True,D:\PhD-Project\GP_RKHS_MINT\GP_RKHS_MINT\Tully_models\GP_MInt_QCLE_Reviewer_Ready_Pipeline_v4\output\fixed_pipeline\final_reviewer_closure\manufactured\manufactured_complete.csv
1e-06,1200,off_support,Q_linf,3,"[123,124,125]",2.5891150480830016e-05,1.630186011997196e-06,9.411883328557437e-07,2.184154393131009e-05,2.994075703034994e-05,"two-sided Student t, df=n-1",1e-06,0.0,0.0,0.0,0.0,0.0,True,D:\PhD-Project\GP_RKHS_MINT\GP_RKHS_MINT\Tully_models\GP_MInt_QCLE_Reviewer_Ready_Pipeline_v4\output\fixed_pipeline\final_reviewer_closure\manufactured\manufactured_complete.csv
1e-06,1200,on_support,density_relative_l1,3,"[123,124,125]",0.006792705550307396,0.0021995683764840165,0.001269921394264035,0.0013286747967777143,0.012256736303837078,"two-sided Student t, df=n-1",1e-06,0.0,0.0,0.0,0.0,0.0,True,D:\PhD-Project\GP_RKHS_MINT\GP_RKHS_MINT\Tully_models\GP_MInt_QCLE_Reviewer_Ready_Pipeline_v4\output\fixed_pipeline\final_reviewer_closure\manufactured\manufactured_complete.csv
1e-06,1200,on_support,density_relative_l2,3,"[123,124,125]",0.007636271888169632,0.002165746920175533,0.001250394567359947,0.0022562582897211296,0.013016285486618134,"two-sided Student t, df=n-1",1e-06,0.0,0.0,0.0,0.0,0.0,True,D:\PhD-Project\GP_RKHS_MINT\GP_RKHS_MINT\Tully_models\GP_MInt_QCLE_Reviewer_Ready_Pipeline_v4\output\fixed_pipeline\final_reviewer_closure\manufactured\manufactured_complete.csv
1e-06,1200,on_support,density_relative_linf,3,"[123,124,125]",0.009097093442057672,0.00024086241746801241,0.000139061981562821,0.008498758027489447,0.009695428856625898,"two-sided Student t, df=n-1",1e-06,0.0,0.0,0.0,0.0,0.0,True,D:\PhD-Project\GP_RKHS_MINT\GP_RKHS_MINT\Tully_models\GP_MInt_QCLE_Reviewer_Ready_Pipeline_v4\output\fixed_pipeline\final_reviewer_closure\manufactured\manufactured_complete.csv
1e-06,1200,on_support,density_mae,3,"[123,124,125]",6.184358191400946e-05,1.9153561423629948e-05,1.1058313843872784e-05,1.4263497667833595e-05,0.00010942366616018532,"two-sided Student t, df=n-1",1e-06,0.0,0.0,0.0,0.0,0.0,True,D:\PhD-Project\GP_RKHS_MINT\GP_RKHS_MINT\Tully_models\GP_MInt_QCLE_Reviewer_Ready_Pipeline_v4\output\fixed_pipeline\final_reviewer_closure\manufactured\manufactured_complete.csv
1e-06,1200,on_support,density_rmse,3,"[123,124,125]",0.00010828719341610464,3.104727301650894e-05,1.792515143368524e-05,3.116149166974212e-05,0.00018541289516246716,"two-sided Student t, df=n-1",1e-06,0.0,0.0,0.0,0.0,0.0,True,D:\PhD-Project\GP_RKHS_MINT\GP_RKHS_MINT\Tully_models\GP_MInt_QCLE_Reviewer_Ready_Pipeline_v4\output\fixed_pipeline\final_reviewer_closure\manufactured\manufactured_complete.csv
1e-06,1200,on_support,density_linf,3,"[123,124,125]",0.0007251657111802,7.589914699504062e-05,4.3820392948849685e-05,0.0005366217778424743,0.0009137096445179256,"two-sided Student t, df=n-1",1e-06,0.0,0.0,0.0,0.0,0.0,True,D:\PhD-Project\GP_RKHS_MINT\GP_RKHS_MINT\Tully_models\GP_MInt_QCLE_Reviewer_Ready_Pipeline_v4\output\fixed_pipeline\final_reviewer_closure\manufactured\manufactured_complete.csv
1e-06,1200,on_support,gradient_relative_l1,3,"[123,124,125]",0.011061024080608786,0.0029618258288238095,0.001710010939564213,0.003703440843682561,0.018418607317535012,"two-sided Student t, df=n-1",1e-06,0.0,0.0,0.0,0.0,0.0,True,D:\PhD-Project\GP_RKHS_MINT\GP_RKHS_MINT\Tully_models\GP_MInt_QCLE_Reviewer_Ready_Pipeline_v4\output\fixed_pipeline\final_reviewer_closure\manufactured\manufactured_complete.csv
1e-06,1200,on_support,gradient_relative_l2,3,"[123,124,125]",0.010175428431333945,0.002641291957239622,0.0015249506225206893,0.0036140954726934698,0.01673676138997442,"two-sided Student t, df=n-1",1e-06,0.0,0.0,0.0,0.0,0.0,True,D:\PhD-Project\GP_RKHS_MINT\GP_RKHS_MINT\Tully_models\GP_MInt_QCLE_Reviewer_Ready_Pipeline_v4\output\fixed_pipeline\final_reviewer_closure\manufactured\manufactured_complete.csv
1e-06,1200,on_support,gradient_relative_linf,3,"[123,124,125]",0.01229294465863088,0.000589043374839552,0.000340084351027981,0.010829679797353397,0.013756209519908365,"two-sided Student t, df=n-1",1e-06,0.0,0.0,0.0,0.0,0.0,True,D:\PhD-Project\GP_RKHS_MINT\GP_RKHS_MINT\Tully_models\GP_MInt_QCLE_Reviewer_Ready_Pipeline_v4\output\fixed_pipeline\final_reviewer_closure\manufactured\manufactured_complete.csv
1e-06,1200,on_support,gradient_mae,3,"[123,124,125]",0.00011529677273351983,2.7388682218938642e-05,1.5812863051853342e-05,4.725951435915179e-05,0.00018333403110788786,"two-sided Student t, df=n-1",1e-06,0.0,0.0,0.0,0.0,0.0,True,D:\PhD-Project\GP_RKHS_MINT\GP_RKHS_MINT\Tully_models\GP_MInt_QCLE_Reviewer_Ready_Pipeline_v4\output\fixed_pipeline\final_reviewer_closure\manufactured\manufactured_complete.csv
1e-06,1200,on_support,gradient_rmse,3,"[123,124,125]",0.0002040849752651964,4.648809110839968e-05,2.6839911915546404e-05,8.860215499696665e-05,0.0003195677955334261,"two-sided Student t, df=n-1",1e-06,0.0,0.0,0.0,0.0,0.0,True,D:\PhD-Project\GP_RKHS_MINT\GP_RKHS_MINT\Tully_models\GP_MInt_QCLE_Reviewer_Ready_Pipeline_v4\output\fixed_pipeline\final_reviewer_closure\manufactured\manufactured_complete.csv
1e-06,1200,on_support,gradient_linf,3,"[123,124,125]",0.0021013029161921835,0.00014524815871366174,8.38590635326301e-05,0.0017404864875737503,0.0024621193448106167,"two-sided Student t, df=n-1",1e-06,0.0,0.0,0.0,0.0,0.0,True,D:\PhD-Project\GP_RKHS_MINT\GP_RKHS_MINT\Tully_models\GP_MInt_QCLE_Reviewer_Ready_Pipeline_v4\output\fixed_pipeline\final_reviewer_closure\manufactured\manufactured_complete.csv
1e-06,1200,on_support,Q_relative_l1,3,"[123,124,125]",0.02250899520504819,0.0040729434716798235,0.0023515150097684753,0.01239124272934641,0.03262674768074997,"two-sided Student t, df=n-1",1e-06,0.0,0.0,0.0,0.0,0.0,True,D:\PhD-Project\GP_RKHS_MINT\GP_RKHS_MINT\Tully_models\GP_MInt_QCLE_Reviewer_Ready_Pipeline_v4\output\fixed_pipeline\final_reviewer_closure\manufactured\manufactured_complete.csv
1e-06,1200,on_support,Q_relative_l2,3,"[123,124,125]",0.021764201444644724,0.003506246945270753,0.002024332617697372,0.01305420118129619,0.03047420170799326,"two-sided Student t, df=n-1",1e-06,0.0,0.0,0.0,0.0,0.0,True,D:\PhD-Project\GP_RKHS_MINT\GP_RKHS_MINT\Tully_models\GP_MInt_QCLE_Reviewer_Ready_Pipeline_v4\output\fixed_pipeline\final_reviewer_closure\manufactured\manufactured_complete.csv
1e-06,1200,on_support,Q_relative_linf,3,"[123,124,125]",0.02814694408969683,0.0051188760801179276,0.002955384482804422,0.015430950977456764,0.0408629372019369,"two-sided Student t, df=n-1",1e-06,0.0,0.0,0.0,0.0,0.0,True,D:\PhD-Project\GP_RKHS_MINT\GP_RKHS_MINT\Tully_models\GP_MInt_QCLE_Reviewer_Ready_Pipeline_v4\output\fixed_pipeline\final_reviewer_closure\manufactured\manufactured_complete.csv
1e-06,1200,on_support,Q_mae,3,"[123,124,125]",1.9457476170769463e-06,3.2144017943098467e-07,1.8558357412284063e-07,1.1472459452905398e-06,2.7442492888633527e-06,"two-sided Student t, df=n-1",1e-06,0.0,0.0,0.0,0.0,0.0,True,D:\PhD-Project\GP_RKHS_MINT\GP_RKHS_MINT\Tully_models\GP_MInt_QCLE_Reviewer_Ready_Pipeline_v4\output\fixed_pipeline\final_reviewer_closure\manufactured\manufactured_complete.csv
1e-06,1200,on_support,Q_rmse,3,"[123,124,125]",3.3558105120560856e-06,4.961239562375221e-07,2.864372996851555e-07,2.1233702826789594e-06,4.588250741433212e-06,"two-sided Student t, df=n-1",1e-06,0.0,0.0,0.0,0.0,0.0,True,D:\PhD-Project\GP_RKHS_MINT\GP_RKHS_MINT\Tully_models\GP_MInt_QCLE_Reviewer_Ready_Pipeline_v4\output\fixed_pipeline\final_reviewer_closure\manufactured\manufactured_complete.csv
1e-06,1200,on_support,Q_linf,3,"[123,124,125]",2.718031682267102e-05,4.059443604530966e-06,2.343720857836058e-06,1.7096099876056922e-05,3.726453376928512e-05,"two-sided Student t, df=n-1",1e-06,0.0,0.0,0.0,0.0,0.0,True,D:\PhD-Project\GP_RKHS_MINT\GP_RKHS_MINT\Tully_models\GP_MInt_QCLE_Reviewer_Ready_Pipeline_v4\output\fixed_pipeline\final_reviewer_closure\manufactured\manufactured_complete.csv
1e-06,2400,off_support,density_relative_l1,3,"[123,124,125]",0.007469206029473377,0.0011983354573739853,0.0006918592988943437,0.00449237572851997,0.010446036330426784,"two-sided Student t, df=n-1",1e-06,0.0,0.0,0.0,0.0,0.0,True,D:\PhD-Project\GP_RKHS_MINT\GP_RKHS_MINT\Tully_models\GP_MInt_QCLE_Reviewer_Ready_Pipeline_v4\output\fixed_pipeline\final_reviewer_closure\manufactured\manufactured_complete.csv
1e-06,2400,off_support,density_relative_l2,3,"[123,124,125]",0.008295525075938566,0.0004147065550064785,0.0002394309411676927,0.007265336883349677,0.009325713268527455,"two-sided Student t, df=n-1",1e-06,0.0,0.0,0.0,0.0,0.0,True,D:\PhD-Project\GP_RKHS_MINT\GP_RKHS_MINT\Tully_models\GP_MInt_QCLE_Reviewer_Ready_Pipeline_v4\output\fixed_pipeline\final_reviewer_closure\manufactured\manufactured_complete.csv
1e-06,2400,off_support,density_relative_linf,3,"[123,124,125]",0.015846202433380148,0.014975891585881546,0.008646335038463362,-0.02135597462173163,0.05304837948849193,"two-sided Student t, df=n-1",1e-06,0.0,0.0,0.0,0.0,0.0,True,D:\PhD-Project\GP_RKHS_MINT\GP_RKHS_MINT\Tully_models\GP_MInt_QCLE_Reviewer_Ready_Pipeline_v4\output\fixed_pipeline\final_reviewer_closure\manufactured\manufactured_complete.csv
1e-06,2400,off_support,density_mae,3,"[123,124,125]",6.747737314508382e-05,8.684053848535126e-06,5.013740827108961e-06,4.590498748933446e-05,8.904975880083318e-05,"two-sided Student t, df=n-1",1e-06,0.0,0.0,0.0,0.0,0.0,True,D:\PhD-Project\GP_RKHS_MINT\GP_RKHS_MINT\Tully_models\GP_MInt_QCLE_Reviewer_Ready_Pipeline_v4\output\fixed_pipeline\final_reviewer_closure\manufactured\manufactured_complete.csv
1e-06,2400,off_support,density_rmse,3,"[123,124,125]",0.00011843254835555315,1.3850569250171533e-05,7.996629885016088e-06,8.402582695241893e-05,0.00015283926975868738,"two-sided Student t, df=n-1",1e-06,0.0,0.0,0.0,0.0,0.0,True,D:\PhD-Project\GP_RKHS_MINT\GP_RKHS_MINT\Tully_models\GP_MInt_QCLE_Reviewer_Ready_Pipeline_v4\output\fixed_pipeline\final_reviewer_closure\manufactured\manufactured_complete.csv
1e-06,2400,off_support,density_linf,3,"[123,124,125]",0.0014043349322624948,0.0014754474464175294,0.0008518499803643066,-0.0022608797110435937,0.005069549575568584,"two-sided Student t, df=n-1",1e-06,0.0,0.0,0.0,0.0,0.0,True,D:\PhD-Project\GP_RKHS_MINT\GP_RKHS_MINT\Tully_models\GP_MInt_QCLE_Reviewer_Ready_Pipeline_v4\output\fixed_pipeline\final_reviewer_closure\manufactured\manufactured_complete.csv
1e-06,2400,off_support,gradient_relative_l1,3,"[123,124,125]",0.012619613164174768,0.0010873932109731117,0.0006278067630702976,0.009918378681328652,0.015320847647020883,"two-sided Student t, df=n-1",1e-06,0.0,0.0,0.0,0.0,0.0,True,D:\PhD-Project\GP_RKHS_MINT\GP_RKHS_MINT\Tully_models\GP_MInt_QCLE_Reviewer_Ready_Pipeline_v4\output\fixed_pipeline\final_reviewer_closure\manufactured\manufactured_complete.csv
1e-06,2400,off_support,gradient_relative_l2,3,"[123,124,125]",0.011334586388432877,0.000603080203880617,0.00034818851805340864,0.009836452110781524,0.01283272066608423,"two-sided Student t, df=n-1",1e-06,0.0,0.0,0.0,0.0,0.0,True,D:\PhD-Project\GP_RKHS_MINT\GP_RKHS_MINT\Tully_models\GP_MInt_QCLE_Reviewer_Ready_Pipeline_v4\output\fixed_pipeline\final_reviewer_closure\manufactured\manufactured_complete.csv
1e-06,2400,off_support,gradient_relative_linf,3,"[123,124,125]",0.01577513581591912,0.0037429025667074277,0.0021609658044390747,0.006477250398669315,0.025073021233168923,"two-sided Student t, df=n-1",1e-06,0.0,0.0,0.0,0.0,0.0,True,D:\PhD-Project\GP_RKHS_MINT\GP_RKHS_MINT\Tully_models\GP_MInt_QCLE_Reviewer_Ready_Pipeline_v4\output\fixed_pipeline\final_reviewer_closure\manufactured\manufactured_complete.csv
1e-06,2400,off_support,gradient_mae,3,"[123,124,125]",0.0001275865051895994,1.0330374598186986e-05,5.964244555092928e-06,0.00010192443207405345,0.00015324857830514534,"two-sided Student t, df=n-1",1e-06,0.0,0.0,0.0,0.0,0.0,True,D:\PhD-Project\GP_RKHS_MINT\GP_RKHS_MINT\Tully_models\GP_MInt_QCLE_Reviewer_Ready_Pipeline_v4\output\fixed_pipeline\final_reviewer_closure\manufactured\manufactured_complete.csv
1e-06,2400,off_support,gradient_rmse,3,"[123,124,125]",0.00021728121804764843,7.4867955613223896e-06,4.322503432697177e-06,0.00019868298685383297,0.0002358794492414639,"two-sided Student t, df=n-1",1e-06,0.0,0.0,0.0,0.0,0.0,True,D:\PhD-Project\GP_RKHS_MINT\GP_RKHS_MINT\Tully_models\GP_MInt_QCLE_Reviewer_Ready_Pipeline_v4\output\fixed_pipeline\final_reviewer_closure\manufactured\manufactured_complete.csv
1e-06,2400,off_support,gradient_linf,3,"[123,124,125]",0.002726594507441472,0.000775770634184505,0.0004478913844758307,0.0007994734194191548,0.004653715595463789,"two-sided Student t, df=n-1",1e-06,0.0,0.0,0.0,0.0,0.0,True,D:\PhD-Project\GP_RKHS_MINT\GP_RKHS_MINT\Tully_models\GP_MInt_QCLE_Reviewer_Ready_Pipeline_v4\output\fixed_pipeline\final_reviewer_closure\manufactured\manufactured_complete.csv
1e-06,2400,off_support,Q_relative_l1,3,"[123,124,125]",0.023368988143879926,0.0021602620956868964,0.0012472279024649748,0.01800259960478581,0.028735376682974042,"two-sided Student t, df=n-1",1e-06,0.0,0.0,0.0,0.0,0.0,True,D:\PhD-Project\GP_RKHS_MINT\GP_RKHS_MINT\Tully_models\GP_MInt_QCLE_Reviewer_Ready_Pipeline_v4\output\fixed_pipeline\final_reviewer_closure\manufactured\manufactured_complete.csv
1e-06,2400,off_support,Q_relative_l2,3,"[123,124,125]",0.021258939780969825,0.002717211820170872,0.001568782975820886,0.014509011427753252,0.028008868134186397,"two-sided Student t, df=n-1",1e-06,0.0,0.0,0.0,0.0,0.0,True,D:\PhD-Project\GP_RKHS_MINT\GP_RKHS_MINT\Tully_models\GP_MInt_QCLE_Reviewer_Ready_Pipeline_v4\output\fixed_pipeline\final_reviewer_closure\manufactured\manufactured_complete.csv
1e-06,2400,off_support,Q_relative_linf,3,"[123,124,125]",0.02704514999174415,0.0033368501807871155,0.0019265313501228927,0.018755954619292692,0.03533434536419561,"two-sided Student t, df=n-1",1e-06,0.0,0.0,0.0,0.0,0.0,True,D:\PhD-Project\GP_RKHS_MINT\GP_RKHS_MINT\Tully_models\GP_MInt_QCLE_Reviewer_Ready_Pipeline_v4\output\fixed_pipeline\final_reviewer_closure\manufactured\manufactured_complete.csv
1e-06,2400,off_support,Q_mae,3,"[123,124,125]",2.069956418893155e-06,1.093638721740614e-07,6.314126103931418e-08,1.7982814997258932e-06,2.341631338060417e-06,"two-sided Student t, df=n-1",1e-06,0.0,0.0,0.0,0.0,0.0,True,D:\PhD-Project\GP_RKHS_MINT\GP_RKHS_MINT\Tully_models\GP_MInt_QCLE_Reviewer_Ready_Pipeline_v4\output\fixed_pipeline\final_reviewer_closure\manufactured\manufactured_complete.csv
1e-06,2400,off_support,Q_rmse,3,"[123,124,125]",3.4675058710151514e-06,2.439710752057227e-07,1.4085676594450645e-07,2.86144812252785e-06,4.073563619502453e-06,"two-sided Student t, df=n-1",1e-06,0.0,0.0,0.0,0.0,0.0,True,D:\PhD-Project\GP_RKHS_MINT\GP_RKHS_MINT\Tully_models\GP_MInt_QCLE_Reviewer_Ready_Pipeline_v4\output\fixed_pipeline\final_reviewer_closure\manufactured\manufactured_complete.csv
1e-06,2400,off_support,Q_linf,3,"[123,124,125]",2.99796927051847e-05,4.885800180863645e-07,2.820818049628348e-07,2.8765992657063742e-05,3.119339275330565e-05,"two-sided Student t, df=n-1",1e-06,0.0,0.0,0.0,0.0,0.0,True,D:\PhD-Project\GP_RKHS_MINT\GP_RKHS_MINT\Tully_models\GP_MInt_QCLE_Reviewer_Ready_Pipeline_v4\output\fixed_pipeline\final_reviewer_closure\manufactured\manufactured_complete.csv
1e-06,2400,on_support,density_relative_l1,3,"[123,124,125]",0.0064924900952517866,0.0016303294241828091,0.0009412711319197125,0.002442527290113258,0.010542452900390315,"two-sided Student t, df=n-1",1e-06,0.0,0.0,0.0,0.0,0.0,True,D:\PhD-Project\GP_RKHS_MINT\GP_RKHS_MINT\Tully_models\GP_MInt_QCLE_Reviewer_Ready_Pipeline_v4\output\fixed_pipeline\final_reviewer_closure\manufactured\manufactured_complete.csv
1e-06,2400,on_support,density_relative_l2,3,"[123,124,125]",0.006838453601671128,0.0012374438935172263,0.0007144385650292292,0.0037644725596479205,0.009912434643694335,"two-sided Student t, df=n-1",1e-06,0.0,0.0,0.0,0.0,0.0,True,D:\PhD-Project\GP_RKHS_MINT\GP_RKHS_MINT\Tully_models\GP_MInt_QCLE_Reviewer_Ready_Pipeline_v4\output\fixed_pipeline\final_reviewer_closure\manufactured\manufactured_complete.csv
1e-06,2400,on_support,density_relative_linf,3,"[123,124,125]",0.008761182036930331,0.0011111212187408525,0.0006415061347423363,0.006001003915164397,0.011521360158696266,"two-sided Student t, df=n-1",1e-06,0.0,0.0,0.0,0.0,0.0,True,D:\PhD-Project\GP_RKHS_MINT\GP_RKHS_MINT\Tully_models\GP_MInt_QCLE_Reviewer_Ready_Pipeline_v4\output\fixed_pipeline\final_reviewer_closure\manufactured\manufactured_complete.csv
1e-06,2400,on_support,density_mae,3,"[123,124,125]",6.138955298533235e-05,1.607229790954464e-05,9.279345524571457e-06,2.146375163424129e-05,0.0001013153543364234,"two-sided Student t, df=n-1",1e-06,0.0,0.0,0.0,0.0,0.0,True,D:\PhD-Project\GP_RKHS_MINT\GP_RKHS_MINT\Tully_models\GP_MInt_QCLE_Reviewer_Ready_Pipeline_v4\output\fixed_pipeline\final_reviewer_closure\manufactured\manufactured_complete.csv
1e-06,2400,on_support,density_rmse,3,"[123,124,125]",0.00010076995902156935,1.9416934421285887e-05,1.1210372314966718e-05,5.253561997966774e-05,0.00014900429806347096,"two-sided Student t, df=n-1",1e-06,0.0,0.0,0.0,0.0,0.0,True,D:\PhD-Project\GP_RKHS_MINT\GP_RKHS_MINT\Tully_models\GP_MInt_QCLE_Reviewer_Ready_Pipeline_v4\output\fixed_pipeline\final_reviewer_closure\manufactured\manufactured_complete.csv
1e-06,2400,on_support,density_linf,3,"[123,124,125]",0.0007570243210857222,7.785182325822629e-05,4.4947771115040116e-05,0.0005636296710038374,0.0009504189711676069,"two-sided Student t, df=n-1",1e-06,0.0,0.0,0.0,0.0,0.0,True,D:\PhD-Project\GP_RKHS_MINT\GP_RKHS_MINT\Tully_models\GP_MInt_QCLE_Reviewer_Ready_Pipeline_v4\output\fixed_pipeline\final_reviewer_closure\manufactured\manufactured_complete.csv
1e-06,2400,on_support,gradient_relative_l1,3,"[123,124,125]",0.01176002340822776,0.0014902862712930127,0.0008604171799006246,0.008057947080450881,0.01546209973600464,"two-sided Student t, df=n-1",1e-06,0.0,0.0,0.0,0.0,0.0,True,D:\PhD-Project\GP_RKHS_MINT\GP_RKHS_MINT\Tully_models\GP_MInt_QCLE_Reviewer_Ready_Pipeline_v4\output\fixed_pipeline\final_reviewer_closure\manufactured\manufactured_complete.csv
1e-06,2400,on_support,gradient_relative_l2,3,"[123,124,125]",0.010543827734029112,0.000874480224469431,0.0005048813929984303,0.008371498430271625,0.012716157037786599,"two-sided Student t, df=n-1",1e-06,0.0,0.0,0.0,0.0,0.0,True,D:\PhD-Project\GP_RKHS_MINT\GP_RKHS_MINT\Tully_models\GP_MInt_QCLE_Reviewer_Ready_Pipeline_v4\output\fixed_pipeline\final_reviewer_closure\manufactured\manufactured_complete.csv
1e-06,2400,on_support,gradient_relative_linf,3,"[123,124,125]",0.01358739727371719,0.004438047193490856,0.0025623077418382087,0.0025626768739754648,0.024612117673458916,"two-sided Student t, df=n-1",1e-06,0.0,0.0,0.0,0.0,0.0,True,D:\PhD-Project\GP_RKHS_MINT\GP_RKHS_MINT\Tully_models\GP_MInt_QCLE_Reviewer_Ready_Pipeline_v4\output\fixed_pipeline\final_reviewer_closure\manufactured\manufactured_complete.csv
1e-06,2400,on_support,gradient_mae,3,"[123,124,125]",0.00012258924150686427,1.4995231097019997e-05,8.657500710425144e-06,8.533902244280725e-05,0.0001598394605709213,"two-sided Student t, df=n-1",1e-06,0.0,0.0,0.0,0.0,0.0,True,D:\PhD-Project\GP_RKHS_MINT\GP_RKHS_MINT\Tully_models\GP_MInt_QCLE_Reviewer_Ready_Pipeline_v4\output\fixed_pipeline\final_reviewer_closure\manufactured\manufactured_complete.csv
1e-06,2400,on_support,gradient_rmse,3,"[123,124,125]",0.00020843280765205506,1.6647205377711408e-05,9.611268506076668e-06,0.0001670788569785417,0.0002497867583255684,"two-sided Student t, df=n-1",1e-06,0.0,0.0,0.0,0.0,0.0,True,D:\PhD-Project\GP_RKHS_MINT\GP_RKHS_MINT\Tully_models\GP_MInt_QCLE_Reviewer_Ready_Pipeline_v4\output\fixed_pipeline\final_reviewer_closure\manufactured\manufactured_complete.csv
1e-06,2400,on_support,gradient_linf,3,"[123,124,125]",0.002490865035131723,0.0007800180922885057,0.00045034365555554715,0.0005531926762543092,0.004428537394009138,"two-sided Student t, df=n-1",1e-06,0.0,0.0,0.0,0.0,0.0,True,D:\PhD-Project\GP_RKHS_MINT\GP_RKHS_MINT\Tully_models\GP_MInt_QCLE_Reviewer_Ready_Pipeline_v4\output\fixed_pipeline\final_reviewer_closure\manufactured\manufactured_complete.csv
1e-06,2400,on_support,Q_relative_l1,3,"[123,124,125]",0.02413242222388831,0.001987085666181194,0.0011472444442725592,0.019196227784110252,0.02906861666366637,"two-sided Student t, df=n-1",1e-06,0.0,0.0,0.0,0.0,0.0,True,D:\PhD-Project\GP_RKHS_MINT\GP_RKHS_MINT\Tully_models\GP_MInt_QCLE_Reviewer_Ready_Pipeline_v4\output\fixed_pipeline\final_reviewer_closure\manufactured\manufactured_complete.csv
1e-06,2400,on_support,Q_relative_l2,3,"[123,124,125]",0.02199263387687794,0.002232949181450186,0.0012891938109970196,0.01644568060688424,0.027539587146871637,"two-sided Student t, df=n-1",1e-06,0.0,0.0,0.0,0.0,0.0,True,D:\PhD-Project\GP_RKHS_MINT\GP_RKHS_MINT\Tully_models\GP_MInt_QCLE_Reviewer_Ready_Pipeline_v4\output\fixed_pipeline\final_reviewer_closure\manufactured\manufactured_complete.csv
1e-06,2400,on_support,Q_relative_linf,3,"[123,124,125]",0.025547619867288113,0.004596440131695138,0.0026537559473481867,0.014129429596483067,0.036965810138093164,"two-sided Student t, df=n-1",1e-06,0.0,0.0,0.0,0.0,0.0,True,D:\PhD-Project\GP_RKHS_MINT\GP_RKHS_MINT\Tully_models\GP_MInt_QCLE_Reviewer_Ready_Pipeline_v4\output\fixed_pipeline\final_reviewer_closure\manufactured\manufactured_complete.csv
1e-06,2400,on_support,Q_mae,3,"[123,124,125]",2.1564903505184692e-06,2.5770954186446507e-07,1.4878867336818405e-07,1.5163043589029845e-06,2.796676342133954e-06,"two-sided Student t, df=n-1",1e-06,0.0,0.0,0.0,0.0,0.0,True,D:\PhD-Project\GP_RKHS_MINT\GP_RKHS_MINT\Tully_models\GP_MInt_QCLE_Reviewer_Ready_Pipeline_v4\output\fixed_pipeline\final_reviewer_closure\manufactured\manufactured_complete.csv
1e-06,2400,on_support,Q_rmse,3,"[123,124,125]",3.6017635707959045e-06,5.549821761338078e-07,3.2041910878629825e-07,2.2231114177297335e-06,4.980415723862076e-06,"two-sided Student t, df=n-1",1e-06,0.0,0.0,0.0,0.0,0.0,True,D:\PhD-Project\GP_RKHS_MINT\GP_RKHS_MINT\Tully_models\GP_MInt_QCLE_Reviewer_Ready_Pipeline_v4\output\fixed_pipeline\final_reviewer_closure\manufactured\manufactured_complete.csv
1e-06,2400,on_support,Q_linf,3,"[123,124,125]",2.782757126135907e-05,5.0574388573831036e-06,2.919913685720208e-06,1.5264196671017896e-05,4.039094585170025e-05,"two-sided Student t, df=n-1",1e-06,0.0,0.0,0.0,0.0,0.0,True,D:\PhD-Project\GP_RKHS_MINT\GP_RKHS_MINT\Tully_models\GP_MInt_QCLE_Reviewer_Ready_Pipeline_v4\output\fixed_pipeline\final_reviewer_closure\manufactured\manufactured_complete.csv
0.01,300,off_support,density_relative_l1,3,"[123,124,125]",0.004672217251370839,0.003808850681141342,0.0021990409660600434,-0.004789492363961047,0.014133926866702725,"two-sided Student t, df=n-1",1e-06,0.0001631803821533521,0.0003502950722092571,0.000202242954235814,-0.0007070008169511849,0.001033361581257889,True,D:\PhD-Project\GP_RKHS_MINT\GP_RKHS_MINT\Tully_models\GP_MInt_QCLE_Reviewer_Ready_Pipeline_v4\output\fixed_pipeline\final_reviewer_closure\manufactured\manufactured_complete.csv
0.01,300,off_support,density_relative_l2,3,"[123,124,125]",0.007730050401937996,0.008217204520086483,0.004744205241658141,-0.01268261723132115,0.02814271803519714,"two-sided Student t, df=n-1",1e-06,0.000744318638323578,0.0014596489931180839,0.000842728739099092,-0.002881650471354518,0.004370287748001674,True,D:\PhD-Project\GP_RKHS_MINT\GP_RKHS_MINT\Tully_models\GP_MInt_QCLE_Reviewer_Ready_Pipeline_v4\output\fixed_pipeline\final_reviewer_closure\manufactured\manufactured_complete.csv
0.01,300,off_support,density_relative_linf,3,"[123,124,125]",0.019035717160874235,0.02622015067392179,0.015138211049781294,-0.04609874793518355,0.08417018225693203,"two-sided Student t, df=n-1",1e-06,0.0037942599372032203,0.0071480973608377485,0.004126955935473328,-0.01396259828389679,0.02155111815830323,True,D:\PhD-Project\GP_RKHS_MINT\GP_RKHS_MINT\Tully_models\GP_MInt_QCLE_Reviewer_Ready_Pipeline_v4\output\fixed_pipeline\final_reviewer_closure\manufactured\manufactured_complete.csv
0.01,300,off_support,density_mae,3,"[123,124,125]",4.285190905486344e-05,3.435207773496902e-05,1.9833181327507315e-05,-4.248338272249446e-05,0.00012818720083222133,"two-sided Student t, df=n-1",1e-06,1.4644475276892005e-06,3.2022010636924115e-06,1.8487916461221199e-06,-6.490260895137562e-06,9.419155950515963e-06,True,D:\PhD-Project\GP_RKHS_MINT\GP_RKHS_MINT\Tully_models\GP_MInt_QCLE_Reviewer_Ready_Pipeline_v4\output\fixed_pipeline\final_reviewer_closure\manufactured\manufactured_complete.csv
0.01,300,off_support,density_rmse,3,"[123,124,125]",0.0001082737982563031,0.00011345972478196127,6.550600264504619e-05,-0.00017357578283588756,0.0003901233793484938,"two-sided Student t, df=n-1",1e-06,1.0262784907301666e-05,2.0345614936484565e-05,1.1746546260407834e-05,-4.027852442454411e-05,6.080409423914745e-05,True,D:\PhD-Project\GP_RKHS_MINT\GP_RKHS_MINT\Tully_models\GP_MInt_QCLE_Reviewer_Ready_Pipeline_v4\output\fixed_pipeline\final_reviewer_closure\manufactured\manufactured_complete.csv
0.01,300,off_support,density_linf,3,"[123,124,125]",0.001680684230142977,0.002383052521452244,0.0013758560147534695,-0.004239146407404894,0.007600514867690847,"two-sided Student t, df=n-1",1e-06,0.00034542585083685616,0.0006387310752896913,0.0003687715582582824,-0.0012412701009374425,0.0019321218026111548,True,D:\PhD-Project\GP_RKHS_MINT\GP_RKHS_MINT\Tully_models\GP_MInt_QCLE_Reviewer_Ready_Pipeline_v4\output\fixed_pipeline\final_reviewer_closure\manufactured\manufactured_complete.csv
0.01,300,off_support,gradient_relative_l1,3,"[123,124,125]",0.007747652447388848,0.006685432018856437,0.0038598359757357073,-0.008859881349789763,0.02435518624456746,"two-sided Student t, df=n-1",1e-06,0.00022246112173354452,0.0005080672705207723,0.0002933327754016063,-0.0010396479450575221,0.001484570188524611,True,D:\PhD-Project\GP_RKHS_MINT\GP_RKHS_MINT\Tully_models\GP_MInt_QCLE_Reviewer_Ready_Pipeline_v4\output\fixed_pipeline\final_reviewer_closure\manufactured\manufactured_complete.csv
0.01,300,off_support,gradient_relative_l2,3,"[123,124,125]",0.010899586537140604,0.011295427473075072,0.006521418092191787,-0.017159810818718195,0.038958983892999406,"two-sided Student t, df=n-1",1e-06,0.0010018279644645961,0.0021820198918182107,0.0012597897719183622,-0.004418609936523225,0.006422265865452417,True,D:\PhD-Project\GP_RKHS_MINT\GP_RKHS_MINT\Tully_models\GP_MInt_QCLE_Reviewer_Ready_Pipeline_v4\output\fixed_pipeline\final_reviewer_closure\manufactured\manufactured_complete.csv
0.01,300,off_support,gradient_relative_linf,3,"[123,124,125]",0.033070475367179414,0.033665141089187514,0.019436578270149142,-0.050558371182830505,0.11669932191718933,"two-sided Student t, df=n-1",1e-06,0.005683134346624309,0.013427078267191913,0.007752127251993425,-0.027671577135117056,0.039037845828365676,True,D:\PhD-Project\GP_RKHS_MINT\GP_RKHS_MINT\Tully_models\GP_MInt_QCLE_Reviewer_Ready_Pipeline_v4\output\fixed_pipeline\final_reviewer_closure\manufactured\manufactured_complete.csv
0.01,300,off_support,gradient_mae,3,"[123,124,125]",8.094068860181653e-05,6.951262553688516e-05,4.01331330657983e-05,-9.1738245934999e-05,0.00025361962313863207,"two-sided Student t, df=n-1",1e-06,2.29937209591491e-06,5.329265249346042e-06,3.0768527262928557e-06,-1.0939256685742062e-05,1.5538000877571883e-05,True,D:\PhD-Project\GP_RKHS_MINT\GP_RKHS_MINT\Tully_models\GP_MInt_QCLE_Reviewer_Ready_Pipeline_v4\output\fixed_pipeline\final_reviewer_closure\manufactured\manufactured_complete.csv
0.01,300,off_support,gradient_rmse,3,"[123,124,125]",0.0002160428200387219,0.00022397025293995567,0.00012930928582535197,-0.00034033013159278736,0.0007724157716702311,"two-sided Student t, df=n-1",1e-06,1.977054786066181e-05,4.3408836843948475e-05,2.5062103637062197e-05,-8.806298076527146e-05,0.00012760407648659507,True,D:\PhD-Project\GP_RKHS_MINT\GP_RKHS_MINT\Tully_models\GP_MInt_QCLE_Reviewer_Ready_Pipeline_v4\output\fixed_pipeline\final_reviewer_closure\manufactured\manufactured_complete.csv
0.01,300,off_support,gradient_linf,3,"[123,124,125]",0.005853316690473508,0.006337280094875866,0.003658830368706638,-0.00988935978293725,0.021595993163884268,"two-sided Student t, df=n-1",1e-06,0.0010771085595394096,0.002435042552452257,0.001405872473146504,-0.004971872474649062,0.0071260895937278815,True,D:\PhD-Project\GP_RKHS_MINT\GP_RKHS_MINT\Tully_models\GP_MInt_QCLE_Reviewer_Ready_Pipeline_v4\output\fixed_pipeline\final_reviewer_closure\manufactured\manufactured_complete.csv
0.01,300,off_support,Q_relative_l1,3,"[123,124,125]",0.019882533549960932,0.01832831375936419,0.010581856882760837,-0.025647521851903894,0.06541258895182575,"two-sided Student t, df=n-1",1e-06,-0.0007427726338343708,0.0008849560770662045,0.0005109296293151685,-0.0029411253980899184,0.0014555801304211766,True,D:\PhD-Project\GP_RKHS_MINT\GP_RKHS_MINT\Tully_models\GP_MInt_QCLE_Reviewer_Ready_Pipeline_v4\output\fixed_pipeline\final_reviewer_closure\manufactured\manufactured_complete.csv
0.01,300,off_support,Q_relative_l2,3,"[123,124,125]",0.03276317840511662,0.038125997089796373,0.022012054682916827,-0.06194704876255621,0.12747340557278944,"two-sided Student t, df=n-1",1e-06,0.007201364753738962,0.013643764637343927,0.007877231186130413,-0.02669162551171264,0.041094355019190565,True,D:\PhD-Project\GP_RKHS_MINT\GP_RKHS_MINT\Tully_models\GP_MInt_QCLE_Reviewer_Ready_Pipeline_v4\output\fixed_pipeline\final_reviewer_closure\manufactured\manufactured_complete.csv
0.01,300,off_support,Q_relative_linf,3,"[123,124,125]",0.11524342088393956,0.16271428606861518,0.09394313686271276,-0.28896127337462973,0.5194481151425089,"two-sided Student t, df=n-1",1e-06,0.05091772193634465,0.09272927048796431,0.053537269277983815,-0.17943455586304982,0.28126999973573913,True,D:\PhD-Project\GP_RKHS_MINT\GP_RKHS_MINT\Tully_models\GP_MInt_QCLE_Reviewer_Ready_Pipeline_v4\output\fixed_pipeline\final_reviewer_closure\manufactured\manufactured_complete.csv
0.01,300,off_support,Q_mae,3,"[123,124,125]",1.7860304352557606e-06,1.666469387351813e-06,9.621365493838402e-07,-2.353709015291046e-06,5.925769885802567e-06,"two-sided Student t, df=n-1",1e-06,-6.650308651638166e-08,8.016034999851019e-08,4.6280599649974475e-08,-2.6563243493231865e-07,1.3262626189955532e-07,True,D:\PhD-Project\GP_RKHS_MINT\GP_RKHS_MINT\Tully_models\GP_MInt_QCLE_Reviewer_Ready_Pipeline_v4\output\fixed_pipeline\final_reviewer_closure\manufactured\manufactured_complete.csv
0.01,300,off_support,Q_rmse,3,"[123,124,125]",5.197293316956065e-06,6.032414472286059e-06,3.4828161194377505e-06,-9.788054966372496e-06,2.0182641600284627e-05,"two-sided Student t, df=n-1",1e-06,1.1401889316893451e-06,2.161112369809456e-06,1.2477188084585194e-06,-4.228311805417921e-06,6.508689668796612e-06,True,D:\PhD-Project\GP_RKHS_MINT\GP_RKHS_MINT\Tully_models\GP_MInt_QCLE_Reviewer_Ready_Pipeline_v4\output\fixed_pipeline\final_reviewer_closure\manufactured\manufactured_complete.csv
0.01,300,off_support,Q_linf,3,"[123,124,125]",0.00010876203689341204,0.00015180305116333095,8.764353245295566e-05,-0.00026833764725551004,0.0004858617210423341,"two-sided Student t, df=n-1",1e-06,4.7631481161106115e-05,8.692904682379334e-05,5.018850858411467e-05,-0.0001683122422977131,0.00026357520461992533,True,D:\PhD-Project\GP_RKHS_MINT\GP_RKHS_MINT\Tully_models\GP_MInt_QCLE_Reviewer_Ready_Pipeline_v4\output\fixed_pipeline\final_reviewer_closure\manufactured\manufactured_complete.csv
0.01,300,on_support,density_relative_l1,3,"[123,124,125]",0.0012250423274996957,0.0012776907881874436,0.0007376751205011257,-0.0019489175433534032,0.004399002198352795,"two-sided Student t, df=n-1",1e-06,0.00022132981520098507,0.0003862621642712377,0.00022300856451976653,-0.0007381985936756065,0.0011808582240775767,True,D:\PhD-Project\GP_RKHS_MINT\GP_RKHS_MINT\Tully_models\GP_MInt_QCLE_Reviewer_Ready_Pipeline_v4\output\fixed_pipeline\final_reviewer_closure\manufactured\manufactured_complete.csv
0.01,300,on_support,density_relative_l2,3,"[123,124,125]",0.001589507483052282,0.0016099296728625408,0.0009294933300035541,-0.002409779530521867,0.00558879449662643,"two-sided Student t, df=n-1",1e-06,0.0003101432960530073,0.000539399858419687,0.00031142265345945235,-0.001029800233943521,0.0016500868260495357,True,D:\PhD-Project\GP_RKHS_MINT\GP_RKHS_MINT\Tully_models\GP_MInt_QCLE_Reviewer_Ready_Pipeline_v4\output\fixed_pipeline\final_reviewer_closure\manufactured\manufactured_complete.csv
0.01,300,on_support,density_relative_linf,3,"[123,124,125]",0.002799109037788926,0.002720816722164446,0.001570864266957278,-0.003959774388416935,0.009557992463994788,"two-sided Student t, df=n-1",1e-06,0.0007086312038451985,0.0012417347440428037,0.0007169158887352238,-0.0023760089017839476,0.0037932713094743446,True,D:\PhD-Project\GP_RKHS_MINT\GP_RKHS_MINT\Tully_models\GP_MInt_QCLE_Reviewer_Ready_Pipeline_v4\output\fixed_pipeline\final_reviewer_closure\manufactured\manufactured_complete.csv
0.01,300,on_support,density_mae,3,"[123,124,125]",1.1059584250493155e-05,1.0966290284466708e-05,6.331390647748432e-06,-1.618219100281426e-05,3.830135950380057e-05,"two-sided Student t, df=n-1",1e-06,2.1386707381938383e-06,3.72718793940713e-06,2.151892960137033e-06,-7.120177380753677e-06,1.1397518857141354e-05,True,D:\PhD-Project\GP_RKHS_MINT\GP_RKHS_MINT\Tully_models\GP_MInt_QCLE_Reviewer_Ready_Pipeline_v4\output\fixed_pipeline\final_reviewer_closure\manufactured\manufactured_complete.csv
0.01,300,on_support,density_rmse,3,"[123,124,125]",2.1896341951911823e-05,2.0942966607250184e-05,1.2091427408325239e-05,-3.012887119244151e-05,7.392155509626516e-05,"two-sided Student t, df=n-1",1e-06,4.608362638330534e-06,8.001540205022437e-06,4.619691391301317e-06,-1.5268565136805846e-05,2.4485290413466916e-05,True,D:\PhD-Project\GP_RKHS_MINT\GP_RKHS_MINT\Tully_models\GP_MInt_QCLE_Reviewer_Ready_Pipeline_v4\output\fixed_pipeline\final_reviewer_closure\manufactured\manufactured_complete.csv
0.01,300,on_support,density_linf,3,"[123,124,125]",0.0001595162605454708,0.00012959838803640442,7.482366421935967e-05,-0.00016242398255382468,0.00048145650364476625,"two-sided Student t, df=n-1",1e-06,5.285760039653274e-05,9.199222468794874e-05,5.311173568693975e-05,-0.00017566375413577857,0.00028137895492884405,True,D:\PhD-Project\GP_RKHS_MINT\GP_RKHS_MINT\Tully_models\GP_MInt_QCLE_Reviewer_Ready_Pipeline_v4\output\fixed_pipeline\final_reviewer_closure\manufactured\manufactured_complete.csv
0.01,300,on_support,gradient_relative_l1,3,"[123,124,125]",0.006384484226201669,0.005501303163777298,0.003176178862500563,-0.007281510426539566,0.020050478878942905,"two-sided Student t, df=n-1",1e-06,0.00032884035244719155,0.0005995182195627033,0.0003461320054486119,-0.0011604454656314782,0.0018181261705258614,True,D:\PhD-Project\GP_RKHS_MINT\GP_RKHS_MINT\Tully_models\GP_MInt_QCLE_Reviewer_Ready_Pipeline_v4\output\fixed_pipeline\final_reviewer_closure\manufactured\manufactured_complete.csv
0.01,300,on_support,gradient_relative_l2,3,"[123,124,125]",0.008254488184610024,0.008307718757105871,0.004796463660766778,-0.012383029278276501,0.028892005647496548,"two-sided Student t, df=n-1",1e-06,0.00033494699519542864,0.0006690225699120383,0.0003862603608326505,-0.0013269972007145918,0.001996891191105449,True,D:\PhD-Project\GP_RKHS_MINT\GP_RKHS_MINT\Tully_models\GP_MInt_QCLE_Reviewer_Ready_Pipeline_v4\output\fixed_pipeline\final_reviewer_closure\manufactured\manufactured_complete.csv
0.01,300,on_support,gradient_relative_linf,3,"[123,124,125]",0.012821486014873104,0.012558872944220392,0.0072508686750639515,-0.018376483882559053,0.044019455912305265,"two-sided Student t, df=n-1",1e-06,-0.00033394067826719574,0.00032620122514646633,0.00018833236514829806,-0.0011442694432626508,0.0004763880867282594,True,D:\PhD-Project\GP_RKHS_MINT\GP_RKHS_MINT\Tully_models\GP_MInt_QCLE_Reviewer_Ready_Pipeline_v4\output\fixed_pipeline\final_reviewer_closure\manufactured\manufactured_complete.csv
0.01,300,on_support,gradient_mae,3,"[123,124,125]",6.53978797941057e-05,5.7125043692038654e-05,3.298115935306765e-05,-7.650859552491425e-05,0.00020730435511312565,"two-sided Student t, df=n-1",1e-06,3.4145553169908286e-06,6.253516454946803e-06,3.6104694086452913e-06,-1.212004073960125e-05,1.8949151373582906e-05,True,D:\PhD-Project\GP_RKHS_MINT\GP_RKHS_MINT\Tully_models\GP_MInt_QCLE_Reviewer_Ready_Pipeline_v4\output\fixed_pipeline\final_reviewer_closure\manufactured\manufactured_complete.csv
0.01,300,on_support,gradient_rmse,3,"[123,124,125]",0.00015741559040719706,0.000157986067160838,9.121329840352011e-05,-0.00023504355695329747,0.0005498747377676916,"two-sided Student t, df=n-1",1e-06,6.3343372019517425e-06,1.282453335915494e-05,7.404247787139441e-06,-2.5523569750730393e-05,3.819224415463388e-05,True,D:\PhD-Project\GP_RKHS_MINT\GP_RKHS_MINT\Tully_models\GP_MInt_QCLE_Reviewer_Ready_Pipeline_v4\output\fixed_pipeline\final_reviewer_closure\manufactured\manufactured_complete.csv
0.01,300,on_support,gradient_linf,3,"[123,124,125]",0.0020124535792662335,0.0018122868068634129,0.0010463242757913988,-0.0024895164221149673,0.006514423580647435,"two-sided Student t, df=n-1",1e-06,-5.543872844597451e-05,5.687375477280711e-05,3.283607762790495e-05,-0.00019672096748419416,8.584351059224513e-05,True,D:\PhD-Project\GP_RKHS_MINT\GP_RKHS_MINT\Tully_models\GP_MInt_QCLE_Reviewer_Ready_Pipeline_v4\output\fixed_pipeline\final_reviewer_closure\manufactured\manufactured_complete.csv
0.01,300,on_support,Q_relative_l1,3,"[123,124,125]",0.0182370615218423,0.017775380585375547,0.01026262076591462,-0.025919431730456546,0.062393554774141144,"two-sided Student t, df=n-1",1e-06,0.001212989434410713,0.002318463680865925,0.0013385656302543126,-0.004546393628480442,0.006972372497301867,True,D:\PhD-Project\GP_RKHS_MINT\GP_RKHS_MINT\Tully_models\GP_MInt_QCLE_Reviewer_Ready_Pipeline_v4\output\fixed_pipeline\final_reviewer_closure\manufactured\manufactured_complete.csv
0.01,300,on_support,Q_relative_l2,3,"[123,124,125]",0.02251121517201517,0.02514091752020201,0.014515115497962808,-0.039942286147149286,0.08496471649117962,"two-sided Student t, df=n-1",1e-06,0.003659679039172508,0.006731162405568277,0.0038862384268139338,-0.013061455336208505,0.02038081341455352,True,D:\PhD-Project\GP_RKHS_MINT\GP_RKHS_MINT\Tully_models\GP_MInt_QCLE_Reviewer_Ready_Pipeline_v4\output\fixed_pipeline\final_reviewer_closure\manufactured\manufactured_complete.csv
0.01,300,on_support,Q_relative_linf,3,"[123,124,125]",0.030376907990046078,0.03683138694868608,0.021264611169451178,-0.0611173293041201,0.12187114528421227,"two-sided Student t, df=n-1",1e-06,-2.3487163490075343e-05,0.00048624102820329625,0.0002807313885242135,-0.0012313768386351708,0.00118440251165502,True,D:\PhD-Project\GP_RKHS_MINT\GP_RKHS_MINT\Tully_models\GP_MInt_QCLE_Reviewer_Ready_Pipeline_v4\output\fixed_pipeline\final_reviewer_closure\manufactured\manufactured_complete.csv
0.01,300,on_support,Q_mae,3,"[123,124,125]",1.922077079135919e-06,2.0208479905672033e-06,1.1667371313452893e-06,-3.097987623884736e-06,6.942141782156574e-06,"two-sided Student t, df=n-1",1e-06,1.3569234428394805e-07,2.5397734408463236e-07,1.4663388797532871e-07,-4.952223540790584e-07,7.666070426469544e-07,True,D:\PhD-Project\GP_RKHS_MINT\GP_RKHS_MINT\Tully_models\GP_MInt_QCLE_Reviewer_Ready_Pipeline_v4\output\fixed_pipeline\final_reviewer_closure\manufactured\manufactured_complete.csv
0.01,300,on_support,Q_rmse,3,"[123,124,125]",4.259772049516847e-06,5.0024509662971885e-06,2.8881664119995857e-06,-8.167005046889882e-06,1.6686549145923574e-05,"two-sided Student t, df=n-1",1e-06,7.19818215793124e-07,1.3060871682245543e-06,7.540697781595624e-07,-2.5246821735864816e-06,3.9643186051727294e-06,True,D:\PhD-Project\GP_RKHS_MINT\GP_RKHS_MINT\Tully_models\GP_MInt_QCLE_Reviewer_Ready_Pipeline_v4\output\fixed_pipeline\final_reviewer_closure\manufactured\manufactured_complete.csv
0.01,300,on_support,Q_linf,3,"[123,124,125]",3.033869708571308e-05,3.577890491812053e-05,2.0656960385786912e-05,-5.854102990541805e-05,0.00011921842407684421,"two-sided Student t, df=n-1",1e-06,9.621693766089881e-09,4.2724992784932133e-07,2.466728608550539e-07,-1.0517259643338644e-06,1.0709693518660443e-06,True,D:\PhD-Project\GP_RKHS_MINT\GP_RKHS_MINT\Tully_models\GP_MInt_QCLE_Reviewer_Ready_Pipeline_v4\output\fixed_pipeline\final_reviewer_closure\manufactured\manufactured_complete.csv
0.01,600,off_support,density_relative_l1,3,"[123,124,125]",0.007338591447501916,0.0055757542696422795,0.0032191632285131755,-0.006512350004997744,0.021189532900001577,"two-sided Student t, df=n-1",1e-06,-0.0001576491805925389,0.00017919516759800207,0.00010345837825018661,-0.0006027946541806402,0.0002874962929955625,True,D:\PhD-Project\GP_RKHS_MINT\GP_RKHS_MINT\Tully_models\GP_MInt_QCLE_Reviewer_Ready_Pipeline_v4\output\fixed_pipeline\final_reviewer_closure\manufactured\manufactured_complete.csv
0.01,600,off_support,density_relative_l2,3,"[123,124,125]",0.00928079785534599,0.005467355938048719,0.003156579422587927,-0.004300867213754625,0.022862462924446606,"two-sided Student t, df=n-1",1e-06,-0.00018318933619041085,0.0002872243058635415,0.00016582903030811912,-0.0008966940661085038,0.0005303153937276821,True,D:\PhD-Project\GP_RKHS_MINT\GP_RKHS_MINT\Tully_models\GP_MInt_QCLE_Reviewer_Ready_Pipeline_v4\output\fixed_pipeline\final_reviewer_closure\manufactured\manufactured_complete.csv
0.01,600,off_support,density_relative_linf,3,"[123,124,125]",0.015086857282642358,0.004863784830517043,0.002808107481179433,0.003004545963465513,0.027169168601819203,"two-sided Student t, df=n-1",1e-06,-0.0002811237216980532,0.0007337402195656635,0.00042362511328149097,-0.0021038354717264974,0.0015415880283303912,True,D:\PhD-Project\GP_RKHS_MINT\GP_RKHS_MINT\Tully_models\GP_MInt_QCLE_Reviewer_Ready_Pipeline_v4\output\fixed_pipeline\final_reviewer_closure\manufactured\manufactured_complete.csv
0.01,600,off_support,density_mae,3,"[123,124,125]",6.783958406642977e-05,4.9676916134720484e-05,2.8680980902891335e-05,-5.5564716705758555e-05,0.00019124388483861808,"two-sided Student t, df=n-1",1e-06,-1.466937584563712e-06,1.6911325876737454e-06,9.763758547287854e-07,-5.667943821121924e-06,2.7340686519945002e-06,True,D:\PhD-Project\GP_RKHS_MINT\GP_RKHS_MINT\Tully_models\GP_MInt_QCLE_Reviewer_Ready_Pipeline_v4\output\fixed_pipeline\final_reviewer_closure\manufactured\manufactured_complete.csv
0.01,600,off_support,density_rmse,3,"[123,124,125]",0.00013226992970216588,7.53128884644704e-05,4.348191642841025e-05,-5.481765671095298e-05,0.00031935751611528477,"two-sided Student t, df=n-1",1e-06,-2.6392701673448938e-06,4.176531964432031e-06,2.41132185394391e-06,-1.3014350724392619e-05,7.73581038970283e-06,True,D:\PhD-Project\GP_RKHS_MINT\GP_RKHS_MINT\Tully_models\GP_MInt_QCLE_Reviewer_Ready_Pipeline_v4\output\fixed_pipeline\final_reviewer_closure\manufactured\manufactured_complete.csv
0.01,600,off_support,density_linf,3,"[123,124,125]",0.0011514639589472956,0.0002943744777331133,0.00016995718396176847,0.0004201972174427232,0.001882730700451868,"two-sided Student t, df=n-1",1e-06,-2.4368486361059084e-05,5.584275634530701e-05,3.2240830408253685e-05,-0.00016308958332480217,0.00011435261060268401,True,D:\PhD-Project\GP_RKHS_MINT\GP_RKHS_MINT\Tully_models\GP_MInt_QCLE_Reviewer_Ready_Pipeline_v4\output\fixed_pipeline\final_reviewer_closure\manufactured\manufactured_complete.csv
0.01,600,off_support,gradient_relative_l1,3,"[123,124,125]",0.01117401580362958,0.007239591140422444,0.004179779893745728,-0.006810125565724528,0.029158157172983687,"two-sided Student t, df=n-1",1e-06,-0.0003087546931657102,0.0003606629560452784,0.00020822885475946766,-0.0012046911434980352,0.0005871817571666148,True,D:\PhD-Project\GP_RKHS_MINT\GP_RKHS_MINT\Tully_models\GP_MInt_QCLE_Reviewer_Ready_Pipeline_v4\output\fixed_pipeline\final_reviewer_closure\manufactured\manufactured_complete.csv
0.01,600,off_support,gradient_relative_l2,3,"[123,124,125]",0.012066923548263381,0.0052724950216203065,0.0030440764200334457,-0.001030680169797184,0.025164527266323948,"two-sided Student t, df=n-1",1e-06,-0.00047028470295060074,0.0005884976915119687,0.0003397693006119085,-0.0019321940116953779,0.0009916246057941763,True,D:\PhD-Project\GP_RKHS_MINT\GP_RKHS_MINT\Tully_models\GP_MInt_QCLE_Reviewer_Ready_Pipeline_v4\output\fixed_pipeline\final_reviewer_closure\manufactured\manufactured_complete.csv
0.01,600,off_support,gradient_relative_linf,3,"[123,124,125]",0.023396387265646523,0.013271064368127144,0.007662052585371058,-0.009570764205875638,0.056363538737168685,"two-sided Student t, df=n-1",1e-06,-0.004530205612649645,0.004474995649970621,0.0025836399431329424,-0.015646711066522587,0.0065862998412232945,True,D:\PhD-Project\GP_RKHS_MINT\GP_RKHS_MINT\Tully_models\GP_MInt_QCLE_Reviewer_Ready_Pipeline_v4\output\fixed_pipeline\final_reviewer_closure\manufactured\manufactured_complete.csv
0.01,600,off_support,gradient_mae,3,"[123,124,125]",0.00011819249748666183,7.699152647076948e-05,4.445107853321896e-05,-7.306505690223032e-05,0.000309450051875554,"two-sided Student t, df=n-1",1e-06,-3.2386885872322605e-06,3.782796360350744e-06,2.183998496938039e-06,-1.2635675681734984e-05,6.1582985072704624e-06,True,D:\PhD-Project\GP_RKHS_MINT\GP_RKHS_MINT\Tully_models\GP_MInt_QCLE_Reviewer_Ready_Pipeline_v4\output\fixed_pipeline\final_reviewer_closure\manufactured\manufactured_complete.csv
0.01,600,off_support,gradient_rmse,3,"[123,124,125]",0.00024249857929293074,0.00010741157160013133,6.201409977741659e-05,-2.432655639401964e-05,0.0005093237149798812,"two-sided Student t, df=n-1",1e-06,-9.275875817157201e-06,1.1572779427035287e-05,6.681547317470987e-06,-3.802425362126768e-05,1.9472501986953273e-05,True,D:\PhD-Project\GP_RKHS_MINT\GP_RKHS_MINT\Tully_models\GP_MInt_QCLE_Reviewer_Ready_Pipeline_v4\output\fixed_pipeline\final_reviewer_closure\manufactured\manufactured_complete.csv
0.01,600,off_support,gradient_linf,3,"[123,124,125]",0.003922609131264941,0.00226105614006655,0.0013054213711202788,-0.001694165694589407,0.009539383957119289,"two-sided Student t, df=n-1",1e-06,-0.0007457447908104394,0.0007343390132125529,0.0004239708269547116,-0.00256994402671866,0.001078454445097781,True,D:\PhD-Project\GP_RKHS_MINT\GP_RKHS_MINT\Tully_models\GP_MInt_QCLE_Reviewer_Ready_Pipeline_v4\output\fixed_pipeline\final_reviewer_closure\manufactured\manufactured_complete.csv
0.01,600,off_support,Q_relative_l1,3,"[123,124,125]",0.028514895843158593,0.012864389401468347,0.007427258683897919,-0.0034420190072741615,0.06047181069359135,"two-sided Student t, df=n-1",1e-06,-0.0005726536284437513,0.0008471489475283116,0.0004891016728991789,-0.0026770882764423527,0.0015317810195548502,True,D:\PhD-Project\GP_RKHS_MINT\GP_RKHS_MINT\Tully_models\GP_MInt_QCLE_Reviewer_Ready_Pipeline_v4\output\fixed_pipeline\final_reviewer_closure\manufactured\manufactured_complete.csv
0.01,600,off_support,Q_relative_l2,3,"[123,124,125]",0.030152271034640427,0.013712492004751007,0.007916910950203585,-0.003911447476014306,0.06421598954529516,"two-sided Student t, df=n-1",1e-06,-0.0005808985424284978,0.0005461076900706186,0.0003152954218687964,-0.0019375052499929712,0.0007757081651359756,True,D:\PhD-Project\GP_RKHS_MINT\GP_RKHS_MINT\Tully_models\GP_MInt_QCLE_Reviewer_Ready_Pipeline_v4\output\fixed_pipeline\final_reviewer_closure\manufactured\manufactured_complete.csv
0.01,600,off_support,Q_relative_linf,3,"[123,124,125]",0.039884990613557075,0.004907798684054837,0.002833518891367551,0.027693342820968896,0.05207663840614525,"two-sided Student t, df=n-1",1e-06,-0.0005917197172635632,0.0011455593920282761,0.0006613890233602293,-0.0034374470040155194,0.002254007569488393,True,D:\PhD-Project\GP_RKHS_MINT\GP_RKHS_MINT\Tully_models\GP_MInt_QCLE_Reviewer_Ready_Pipeline_v4\output\fixed_pipeline\final_reviewer_closure\manufactured\manufactured_complete.csv
0.01,600,off_support,Q_mae,3,"[123,124,125]",2.5653627360397555e-06,1.1432473673592471e-06,6.600541752951923e-07,-2.746211630414395e-07,5.40534663512095e-06,"two-sided Student t, df=n-1",1e-06,-4.996556334246015e-08,7.602218971819892e-08,4.389143169818695e-08,-2.38815151748936e-07,1.388840250640157e-07,True,D:\PhD-Project\GP_RKHS_MINT\GP_RKHS_MINT\Tully_models\GP_MInt_QCLE_Reviewer_Ready_Pipeline_v4\output\fixed_pipeline\final_reviewer_closure\manufactured\manufactured_complete.csv
0.01,600,off_support,Q_rmse,3,"[123,124,125]",5.085718581510209e-06,2.3903585902334926e-06,1.3800741755310413e-06,-8.522613370215783e-07,1.1023698500041996e-05,"two-sided Student t, df=n-1",1e-06,-9.601083223634752e-08,8.905796016174171e-08,5.1417637272860544e-08,-3.17243069602947e-07,1.2522140513025198e-07,True,D:\PhD-Project\GP_RKHS_MINT\GP_RKHS_MINT\Tully_models\GP_MInt_QCLE_Reviewer_Ready_Pipeline_v4\output\fixed_pipeline\final_reviewer_closure\manufactured\manufactured_complete.csv
0.01,600,off_support,Q_linf,3,"[123,124,125]",4.272356741467172e-05,8.122519403208514e-06,4.6895387639403945e-06,2.254611065098771e-05,6.290102417835573e-05,"two-sided Student t, df=n-1",1e-06,-6.555625763181175e-07,1.250970961200105e-06,7.222484211972856e-07,-3.763146717301347e-06,2.452021564665112e-06,True,D:\PhD-Project\GP_RKHS_MINT\GP_RKHS_MINT\Tully_models\GP_MInt_QCLE_Reviewer_Ready_Pipeline_v4\output\fixed_pipeline\final_reviewer_closure\manufactured\manufactured_complete.csv
0.01,600,on_support,density_relative_l1,3,"[123,124,125]",0.005214507419766016,0.005941862401788646,0.003430535857160391,-0.009545897050365633,0.019974911889897667,"two-sided Student t, df=n-1",1e-06,-1.4745082499512854e-05,2.1012760790138883e-05,1.2131723098603899e-05,-6.694367400563865e-05,3.745350900661295e-05,True,D:\PhD-Project\GP_RKHS_MINT\GP_RKHS_MINT\Tully_models\GP_MInt_QCLE_Reviewer_Ready_Pipeline_v4\output\fixed_pipeline\final_reviewer_closure\manufactured\manufactured_complete.csv
0.01,600,on_support,density_relative_l2,3,"[123,124,125]",0.006167120304120594,0.0066505509557972815,0.0038396973845888837,-0.010353764128887902,0.02268800473712909,"two-sided Student t, df=n-1",1e-06,-2.59361689349377e-05,5.9038354664636634e-05,3.408580995814056e-05,-0.00017259557219523512,0.00012072323432535971,True,D:\PhD-Project\GP_RKHS_MINT\GP_RKHS_MINT\Tully_models\GP_MInt_QCLE_Reviewer_Ready_Pipeline_v4\output\fixed_pipeline\final_reviewer_closure\manufactured\manufactured_complete.csv
0.01,600,on_support,density_relative_linf,3,"[123,124,125]",0.007442481129727808,0.006662309858963921,0.0038464863904975177,-0.009107614038085396,0.023992576297541014,"two-sided Student t, df=n-1",1e-06,-3.4892303319817096e-05,0.00032518717193868524,0.00018774690125581306,-0.0008427020205001331,0.000772917413860499,True,D:\PhD-Project\GP_RKHS_MINT\GP_RKHS_MINT\Tully_models\GP_MInt_QCLE_Reviewer_Ready_Pipeline_v4\output\fixed_pipeline\final_reviewer_closure\manufactured\manufactured_complete.csv
0.01,600,on_support,density_mae,3,"[123,124,125]",4.844581261976725e-05,5.386718475411695e-05,3.1100233618276725e-05,-8.536769245209882e-05,0.00018225931769163333,"two-sided Student t, df=n-1",1e-06,-1.3711698242764998e-07,1.9810921453940196e-07,1.1437840834326905e-07,-6.292475533041166e-07,3.5501358844881655e-07,True,D:\PhD-Project\GP_RKHS_MINT\GP_RKHS_MINT\Tully_models\GP_MInt_QCLE_Reviewer_Ready_Pipeline_v4\output\fixed_pipeline\final_reviewer_closure\manufactured\manufactured_complete.csv
0.01,600,on_support,density_rmse,3,"[123,124,125]",8.876210453144702e-05,9.36215716142594e-05,5.405243957344849e-05,-0.0001438067721459869,0.00032133098120888095,"two-sided Student t, df=n-1",1e-06,-3.6624844079636084e-07,8.507480482437274e-07,4.911796146660648e-07,-2.4796237506104036e-06,1.747126869017682e-06,True,D:\PhD-Project\GP_RKHS_MINT\GP_RKHS_MINT\Tully_models\GP_MInt_QCLE_Reviewer_Ready_Pipeline_v4\output\fixed_pipeline\final_reviewer_closure\manufactured\manufactured_complete.csv
0.01,600,on_support,density_linf,3,"[123,124,125]",0.0005743276750503623,0.0004991450571361057,0.0002881815331022018,-0.0006656173849998452,0.0018142727351005698,"two-sided Student t, df=n-1",1e-06,-2.023438607171718e-06,2.533834182693981e-05,1.4629098474602455e-05,-6.496736909191364e-05,6.09204918775702e-05,True,D:\PhD-Project\GP_RKHS_MINT\GP_RKHS_MINT\Tully_models\GP_MInt_QCLE_Reviewer_Ready_Pipeline_v4\output\fixed_pipeline\final_reviewer_closure\manufactured\manufactured_complete.csv
0.01,600,on_support,gradient_relative_l1,3,"[123,124,125]",0.0102754799282041,0.007677626590972659,0.004432679779035493,-0.008796801822931856,0.029347761679340056,"two-sided Student t, df=n-1",1e-06,-0.0001724396667160609,0.0002257801086220753,0.00013035420649061812,-0.0007333085491002935,0.0003884292156681717,True,D:\PhD-Project\GP_RKHS_MINT\GP_RKHS_MINT\Tully_models\GP_MInt_QCLE_Reviewer_Ready_Pipeline_v4\output\fixed_pipeline\final_reviewer_closure\manufactured\manufactured_complete.csv
0.01,600,on_support,gradient_relative_l2,3,"[123,124,125]",0.011471150810449776,0.006084155955430347,0.0035126890786593757,-0.0036427304424178127,0.026585032063317367,"two-sided Student t, df=n-1",1e-06,-0.00018753474309477833,0.0003018823756589038,0.00017429187085027183,-0.0009374521369725479,0.0005623826507829911,True,D:\PhD-Project\GP_RKHS_MINT\GP_RKHS_MINT\Tully_models\GP_MInt_QCLE_Reviewer_Ready_Pipeline_v4\output\fixed_pipeline\final_reviewer_closure\manufactured\manufactured_complete.csv
0.01,600,on_support,gradient_relative_linf,3,"[123,124,125]",0.019938129820897012,0.005864109223718069,0.003385645038870995,0.005370874952616525,0.0345053846891775,"two-sided Student t, df=n-1",1e-06,7.561371454054752e-05,0.0004641308815458078,0.00026796608939969047,-0.001077351311481031,0.001228578740562126,True,D:\PhD-Project\GP_RKHS_MINT\GP_RKHS_MINT\Tully_models\GP_MInt_QCLE_Reviewer_Ready_Pipeline_v4\output\fixed_pipeline\final_reviewer_closure\manufactured\manufactured_complete.csv
0.01,600,on_support,gradient_mae,3,"[123,124,125]",0.00010642987623825704,7.896550676397186e-05,4.559075658687437e-05,-8.973131703917035e-05,0.0003025910695156844,"two-sided Student t, df=n-1",1e-06,-1.846010107927229e-06,2.3882252663817207e-06,1.3788425004309522e-06,-7.778690556227519e-06,4.086670340373061e-06,True,D:\PhD-Project\GP_RKHS_MINT\GP_RKHS_MINT\Tully_models\GP_MInt_QCLE_Reviewer_Ready_Pipeline_v4\output\fixed_pipeline\final_reviewer_closure\manufactured\manufactured_complete.csv
0.01,600,on_support,gradient_rmse,3,"[123,124,125]",0.0002237111411256547,0.00011512505994683356,6.646748435077616e-05,-6.227536185224796e-05,0.0005096976441035573,"two-sided Student t, df=n-1",1e-06,-3.876724160553776e-06,6.11305882707416e-06,3.5293761593832846e-06,-1.906240412684875e-05,1.1308955805741199e-05,True,D:\PhD-Project\GP_RKHS_MINT\GP_RKHS_MINT\Tully_models\GP_MInt_QCLE_Reviewer_Ready_Pipeline_v4\output\fixed_pipeline\final_reviewer_closure\manufactured\manufactured_complete.csv
0.01,600,on_support,gradient_linf,3,"[123,124,125]",0.0034296561853333907,0.0012707886181965169,0.0007336901507988716,0.0002728422552474518,0.006586470115419329,"two-sided Student t, df=n-1",1e-06,1.1581719417215128e-05,7.976507109804276e-05,4.6052385270384625e-05,-0.00018656570177542366,0.00020972914060985392,True,D:\PhD-Project\GP_RKHS_MINT\GP_RKHS_MINT\Tully_models\GP_MInt_QCLE_Reviewer_Ready_Pipeline_v4\output\fixed_pipeline\final_reviewer_closure\manufactured\manufactured_complete.csv
0.01,600,on_support,Q_relative_l1,3,"[123,124,125]",0.02675618752772253,0.012490452109571833,0.007211365887761428,-0.004271815594091819,0.05778419064953688,"two-sided Student t, df=n-1",1e-06,-0.000120319249061758,0.0006170552288864068,0.0003562570025024331,-0.0016531694133522172,0.0014125309152287012,True,D:\PhD-Project\GP_RKHS_MINT\GP_RKHS_MINT\Tully_models\GP_MInt_QCLE_Reviewer_Ready_Pipeline_v4\output\fixed_pipeline\final_reviewer_closure\manufactured\manufactured_complete.csv
0.01,600,on_support,Q_relative_l2,3,"[123,124,125]",0.030443275059131764,0.012582919207719607,0.007264751791768228,-0.0008144290682847409,0.061700979186548266,"two-sided Student t, df=n-1",1e-06,-0.00011869301713966658,0.000524819098605091,0.0003030044478555061,-0.0014224159318152322,0.0011850298975358989,True,D:\PhD-Project\GP_RKHS_MINT\GP_RKHS_MINT\Tully_models\GP_MInt_QCLE_Reviewer_Ready_Pipeline_v4\output\fixed_pipeline\final_reviewer_closure\manufactured\manufactured_complete.csv
0.01,600,on_support,Q_relative_linf,3,"[123,124,125]",0.04560436270261606,0.0302725528362803,0.0174778665290836,-0.029596827428010328,0.12080555283324244,"two-sided Student t, df=n-1",1e-06,5.103942409355235e-05,0.0016862920206570091,0.0009735811520586422,-0.004137942177392279,0.004240021025579383,True,D:\PhD-Project\GP_RKHS_MINT\GP_RKHS_MINT\Tully_models\GP_MInt_QCLE_Reviewer_Ready_Pipeline_v4\output\fixed_pipeline\final_reviewer_closure\manufactured\manufactured_complete.csv
0.01,600,on_support,Q_mae,3,"[123,124,125]",2.5522415532172074e-06,1.1764133074237996e-06,6.792025397193887e-07,-3.7013110832297265e-07,5.474614214757387e-06,"two-sided Student t, df=n-1",1e-06,-1.0987388254718235e-08,5.946258741671868e-08,3.4330740851754184e-08,-1.5870064409300924e-07,1.3672586758357277e-07,True,D:\PhD-Project\GP_RKHS_MINT\GP_RKHS_MINT\Tully_models\GP_MInt_QCLE_Reviewer_Ready_Pipeline_v4\output\fixed_pipeline\final_reviewer_closure\manufactured\manufactured_complete.csv
0.01,600,on_support,Q_rmse,3,"[123,124,125]",5.2140554799150604e-06,2.1009710054999418e-06,1.2129961755849902e-06,-5.04582607667846e-09,1.04331567859068e-05,"two-sided Student t, df=n-1",1e-06,-1.918734215919652e-08,9.288471307669516e-08,5.3627014098431104e-08,-2.499257607552646e-07,2.1155107643687153e-07,True,D:\PhD-Project\GP_RKHS_MINT\GP_RKHS_MINT\Tully_models\GP_MInt_QCLE_Reviewer_Ready_Pipeline_v4\output\fixed_pipeline\final_reviewer_closure\manufactured\manufactured_complete.csv
0.01,600,on_support,Q_linf,3,"[123,124,125]",4.307628743477652e-05,2.138746638003035e-05,1.2348059471794594e-05,-1.005312435799079e-05,9.620569922754383e-05,"two-sided Student t, df=n-1",1e-06,-1.1262409781197403e-07,1.590812370972621e-06,9.184559506112296e-07,-4.064421100815046e-06,3.839172905191097e-06,True,D:\PhD-Project\GP_RKHS_MINT\GP_RKHS_MINT\Tully_models\GP_MInt_QCLE_Reviewer_Ready_Pipeline_v4\output\fixed_pipeline\final_reviewer_closure\manufactured\manufactured_complete.csv
0.01,1200,off_support,density_relative_l1,3,"[123,124,125]",0.007623414224156783,0.0021519841409960096,0.0012424486230958518,0.002277589264486203,0.012969239183827364,"two-sided Student t, df=n-1",1e-06,-3.7807956507757784e-05,3.7708879655228886e-05,2.1771231819785602e-05,-0.0001314820065260058,5.5866093510490235e-05,True,D:\PhD-Project\GP_RKHS_MINT\GP_RKHS_MINT\Tully_models\GP_MInt_QCLE_Reviewer_Ready_Pipeline_v4\output\fixed_pipeline\final_reviewer_closure\manufactured\manufactured_complete.csv
0.01,1200,off_support,density_relative_l2,3,"[123,124,125]",0.00831134222600925,0.0022247279673334847,0.0012844472908136765,0.0027848115840389716,0.01383787286797953,"two-sided Student t, df=n-1",1e-06,-7.524253157119298e-05,0.00011075579552313861,6.394488835959523e-05,-0.00035037518002172045,0.00019989011687933448,True,D:\PhD-Project\GP_RKHS_MINT\GP_RKHS_MINT\Tully_models\GP_MInt_QCLE_Reviewer_Ready_Pipeline_v4\output\fixed_pipeline\final_reviewer_closure\manufactured\manufactured_complete.csv
0.01,1200,off_support,density_relative_linf,3,"[123,124,125]",0.01169093672380253,0.001159246942321655,0.0006692915342066581,0.008811207677185734,0.014570665770419327,"two-sided Student t, df=n-1",1e-06,-0.0005578930236760487,0.00013110118865305342,7.56913065599203e-05,-0.0008835664304603573,-0.00023221961689174014,True,D:\PhD-Project\GP_RKHS_MINT\GP_RKHS_MINT\Tully_models\GP_MInt_QCLE_Reviewer_Ready_Pipeline_v4\output\fixed_pipeline\final_reviewer_closure\manufactured\manufactured_complete.csv
0.01,1200,off_support,density_mae,3,"[123,124,125]",7.40011259175305e-05,2.2043890599012356e-05,1.2727046171326445e-05,1.9241065967503935e-05,0.00012876118586755705,"two-sided Student t, df=n-1",1e-06,-3.601392174944785e-07,3.5394249984630134e-07,2.0434879756391116e-07,-1.2393811291429652e-06,5.19102694154008e-07,True,D:\PhD-Project\GP_RKHS_MINT\GP_RKHS_MINT\Tully_models\GP_MInt_QCLE_Reviewer_Ready_Pipeline_v4\output\fixed_pipeline\final_reviewer_closure\manufactured\manufactured_complete.csv
0.01,1200,off_support,density_rmse,3,"[123,124,125]",0.00012810148076681778,3.908588128013973e-05,2.2566244078602426e-05,3.100676908302965e-05,0.0002251961924506059,"two-sided Student t, df=n-1",1e-06,-1.0972312736649754e-06,1.6174946635673867e-06,9.33860979423414e-07,-5.11531076593784e-06,2.9208482186078887e-06,True,D:\PhD-Project\GP_RKHS_MINT\GP_RKHS_MINT\Tully_models\GP_MInt_QCLE_Reviewer_Ready_Pipeline_v4\output\fixed_pipeline\final_reviewer_closure\manufactured\manufactured_complete.csv
0.01,1200,off_support,density_linf,3,"[123,124,125]",0.0009506413857856055,0.00014213209424215884,8.206000287119567e-05,0.0005975656904329823,0.0013037170811382288,"two-sided Student t, df=n-1",1e-06,-4.56048911683187e-05,1.3566207904909567e-05,7.832453785781968e-06,-7.930521982993236e-05,-1.1904562506705033e-05,True,D:\PhD-Project\GP_RKHS_MINT\GP_RKHS_MINT\Tully_models\GP_MInt_QCLE_Reviewer_Ready_Pipeline_v4\output\fixed_pipeline\final_reviewer_closure\manufactured\manufactured_complete.csv
0.01,1200,off_support,gradient_relative_l1,3,"[123,124,125]",0.01183309705993725,0.002866894386034217,0.001655202245515082,0.004711336600072599,0.0189548575198019,"two-sided Student t, df=n-1",1e-06,-5.489209370939987e-05,6.325246096504218e-05,3.65188253650734e-05,-0.00021201991735172963,0.00010223572993292988,True,D:\PhD-Project\GP_RKHS_MINT\GP_RKHS_MINT\Tully_models\GP_MInt_QCLE_Reviewer_Ready_Pipeline_v4\output\fixed_pipeline\final_reviewer_closure\manufactured\manufactured_complete.csv
0.01,1200,off_support,gradient_relative_l2,3,"[123,124,125]",0.010937269761274555,0.002637127284140702,0.001522546147385941,0.004386282424136092,0.017488257098413017,"two-sided Student t, df=n-1",1e-06,-0.00012617076225789406,0.00019486094168758082,0.00011250301713786876,-0.0006102321760451969,0.0003578906515294088,True,D:\PhD-Project\GP_RKHS_MINT\GP_RKHS_MINT\Tully_models\GP_MInt_QCLE_Reviewer_Ready_Pipeline_v4\output\fixed_pipeline\final_reviewer_closure\manufactured\manufactured_complete.csv
0.01,1200,off_support,gradient_relative_linf,3,"[123,124,125]",0.013765083424058596,0.004017592658917081,0.0023195582031200414,0.003784829989715072,0.02374533685840212,"two-sided Student t, df=n-1",1e-06,-0.0023153112049745287,0.0032835800380806553,0.001895775818891548,-0.010472176207020187,0.005841553797071129,True,D:\PhD-Project\GP_RKHS_MINT\GP_RKHS_MINT\Tully_models\GP_MInt_QCLE_Reviewer_Ready_Pipeline_v4\output\fixed_pipeline\final_reviewer_closure\manufactured\manufactured_complete.csv
0.01,1200,off_support,gradient_mae,3,"[123,124,125]",0.00012470530324986296,2.746300687568854e-05,1.585577441243532e-05,5.6483412192751876e-05,0.00019292719430697404,"two-sided Student t, df=n-1",1e-06,-5.788835201367247e-07,6.751853941764676e-07,3.898184690806872e-07,-2.2561370202127145e-06,1.098369979939265e-06,True,D:\PhD-Project\GP_RKHS_MINT\GP_RKHS_MINT\Tully_models\GP_MInt_QCLE_Reviewer_Ready_Pipeline_v4\output\fixed_pipeline\final_reviewer_closure\manufactured\manufactured_complete.csv
0.01,1200,off_support,gradient_rmse,3,"[123,124,125]",0.00021993850674289624,4.821592002170236e-05,2.7837474403755325e-05,0.00010016352151173191,0.00033971349197406056,"two-sided Student t, df=n-1",1e-06,-2.574796017043646e-06,3.991555625789272e-06,2.3045257150348015e-06,-1.2490369875493088e-05,7.340777841405795e-06,True,D:\PhD-Project\GP_RKHS_MINT\GP_RKHS_MINT\Tully_models\GP_MInt_QCLE_Reviewer_Ready_Pipeline_v4\output\fixed_pipeline\final_reviewer_closure\manufactured\manufactured_complete.csv
0.01,1200,off_support,gradient_linf,3,"[123,124,125]",0.0023760367481509875,0.0006123691015794126,0.0003535514656402832,0.0008548275694257514,0.003897245926876224,"two-sided Student t, df=n-1",1e-06,-0.00039153151856483135,0.0005483960084445098,0.000316616583097954,-0.0017538227240983086,0.0009707596869686459,True,D:\PhD-Project\GP_RKHS_MINT\GP_RKHS_MINT\Tully_models\GP_MInt_QCLE_Reviewer_Ready_Pipeline_v4\output\fixed_pipeline\final_reviewer_closure\manufactured\manufactured_complete.csv
0.01,1200,off_support,Q_relative_l1,3,"[123,124,125]",0.022846894563325743,0.0029966512242636345,0.001730117390996031,0.015402800248261902,0.030290988878389585,"two-sided Student t, df=n-1",1e-06,-0.0003254715286258973,0.00028200657618025765,0.00016281657267091647,-0.0010260146994681863,0.00037507164221639165,True,D:\PhD-Project\GP_RKHS_MINT\GP_RKHS_MINT\Tully_models\GP_MInt_QCLE_Reviewer_Ready_Pipeline_v4\output\fixed_pipeline\final_reviewer_closure\manufactured\manufactured_complete.csv
0.01,1200,off_support,Q_relative_l2,3,"[123,124,125]",0.023316239025487333,0.0022532630952278765,0.001300922054584864,0.017718823196205855,0.02891365485476881,"two-sided Student t, df=n-1",1e-06,-0.00028603054354338814,0.00019425225608729168,0.00011215159234268998,-0.0007685798984764321,0.00019651881138965584,True,D:\PhD-Project\GP_RKHS_MINT\GP_RKHS_MINT\Tully_models\GP_MInt_QCLE_Reviewer_Ready_Pipeline_v4\output\fixed_pipeline\final_reviewer_closure\manufactured\manufactured_complete.csv
0.01,1200,off_support,Q_relative_linf,3,"[123,124,125]",0.026927918708897654,0.0011018572721725789,0.0006361575926973852,0.024190753506161324,0.029665083911633985,"two-sided Student t, df=n-1",1e-06,0.00022878672907357747,0.0013157449678402018,0.0007596457113674361,-0.0030397049645434888,0.0034972784226906437,True,D:\PhD-Project\GP_RKHS_MINT\GP_RKHS_MINT\Tully_models\GP_MInt_QCLE_Reviewer_Ready_Pipeline_v4\output\fixed_pipeline\final_reviewer_closure\manufactured\manufactured_complete.csv
0.01,1200,off_support,Q_mae,3,"[123,124,125]",2.021284983216967e-06,2.68120707236405e-07,1.5479956249825128e-07,1.3552362230780977e-06,2.687333743355836e-06,"two-sided Student t, df=n-1",1e-06,-2.8887384815483682e-08,2.513661290468699e-08,1.4512630227036455e-08,-9.133019287691282e-08,3.355542324594545e-08,True,D:\PhD-Project\GP_RKHS_MINT\GP_RKHS_MINT\Tully_models\GP_MInt_QCLE_Reviewer_Ready_Pipeline_v4\output\fixed_pipeline\final_reviewer_closure\manufactured\manufactured_complete.csv
0.01,1200,off_support,Q_rmse,3,"[123,124,125]",3.6849562008827373e-06,3.761275911067328e-07,2.171573659751177e-07,2.750603467396273e-06,4.619308934369202e-06,"two-sided Student t, df=n-1",1e-06,-4.524274863160247e-08,3.092020473803058e-08,1.7851788528900298e-08,-1.220527952754336e-07,3.156729801222867e-08,True,D:\PhD-Project\GP_RKHS_MINT\GP_RKHS_MINT\Tully_models\GP_MInt_QCLE_Reviewer_Ready_Pipeline_v4\output\fixed_pipeline\final_reviewer_closure\manufactured\manufactured_complete.csv
0.01,1200,off_support,Q_linf,3,"[123,124,125]",2.607587634811103e-05,6.977094113481594e-07,4.0282271645799517e-07,2.434267008755942e-05,2.7809082608662638e-05,"two-sided Student t, df=n-1",1e-06,1.8472586728101028e-07,1.2406867682810181e-06,7.163108396470527e-07,-2.897310922237316e-06,3.266762656799337e-06,True,D:\PhD-Project\GP_RKHS_MINT\GP_RKHS_MINT\Tully_models\GP_MInt_QCLE_Reviewer_Ready_Pipeline_v4\output\fixed_pipeline\final_reviewer_closure\manufactured\manufactured_complete.csv
0.01,1200,on_support,density_relative_l1,3,"[123,124,125]",0.006789385971977718,0.002274364065646979,0.001313104705536495,0.0011395524263242696,0.012439219517631167,"two-sided Student t, df=n-1",1e-06,-3.319578329678309e-06,7.635690183436313e-05,4.408467782855538e-05,-0.0001930006377264871,0.00018636148106713048,True,D:\PhD-Project\GP_RKHS_MINT\GP_RKHS_MINT\Tully_models\GP_MInt_QCLE_Reviewer_Ready_Pipeline_v4\output\fixed_pipeline\final_reviewer_closure\manufactured\manufactured_complete.csv
0.01,1200,on_support,density_relative_l2,3,"[123,124,125]",0.007652150097861005,0.002216767924584571,0.0012798515579898302,0.0021453932982702017,0.013158906897451809,"two-sided Student t, df=n-1",1e-06,1.587820969137348e-05,0.00010144311259023715,5.856820836140694e-05,-0.00023612045188824645,0.0002678768712709934,True,D:\PhD-Project\GP_RKHS_MINT\GP_RKHS_MINT\Tully_models\GP_MInt_QCLE_Reviewer_Ready_Pipeline_v4\output\fixed_pipeline\final_reviewer_closure\manufactured\manufactured_complete.csv
0.01,1200,on_support,density_relative_linf,3,"[123,124,125]",0.009078868969237056,0.0004609546443881046,0.00026613228802168043,0.007933794153720293,0.010223943784753818,"two-sided Student t, df=n-1",1e-06,-1.8224472820616126e-05,0.0004856268731460853,0.0002803768059366086,-0.0012245885022272507,0.0011881395565860185,True,D:\PhD-Project\GP_RKHS_MINT\GP_RKHS_MINT\Tully_models\GP_MInt_QCLE_Reviewer_Ready_Pipeline_v4\output\fixed_pipeline\final_reviewer_closure\manufactured\manufactured_complete.csv
0.01,1200,on_support,density_mae,3,"[123,124,125]",6.18059513304858e-05,1.985211685761797e-05,1.1461625011729642e-05,1.2490559187013687e-05,0.00011112134347395793,"two-sided Student t, df=n-1",1e-06,-3.7630583523663665e-08,7.045993961647134e-07,4.068006510465451e-07,-1.7879525151912485e-06,1.7126913481439212e-06,True,D:\PhD-Project\GP_RKHS_MINT\GP_RKHS_MINT\Tully_models\GP_MInt_QCLE_Reviewer_Ready_Pipeline_v4\output\fixed_pipeline\final_reviewer_closure\manufactured\manufactured_complete.csv
0.01,1200,on_support,density_rmse,3,"[123,124,125]",0.0001085394624417328,3.193049943570999e-05,1.843508244456636e-05,2.9219704639445933e-05,0.00018785922024401966,"two-sided Student t, df=n-1",1e-06,2.522690256281468e-07,1.4333433196408764e-06,8.275411514358118e-07,-3.3083531685330373e-06,3.812891219789331e-06,True,D:\PhD-Project\GP_RKHS_MINT\GP_RKHS_MINT\Tully_models\GP_MInt_QCLE_Reviewer_Ready_Pipeline_v4\output\fixed_pipeline\final_reviewer_closure\manufactured\manufactured_complete.csv
0.01,1200,on_support,density_linf,3,"[123,124,125]",0.000724894934975483,9.813055851514095e-05,5.665570437444495e-05,0.0004811251138959198,0.0009686647560550462,"two-sided Student t, df=n-1",1e-06,-2.707762047169521e-07,3.8660099797449214e-05,2.23204190249551e-05,-9.630778805040172e-05,9.576623564096782e-05,True,D:\PhD-Project\GP_RKHS_MINT\GP_RKHS_MINT\Tully_models\GP_MInt_QCLE_Reviewer_Ready_Pipeline_v4\output\fixed_pipeline\final_reviewer_closure\manufactured\manufactured_complete.csv
0.01,1200,on_support,gradient_relative_l1,3,"[123,124,125]",0.01098918111688505,0.0029507190564767756,0.0017035984415598251,0.003659188632001574,0.018319173601768525,"two-sided Student t, df=n-1",1e-06,-7.184296372373701e-05,5.494237004825693e-05,3.1720992137277174e-05,-0.0002083273771318625,6.464144968438849e-05,True,D:\PhD-Project\GP_RKHS_MINT\GP_RKHS_MINT\Tully_models\GP_MInt_QCLE_Reviewer_Ready_Pipeline_v4\output\fixed_pipeline\final_reviewer_closure\manufactured\manufactured_complete.csv
0.01,1200,on_support,gradient_relative_l2,3,"[123,124,125]",0.010119874699159806,0.0026390010070540633,0.001523627941814357,0.003564232776270948,0.016675516622048664,"two-sided Student t, df=n-1",1e-06,-5.5553732174139454e-05,9.953347476228315e-05,5.7465678447383e-05,-0.0003028085904096127,0.00019170112606133378,True,D:\PhD-Project\GP_RKHS_MINT\GP_RKHS_MINT\Tully_models\GP_MInt_QCLE_Reviewer_Ready_Pipeline_v4\output\fixed_pipeline\final_reviewer_closure\manufactured\manufactured_complete.csv
0.01,1200,on_support,gradient_relative_linf,3,"[123,124,125]",0.011856487195080657,0.00042798086174008685,0.00024709486573364715,0.010793323796537878,0.012919650593623436,"two-sided Student t, df=n-1",1e-06,-0.0004364574635502237,0.00020681931336369934,0.00011940718624414538,-0.0009502251193889314,7.7310192288484e-05,True,D:\PhD-Project\GP_RKHS_MINT\GP_RKHS_MINT\Tully_models\GP_MInt_QCLE_Reviewer_Ready_Pipeline_v4\output\fixed_pipeline\final_reviewer_closure\manufactured\manufactured_complete.csv
0.01,1200,on_support,gradient_mae,3,"[123,124,125]",0.00011454837409121298,2.7290180814428417e-05,1.5755993239443807e-05,4.6755806770446126e-05,0.00018234094141197983,"two-sided Student t, df=n-1",1e-06,-7.483986423068413e-07,5.662095157545622e-07,3.269012163386242e-07,-2.1549410531272117e-06,6.58143768513529e-07,True,D:\PhD-Project\GP_RKHS_MINT\GP_RKHS_MINT\Tully_models\GP_MInt_QCLE_Reviewer_Ready_Pipeline_v4\output\fixed_pipeline\final_reviewer_closure\manufactured\manufactured_complete.csv
0.01,1200,on_support,gradient_rmse,3,"[123,124,125]",0.0002029664779010471,4.640445403551166e-05,2.6791624029000275e-05,8.769142363967633e-05,0.0003182415321624179,"two-sided Student t, df=n-1",1e-06,-1.1184973641492628e-06,2.002925836559814e-06,1.156389770904665e-06,-6.0940409685249165e-06,3.85704624022639e-06,True,D:\PhD-Project\GP_RKHS_MINT\GP_RKHS_MINT\Tully_models\GP_MInt_QCLE_Reviewer_Ready_Pipeline_v4\output\fixed_pipeline\final_reviewer_closure\manufactured\manufactured_complete.csv
0.01,1200,on_support,gradient_linf,3,"[123,124,125]",0.0020263670913083665,0.00011603596774530076,6.699339721342812e-05,0.0017381177679163921,0.002314616414700341,"two-sided Student t, df=n-1",1e-06,-7.493582488381685e-05,3.693970659521078e-05,2.1327149546530742e-05,-0.0001666991430968352,1.6827493329201485e-05,True,D:\PhD-Project\GP_RKHS_MINT\GP_RKHS_MINT\Tully_models\GP_MInt_QCLE_Reviewer_Ready_Pipeline_v4\output\fixed_pipeline\final_reviewer_closure\manufactured\manufactured_complete.csv
0.01,1200,on_support,Q_relative_l1,3,"[123,124,125]",0.02215988467278483,0.003920994980475208,0.0022637875074685327,0.012419593174323323,0.03190017617124634,"two-sided Student t, df=n-1",1e-06,-0.00034911053226336736,0.00023289920971252106,0.00013446442142157515,-0.00092766424213992,0.00022944317761318535,True,D:\PhD-Project\GP_RKHS_MINT\GP_RKHS_MINT\Tully_models\GP_MInt_QCLE_Reviewer_Ready_Pipeline_v4\output\fixed_pipeline\final_reviewer_closure\manufactured\manufactured_complete.csv
0.01,1200,on_support,Q_relative_l2,3,"[123,124,125]",0.021421340078915465,0.003420858606764289,0.0019750336374750104,0.01292345620739191,0.02991922395043902,"two-sided Student t, df=n-1",1e-06,-0.0003428613657292627,0.00040846821050932275,0.00023582923129296222,-0.0013575526514940693,0.0006718299200355439,True,D:\PhD-Project\GP_RKHS_MINT\GP_RKHS_MINT\Tully_models\GP_MInt_QCLE_Reviewer_Ready_Pipeline_v4\output\fixed_pipeline\final_reviewer_closure\manufactured\manufactured_complete.csv
0.01,1200,on_support,Q_relative_linf,3,"[123,124,125]",0.027361705108495313,0.0036244581755351633,0.0020925819033117666,0.018358051870098195,0.03636535834689243,"two-sided Student t, df=n-1",1e-06,-0.0007852389812015199,0.002007478565285715,0.0011590182900601113,-0.005772092190696412,0.004201614228293372,True,D:\PhD-Project\GP_RKHS_MINT\GP_RKHS_MINT\Tully_models\GP_MInt_QCLE_Reviewer_Ready_Pipeline_v4\output\fixed_pipeline\final_reviewer_closure\manufactured\manufactured_complete.csv
0.01,1200,on_support,Q_mae,3,"[123,124,125]",1.916130670168739e-06,3.1325246941496063e-07,1.8085639754104253e-07,1.1379683976057617e-06,2.694292942731716e-06,"two-sided Student t, df=n-1",1e-06,-2.9616946908207317e-08,1.8305720610203093e-08,1.0568812722010836e-08,-7.509087781621455e-08,1.5856983999799917e-08,True,D:\PhD-Project\GP_RKHS_MINT\GP_RKHS_MINT\Tully_models\GP_MInt_QCLE_Reviewer_Ready_Pipeline_v4\output\fixed_pipeline\final_reviewer_closure\manufactured\manufactured_complete.csv
0.01,1200,on_support,Q_rmse,3,"[123,124,125]",3.3058204523606466e-06,5.169446985207941e-07,2.9845816084713044e-07,2.0216586318916504e-06,4.589982272829643e-06,"two-sided Student t, df=n-1",1e-06,-4.999005969543931e-08,5.8809253395425386e-08,3.395353827868976e-08,-1.9608034385308626e-07,9.610022446220763e-08,True,D:\PhD-Project\GP_RKHS_MINT\GP_RKHS_MINT\Tully_models\GP_MInt_QCLE_Reviewer_Ready_Pipeline_v4\output\fixed_pipeline\final_reviewer_closure\manufactured\manufactured_complete.csv
0.01,1200,on_support,Q_linf,3,"[123,124,125]",2.6442568797597115e-05,2.3526353796038212e-06,1.3582946697193036e-06,2.0598298529197634e-05,3.2286839065996596e-05,"two-sided Student t, df=n-1",1e-06,-7.377480250739059e-07,1.9819677569210947e-06,1.1442896179835528e-06,-5.661228873453795e-06,4.185732823305983e-06,True,D:\PhD-Project\GP_RKHS_MINT\GP_RKHS_MINT\Tully_models\GP_MInt_QCLE_Reviewer_Ready_Pipeline_v4\output\fixed_pipeline\final_reviewer_closure\manufactured\manufactured_complete.csv
0.01,2400,off_support,density_relative_l1,3,"[123,124,125]",0.007989253858251895,0.002129257635313281,0.001229327468922189,0.0026998846684033895,0.0132786230481004,"two-sided Student t, df=n-1",1e-06,0.0005200478287785181,0.0011464126149929323,0.0006618816318685523,-0.0023277989813164455,0.0033678946388734816,True,D:\PhD-Project\GP_RKHS_MINT\GP_RKHS_MINT\Tully_models\GP_MInt_QCLE_Reviewer_Ready_Pipeline_v4\output\fixed_pipeline\final_reviewer_closure\manufactured\manufactured_complete.csv
0.01,2400,off_support,density_relative_l2,3,"[123,124,125]",0.008427316112629696,0.001483102414479538,0.0008562695782355452,0.004743085474478764,0.01211154675078063,"two-sided Student t, df=n-1",1e-06,0.0001317910366911299,0.0018818432609615976,0.0010864827132888615,-0.00454296677540886,0.004806548848791121,True,D:\PhD-Project\GP_RKHS_MINT\GP_RKHS_MINT\Tully_models\GP_MInt_QCLE_Reviewer_Ready_Pipeline_v4\output\fixed_pipeline\final_reviewer_closure\manufactured\manufactured_complete.csv
0.01,2400,off_support,density_relative_linf,3,"[123,124,125]",0.013451001913688266,0.006897974235431808,0.003982547281689657,-0.0036845160190176873,0.030586519846394218,"two-sided Student t, df=n-1",1e-06,-0.002395200519691881,0.008777820950439608,0.005067877288634644,-0.024200516569400813,0.019410115530017053,True,D:\PhD-Project\GP_RKHS_MINT\GP_RKHS_MINT\Tully_models\GP_MInt_QCLE_Reviewer_Ready_Pipeline_v4\output\fixed_pipeline\final_reviewer_closure\manufactured\manufactured_complete.csv
0.01,2400,off_support,density_mae,3,"[123,124,125]",7.209299788545032e-05,1.7589650560796023e-05,1.0155389486227037e-05,2.8397883591408068e-05,0.00011578811217949258,"two-sided Student t, df=n-1",1e-06,4.6156247403665e-06,1.0277135026077327e-05,5.933506673803877e-06,-2.0914193946346023e-05,3.0145443427079025e-05,True,D:\PhD-Project\GP_RKHS_MINT\GP_RKHS_MINT\Tully_models\GP_MInt_QCLE_Reviewer_Ready_Pipeline_v4\output\fixed_pipeline\final_reviewer_closure\manufactured\manufactured_complete.csv
0.01,2400,off_support,density_rmse,3,"[123,124,125]",0.00011967774715493472,1.951177473680874e-05,1.1265128396663865e-05,7.120781170865142e-05,0.000168147682601218,"two-sided Student t, df=n-1",1e-06,1.2451987993815804e-06,2.759414358414026e-05,1.5931486226360566e-05,-6.73024539005852e-05,6.979285149934837e-05,True,D:\PhD-Project\GP_RKHS_MINT\GP_RKHS_MINT\Tully_models\GP_MInt_QCLE_Reviewer_Ready_Pipeline_v4\output\fixed_pipeline\final_reviewer_closure\manufactured\manufactured_complete.csv
0.01,2400,off_support,density_linf,3,"[123,124,125]",0.0011433133287989488,0.0007233562573779707,0.0004176299299171716,-0.0006536032291619782,0.0029402298867598755,"two-sided Student t, df=n-1",1e-06,-0.00026102160346354623,0.0007798775355595416,0.0004502625050902433,-0.0021983448000699045,0.001676301593142812,True,D:\PhD-Project\GP_RKHS_MINT\GP_RKHS_MINT\Tully_models\GP_MInt_QCLE_Reviewer_Ready_Pipeline_v4\output\fixed_pipeline\final_reviewer_closure\manufactured\manufactured_complete.csv
0.01,2400,off_support,gradient_relative_l1,3,"[123,124,125]",0.013272463388171202,0.0020516969024694815,0.0011845477589362767,0.008175765739728584,0.018369161036613818,"two-sided Student t, df=n-1",1e-06,0.0006528502239964337,0.0015638044046011271,0.0009028628939563832,-0.003231855271226357,0.0045375557192192245,True,D:\PhD-Project\GP_RKHS_MINT\GP_RKHS_MINT\Tully_models\GP_MInt_QCLE_Reviewer_Ready_Pipeline_v4\output\fixed_pipeline\final_reviewer_closure\manufactured\manufactured_complete.csv
0.01,2400,off_support,gradient_relative_l2,3,"[123,124,125]",0.011992089749048506,0.001369167590248047,0.0007904892767954212,0.008590888904449158,0.015393290593647855,"two-sided Student t, df=n-1",1e-06,0.0006575033606156291,0.0016545576149923562,0.0009552592844055821,-0.0034526456069996314,0.004767652328230889,True,D:\PhD-Project\GP_RKHS_MINT\GP_RKHS_MINT\Tully_models\GP_MInt_QCLE_Reviewer_Ready_Pipeline_v4\output\fixed_pipeline\final_reviewer_closure\manufactured\manufactured_complete.csv
0.01,2400,off_support,gradient_relative_linf,3,"[123,124,125]",0.01399518473570919,0.0004577000045294083,0.0002642532208231468,0.01285819489380348,0.0151321745776149,"two-sided Student t, df=n-1",1e-06,-0.001779951080209929,0.00328670547451473,0.0018975802904580962,-0.009944580096767054,0.006384677936347196,True,D:\PhD-Project\GP_RKHS_MINT\GP_RKHS_MINT\Tully_models\GP_MInt_QCLE_Reviewer_Ready_Pipeline_v4\output\fixed_pipeline\final_reviewer_closure\manufactured\manufactured_complete.csv
0.01,2400,off_support,gradient_mae,3,"[123,124,125]",0.00013420935952248745,2.065397310407197e-05,1.1924576931471243e-05,8.290204603782106e-05,0.00018551667300715385,"two-sided Student t, df=n-1",1e-06,6.622854332888094e-06,1.5840824021001486e-05,9.145704012710699e-06,-3.272793400239455e-05,4.5973642668170744e-05,True,D:\PhD-Project\GP_RKHS_MINT\GP_RKHS_MINT\Tully_models\GP_MInt_QCLE_Reviewer_Ready_Pipeline_v4\output\fixed_pipeline\final_reviewer_closure\manufactured\manufactured_complete.csv
0.01,2400,off_support,gradient_rmse,3,"[123,124,125]",0.00023009976917904304,2.7692894784309447e-05,1.5988500258361042e-05,0.00016130680489865844,0.00029889273345942767,"two-sided Student t, df=n-1",1e-06,1.2818551131394624e-05,3.2063830254350155e-05,1.851206102859953e-05,-6.683241878561071e-05,9.246952104839997e-05,True,D:\PhD-Project\GP_RKHS_MINT\GP_RKHS_MINT\Tully_models\GP_MInt_QCLE_Reviewer_Ready_Pipeline_v4\output\fixed_pipeline\final_reviewer_closure\manufactured\manufactured_complete.csv
0.01,2400,off_support,gradient_linf,3,"[123,124,125]",0.0024136740714368415,0.0002752412691683737,0.0001589106208464548,0.0017299368548741342,0.0030974112879995487,"two-sided Student t, df=n-1",1e-06,-0.00031292043600463095,0.0005964044596091388,0.0003443342753012296,-0.0017944712455574092,0.0011686303735481472,True,D:\PhD-Project\GP_RKHS_MINT\GP_RKHS_MINT\Tully_models\GP_MInt_QCLE_Reviewer_Ready_Pipeline_v4\output\fixed_pipeline\final_reviewer_closure\manufactured\manufactured_complete.csv
0.01,2400,off_support,Q_relative_l1,3,"[123,124,125]",0.023113046454819246,0.0014022501205695973,0.0008095894845820422,0.01962966404904903,0.026596428860589463,"two-sided Student t, df=n-1",1e-06,-0.0002559416890606757,0.0010393603215406212,0.0006000749614264937,-0.0028378558598646858,0.0023259724817433344,True,D:\PhD-Project\GP_RKHS_MINT\GP_RKHS_MINT\Tully_models\GP_MInt_QCLE_Reviewer_Ready_Pipeline_v4\output\fixed_pipeline\final_reviewer_closure\manufactured\manufactured_complete.csv
0.01,2400,off_support,Q_relative_l2,3,"[123,124,125]",0.021515781200727307,0.0024697143897369563,0.001425890267736124,0.01538067054800531,0.027650891853449305,"two-sided Student t, df=n-1",1e-06,0.0002568414197574806,0.0014414471571937365,0.0008322199042284246,-0.0033239118228784123,0.003837594662393374,True,D:\PhD-Project\GP_RKHS_MINT\GP_RKHS_MINT\Tully_models\GP_MInt_QCLE_Reviewer_Ready_Pipeline_v4\output\fixed_pipeline\final_reviewer_closure\manufactured\manufactured_complete.csv
0.01,2400,off_support,Q_relative_linf,3,"[123,124,125]",0.028625130997907543,0.0024438913500598,0.0014109813288272234,0.0225541683318788,0.034696093663936285,"two-sided Student t, df=n-1",1e-06,0.0015799810061633915,0.001772576981984494,0.0010233977977080822,-0.0028233443217103088,0.005983306334037091,True,D:\PhD-Project\GP_RKHS_MINT\GP_RKHS_MINT\Tully_models\GP_MInt_QCLE_Reviewer_Ready_Pipeline_v4\output\fixed_pipeline\final_reviewer_closure\manufactured\manufactured_complete.csv
0.01,2400,off_support,Q_mae,3,"[123,124,125]",2.048870885820524e-06,4.257417397484223e-08,2.4580210804901125e-08,1.9431107747043096e-06,2.1546309969367383e-06,"two-sided Student t, df=n-1",1e-06,-2.1085533072630992e-08,9.081563570623493e-08,5.243243172162173e-08,-2.466840785442733e-07,2.0451301239901132e-07,True,D:\PhD-Project\GP_RKHS_MINT\GP_RKHS_MINT\Tully_models\GP_MInt_QCLE_Reviewer_Ready_Pipeline_v4\output\fixed_pipeline\final_reviewer_closure\manufactured\manufactured_complete.csv
0.01,2400,off_support,Q_rmse,3,"[123,124,125]",3.515265981025288e-06,3.058934052133886e-07,1.7660763984328118e-07,2.755384637368401e-06,4.275147324682175e-06,"two-sided Student t, df=n-1",1e-06,4.7760110010136014e-08,2.398914919797644e-07,1.3850141747081795e-07,-5.481633919374637e-07,6.436836119577358e-07,True,D:\PhD-Project\GP_RKHS_MINT\GP_RKHS_MINT\Tully_models\GP_MInt_QCLE_Reviewer_Ready_Pipeline_v4\output\fixed_pipeline\final_reviewer_closure\manufactured\manufactured_complete.csv
0.01,2400,off_support,Q_linf,3,"[123,124,125]",3.187076752230007e-05,2.5203110287695587e-06,1.4551022509016875e-06,2.5609967850470922e-05,3.8131567194129214e-05,"two-sided Student t, df=n-1",1e-06,1.8910748171153703e-06,2.0884770148092246e-06,1.205782766696452e-06,-3.2969896954316856e-06,7.079139329662426e-06,True,D:\PhD-Project\GP_RKHS_MINT\GP_RKHS_MINT\Tully_models\GP_MInt_QCLE_Reviewer_Ready_Pipeline_v4\output\fixed_pipeline\final_reviewer_closure\manufactured\manufactured_complete.csv
0.01,2400,on_support,density_relative_l1,3,"[123,124,125]",0.007147485275144156,0.0025117484579838287,0.001450158648353591,0.0009079562083131095,0.013387014341975203,"two-sided Student t, df=n-1",1e-06,0.0006549951798923698,0.0011993167157428107,0.0006924258286777297,-0.002324272701979977,0.0036342630617647166,True,D:\PhD-Project\GP_RKHS_MINT\GP_RKHS_MINT\Tully_models\GP_MInt_QCLE_Reviewer_Ready_Pipeline_v4\output\fixed_pipeline\final_reviewer_closure\manufactured\manufactured_complete.csv
0.01,2400,on_support,density_relative_l2,3,"[123,124,125]",0.0075521794835685455,0.002199830888086734,0.0012700729554085295,0.0020874966150667895,0.0130168623520703,"two-sided Student t, df=n-1",1e-06,0.0007137258818974163,0.0013122206994648055,0.0007576109740722045,-0.0025460110437421075,0.003973462807536941,True,D:\PhD-Project\GP_RKHS_MINT\GP_RKHS_MINT\Tully_models\GP_MInt_QCLE_Reviewer_Ready_Pipeline_v4\output\fixed_pipeline\final_reviewer_closure\manufactured\manufactured_complete.csv
0.01,2400,on_support,density_relative_linf,3,"[123,124,125]",0.009780301249101423,0.00029431053779792023,0.00016992026822297278,0.009049193343201149,0.010511409155001698,"two-sided Student t, df=n-1",1e-06,0.0010191192121710932,0.0011311608671314582,0.000653076031135118,-0.0017908401558915448,0.0038290785802337314,True,D:\PhD-Project\GP_RKHS_MINT\GP_RKHS_MINT\Tully_models\GP_MInt_QCLE_Reviewer_Ready_Pipeline_v4\output\fixed_pipeline\final_reviewer_closure\manufactured\manufactured_complete.csv
0.01,2400,on_support,density_mae,3,"[123,124,125]",6.763506929905931e-05,2.448391114499209e-05,1.4135792690376061e-05,6.813662293393986e-06,0.00012845647630472466,"two-sided Student t, df=n-1",1e-06,6.245516313726969e-06,1.1428462547844895e-05,6.598225928421807e-06,-2.2144358488348978e-05,3.4635391115802915e-05,True,D:\PhD-Project\GP_RKHS_MINT\GP_RKHS_MINT\Tully_models\GP_MInt_QCLE_Reviewer_Ready_Pipeline_v4\output\fixed_pipeline\final_reviewer_closure\manufactured\manufactured_complete.csv
0.01,2400,on_support,density_rmse,3,"[123,124,125]",0.00011140968504847501,3.387989565642548e-05,1.9560566877353685e-05,2.7247358579225237e-05,0.0001955720115177248,"two-sided Student t, df=n-1",1e-06,1.0639726026905673e-05,1.9542017000008806e-05,1.1282588775463327e-05,-3.790533536588066e-05,5.9184787419692005e-05,True,D:\PhD-Project\GP_RKHS_MINT\GP_RKHS_MINT\Tully_models\GP_MInt_QCLE_Reviewer_Ready_Pipeline_v4\output\fixed_pipeline\final_reviewer_closure\manufactured\manufactured_complete.csv
0.01,2400,on_support,density_linf,3,"[123,124,125]",0.0008465402752975672,2.254784392873827e-05,1.301800376190271e-05,0.0007905283258762218,0.0009025522247189126,"two-sided Student t, df=n-1",1e-06,8.951595421184504e-05,9.962292313732369e-05,5.7517321490791235e-05,-0.00015796110610531846,0.00033699301452900853,True,D:\PhD-Project\GP_RKHS_MINT\GP_RKHS_MINT\Tully_models\GP_MInt_QCLE_Reviewer_Ready_Pipeline_v4\output\fixed_pipeline\final_reviewer_closure\manufactured\manufactured_complete.csv
0.01,2400,on_support,gradient_relative_l1,3,"[123,124,125]",0.012442972481791758,0.0023406020088663406,0.0013513471998847606,0.006628594763440355,0.01825735020014316,"two-sided Student t, df=n-1",1e-06,0.0006829490735639968,0.001424163352150067,0.0008222410947338409,-0.002854868817160908,0.004220766964288901,True,D:\PhD-Project\GP_RKHS_MINT\GP_RKHS_MINT\Tully_models\GP_MInt_QCLE_Reviewer_Ready_Pipeline_v4\output\fixed_pipeline\final_reviewer_closure\manufactured\manufactured_complete.csv
0.01,2400,on_support,gradient_relative_l2,3,"[123,124,125]",0.011259525935370385,0.0016923478049780116,0.0009770774607665274,0.007055500931678711,0.015463550939062059,"two-sided Student t, df=n-1",1e-06,0.0007156982013412713,0.0014382630909117204,0.000830381582703385,-0.002857145382166851,0.004288541784849394,True,D:\PhD-Project\GP_RKHS_MINT\GP_RKHS_MINT\Tully_models\GP_MInt_QCLE_Reviewer_Ready_Pipeline_v4\output\fixed_pipeline\final_reviewer_closure\manufactured\manufactured_complete.csv
0.01,2400,on_support,gradient_relative_linf,3,"[123,124,125]",0.01469476693665777,0.0038270057032531698,0.002209522772963451,0.00518795774624079,0.02420157612707475,"two-sided Student t, df=n-1",1e-06,0.001107369662940579,0.0017992634500725861,0.0010388052372424625,-0.003362248526703351,0.0055769878525845085,True,D:\PhD-Project\GP_RKHS_MINT\GP_RKHS_MINT\Tully_models\GP_MInt_QCLE_Reviewer_Ready_Pipeline_v4\output\fixed_pipeline\final_reviewer_closure\manufactured\manufactured_complete.csv
0.01,2400,on_support,gradient_mae,3,"[123,124,125]",0.00012973449248589012,2.4304049319348525e-05,1.4031949416923812e-05,6.93598870242047e-05,0.00019010909794757555,"two-sided Student t, df=n-1",1e-06,7.145250979025861e-06,1.4879980309194776e-05,8.590960637049936e-06,-2.9818669256689152e-05,4.410917121474087e-05,True,D:\PhD-Project\GP_RKHS_MINT\GP_RKHS_MINT\Tully_models\GP_MInt_QCLE_Reviewer_Ready_Pipeline_v4\output\fixed_pipeline\final_reviewer_closure\manufactured\manufactured_complete.csv
0.01,2400,on_support,gradient_rmse,3,"[123,124,125]",0.0002225817645555207,3.313857389918299e-05,1.9132564561253608e-05,0.00014026098341995519,0.0003049025456910862,"two-sided Student t, df=n-1",1e-06,1.4148956903465668e-05,2.8426488407938908e-05,1.6412040734439305e-05,-5.6466354962453885e-05,8.476426876938522e-05,True,D:\PhD-Project\GP_RKHS_MINT\GP_RKHS_MINT\Tully_models\GP_MInt_QCLE_Reviewer_Ready_Pipeline_v4\output\fixed_pipeline\final_reviewer_closure\manufactured\manufactured_complete.csv
0.01,2400,on_support,gradient_linf,3,"[123,124,125]",0.002695194217608502,0.0006675345471765511,0.00038540125050575677,0.0010369464750916012,0.004353441960125403,"two-sided Student t, df=n-1",1e-06,0.00020432918247677867,0.00033228190416395104,0.00019184304681589857,-0.0006211048265788721,0.0010297631915324294,True,D:\PhD-Project\GP_RKHS_MINT\GP_RKHS_MINT\Tully_models\GP_MInt_QCLE_Reviewer_Ready_Pipeline_v4\output\fixed_pipeline\final_reviewer_closure\manufactured\manufactured_complete.csv
0.01,2400,on_support,Q_relative_l1,3,"[123,124,125]",0.023881906617813992,0.0016070705267028054,0.0009278426011985785,0.019889722117038558,0.027874091118589427,"two-sided Student t, df=n-1",1e-06,-0.00025051560607431783,0.0005264020736552162,0.0003039183789268163,-0.0015581708487686103,0.0010571396366199745,True,D:\PhD-Project\GP_RKHS_MINT\GP_RKHS_MINT\Tully_models\GP_MInt_QCLE_Reviewer_Ready_Pipeline_v4\output\fixed_pipeline\final_reviewer_closure\manufactured\manufactured_complete.csv
0.01,2400,on_support,Q_relative_l2,3,"[123,124,125]",0.022017742749258735,0.0019508700687053291,0.0011263353593210055,0.017171512840922925,0.026863972657594545,"two-sided Student t, df=n-1",1e-06,2.5108872380798924e-05,0.000776611306501109,0.00044837674686412226,-0.0019041005614463928,0.0019543183062079904,True,D:\PhD-Project\GP_RKHS_MINT\GP_RKHS_MINT\Tully_models\GP_MInt_QCLE_Reviewer_Ready_Pipeline_v4\output\fixed_pipeline\final_reviewer_closure\manufactured\manufactured_complete.csv
0.01,2400,on_support,Q_relative_linf,3,"[123,124,125]",0.027904894165513214,0.005329099428725897,0.0030767569897131777,0.014666677305112126,0.0411431110259143,"two-sided Student t, df=n-1",1e-06,0.0023572742982251025,0.0029662115858688633,0.001712543057574775,-0.0050112037631711796,0.009725752359621385,True,D:\PhD-Project\GP_RKHS_MINT\GP_RKHS_MINT\Tully_models\GP_MInt_QCLE_Reviewer_Ready_Pipeline_v4\output\fixed_pipeline\final_reviewer_closure\manufactured\manufactured_complete.csv
0.01,2400,on_support,Q_mae,3,"[123,124,125]",2.133003191959116e-06,2.1822257440504403e-07,1.259908620760053e-07,1.5909082653310219e-06,2.6750981185872104e-06,"two-sided Student t, df=n-1",1e-06,-2.3487158559353385e-08,4.735519810556046e-08,2.734053637377339e-08,-1.4112399201932613e-07,9.414967490061935e-08,True,D:\PhD-Project\GP_RKHS_MINT\GP_RKHS_MINT\Tully_models\GP_MInt_QCLE_Reviewer_Ready_Pipeline_v4\output\fixed_pipeline\final_reviewer_closure\manufactured\manufactured_complete.csv
0.01,2400,on_support,Q_rmse,3,"[123,124,125]",3.603761921642245e-06,5.01137025925089e-07,2.8933159681873864e-07,2.3588685368027558e-06,4.848655306481734e-06,"two-sided Student t, df=n-1",1e-06,1.9983508463409447e-09,1.2441801747805749e-07,7.183277588299606e-08,-3.070731383882832e-07,3.110698400809651e-07,True,D:\PhD-Project\GP_RKHS_MINT\GP_RKHS_MINT\Tully_models\GP_MInt_QCLE_Reviewer_Ready_Pipeline_v4\output\fixed_pipeline\final_reviewer_closure\manufactured\manufactured_complete.csv
0.01,2400,on_support,Q_linf,3,"[123,124,125]",3.0499845870738762e-05,6.637199415876964e-06,3.831988869421793e-06,1.4012128501555853e-05,4.698756323992167e-05,"two-sided Student t, df=n-1",1e-06,2.6722746093796918e-06,3.4388945091265036e-06,1.9854466705589128e-06,-5.870412927366731e-06,1.1214962146126115e-05,True,D:\PhD-Project\GP_RKHS_MINT\GP_RKHS_MINT\Tully_models\GP_MInt_QCLE_Reviewer_Ready_Pipeline_v4\output\fixed_pipeline\final_reviewer_closure\manufactured\manufactured_complete.csv
0.05,300,off_support,density_relative_l1,3,"[123,124,125]",0.004587601373415783,0.003668830418747683,0.0021182002298750623,-0.0045262786276991495,0.013701481374530715,"two-sided Student t, df=n-1",1e-06,7.856450419829596e-05,0.00019936012214080928,0.00011510062018367292,-0.00041667349342470317,0.0005738025018212951,True,D:\PhD-Project\GP_RKHS_MINT\GP_RKHS_MINT\Tully_models\GP_MInt_QCLE_Reviewer_Ready_Pipeline_v4\output\fixed_pipeline\final_reviewer_closure\manufactured\manufactured_complete.csv
0.05,300,off_support,density_relative_l2,3,"[123,124,125]",0.007111033154244495,0.007169648241461276,0.004139398342202595,-0.010699360422133184,0.024921426730622174,"two-sided Student t, df=n-1",1e-06,0.00012530139063007657,0.0003794711800127572,0.0002190877879300703,-0.0008173572781503299,0.001067960059410483,True,D:\PhD-Project\GP_RKHS_MINT\GP_RKHS_MINT\Tully_models\GP_MInt_QCLE_Reviewer_Ready_Pipeline_v4\output\fixed_pipeline\final_reviewer_closure\manufactured\manufactured_complete.csv
0.05,300,off_support,density_relative_linf,3,"[123,124,125]",0.01576227023177006,0.02072688970466675,0.011966675350453032,-0.035726178130244216,0.06725071859378433,"two-sided Student t, df=n-1",1e-06,0.0005208130080990469,0.0016532009579131475,0.0009544760180757029,-0.003585965836503881,0.0046275918527019745,True,D:\PhD-Project\GP_RKHS_MINT\GP_RKHS_MINT\Tully_models\GP_MInt_QCLE_Reviewer_Ready_Pipeline_v4\output\fixed_pipeline\final_reviewer_closure\manufactured\manufactured_complete.csv
0.05,300,off_support,density_mae,3,"[123,124,125]",4.208827108205245e-05,3.307368908516109e-05,1.9095103296411744e-05,-4.0071327240083335e-05,0.00012424786940418823,"two-sided Student t, df=n-1",1e-06,7.008095548782065e-07,1.8242544101062838e-06,1.053233774745225e-06,-3.830889621037507e-06,5.232508730793919e-06,True,D:\PhD-Project\GP_RKHS_MINT\GP_RKHS_MINT\Tully_models\GP_MInt_QCLE_Reviewer_Ready_Pipeline_v4\output\fixed_pipeline\final_reviewer_closure\manufactured\manufactured_complete.csv
0.05,300,off_support,density_rmse,3,"[123,124,125]",9.969067568488721e-05,9.890935809599543e-05,5.7105344522096056e-05,-0.000146013790803348,0.0003453951421731224,"two-sided Student t, df=n-1",1e-06,1.6796623358857608e-06,5.336597229879784e-06,3.081085847227705e-06,-1.1577180095116674e-05,1.4936504766888197e-05,True,D:\PhD-Project\GP_RKHS_MINT\GP_RKHS_MINT\Tully_models\GP_MInt_QCLE_Reviewer_Ready_Pipeline_v4\output\fixed_pipeline\final_reviewer_closure\manufactured\manufactured_complete.csv
0.05,300,off_support,density_linf,3,"[123,124,125]",0.001386986233693928,0.0018882992639006667,0.0010902100883236222,-0.003303809178773977,0.006077781646161832,"two-sided Student t, df=n-1",1e-06,5.1727854387807066e-05,0.00014347257672035787,8.283393079082786e-05,-0.0003046777840408097,0.0004081334928164239,True,D:\PhD-Project\GP_RKHS_MINT\GP_RKHS_MINT\Tully_models\GP_MInt_QCLE_Reviewer_Ready_Pipeline_v4\output\fixed_pipeline\final_reviewer_closure\manufactured\manufactured_complete.csv
0.05,300,off_support,gradient_relative_l1,3,"[123,124,125]",0.007612760567868187,0.00648759513674607,0.003745614798593651,-0.008503319169691052,0.023728840305427424,"two-sided Student t, df=n-1",1e-06,8.756924221288468e-05,0.0003019584152432866,0.00017433577232478433,-0.0006625370444640337,0.000837675528889803,True,D:\PhD-Project\GP_RKHS_MINT\GP_RKHS_MINT\Tully_models\GP_MInt_QCLE_Reviewer_Ready_Pipeline_v4\output\fixed_pipeline\final_reviewer_closure\manufactured\manufactured_complete.csv
0.05,300,off_support,gradient_relative_l2,3,"[123,124,125]",0.009828304314686067,0.009694700355401629,0.005597237859903892,-0.014254666441988003,0.03391127507136014,"two-sided Student t, df=n-1",1e-06,-6.945425798993957e-05,0.0005790882232921271,0.00033433674160225174,-0.0015079891518825818,0.0013690806359027026,True,D:\PhD-Project\GP_RKHS_MINT\GP_RKHS_MINT\Tully_models\GP_MInt_QCLE_Reviewer_Ready_Pipeline_v4\output\fixed_pipeline\final_reviewer_closure\manufactured\manufactured_complete.csv
0.05,300,off_support,gradient_relative_linf,3,"[123,124,125]",0.02651377135235952,0.02395176970890939,0.013828560689006762,-0.03298572304396419,0.08601326574868322,"two-sided Student t, df=n-1",1e-06,-0.0008735696681955891,0.003733906183911016,0.0021557717404098336,-0.010149106831671762,0.008401967495280585,True,D:\PhD-Project\GP_RKHS_MINT\GP_RKHS_MINT\Tully_models\GP_MInt_QCLE_Reviewer_Ready_Pipeline_v4\output\fixed_pipeline\final_reviewer_closure\manufactured\manufactured_complete.csv
0.05,300,off_support,gradient_mae,3,"[123,124,125]",7.953583203142855e-05,6.743967368352557e-05,3.893631375524401e-05,-8.799360463187752e-05,0.00024706526869473463,"two-sided Student t, df=n-1",1e-06,8.945155255269425e-07,3.1745614380096864e-06,1.832833900793898e-06,-6.99153226080355e-06,8.780563311857435e-06,True,D:\PhD-Project\GP_RKHS_MINT\GP_RKHS_MINT\Tully_models\GP_MInt_QCLE_Reviewer_Ready_Pipeline_v4\output\fixed_pipeline\final_reviewer_closure\manufactured\manufactured_complete.csv
0.05,300,off_support,gradient_rmse,3,"[123,124,125]",0.00019476635678740778,0.00019217524027346662,0.00011095242670346697,-0.0002826234048346755,0.000672156118409491,"two-sided Student t, df=n-1",1e-06,-1.5059153906523233e-06,1.1691729740356247e-05,6.750223312887033e-06,-3.054978215390425e-05,2.7537951372599604e-05,True,D:\PhD-Project\GP_RKHS_MINT\GP_RKHS_MINT\Tully_models\GP_MInt_QCLE_Reviewer_Ready_Pipeline_v4\output\fixed_pipeline\final_reviewer_closure\manufactured\manufactured_complete.csv
0.05,300,off_support,gradient_linf,3,"[123,124,125]",0.00465805601554046,0.004516470198404096,0.0026075852848355275,-0.006561477928172613,0.015877589959253535,"two-sided Student t, df=n-1",1e-06,-0.00011815211539363854,0.0006277513001153688,0.00036243238210574574,-0.0016775727935912006,0.0014412685628039236,True,D:\PhD-Project\GP_RKHS_MINT\GP_RKHS_MINT\Tully_models\GP_MInt_QCLE_Reviewer_Ready_Pipeline_v4\output\fixed_pipeline\final_reviewer_closure\manufactured\manufactured_complete.csv
0.05,300,off_support,Q_relative_l1,3,"[123,124,125]",0.020788090016355863,0.01968471203191002,0.011364973790543517,-0.02811144548645131,0.06968762551916304,"two-sided Student t, df=n-1",1e-06,0.0001627838325605604,0.0006978266461140679,0.0004028904019816508,-0.0015707136552941653,0.001896281320415286,True,D:\PhD-Project\GP_RKHS_MINT\GP_RKHS_MINT\Tully_models\GP_MInt_QCLE_Reviewer_Ready_Pipeline_v4\output\fixed_pipeline\final_reviewer_closure\manufactured\manufactured_complete.csv
0.05,300,off_support,Q_relative_l2,3,"[123,124,125]",0.025588685241027573,0.02607910269172492,0.015056776959291278,-0.03919539724329302,0.09037276772534816,"two-sided Student t, df=n-1",1e-06,2.6871589649917215e-05,0.0014836947770477183,0.000856611578923742,-0.003658830558695643,0.003712573737995478,True,D:\PhD-Project\GP_RKHS_MINT\GP_RKHS_MINT\Tully_models\GP_MInt_QCLE_Reviewer_Ready_Pipeline_v4\output\fixed_pipeline\final_reviewer_closure\manufactured\manufactured_complete.csv
0.05,300,off_support,Q_relative_linf,3,"[123,124,125]",0.06543086855587694,0.07792275421366172,0.044988723121254647,-0.12813998378733327,0.2590017208990872,"two-sided Student t, df=n-1",1e-06,0.001105169608282043,0.007814509606314763,0.004511709224790745,-0.018307148403359123,0.020517487619923207,True,D:\PhD-Project\GP_RKHS_MINT\GP_RKHS_MINT\Tully_models\GP_MInt_QCLE_Reviewer_Ready_Pipeline_v4\output\fixed_pipeline\final_reviewer_closure\manufactured\manufactured_complete.csv
0.05,300,off_support,Q_mae,3,"[123,124,125]",1.8677107107391504e-06,1.7898341807471024e-06,1.033361246059133e-06,-2.5784838753793844e-06,6.313905296857686e-06,"two-sided Student t, df=n-1",1e-06,1.517718896700783e-08,6.267433012518857e-08,3.61850413690571e-08,-1.4051447805373352e-07,1.7086885598774918e-07,True,D:\PhD-Project\GP_RKHS_MINT\GP_RKHS_MINT\Tully_models\GP_MInt_QCLE_Reviewer_Ready_Pipeline_v4\output\fixed_pipeline\final_reviewer_closure\manufactured\manufactured_complete.csv
0.05,300,off_support,Q_rmse,3,"[123,124,125]",4.060932507526024e-06,4.125264675884899e-06,2.3817226711006006e-06,-6.1867930446641615e-06,1.430865805971621e-05,"two-sided Student t, df=n-1",1e-06,3.828122259305038e-09,2.354465898373367e-07,1.3593515202236575e-07,-5.810536306513869e-07,5.887098751699971e-07,True,D:\PhD-Project\GP_RKHS_MINT\GP_RKHS_MINT\Tully_models\GP_MInt_QCLE_Reviewer_Ready_Pipeline_v4\output\fixed_pipeline\final_reviewer_closure\manufactured\manufactured_complete.csv
0.05,300,off_support,Q_linf,3,"[123,124,125]",6.207749424727293e-05,7.246566415124678e-05,4.1838070704727346e-05,-0.00011793719487564236,0.00024209218337018824,"two-sided Student t, df=n-1",1e-06,9.469385149669978e-07,7.42340576173625e-06,4.285905314842243e-06,-1.749382368715818e-05,1.9387700717092178e-05,True,D:\PhD-Project\GP_RKHS_MINT\GP_RKHS_MINT\Tully_models\GP_MInt_QCLE_Reviewer_Ready_Pipeline_v4\output\fixed_pipeline\final_reviewer_closure\manufactured\manufactured_complete.csv
0.05,300,on_support,density_relative_l1,3,"[123,124,125]",0.0010143746987714035,0.0014287155122322396,0.0008248692855826776,-0.0025347513844834104,0.004563500782026218,"two-sided Student t, df=n-1",1e-06,1.0662186472692643e-05,1.3053126091532352e-05,7.536225862712332e-06,-2.1763576307113232e-05,4.3087949252498514e-05,True,D:\PhD-Project\GP_RKHS_MINT\GP_RKHS_MINT\Tully_models\GP_MInt_QCLE_Reviewer_Ready_Pipeline_v4\output\fixed_pipeline\final_reviewer_closure\manufactured\manufactured_complete.csv
0.05,300,on_support,density_relative_l2,3,"[123,124,125]",0.0013014017965632505,0.0018057366387305353,0.0010425425344566446,-0.003184296685140965,0.005787100278267466,"two-sided Student t, df=n-1",1e-06,2.20376095639756e-05,2.5184764396622146e-05,1.4540430503867099e-05,-4.052481343444523e-05,8.460003256239642e-05,True,D:\PhD-Project\GP_RKHS_MINT\GP_RKHS_MINT\Tully_models\GP_MInt_QCLE_Reviewer_Ready_Pipeline_v4\output\fixed_pipeline\final_reviewer_closure\manufactured\manufactured_complete.csv
0.05,300,on_support,density_relative_linf,3,"[123,124,125]",0.002146632441429175,0.0031052786217942267,0.001792833448201687,-0.005567307288366361,0.009860572171224711,"two-sided Student t, df=n-1",1e-06,5.6154607485447645e-05,4.5309714789138885e-05,2.6159576030414504e-05,-5.640096372950909e-05,0.00016871017870040438,True,D:\PhD-Project\GP_RKHS_MINT\GP_RKHS_MINT\Tully_models\GP_MInt_QCLE_Reviewer_Ready_Pipeline_v4\output\fixed_pipeline\final_reviewer_closure\manufactured\manufactured_complete.csv
0.05,300,on_support,density_mae,3,"[123,124,125]",9.026366252115068e-06,1.2379048297380595e-05,7.147046866804065e-06,-2.1724894458605704e-05,3.977762696283584e-05,"two-sided Student t, df=n-1",1e-06,1.0545273981575258e-07,1.339436260491684e-07,7.733238855572196e-08,-2.2728167289744717e-07,4.381871525289523e-07,True,D:\PhD-Project\GP_RKHS_MINT\GP_RKHS_MINT\Tully_models\GP_MInt_QCLE_Reviewer_Ready_Pipeline_v4\output\fixed_pipeline\final_reviewer_closure\manufactured\manufactured_complete.csv
0.05,300,on_support,density_rmse,3,"[123,124,125]",1.762169549867005e-05,2.3702306355049735e-05,1.3684532954502943e-05,-4.125809757263885e-05,7.650148856997894e-05,"two-sided Student t, df=n-1",1e-06,3.337161850887599e-07,3.9774440713262764e-07,2.2963784052669068e-07,-6.54335696294933e-07,1.321768066472453e-06,True,D:\PhD-Project\GP_RKHS_MINT\GP_RKHS_MINT\Tully_models\GP_MInt_QCLE_Reviewer_Ready_Pipeline_v4\output\fixed_pipeline\final_reviewer_closure\manufactured\manufactured_complete.csv
0.05,300,on_support,density_linf,3,"[123,124,125]",0.00011060399127775279,0.00014567000276810707,8.410261531102016e-05,-0.0002512603560647926,0.0004724683386202982,"two-sided Student t, df=n-1",1e-06,3.945331128814751e-06,3.6874829830062126e-06,2.1289692928708014e-06,-5.2148844105950676e-06,1.3105546668224571e-05,True,D:\PhD-Project\GP_RKHS_MINT\GP_RKHS_MINT\Tully_models\GP_MInt_QCLE_Reviewer_Ready_Pipeline_v4\output\fixed_pipeline\final_reviewer_closure\manufactured\manufactured_complete.csv
0.05,300,on_support,gradient_relative_l1,3,"[123,124,125]",0.0060493053589156355,0.004980481053193215,0.0028754820767549335,-0.00632289544782631,0.018421506165657582,"two-sided Student t, df=n-1",1e-06,-6.3385148388415274e-06,1.8540972044937457e-05,1.0704635201181968e-05,-5.2396842707608533e-05,3.971981302992548e-05,True,D:\PhD-Project\GP_RKHS_MINT\GP_RKHS_MINT\Tully_models\GP_MInt_QCLE_Reviewer_Ready_Pipeline_v4\output\fixed_pipeline\final_reviewer_closure\manufactured\manufactured_complete.csv
0.05,300,on_support,gradient_relative_l2,3,"[123,124,125]",0.007920664049841219,0.0075425387365171594,0.004354686769901362,-0.01081604086764655,0.02665736896732899,"two-sided Student t, df=n-1",1e-06,1.1228604266237154e-06,0.00011682763574331338,6.745046694518953e-05,-0.0002890930752943754,0.00029133879614762285,True,D:\PhD-Project\GP_RKHS_MINT\GP_RKHS_MINT\Tully_models\GP_MInt_QCLE_Reviewer_Ready_Pipeline_v4\output\fixed_pipeline\final_reviewer_closure\manufactured\manufactured_complete.csv
0.05,300,on_support,gradient_relative_linf,3,"[123,124,125]",0.01328962877136046,0.01243638907851654,0.007180152582228446,-0.01760407433619957,0.044183331878920484,"two-sided Student t, df=n-1",1e-06,0.00013420207822015685,0.00026016740391062885,0.00015020772068216766,-0.0005120895811944075,0.0007804937376347211,True,D:\PhD-Project\GP_RKHS_MINT\GP_RKHS_MINT\Tully_models\GP_MInt_QCLE_Reviewer_Ready_Pipeline_v4\output\fixed_pipeline\final_reviewer_closure\manufactured\manufactured_complete.csv
0.05,300,on_support,gradient_mae,3,"[123,124,125]",6.191827164237805e-05,5.157471861823994e-05,2.9776677677620035e-05,-6.620043184851597e-05,0.00019003697513327207,"two-sided Student t, df=n-1",1e-06,-6.505283473682037e-08,1.9125140483041448e-07,1.104190500617339e-07,-5.401476618953947e-07,4.1004199242175397e-07,True,D:\PhD-Project\GP_RKHS_MINT\GP_RKHS_MINT\Tully_models\GP_MInt_QCLE_Reviewer_Ready_Pipeline_v4\output\fixed_pipeline\final_reviewer_closure\manufactured\manufactured_complete.csv
0.05,300,on_support,gradient_rmse,3,"[123,124,125]",0.0001511736666923451,0.00014319890399839955,8.267592577113536e-05,-0.00020455213100698606,0.0005068994643916763,"two-sided Student t, df=n-1",1e-06,9.241348709978493e-08,2.338910000935779e-06,1.35037031865058e-06,-5.717761050542782e-06,5.902588024742352e-06,True,D:\PhD-Project\GP_RKHS_MINT\GP_RKHS_MINT\Tully_models\GP_MInt_QCLE_Reviewer_Ready_Pipeline_v4\output\fixed_pipeline\final_reviewer_closure\manufactured\manufactured_complete.csv
0.05,300,on_support,gradient_linf,3,"[123,124,125]",0.0020914691861678492,0.0017839102823556908,0.0010299410817281994,-0.0023400096205561855,0.0065229479928918845,"two-sided Student t, df=n-1",1e-06,2.3576878455640853e-05,4.5674669543486575e-05,2.6370282756079178e-05,-8.988529062766233e-05,0.00013703904753894404,True,D:\PhD-Project\GP_RKHS_MINT\GP_RKHS_MINT\Tully_models\GP_MInt_QCLE_Reviewer_Ready_Pipeline_v4\output\fixed_pipeline\final_reviewer_closure\manufactured\manufactured_complete.csv
0.05,300,on_support,Q_relative_l1,3,"[123,124,125]",0.017123531278655773,0.015855973206181935,0.009154450398852635,-0.02226488971883545,0.056511952276147,"two-sided Student t, df=n-1",1e-06,9.945919122418603e-05,0.00034523430909359814,0.00019932112128868336,-0.0007581503753746633,0.0009570687578230353,True,D:\PhD-Project\GP_RKHS_MINT\GP_RKHS_MINT\Tully_models\GP_MInt_QCLE_Reviewer_Ready_Pipeline_v4\output\fixed_pipeline\final_reviewer_closure\manufactured\manufactured_complete.csv
0.05,300,on_support,Q_relative_l2,3,"[123,124,125]",0.018935007897617397,0.01879314101751907,0.010850225025383232,-0.027749742425665153,0.06561975822089995,"two-sided Student t, df=n-1",1e-06,8.347176477473735e-05,0.0002836765826133403,0.00016378075133460513,-0.0006212199320267865,0.0007881634615762612,True,D:\PhD-Project\GP_RKHS_MINT\GP_RKHS_MINT\Tully_models\GP_MInt_QCLE_Reviewer_Ready_Pipeline_v4\output\fixed_pipeline\final_reviewer_closure\manufactured\manufactured_complete.csv
0.05,300,on_support,Q_relative_linf,3,"[123,124,125]",0.028842704718054942,0.034107835883030846,0.019692168228543437,-0.055885856664123115,0.113571266100233,"two-sided Student t, df=n-1",1e-06,-0.001557690435481208,0.00232657129066299,0.0013432465609531324,-0.007337213917621158,0.004221833046658742,True,D:\PhD-Project\GP_RKHS_MINT\GP_RKHS_MINT\Tully_models\GP_MInt_QCLE_Reviewer_Ready_Pipeline_v4\output\fixed_pipeline\final_reviewer_closure\manufactured\manufactured_complete.csv
0.05,300,on_support,Q_mae,3,"[123,124,125]",1.7986410819208113e-06,1.8082600498238805e-06,1.0439994265306635e-06,-2.693325900442555e-06,6.290608064284178e-06,"two-sided Student t, df=n-1",1e-06,1.2256347068840606e-08,3.690741251341341e-08,2.1308504549711796e-08,-7.942674819771951e-08,1.0393944233540073e-07,True,D:\PhD-Project\GP_RKHS_MINT\GP_RKHS_MINT\Tully_models\GP_MInt_QCLE_Reviewer_Ready_Pipeline_v4\output\fixed_pipeline\final_reviewer_closure\manufactured\manufactured_complete.csv
0.05,300,on_support,Q_rmse,3,"[123,124,125]",3.5579745514548285e-06,3.7680318750049978e-06,2.175474217349226e-06,-5.802335528206396e-06,1.2918284631116052e-05,"two-sided Student t, df=n-1",1e-06,1.8020717731106382e-08,5.3711743429905735e-08,3.101048952790019e-08,-1.1540664968532702e-07,1.5144808514753978e-07,True,D:\PhD-Project\GP_RKHS_MINT\GP_RKHS_MINT\Tully_models\GP_MInt_QCLE_Reviewer_Ready_Pipeline_v4\output\fixed_pipeline\final_reviewer_closure\manufactured\manufactured_complete.csv
0.05,300,on_support,Q_linf,3,"[123,124,125]",2.8821643934333743e-05,3.3141741913758286e-05,1.9134393615321452e-05,-5.350700698570954e-05,0.00011115029485437702,"two-sided Student t, df=n-1",1e-06,-1.5074314576132445e-06,2.28968268505216e-06,1.3219489145736897e-06,-7.195318563422582e-06,4.180455648196093e-06,True,D:\PhD-Project\GP_RKHS_MINT\GP_RKHS_MINT\Tully_models\GP_MInt_QCLE_Reviewer_Ready_Pipeline_v4\output\fixed_pipeline\final_reviewer_closure\manufactured\manufactured_complete.csv
0.05,600,off_support,density_relative_l1,3,"[123,124,125]",0.007455556588938139,0.005520463710063738,0.0031872412090568594,-0.006258035499410389,0.021169148677286666,"two-sided Student t, df=n-1",1e-06,-4.068403915631595e-05,5.8473350452413265e-05,3.3759604624120126e-05,-0.0001859398941457489,0.00010457181583311702,True,D:\PhD-Project\GP_RKHS_MINT\GP_RKHS_MINT\Tully_models\GP_MInt_QCLE_Reviewer_Ready_Pipeline_v4\output\fixed_pipeline\final_reviewer_closure\manufactured\manufactured_complete.csv
0.05,600,off_support,density_relative_l2,3,"[123,124,125]",0.009401320374763137,0.0053282088770867314,0.003076242829484578,-0.003834684232726867,0.02263732498225314,"two-sided Student t, df=n-1",1e-06,-6.266681677326302e-05,8.951902246859759e-05,5.168383171983698e-05,-0.0002850443964037756,0.0001597107628572496,True,D:\PhD-Project\GP_RKHS_MINT\GP_RKHS_MINT\Tully_models\GP_MInt_QCLE_Reviewer_Ready_Pipeline_v4\output\fixed_pipeline\final_reviewer_closure\manufactured\manufactured_complete.csv
0.05,600,off_support,density_relative_linf,3,"[123,124,125]",0.015244824778735733,0.004143721484814204,0.0023923787147043167,0.004951249971446256,0.02553839958602521,"two-sided Student t, df=n-1",1e-06,-0.00012315622560467657,0.00019272967120467,0.00011127252755084429,-0.0006019232700115059,0.0003556108188021528,True,D:\PhD-Project\GP_RKHS_MINT\GP_RKHS_MINT\Tully_models\GP_MInt_QCLE_Reviewer_Ready_Pipeline_v4\output\fixed_pipeline\final_reviewer_closure\manufactured\manufactured_complete.csv
0.05,600,off_support,density_mae,3,"[123,124,125]",6.893556357144158e-05,4.909815981933818e-05,2.8346835788410166e-05,-5.3031026811809704e-05,0.00019090215395469286,"two-sided Student t, df=n-1",1e-06,-3.709580795518977e-07,5.286024918905632e-07,3.051887909873236e-07,-1.6840794641661709e-06,9.421633050623755e-07,True,D:\PhD-Project\GP_RKHS_MINT\GP_RKHS_MINT\Tully_models\GP_MInt_QCLE_Reviewer_Ready_Pipeline_v4\output\fixed_pipeline\final_reviewer_closure\manufactured\manufactured_complete.csv
0.05,600,off_support,density_rmse,3,"[123,124,125]",0.00013402552181785704,7.322250594412656e-05,4.2275033517580446e-05,-4.786926654455636e-05,0.00031592031018027044,"two-sided Student t, df=n-1",1e-06,-8.83678051653731e-07,1.2539623567545622e-06,7.239755042259041e-07,-3.998693231144458e-06,2.231337127836996e-06,True,D:\PhD-Project\GP_RKHS_MINT\GP_RKHS_MINT\Tully_models\GP_MInt_QCLE_Reviewer_Ready_Pipeline_v4\output\fixed_pipeline\final_reviewer_closure\manufactured\manufactured_complete.csv
0.05,600,off_support,density_linf,3,"[123,124,125]",0.001165686932505792,0.0002377231308010363,0.00013724951356057892,0.0005751499383348994,0.0017562239266766845,"two-sided Student t, df=n-1",1e-06,-1.0145512802562743e-05,1.6071245177723907e-05,9.278737729571373e-06,-5.006869902283759e-05,2.9777673417712106e-05,True,D:\PhD-Project\GP_RKHS_MINT\GP_RKHS_MINT\Tully_models\GP_MInt_QCLE_Reviewer_Ready_Pipeline_v4\output\fixed_pipeline\final_reviewer_closure\manufactured\manufactured_complete.csv
0.05,600,off_support,gradient_relative_l1,3,"[123,124,125]",0.011418471210726344,0.007167371432590671,0.004138083825988258,-0.006386266458873488,0.029223208880326174,"two-sided Student t, df=n-1",1e-06,-6.429928606894401e-05,7.604339860483576e-05,4.3903676654595944e-05,-0.000253201560270538,0.00012460298813265,True,D:\PhD-Project\GP_RKHS_MINT\GP_RKHS_MINT\Tully_models\GP_MInt_QCLE_Reviewer_Ready_Pipeline_v4\output\fixed_pipeline\final_reviewer_closure\manufactured\manufactured_complete.csv
0.05,600,off_support,gradient_relative_l2,3,"[123,124,125]",0.01247679104091548,0.005222271574457868,0.003015079899294581,-0.0004960507180363175,0.025449632799867276,"two-sided Student t, df=n-1",1e-06,-6.0417210298502104e-05,5.574251549062699e-05,3.218295632382038e-05,-0.00019888929517487957,7.805487457787535e-05,True,D:\PhD-Project\GP_RKHS_MINT\GP_RKHS_MINT\Tully_models\GP_MInt_QCLE_Reviewer_Ready_Pipeline_v4\output\fixed_pipeline\final_reviewer_closure\manufactured\manufactured_complete.csv
0.05,600,off_support,gradient_relative_linf,3,"[123,124,125]",0.028664617960951128,0.015853260065774893,0.00915288396650828,-0.010717063222137772,0.06804629914404003,"two-sided Student t, df=n-1",1e-06,0.0007380250826549573,0.0014191856695021784,0.000819367228317142,-0.0027874275588873555,0.00426347772419727,True,D:\PhD-Project\GP_RKHS_MINT\GP_RKHS_MINT\Tully_models\GP_MInt_QCLE_Reviewer_Ready_Pipeline_v4\output\fixed_pipeline\final_reviewer_closure\manufactured\manufactured_complete.csv
0.05,600,off_support,gradient_mae,3,"[123,124,125]",0.00012075131099352802,7.62393460136927e-05,4.401680694384651e-05,-6.863772355592126e-05,0.0003101403455429773,"two-sided Student t, df=n-1",1e-06,-6.798750803660868e-07,8.065313181802407e-07,4.656510736612257e-07,-2.6834099435404987e-06,1.3236597828083254e-06,True,D:\PhD-Project\GP_RKHS_MINT\GP_RKHS_MINT\Tully_models\GP_MInt_QCLE_Reviewer_Ready_Pipeline_v4\output\fixed_pipeline\final_reviewer_closure\manufactured\manufactured_complete.csv
0.05,600,off_support,gradient_rmse,3,"[123,124,125]",0.0002505611837797452,0.00010615572106225784,6.128903413131339e-05,-1.3144246225790335e-05,0.0005142666137852808,"two-sided Student t, df=n-1",1e-06,-1.2132713303427232e-06,1.1278679204020788e-06,6.511748474544836e-07,-4.015050565252226e-06,1.5885079045667796e-06,True,D:\PhD-Project\GP_RKHS_MINT\GP_RKHS_MINT\Tully_models\GP_MInt_QCLE_Reviewer_Ready_Pipeline_v4\output\fixed_pipeline\final_reviewer_closure\manufactured\manufactured_complete.csv
0.05,600,off_support,gradient_linf,3,"[123,124,125]",0.004787168168495326,0.0026681594420593134,0.0015404625721137863,-0.0018409073224047966,0.011415243659395448,"two-sided Student t, df=n-1",1e-06,0.00011881424641994557,0.00022970432880368522,0.00013261985606882997,-0.00045180293930651517,0.0006894314321464063,True,D:\PhD-Project\GP_RKHS_MINT\GP_RKHS_MINT\Tully_models\GP_MInt_QCLE_Reviewer_Ready_Pipeline_v4\output\fixed_pipeline\final_reviewer_closure\manufactured\manufactured_complete.csv
0.05,600,off_support,Q_relative_l1,3,"[123,124,125]",0.0291727983458742,0.013570692386407488,0.007835042902381968,-0.004538670385345955,0.06288426707709435,"two-sided Student t, df=n-1",1e-06,8.524887427185934e-05,0.00020082394712651693,0.00011594575993321773,-0.00041362546620149346,0.0005841232147452121,True,D:\PhD-Project\GP_RKHS_MINT\GP_RKHS_MINT\Tully_models\GP_MInt_QCLE_Reviewer_Ready_Pipeline_v4\output\fixed_pipeline\final_reviewer_closure\manufactured\manufactured_complete.csv
0.05,600,off_support,Q_relative_l2,3,"[123,124,125]",0.030682669427436637,0.013946918052569358,0.00805225689201657,-0.003963395669213034,0.0653287345240863,"two-sided Student t, df=n-1",1e-06,-5.050014963229344e-05,5.607520677559169e-05,3.237503572675179e-05,-0.00018979868547601214,8.879838621142527e-05,True,D:\PhD-Project\GP_RKHS_MINT\GP_RKHS_MINT\Tully_models\GP_MInt_QCLE_Reviewer_Ready_Pipeline_v4\output\fixed_pipeline\final_reviewer_closure\manufactured\manufactured_complete.csv
0.05,600,off_support,Q_relative_linf,3,"[123,124,125]",0.039947948117015325,0.003668119129278765,0.0021177895667087105,0.030835835056894082,0.04906006117713657,"two-sided Student t, df=n-1",1e-06,-0.0005287622138053135,0.0005903952421468009,0.0003408648519817298,-0.0019953852996419746,0.0009378608720313476,True,D:\PhD-Project\GP_RKHS_MINT\GP_RKHS_MINT\Tully_models\GP_MInt_QCLE_Reviewer_Ready_Pipeline_v4\output\fixed_pipeline\final_reviewer_closure\manufactured\manufactured_complete.csv
0.05,600,off_support,Q_mae,3,"[123,124,125]",2.6230300964635147e-06,1.2047685385947235e-06,6.955734400688557e-07,-3.6978086415288297e-07,5.615841057079912e-06,"two-sided Student t, df=n-1",1e-06,7.701797081299425e-09,1.8009441743543608e-08,1.0397756038589785e-08,-3.703613632085346e-08,5.2439730483452305e-08,True,D:\PhD-Project\GP_RKHS_MINT\GP_RKHS_MINT\Tully_models\GP_MInt_QCLE_Reviewer_Ready_Pipeline_v4\output\fixed_pipeline\final_reviewer_closure\manufactured\manufactured_complete.csv
0.05,600,off_support,Q_rmse,3,"[123,124,125]",5.173237934224727e-06,2.427601974106149e-06,1.401576653235452e-06,-8.572596786971741e-07,1.1203735547146628e-05,"two-sided Student t, df=n-1",1e-06,-8.491479521830293e-09,9.612363575319333e-09,5.549700697759171e-09,-3.236991437804037e-08,1.5386955334379788e-08,True,D:\PhD-Project\GP_RKHS_MINT\GP_RKHS_MINT\Tully_models\GP_MInt_QCLE_Reviewer_Ready_Pipeline_v4\output\fixed_pipeline\final_reviewer_closure\manufactured\manufactured_complete.csv
0.05,600,off_support,Q_linf,3,"[123,124,125]",4.277548801278088e-05,7.083045959087415e-06,4.08939849116161e-06,2.518022643196909e-05,6.037074959359266e-05,"two-sided Student t, df=n-1",1e-06,-6.036419782089541e-07,6.78105352192285e-07,3.9150430762714175e-07,-2.2881490561086737e-06,1.0808650996907653e-06,True,D:\PhD-Project\GP_RKHS_MINT\GP_RKHS_MINT\Tully_models\GP_MInt_QCLE_Reviewer_Ready_Pipeline_v4\output\fixed_pipeline\final_reviewer_closure\manufactured\manufactured_complete.csv
0.05,600,on_support,density_relative_l1,3,"[123,124,125]",0.005195987158656608,0.005885952604727513,0.0033982563207768084,-0.009425529676140895,0.01981750399345411,"two-sided Student t, df=n-1",1e-06,-3.326534360892098e-05,6.954608510761144e-05,4.015245095796409e-05,-0.00020602739632719566,0.0001394967091093537,True,D:\PhD-Project\GP_RKHS_MINT\GP_RKHS_MINT\Tully_models\GP_MInt_QCLE_Reviewer_Ready_Pipeline_v4\output\fixed_pipeline\final_reviewer_closure\manufactured\manufactured_complete.csv
0.05,600,on_support,density_relative_l2,3,"[123,124,125]",0.006143041315939862,0.006598170025686797,0.003809455240489192,-0.010247721673206232,0.022533804305085958,"two-sided Student t, df=n-1",1e-06,-5.001515711566844e-05,9.742748227513748e-05,5.624978311801812e-05,-0.00029203843999322507,0.00019200812576188818,True,D:\PhD-Project\GP_RKHS_MINT\GP_RKHS_MINT\Tully_models\GP_MInt_QCLE_Reviewer_Ready_Pipeline_v4\output\fixed_pipeline\final_reviewer_closure\manufactured\manufactured_complete.csv
0.05,600,on_support,density_relative_linf,3,"[123,124,125]",0.007434831603425449,0.006677209052425626,0.0038550884438533417,-0.009152275212740184,0.02402193841959108,"two-sided Student t, df=n-1",1e-06,-4.254182962217546e-05,0.00013724980932579322,7.924121436047152e-05,-0.0003834892568946954,0.00029840559765034443,True,D:\PhD-Project\GP_RKHS_MINT\GP_RKHS_MINT\Tully_models\GP_MInt_QCLE_Reviewer_Ready_Pipeline_v4\output\fixed_pipeline\final_reviewer_closure\manufactured\manufactured_complete.csv
0.05,600,on_support,density_mae,3,"[123,124,125]",4.828249896218863e-05,5.335269710696588e-05,3.080319403669932e-05,-8.425294794317563e-05,0.00018081794586755287,"two-sided Student t, df=n-1",1e-06,-3.0043064000626687e-07,6.37484378673329e-07,3.680517776312278e-07,-1.8840296257007867e-06,1.283168345688253e-06,True,D:\PhD-Project\GP_RKHS_MINT\GP_RKHS_MINT\Tully_models\GP_MInt_QCLE_Reviewer_Ready_Pipeline_v4\output\fixed_pipeline\final_reviewer_closure\manufactured\manufactured_complete.csv
0.05,600,on_support,density_rmse,3,"[123,124,125]",8.84245097504686e-05,9.286715437595773e-05,5.3616876577833726e-05,-0.00014227029061492883,0.000319119310115866,"two-sided Student t, df=n-1",1e-06,-7.038432217747866e-07,1.3815535201872635e-06,7.976402967799917e-07,-4.135812422030859e-06,2.7281259784812856e-06,True,D:\PhD-Project\GP_RKHS_MINT\GP_RKHS_MINT\Tully_models\GP_MInt_QCLE_Reviewer_Ready_Pipeline_v4\output\fixed_pipeline\final_reviewer_closure\manufactured\manufactured_complete.csv
0.05,600,on_support,density_linf,3,"[123,124,125]",0.0005733905356653997,0.000498416853872966,0.0002877611047522033,-0.0006647455671970453,0.0018115266385278447,"two-sided Student t, df=n-1",1e-06,-2.9605779921342465e-06,1.0366714584386943e-05,5.9852254559078215e-06,-2.871292463784287e-05,2.279176865357438e-05,True,D:\PhD-Project\GP_RKHS_MINT\GP_RKHS_MINT\Tully_models\GP_MInt_QCLE_Reviewer_Ready_Pipeline_v4\output\fixed_pipeline\final_reviewer_closure\manufactured\manufactured_complete.csv
0.05,600,on_support,gradient_relative_l1,3,"[123,124,125]",0.010384861227375392,0.007606955457792185,0.004391877781269811,-0.008511863696696993,0.029281586151447776,"two-sided Student t, df=n-1",1e-06,-6.305836754476758e-05,9.681927753754882e-05,5.58986359490489e-05,-0.0003035707860972337,0.00017745405100769857,True,D:\PhD-Project\GP_RKHS_MINT\GP_RKHS_MINT\Tully_models\GP_MInt_QCLE_Reviewer_Ready_Pipeline_v4\output\fixed_pipeline\final_reviewer_closure\manufactured\manufactured_complete.csv
0.05,600,on_support,gradient_relative_l2,3,"[123,124,125]",0.011587401511839108,0.00598909614994173,0.0034578062743714096,-0.0032903380933454844,0.0264651411170237,"two-sided Student t, df=n-1",1e-06,-7.128404170544712e-05,9.966375166107198e-05,5.754089384996792e-05,-0.0003188625256981675,0.00017629444228727328,True,D:\PhD-Project\GP_RKHS_MINT\GP_RKHS_MINT\Tully_models\GP_MInt_QCLE_Reviewer_Ready_Pipeline_v4\output\fixed_pipeline\final_reviewer_closure\manufactured\manufactured_complete.csv
0.05,600,on_support,gradient_relative_linf,3,"[123,124,125]",0.019738159450627735,0.006254223033494959,0.0036108773519602727,0.004201808155617891,0.035274510745637574,"two-sided Student t, df=n-1",1e-06,-0.00012435665572873024,0.0003070988776761656,0.00017730361969416617,-0.000887232558990841,0.0006385192475333804,True,D:\PhD-Project\GP_RKHS_MINT\GP_RKHS_MINT\Tully_models\GP_MInt_QCLE_Reviewer_Ready_Pipeline_v4\output\fixed_pipeline\final_reviewer_closure\manufactured\manufactured_complete.csv
0.05,600,on_support,gradient_mae,3,"[123,124,125]",0.00010762038469414838,7.821219557577678e-05,4.5155832169586384e-05,-8.666947985202333e-05,0.0003019102492403201,"two-sided Student t, df=n-1",1e-06,-6.5550165203589e-07,1.0005273544159414e-06,5.776547374036278e-07,-3.1409493847475174e-06,1.8299460806757374e-06,True,D:\PhD-Project\GP_RKHS_MINT\GP_RKHS_MINT\Tully_models\GP_MInt_QCLE_Reviewer_Ready_Pipeline_v4\output\fixed_pipeline\final_reviewer_closure\manufactured\manufactured_complete.csv
0.05,600,on_support,gradient_rmse,3,"[123,124,125]",0.0002261957706711003,0.00011340898233441488,6.547670647929594e-05,-5.552775919355542e-05,0.000507919300535756,"two-sided Student t, df=n-1",1e-06,-1.3920946151081638e-06,1.919072491017641e-06,1.1079770192834407e-06,-6.1593349615686544e-06,3.375145731352327e-06,True,D:\PhD-Project\GP_RKHS_MINT\GP_RKHS_MINT\Tully_models\GP_MInt_QCLE_Reviewer_Ready_Pipeline_v4\output\fixed_pipeline\final_reviewer_closure\manufactured\manufactured_complete.csv
0.05,600,on_support,gradient_linf,3,"[123,124,125]",0.0033987447364884175,0.0013380737715430041,0.0007725372521959312,7.478521953563702e-05,0.006722704253441198,"two-sided Student t, df=n-1",1e-06,-1.932972942775742e-05,4.866075746110656e-05,2.8094301419140965e-05,-0.00014020975211773048,0.00010155029326221565,True,D:\PhD-Project\GP_RKHS_MINT\GP_RKHS_MINT\Tully_models\GP_MInt_QCLE_Reviewer_Ready_Pipeline_v4\output\fixed_pipeline\final_reviewer_closure\manufactured\manufactured_complete.csv
0.05,600,on_support,Q_relative_l1,3,"[123,124,125]",0.027017737445628465,0.013288092328910699,0.007671883683113194,-0.0059917138254298105,0.06002718871668674,"two-sided Student t, df=n-1",1e-06,0.00014123066884417826,0.00019829084624569028,0.00011448327345778798,-0.00035135110020352307,0.0006338124378918796,True,D:\PhD-Project\GP_RKHS_MINT\GP_RKHS_MINT\Tully_models\GP_MInt_QCLE_Reviewer_Ready_Pipeline_v4\output\fixed_pipeline\final_reviewer_closure\manufactured\manufactured_complete.csv
0.05,600,on_support,Q_relative_l2,3,"[123,124,125]",0.030651376591408968,0.01321783677053605,0.007631321617573523,-0.0021835501976329268,0.06348630338045086,"two-sided Student t, df=n-1",1e-06,8.94085151375348e-05,0.0001524645937876803,8.802547426520416e-05,-0.00028933453199244335,0.00046815156226751297,True,D:\PhD-Project\GP_RKHS_MINT\GP_RKHS_MINT\Tully_models\GP_MInt_QCLE_Reviewer_Ready_Pipeline_v4\output\fixed_pipeline\final_reviewer_closure\manufactured\manufactured_complete.csv
0.05,600,on_support,Q_relative_linf,3,"[123,124,125]",0.04582949308593052,0.028487619898839262,0.016447335017166588,-0.024937677821908248,0.11659666399376928,"two-sided Student t, df=n-1",1e-06,0.00027616980740801056,0.0009671029419111565,0.0005583571438464852,-0.0021262470817084104,0.002678586696524431,True,D:\PhD-Project\GP_RKHS_MINT\GP_RKHS_MINT\Tully_models\GP_MInt_QCLE_Reviewer_Ready_Pipeline_v4\output\fixed_pipeline\final_reviewer_closure\manufactured\manufactured_complete.csv
0.05,600,on_support,Q_mae,3,"[123,124,125]",2.57672915330611e-06,1.2529284138807503e-06,7.233785570293821e-07,-5.357175697000167e-07,5.6891758763122365e-06,"two-sided Student t, df=n-1",1e-06,1.3500211834184213e-08,1.887569241144933e-08,1.0897886094890847e-08,-3.338960751991552e-08,6.039003118828394e-08,True,D:\PhD-Project\GP_RKHS_MINT\GP_RKHS_MINT\Tully_models\GP_MInt_QCLE_Reviewer_Ready_Pipeline_v4\output\fixed_pipeline\final_reviewer_closure\manufactured\manufactured_complete.csv
0.05,600,on_support,Q_rmse,3,"[123,124,125]",5.248873887276806e-06,2.215931938902642e-06,1.2793689014313299e-06,-2.558062087550602e-07,1.0753553983308673e-05,"two-sided Student t, df=n-1",1e-06,1.5631065202547852e-08,2.641663608299343e-08,1.525165195360064e-08,-4.999149670798743e-08,8.125362711308314e-08,True,D:\PhD-Project\GP_RKHS_MINT\GP_RKHS_MINT\Tully_models\GP_MInt_QCLE_Reviewer_Ready_Pipeline_v4\output\fixed_pipeline\final_reviewer_closure\manufactured\manufactured_complete.csv
0.05,600,on_support,Q_linf,3,"[123,124,125]",4.354201161148672e-05,2.0138228111570285e-05,1.1626811421217193e-05,-6.484120287675715e-06,9.356814351064915e-05,"two-sided Student t, df=n-1",1e-06,3.531000788982318e-07,1.0033861489928329e-06,5.79305263222154e-07,-2.139449293231911e-06,2.845649451028375e-06,True,D:\PhD-Project\GP_RKHS_MINT\GP_RKHS_MINT\Tully_models\GP_MInt_QCLE_Reviewer_Ready_Pipeline_v4\output\fixed_pipeline\final_reviewer_closure\manufactured\manufactured_complete.csv
0.05,1200,off_support,density_relative_l1,3,"[123,124,125]",0.007675211316057007,0.0021155573708912393,0.0012214176175701541,0.0024198754697198257,0.012930547162394189,"two-sided Student t, df=n-1",1e-06,1.3989135392465888e-05,6.997432687584409e-05,4.039969645813145e-05,-0.00015983672885200897,0.00018781499963694073,True,D:\PhD-Project\GP_RKHS_MINT\GP_RKHS_MINT\Tully_models\GP_MInt_QCLE_Reviewer_Ready_Pipeline_v4\output\fixed_pipeline\final_reviewer_closure\manufactured\manufactured_complete.csv
0.05,1200,off_support,density_relative_l2,3,"[123,124,125]",0.008342878321224836,0.002218843221184563,0.001281049731040484,0.00283096619908699,0.013854790443362682,"two-sided Student t, df=n-1",1e-06,-4.370643635560745e-05,0.0001639399587171427,9.465077929627848e-05,-0.0004509558702626071,0.00036354299755139225,True,D:\PhD-Project\GP_RKHS_MINT\GP_RKHS_MINT\Tully_models\GP_MInt_QCLE_Reviewer_Ready_Pipeline_v4\output\fixed_pipeline\final_reviewer_closure\manufactured\manufactured_complete.csv
0.05,1200,off_support,density_relative_linf,3,"[123,124,125]",0.012165366999412902,0.0010312064200729803,0.0005953673042192056,0.009603708242742304,0.014727025756083499,"two-sided Student t, df=n-1",1e-06,-8.346274806567769e-05,0.0002599367326925747,0.0001500745425923298,-0.0007291813884084655,0.0005622558922771101,True,D:\PhD-Project\GP_RKHS_MINT\GP_RKHS_MINT\Tully_models\GP_MInt_QCLE_Reviewer_Ready_Pipeline_v4\output\fixed_pipeline\final_reviewer_closure\manufactured\manufactured_complete.csv
0.05,1200,off_support,density_mae,3,"[123,124,125]",7.450464725105629e-05,2.1719613911576973e-05,1.2539824938543707e-05,2.0550135249319453e-05,0.00012845915925279312,"two-sided Student t, df=n-1",1e-06,1.433821160313166e-07,6.707581225417665e-07,3.872623826106169e-07,-1.5228734316168858e-06,1.809637663679519e-06,True,D:\PhD-Project\GP_RKHS_MINT\GP_RKHS_MINT\Tully_models\GP_MInt_QCLE_Reviewer_Ready_Pipeline_v4\output\fixed_pipeline\final_reviewer_closure\manufactured\manufactured_complete.csv
0.05,1200,off_support,density_rmse,3,"[123,124,125]",0.00012860825828732602,3.914244407174171e-05,2.259890062155995e-05,3.137303683983926e-05,0.0002258434797348128,"two-sided Student t, df=n-1",1e-06,-5.904537531567405e-07,2.4277988348082537e-06,1.401690310814805e-06,-6.6214403951726955e-06,5.440532888859214e-06,True,D:\PhD-Project\GP_RKHS_MINT\GP_RKHS_MINT\Tully_models\GP_MInt_QCLE_Reviewer_Ready_Pipeline_v4\output\fixed_pipeline\final_reviewer_closure\manufactured\manufactured_complete.csv
0.05,1200,off_support,density_linf,3,"[123,124,125]",0.0009897476279551645,0.0001465457678096517,8.46082384935028e-05,0.0006257077596463124,0.0013537874962640164,"two-sided Student t, df=n-1",1e-06,-6.498648998759573e-06,2.0845643452780778e-05,1.2035237858893942e-05,-5.828209802487194e-05,4.52848000273528e-05,True,D:\PhD-Project\GP_RKHS_MINT\GP_RKHS_MINT\Tully_models\GP_MInt_QCLE_Reviewer_Ready_Pipeline_v4\output\fixed_pipeline\final_reviewer_closure\manufactured\manufactured_complete.csv
0.05,1200,off_support,gradient_relative_l1,3,"[123,124,125]",0.011907389313906053,0.002855272053140282,0.0016484920884901574,0.004814500329481383,0.019000278298330724,"two-sided Student t, df=n-1",1e-06,1.940016025940283e-05,0.00013533807816013284,7.813747585735931e-05,-0.0003167982635298306,0.00035559858404863627,True,D:\PhD-Project\GP_RKHS_MINT\GP_RKHS_MINT\Tully_models\GP_MInt_QCLE_Reviewer_Ready_Pipeline_v4\output\fixed_pipeline\final_reviewer_closure\manufactured\manufactured_complete.csv
0.05,1200,off_support,gradient_relative_l2,3,"[123,124,125]",0.010978334883162947,0.0026285707226272642,0.0015176060142928203,0.004448603223162661,0.017508066543163232,"two-sided Student t, df=n-1",1e-06,-8.510564036950073e-05,0.00028792545180415563,0.00016623383710567387,-0.0008003521133600922,0.0006301408326210907,True,D:\PhD-Project\GP_RKHS_MINT\GP_RKHS_MINT\Tully_models\GP_MInt_QCLE_Reviewer_Ready_Pipeline_v4\output\fixed_pipeline\final_reviewer_closure\manufactured\manufactured_complete.csv
0.05,1200,off_support,gradient_relative_linf,3,"[123,124,125]",0.012727264837583277,0.0018185961081846587,0.0010499669526076185,0.008209621662855368,0.017244908012311187,"two-sided Student t, df=n-1",1e-06,-0.0033531297914498443,0.005505350686554258,0.003178515700865392,-0.01702917904816037,0.01032291946526068,True,D:\PhD-Project\GP_RKHS_MINT\GP_RKHS_MINT\Tully_models\GP_MInt_QCLE_Reviewer_Ready_Pipeline_v4\output\fixed_pipeline\final_reviewer_closure\manufactured\manufactured_complete.csv
0.05,1200,off_support,gradient_mae,3,"[123,124,125]",0.00012548358447821736,2.7241430009090163e-05,1.5727846948858557e-05,5.7812120871467954e-05,0.00019315504808496676,"two-sided Student t, df=n-1",1e-06,1.9939770821766618e-07,1.4524474171644856e-06,8.385709072836924e-07,-3.4086816950502835e-06,3.807477111485616e-06,True,D:\PhD-Project\GP_RKHS_MINT\GP_RKHS_MINT\Tully_models\GP_MInt_QCLE_Reviewer_Ready_Pipeline_v4\output\fixed_pipeline\final_reviewer_closure\manufactured\manufactured_complete.csv
0.05,1200,off_support,gradient_rmse,3,"[123,124,125]",0.00022075530185238903,4.7880364831943866e-05,2.7643741524620284e-05,0.00010181388192246698,0.00033969672178231107,"two-sided Student t, df=n-1",1e-06,-1.7580009075508507e-06,5.877614859121942e-06,3.393442521106998e-06,-1.6358805634058832e-05,1.2842803818957132e-05,True,D:\PhD-Project\GP_RKHS_MINT\GP_RKHS_MINT\Tully_models\GP_MInt_QCLE_Reviewer_Ready_Pipeline_v4\output\fixed_pipeline\final_reviewer_closure\manufactured\manufactured_complete.csv
0.05,1200,off_support,gradient_linf,3,"[123,124,125]",0.0022035403698309787,0.00023896746421152355,0.00013796792979008538,0.0016099122801091423,0.002797168459552815,"two-sided Student t, df=n-1",1e-06,-0.0005640278968848399,0.000922216179182752,0.0005324417593021901,-0.002854939885950624,0.0017268840921809444,True,D:\PhD-Project\GP_RKHS_MINT\GP_RKHS_MINT\Tully_models\GP_MInt_QCLE_Reviewer_Ready_Pipeline_v4\output\fixed_pipeline\final_reviewer_closure\manufactured\manufactured_complete.csv
0.05,1200,off_support,Q_relative_l1,3,"[123,124,125]",0.023175506882308673,0.0029109166006057305,0.0016806184829482689,0.015944389179073516,0.03040662458554383,"two-sided Student t, df=n-1",1e-06,3.140790357030835e-06,0.0005468935916430127,0.0003157491623531747,-0.0013554182049411263,0.0013616997856551881,True,D:\PhD-Project\GP_RKHS_MINT\GP_RKHS_MINT\Tully_models\GP_MInt_QCLE_Reviewer_Ready_Pipeline_v4\output\fixed_pipeline\final_reviewer_closure\manufactured\manufactured_complete.csv
0.05,1200,off_support,Q_relative_l2,3,"[123,124,125]",0.023837515336782276,0.0018232002349858893,0.0010526251464556922,0.01930843487703789,0.028366595796526662,"two-sided Student t, df=n-1",1e-06,0.0002352457677515576,0.0005286970848967014,0.000305243404284881,-0.0010781105989165285,0.0015486021344196439,True,D:\PhD-Project\GP_RKHS_MINT\GP_RKHS_MINT\Tully_models\GP_MInt_QCLE_Reviewer_Ready_Pipeline_v4\output\fixed_pipeline\final_reviewer_closure\manufactured\manufactured_complete.csv
0.05,1200,off_support,Q_relative_linf,3,"[123,124,125]",0.027184812467771585,0.0012900578545804674,0.000744815249612224,0.023980131100908235,0.030389493834634934,"two-sided Student t, df=n-1",1e-06,0.00048568048794750754,0.0006348064843560799,0.0003665056946263027,-0.0010912662394855343,0.0020626272153805494,True,D:\PhD-Project\GP_RKHS_MINT\GP_RKHS_MINT\Tully_models\GP_MInt_QCLE_Reviewer_Ready_Pipeline_v4\output\fixed_pipeline\final_reviewer_closure\manufactured\manufactured_complete.csv
0.05,1200,off_support,Q_mae,3,"[123,124,125]",2.0502122022720736e-06,2.589662234245559e-07,1.495142188051881e-07,1.4069044406015446e-06,2.6935199639426026e-06,"two-sided Student t, df=n-1",1e-06,3.983423962259346e-11,4.854596658398692e-08,2.8028026875335425e-08,-1.205550321035362e-07,1.206347005827814e-07,True,D:\PhD-Project\GP_RKHS_MINT\GP_RKHS_MINT\Tully_models\GP_MInt_QCLE_Reviewer_Ready_Pipeline_v4\output\fixed_pipeline\final_reviewer_closure\manufactured\manufactured_complete.csv
0.05,1200,off_support,Q_rmse,3,"[123,124,125]",3.7669832499499087e-06,3.0776250679687106e-07,1.7768676614564755e-07,3.0024588005624584e-06,4.5315076993373595e-06,"two-sided Student t, df=n-1",1e-06,3.6784300435568505e-08,8.299530378082244e-08,4.7917360979332605e-08,-1.6938746358199233e-07,2.4295606445312934e-07,True,D:\PhD-Project\GP_RKHS_MINT\GP_RKHS_MINT\Tully_models\GP_MInt_QCLE_Reviewer_Ready_Pipeline_v4\output\fixed_pipeline\final_reviewer_closure\manufactured\manufactured_complete.csv
0.05,1200,off_support,Q_linf,3,"[123,124,125]",2.6376883295280254e-05,2.253886020537684e-06,1.3012817006801664e-06,2.07779200337451e-05,3.197584655681541e-05,"two-sided Student t, df=n-1",1e-06,4.857328144502367e-07,6.396122027651744e-07,3.6928027744344296e-07,-1.1031519793147416e-06,2.0746176082152153e-06,True,D:\PhD-Project\GP_RKHS_MINT\GP_RKHS_MINT\Tully_models\GP_MInt_QCLE_Reviewer_Ready_Pipeline_v4\output\fixed_pipeline\final_reviewer_closure\manufactured\manufactured_complete.csv
0.05,1200,on_support,density_relative_l1,3,"[123,124,125]",0.006809365618819552,0.002187601886553969,0.0012630125380816673,0.0013750612742020139,0.012243669963437091,"two-sided Student t, df=n-1",1e-06,1.6660068512156824e-05,1.300077914429787e-05,7.506003338635248e-06,-1.5635657241930485e-05,4.895579426624413e-05,True,D:\PhD-Project\GP_RKHS_MINT\GP_RKHS_MINT\Tully_models\GP_MInt_QCLE_Reviewer_Ready_Pipeline_v4\output\fixed_pipeline\final_reviewer_closure\manufactured\manufactured_complete.csv
0.05,1200,on_support,density_relative_l2,3,"[123,124,125]",0.007644728546334335,0.00216313739888671,0.001248887959541389,0.0022711973581289327,0.013018259734539739,"two-sided Student t, df=n-1",1e-06,8.456658164703439e-06,6.22504499885025e-05,3.594031405803725e-05,-0.00014618203222324717,0.00016309534855265403,True,D:\PhD-Project\GP_RKHS_MINT\GP_RKHS_MINT\Tully_models\GP_MInt_QCLE_Reviewer_Ready_Pipeline_v4\output\fixed_pipeline\final_reviewer_closure\manufactured\manufactured_complete.csv
0.05,1200,on_support,density_relative_linf,3,"[123,124,125]",0.008931347611728126,0.00030621840452170257,0.0001767952782814227,0.008170658925033174,0.009692036298423077,"two-sided Student t, df=n-1",1e-06,-0.00016574583032954714,0.00025635432155060817,0.00014800623655516752,-0.0008025652680556916,0.00047107360739659734,True,D:\PhD-Project\GP_RKHS_MINT\GP_RKHS_MINT\Tully_models\GP_MInt_QCLE_Reviewer_Ready_Pipeline_v4\output\fixed_pipeline\final_reviewer_closure\manufactured\manufactured_complete.csv
0.05,1200,on_support,density_mae,3,"[123,124,125]",6.199805715585017e-05,1.904216439251931e-05,1.0993998737974131e-05,1.4694698475629838e-05,0.00010930141583607051,"two-sided Student t, df=n-1",1e-06,1.5447524184071404e-07,1.249546744280757e-07,7.214261491755157e-08,-1.5592937716170683e-07,4.648798608431349e-07,True,D:\PhD-Project\GP_RKHS_MINT\GP_RKHS_MINT\Tully_models\GP_MInt_QCLE_Reviewer_Ready_Pipeline_v4\output\fixed_pipeline\final_reviewer_closure\manufactured\manufactured_complete.csv
0.05,1200,on_support,density_rmse,3,"[123,124,125]",0.00010842791706848151,3.111756389808748e-05,1.7965733893086186e-05,3.112760309239974e-05,0.00018572823104456328,"two-sided Student t, df=n-1",1e-06,1.4072365237687237e-07,8.698384231285045e-07,5.022014477447217e-07,-2.020074777619309e-06,2.301522082373054e-06,True,D:\PhD-Project\GP_RKHS_MINT\GP_RKHS_MINT\Tully_models\GP_MInt_QCLE_Reviewer_Ready_Pipeline_v4\output\fixed_pipeline\final_reviewer_closure\manufactured\manufactured_complete.csv
0.05,1200,on_support,density_linf,3,"[123,124,125]",0.0007126949605419014,8.699076771024007e-05,5.022414315451931e-05,0.0004965979139014591,0.0009287920071823437,"two-sided Student t, df=n-1",1e-06,-1.2470750638298583e-05,1.993605701733996e-05,1.1510087885540953e-05,-6.199466169806386e-05,3.705316042146669e-05,True,D:\PhD-Project\GP_RKHS_MINT\GP_RKHS_MINT\Tully_models\GP_MInt_QCLE_Reviewer_Ready_Pipeline_v4\output\fixed_pipeline\final_reviewer_closure\manufactured\manufactured_complete.csv
0.05,1200,on_support,gradient_relative_l1,3,"[123,124,125]",0.011059796167881676,0.002913974563001657,0.001682383998360729,0.0038210820649377765,0.018298510270825574,"two-sided Student t, df=n-1",1e-06,-1.2279127271098052e-06,0.00011758689965767173,6.78888281705303e-05,-0.0002933299645709143,0.0002908741391166947,True,D:\PhD-Project\GP_RKHS_MINT\GP_RKHS_MINT\Tully_models\GP_MInt_QCLE_Reviewer_Ready_Pipeline_v4\output\fixed_pipeline\final_reviewer_closure\manufactured\manufactured_complete.csv
0.05,1200,on_support,gradient_relative_l2,3,"[123,124,125]",0.010174665791601709,0.002625683809656965,0.0015159392543122908,0.0036521056209813966,0.01669722596222202,"two-sided Student t, df=n-1",1e-06,-7.62639732234995e-07,0.00011461535235535306,6.61732045356269e-05,-0.00028548295886019116,0.0002839576793957212,True,D:\PhD-Project\GP_RKHS_MINT\GP_RKHS_MINT\Tully_models\GP_MInt_QCLE_Reviewer_Ready_Pipeline_v4\output\fixed_pipeline\final_reviewer_closure\manufactured\manufactured_complete.csv
0.05,1200,on_support,gradient_relative_linf,3,"[123,124,125]",0.012062243293623478,0.0007714236227602176,0.00044538163625984793,0.010145920780613509,0.013978565806633448,"two-sided Student t, df=n-1",1e-06,-0.00023070136500740143,0.00032143818755443277,0.0001855824241123772,-0.0010291980886981483,0.0005677953586833455,True,D:\PhD-Project\GP_RKHS_MINT\GP_RKHS_MINT\Tully_models\GP_MInt_QCLE_Reviewer_Ready_Pipeline_v4\output\fixed_pipeline\final_reviewer_closure\manufactured\manufactured_complete.csv
0.05,1200,on_support,gradient_mae,3,"[123,124,125]",0.00011530025578051439,2.687167343291677e-05,1.551436789007021e-05,4.854731842879362e-05,0.00018205319313223514,"two-sided Student t, df=n-1",1e-06,3.48304699456353e-09,1.2433095938278207e-06,7.178251286825366e-07,-3.085069202375837e-06,3.092035296364964e-06,True,D:\PhD-Project\GP_RKHS_MINT\GP_RKHS_MINT\Tully_models\GP_MInt_QCLE_Reviewer_Ready_Pipeline_v4\output\fixed_pipeline\final_reviewer_closure\manufactured\manufactured_complete.csv
0.05,1200,on_support,gradient_rmse,3,"[123,124,125]",0.00020407832283370858,4.608772273396681e-05,2.6608759126792575e-05,8.959007274298739e-05,0.0003185665729244298,"two-sided Student t, df=n-1",1e-06,-6.652431487809028e-09,2.3195310737659676e-06,1.3391818898324831e-06,-5.76868704533518e-06,5.755382182359562e-06,True,D:\PhD-Project\GP_RKHS_MINT\GP_RKHS_MINT\Tully_models\GP_MInt_QCLE_Reviewer_Ready_Pipeline_v4\output\fixed_pipeline\final_reviewer_closure\manufactured\manufactured_complete.csv
0.05,1200,on_support,gradient_linf,3,"[123,124,125]",0.0020620748667830504,0.0001719552236202528,9.927839464571526e-05,0.0016349144110608129,0.002489235322505288,"two-sided Student t, df=n-1",1e-06,-3.9228049409132985e-05,5.518592926138864e-05,3.186161111454238e-05,-0.00017631749744363568,9.78613986253697e-05,True,D:\PhD-Project\GP_RKHS_MINT\GP_RKHS_MINT\Tully_models\GP_MInt_QCLE_Reviewer_Ready_Pipeline_v4\output\fixed_pipeline\final_reviewer_closure\manufactured\manufactured_complete.csv
0.05,1200,on_support,Q_relative_l1,3,"[123,124,125]",0.022523132428631493,0.0036276915407323453,0.002094448687578748,0.01351144706581229,0.031534817791450696,"two-sided Student t, df=n-1",1e-06,1.413722358329858e-05,0.0005589869821391396,0.00032273128461152877,-0.0013744634191088382,0.0014027378662754353,True,D:\PhD-Project\GP_RKHS_MINT\GP_RKHS_MINT\Tully_models\GP_MInt_QCLE_Reviewer_Ready_Pipeline_v4\output\fixed_pipeline\final_reviewer_closure\manufactured\manufactured_complete.csv
0.05,1200,on_support,Q_relative_l2,3,"[123,124,125]",0.021871684474124284,0.0030000194098898435,0.0017320620138740034,0.014419223122126307,0.02932414582612226,"two-sided Student t, df=n-1",1e-06,0.00010748302947955503,0.0005062483738954251,0.000292282634945334,-0.0011501076476107671,0.0013650737065698773,True,D:\PhD-Project\GP_RKHS_MINT\GP_RKHS_MINT\Tully_models\GP_MInt_QCLE_Reviewer_Ready_Pipeline_v4\output\fixed_pipeline\final_reviewer_closure\manufactured\manufactured_complete.csv
0.05,1200,on_support,Q_relative_linf,3,"[123,124,125]",0.029340551327599013,0.006150955046723964,0.0035512555519993678,0.014060731932940355,0.04462037072225767,"two-sided Student t, df=n-1",1e-06,0.0011936072379021834,0.0012216657347021754,0.000705329040790043,-0.0018411786847870567,0.004228393160591423,True,D:\PhD-Project\GP_RKHS_MINT\GP_RKHS_MINT\Tully_models\GP_MInt_QCLE_Reviewer_Ready_Pipeline_v4\output\fixed_pipeline\final_reviewer_closure\manufactured\manufactured_complete.csv
0.05,1200,on_support,Q_mae,3,"[123,124,125]",1.9484496011560265e-06,2.923015111142327e-07,1.6876035612633664e-07,1.2223323942045512e-06,2.6745668081075017e-06,"two-sided Student t, df=n-1",1e-06,2.7019840790803255e-09,4.806298751966866e-08,2.7749178782538326e-08,-1.1669309575643447e-07,1.2209706391459513e-07,True,D:\PhD-Project\GP_RKHS_MINT\GP_RKHS_MINT\Tully_models\GP_MInt_QCLE_Reviewer_Ready_Pipeline_v4\output\fixed_pipeline\final_reviewer_closure\manufactured\manufactured_complete.csv
0.05,1200,on_support,Q_rmse,3,"[123,124,125]",3.3740957428875732e-06,4.2949116439223333e-07,2.4796683937642174e-07,2.3071805445704875e-06,4.4410109412046585e-06,"two-sided Student t, df=n-1",1e-06,1.8285230831487664e-08,7.784375753011022e-08,4.494311436474109e-08,-1.750893828710115e-07,2.1165984453398682e-07,True,D:\PhD-Project\GP_RKHS_MINT\GP_RKHS_MINT\Tully_models\GP_MInt_QCLE_Reviewer_Ready_Pipeline_v4\output\fixed_pipeline\final_reviewer_closure\manufactured\manufactured_complete.csv
0.05,1200,on_support,Q_linf,3,"[123,124,125]",2.8300652709972442e-05,4.90309678369876e-06,2.8308042479312677e-06,1.612068508537554e-05,4.048062033456935e-05,"two-sided Student t, df=n-1",1e-06,1.1203358873014236e-06,1.1178402027804507e-06,6.453853419862791e-07,-1.6565331161017183e-06,3.897204890704566e-06,True,D:\PhD-Project\GP_RKHS_MINT\GP_RKHS_MINT\Tully_models\GP_MInt_QCLE_Reviewer_Ready_Pipeline_v4\output\fixed_pipeline\final_reviewer_closure\manufactured\manufactured_complete.csv
0.05,2400,off_support,density_relative_l1,3,"[123,124,125]",0.008047368908811617,0.002078662791743689,0.001200116522367678,0.0028836842778928867,0.013211053539730348,"two-sided Student t, df=n-1",1e-06,0.0005781628793382407,0.0010915911572021654,0.0006302304484556853,-0.0021334998800472374,0.003289825638723719,True,D:\PhD-Project\GP_RKHS_MINT\GP_RKHS_MINT\Tully_models\GP_MInt_QCLE_Reviewer_Ready_Pipeline_v4\output\fixed_pipeline\final_reviewer_closure\manufactured\manufactured_complete.csv
0.05,2400,off_support,density_relative_l2,3,"[123,124,125]",0.008901811124742339,0.0009811733560202039,0.0005664807012199533,0.0064644413893181225,0.011339180860166555,"two-sided Student t, df=n-1",1e-06,0.0006062860488037723,0.001304808051668085,0.00075333127987136,-0.002635036838900223,0.003847608936507768,True,D:\PhD-Project\GP_RKHS_MINT\GP_RKHS_MINT\Tully_models\GP_MInt_QCLE_Reviewer_Ready_Pipeline_v4\output\fixed_pipeline\final_reviewer_closure\manufactured\manufactured_complete.csv
0.05,2400,off_support,density_relative_linf,3,"[123,124,125]",0.01702000096041222,0.013237507884752345,0.007642678740661561,-0.015863791585285916,0.04990379350611035,"two-sided Student t, df=n-1",1e-06,0.0011737985270320699,0.0032488571533403625,0.0018757285520396997,-0.006896810047570535,0.009244407101634674,True,D:\PhD-Project\GP_RKHS_MINT\GP_RKHS_MINT\Tully_models\GP_MInt_QCLE_Reviewer_Ready_Pipeline_v4\output\fixed_pipeline\final_reviewer_closure\manufactured\manufactured_complete.csv
0.05,2400,off_support,density_mae,3,"[123,124,125]",7.2625457695983e-05,1.7099878396884706e-05,9.872619395551252e-06,3.014700490446334e-05,0.00011510391048750267,"two-sided Student t, df=n-1",1e-06,5.14808455089919e-06,9.774029105580865e-06,5.6430383351743506e-06,-1.9131949745718702e-05,2.942811884751708e-05,True,D:\PhD-Project\GP_RKHS_MINT\GP_RKHS_MINT\Tully_models\GP_MInt_QCLE_Reviewer_Ready_Pipeline_v4\output\fixed_pipeline\final_reviewer_closure\manufactured\manufactured_complete.csv
0.05,2400,off_support,density_rmse,3,"[123,124,125]",0.0001269187023090645,1.695953728247811e-05,9.791593415370231e-06,8.478887617234701e-05,0.00016904852844578202,"two-sided Student t, df=n-1",1e-06,8.486153953511357e-06,1.86082550823822e-05,1.0743481080962587e-05,-3.7739314245931176e-05,5.471162215295389e-05,True,D:\PhD-Project\GP_RKHS_MINT\GP_RKHS_MINT\Tully_models\GP_MInt_QCLE_Reviewer_Ready_Pipeline_v4\output\fixed_pipeline\final_reviewer_closure\manufactured\manufactured_complete.csv
0.05,2400,off_support,density_linf,3,"[123,124,125]",0.0014790626010832862,0.00132744064609954,0.0007663982143588202,-0.0018184827679619407,0.004776607970128513,"two-sided Student t, df=n-1",1e-06,7.472766882079126e-05,0.00024179094255402517,0.0001395980657711798,-0.000525914329929877,0.0006753696675714596,True,D:\PhD-Project\GP_RKHS_MINT\GP_RKHS_MINT\Tully_models\GP_MInt_QCLE_Reviewer_Ready_Pipeline_v4\output\fixed_pipeline\final_reviewer_closure\manufactured\manufactured_complete.csv
0.05,2400,off_support,gradient_relative_l1,3,"[123,124,125]",0.013341025811005934,0.002037013924635681,0.0011760705377314264,0.008280802701520602,0.018401248920491265,"two-sided Student t, df=n-1",1e-06,0.0007214126468311662,0.001484907966666931,0.0008573120142769724,-0.002967303231598947,0.00441012852526128,True,D:\PhD-Project\GP_RKHS_MINT\GP_RKHS_MINT\Tully_models\GP_MInt_QCLE_Reviewer_Ready_Pipeline_v4\output\fixed_pipeline\final_reviewer_closure\manufactured\manufactured_complete.csv
0.05,2400,off_support,gradient_relative_l2,3,"[123,124,125]",0.012096612084501102,0.001306240271678959,0.000754158172480177,0.008851731365056615,0.015341492803945589,"two-sided Student t, df=n-1",1e-06,0.0007620256960682263,0.0015620116123656242,0.0009018278248766146,-0.0031182262563530737,0.004642277648489526,True,D:\PhD-Project\GP_RKHS_MINT\GP_RKHS_MINT\Tully_models\GP_MInt_QCLE_Reviewer_Ready_Pipeline_v4\output\fixed_pipeline\final_reviewer_closure\manufactured\manufactured_complete.csv
0.05,2400,off_support,gradient_relative_linf,3,"[123,124,125]",0.016338260441386865,0.003387364526488703,0.001955695821211642,0.007923580477795256,0.024752940404978475,"two-sided Student t, df=n-1",1e-06,0.0005631246254677464,0.0019386136197539982,0.0011192590952196458,-0.004252658575816297,0.005378907826751789,True,D:\PhD-Project\GP_RKHS_MINT\GP_RKHS_MINT\Tully_models\GP_MInt_QCLE_Reviewer_Ready_Pipeline_v4\output\fixed_pipeline\final_reviewer_closure\manufactured\manufactured_complete.csv
0.05,2400,off_support,gradient_mae,3,"[123,124,125]",0.0001348978688776914,2.0456496060574388e-05,1.1810563507249142e-05,8.408111556397623e-05,0.00018571462219140657,"two-sided Student t, df=n-1",1e-06,7.3113636880920195e-06,1.5047451272572762e-05,8.687650042837661e-06,-3.0068577483368248e-05,4.4691304859552285e-05,True,D:\PhD-Project\GP_RKHS_MINT\GP_RKHS_MINT\Tully_models\GP_MInt_QCLE_Reviewer_Ready_Pipeline_v4\output\fixed_pipeline\final_reviewer_closure\manufactured\manufactured_complete.csv
0.05,2400,off_support,gradient_rmse,3,"[123,124,125]",0.000232080491893516,2.622812201529785e-05,1.5142813305870564e-05,0.00016692622488773297,0.00029723475889929904,"two-sided Student t, df=n-1",1e-06,1.4799273845867586e-05,3.030725563269777e-05,1.749790219793686e-05,-6.048812281004157e-05,9.008667050177675e-05,True,D:\PhD-Project\GP_RKHS_MINT\GP_RKHS_MINT\Tully_models\GP_MInt_QCLE_Reviewer_Ready_Pipeline_v4\output\fixed_pipeline\final_reviewer_closure\manufactured\manufactured_complete.csv
0.05,2400,off_support,gradient_linf,3,"[123,124,125]",0.0028417172326171644,0.0008254098360440678,0.00047655059103180744,0.0007912855312758485,0.004892148933958481,"two-sided Student t, df=n-1",1e-06,0.00011512272517569255,0.00032292135800351176,0.00018643873297040703,-0.0006870583981605194,0.0009173038485119045,True,D:\PhD-Project\GP_RKHS_MINT\GP_RKHS_MINT\Tully_models\GP_MInt_QCLE_Reviewer_Ready_Pipeline_v4\output\fixed_pipeline\final_reviewer_closure\manufactured\manufactured_complete.csv
0.05,2400,off_support,Q_relative_l1,3,"[123,124,125]",0.023261148782368696,0.0019336562564877435,0.0011163969602034029,0.01845768035412505,0.028064617210612344,"two-sided Student t, df=n-1",1e-06,-0.00010783936151122335,0.0008111759447787175,0.0004683326500781416,-0.0021229121167757677,0.001907233393753321,True,D:\PhD-Project\GP_RKHS_MINT\GP_RKHS_MINT\Tully_models\GP_MInt_QCLE_Reviewer_Ready_Pipeline_v4\output\fixed_pipeline\final_reviewer_closure\manufactured\manufactured_complete.csv
0.05,2400,off_support,Q_relative_l2,3,"[123,124,125]",0.021621767264293573,0.002880426042544225,0.0016630147510437168,0.014466392306190377,0.02877714222239677,"two-sided Student t, df=n-1",1e-06,0.0003628274833237452,0.0014089324479256377,0.0008134475280798653,-0.0031371547438336666,0.003862809710481157,True,D:\PhD-Project\GP_RKHS_MINT\GP_RKHS_MINT\Tully_models\GP_MInt_QCLE_Reviewer_Ready_Pipeline_v4\output\fixed_pipeline\final_reviewer_closure\manufactured\manufactured_complete.csv
0.05,2400,off_support,Q_relative_linf,3,"[123,124,125]",0.028488317052299345,0.0033301119036992584,0.001922641004032344,0.020215860488073847,0.03676077361652484,"two-sided Student t, df=n-1",1e-06,0.0014431670605551915,0.002097167422425216,0.001210800175872912,-0.0037664856212809624,0.006652819742391345,True,D:\PhD-Project\GP_RKHS_MINT\GP_RKHS_MINT\Tully_models\GP_MInt_QCLE_Reviewer_Ready_Pipeline_v4\output\fixed_pipeline\final_reviewer_closure\manufactured\manufactured_complete.csv
0.05,2400,off_support,Q_mae,3,"[123,124,125]",2.0607482951070594e-06,8.675609057612264e-08,5.008865224796396e-08,1.8452342187855565e-06,2.2762623714285624e-06,"two-sided Student t, df=n-1",1e-06,-9.208123786095614e-09,7.295858934731737e-08,4.2122661199369044e-08,-1.904473069776266e-07,1.7203105940543538e-07,True,D:\PhD-Project\GP_RKHS_MINT\GP_RKHS_MINT\Tully_models\GP_MInt_QCLE_Reviewer_Ready_Pipeline_v4\output\fixed_pipeline\final_reviewer_closure\manufactured\manufactured_complete.csv
0.05,2400,off_support,Q_rmse,3,"[123,124,125]",3.5302131648789576e-06,3.549611581572596e-07,2.0493692021395518e-07,2.648440765704863e-06,4.411985564053052e-06,"two-sided Student t, df=n-1",1e-06,6.27072938638061e-08,2.3801850627551006e-07,1.3742004867027836e-07,-5.285634536623437e-07,6.539780413899559e-07,True,D:\PhD-Project\GP_RKHS_MINT\GP_RKHS_MINT\Tully_models\GP_MInt_QCLE_Reviewer_Ready_Pipeline_v4\output\fixed_pipeline\final_reviewer_closure\manufactured\manufactured_complete.csv
0.05,2400,off_support,Q_linf,3,"[123,124,125]",3.167237167374119e-05,2.98733114913471e-06,1.724736443111479e-06,2.4251429708781174e-05,3.909331363870121e-05,"two-sided Student t, df=n-1",1e-06,1.6926789685564956e-06,2.500434286228924e-06,1.4436264082452392e-06,-4.51874413754132e-06,7.904102074654311e-06,True,D:\PhD-Project\GP_RKHS_MINT\GP_RKHS_MINT\Tully_models\GP_MInt_QCLE_Reviewer_Ready_Pipeline_v4\output\fixed_pipeline\final_reviewer_closure\manufactured\manufactured_complete.csv
0.05,2400,on_support,density_relative_l1,3,"[123,124,125]",0.0071923884308662004,0.002513216856381447,0.0014510064285637337,0.0009492116601998021,0.0134355652015326,"two-sided Student t, df=n-1",1e-06,0.0006998983356144139,0.001173586988452308,0.0006775707637003823,-0.0022154533603833356,0.0036152500316121634,True,D:\PhD-Project\GP_RKHS_MINT\GP_RKHS_MINT\Tully_models\GP_MInt_QCLE_Reviewer_Ready_Pipeline_v4\output\fixed_pipeline\final_reviewer_closure\manufactured\manufactured_complete.csv
0.05,2400,on_support,density_relative_l2,3,"[123,124,125]",0.007583786421654102,0.0022320175436622903,0.0012886559296693906,0.0020391474682229785,0.013128425375085226,"two-sided Student t, df=n-1",1e-06,0.0007453328199829726,0.00130317518171902,0.0007523885419667157,-0.002491933793902217,0.003982599433868162,True,D:\PhD-Project\GP_RKHS_MINT\GP_RKHS_MINT\Tully_models\GP_MInt_QCLE_Reviewer_Ready_Pipeline_v4\output\fixed_pipeline\final_reviewer_closure\manufactured\manufactured_complete.csv
0.05,2400,on_support,density_relative_linf,3,"[123,124,125]",0.009546406768599013,0.0004826371003315337,0.00027865065979731143,0.00834746974659048,0.010745343790607546,"two-sided Student t, df=n-1",1e-06,0.0007852247316686827,0.0014116434008385145,0.0008150126974738751,-0.0027214918758543018,0.0042919413391916674,True,D:\PhD-Project\GP_RKHS_MINT\GP_RKHS_MINT\Tully_models\GP_MInt_QCLE_Reviewer_Ready_Pipeline_v4\output\fixed_pipeline\final_reviewer_closure\manufactured\manufactured_complete.csv
0.05,2400,on_support,density_mae,3,"[123,124,125]",6.805996656067792e-05,2.450109193876941e-05,1.414571202628829e-05,7.195880097273076e-06,0.00012892405302408278,"two-sided Student t, df=n-1",1e-06,6.670413575345579e-06,1.1185825843269763e-05,6.458139561720071e-06,-2.1116718238647928e-05,3.4457545389339084e-05,True,D:\PhD-Project\GP_RKHS_MINT\GP_RKHS_MINT\Tully_models\GP_MInt_QCLE_Reviewer_Ready_Pipeline_v4\output\fixed_pipeline\final_reviewer_closure\manufactured\manufactured_complete.csv
0.05,2400,on_support,density_rmse,3,"[123,124,125]",0.00011188103670728884,3.435049231647674e-05,1.9832265985714017e-05,2.654968332779648e-05,0.0001972123900867812,"two-sided Student t, df=n-1",1e-06,1.1111077685719515e-05,1.9405609595574995e-05,1.1203833923794008e-05,-3.709512892955501e-05,5.931728430099404e-05,True,D:\PhD-Project\GP_RKHS_MINT\GP_RKHS_MINT\Tully_models\GP_MInt_QCLE_Reviewer_Ready_Pipeline_v4\output\fixed_pipeline\final_reviewer_closure\manufactured\manufactured_complete.csv
0.05,2400,on_support,density_linf,3,"[123,124,125]",0.000826524587862204,4.711207165399282e-05,2.720016725151369e-05,0.000709491713989287,0.0009435574617351211,"two-sided Student t, df=n-1",1e-06,6.950026677648181e-05,0.0001236128260390997,7.136789838896459e-05,-0.00023757101603947357,0.00037657154959243723,True,D:\PhD-Project\GP_RKHS_MINT\GP_RKHS_MINT\Tully_models\GP_MInt_QCLE_Reviewer_Ready_Pipeline_v4\output\fixed_pipeline\final_reviewer_closure\manufactured\manufactured_complete.csv
0.05,2400,on_support,gradient_relative_l1,3,"[123,124,125]",0.01248394810545475,0.002361969728725748,0.001363683858697558,0.006616490028387135,0.018351406182522366,"two-sided Student t, df=n-1",1e-06,0.0007239246972269893,0.001360282417696569,0.0007853594200310291,-0.0026552041551620967,0.0041030535496160755,True,D:\PhD-Project\GP_RKHS_MINT\GP_RKHS_MINT\Tully_models\GP_MInt_QCLE_Reviewer_Ready_Pipeline_v4\output\fixed_pipeline\final_reviewer_closure\manufactured\manufactured_complete.csv
0.05,2400,on_support,gradient_relative_l2,3,"[123,124,125]",0.011283860665331444,0.0017591677291878976,0.0010156559619963355,0.00691384576801575,0.01565387556264714,"two-sided Student t, df=n-1",1e-06,0.0007400329313023337,0.0014118961227807957,0.0008151586065552813,-0.002767311472328051,0.004247377334932719,True,D:\PhD-Project\GP_RKHS_MINT\GP_RKHS_MINT\Tully_models\GP_MInt_QCLE_Reviewer_Ready_Pipeline_v4\output\fixed_pipeline\final_reviewer_closure\manufactured\manufactured_complete.csv
0.05,2400,on_support,gradient_relative_linf,3,"[123,124,125]",0.014384892936074123,0.0034183569120187184,0.001973589283340225,0.005893223618811252,0.022876562253336993,"two-sided Student t, df=n-1",1e-06,0.0007974956623569314,0.001975954705708603,0.0011408179812473697,-0.004111047938743506,0.005706039263457368,True,D:\PhD-Project\GP_RKHS_MINT\GP_RKHS_MINT\Tully_models\GP_MInt_QCLE_Reviewer_Ready_Pipeline_v4\output\fixed_pipeline\final_reviewer_closure\manufactured\manufactured_complete.csv
0.05,2400,on_support,gradient_mae,3,"[123,124,125]",0.00013015606039521206,2.448299575182597e-05,1.4135264187885187e-05,6.933692735223174e-05,0.00019097519343819238,"two-sided Student t, df=n-1",1e-06,7.566818888347781e-06,1.4218781369938126e-05,8.209217251482213e-06,-2.775459212741082e-05,4.288822990410638e-05,True,D:\PhD-Project\GP_RKHS_MINT\GP_RKHS_MINT\Tully_models\GP_MInt_QCLE_Reviewer_Ready_Pipeline_v4\output\fixed_pipeline\final_reviewer_closure\manufactured\manufactured_complete.csv
0.05,2400,on_support,gradient_rmse,3,"[123,124,125]",0.00022305575044611727,3.441206181314326e-05,1.9867813151188305e-05,0.000137571449958064,0.00030854005093417056,"two-sided Student t, df=n-1",1e-06,1.4622942794062263e-05,2.7912095264658957e-05,1.611505571469733e-05,-5.471454566598561e-05,8.396043125411013e-05,True,D:\PhD-Project\GP_RKHS_MINT\GP_RKHS_MINT\Tully_models\GP_MInt_QCLE_Reviewer_Ready_Pipeline_v4\output\fixed_pipeline\final_reviewer_closure\manufactured\manufactured_complete.csv
0.05,2400,on_support,gradient_linf,3,"[123,124,125]",0.0026388725215822193,0.0005937697773520305,0.000342813140790859,0.001163866625582722,0.004113878417581716,"two-sided Student t, df=n-1",1e-06,0.00014800748645049625,0.00036394962582606363,0.00021012641444214143,-0.0007560935042302464,0.001052108477131239,True,D:\PhD-Project\GP_RKHS_MINT\GP_RKHS_MINT\Tully_models\GP_MInt_QCLE_Reviewer_Ready_Pipeline_v4\output\fixed_pipeline\final_reviewer_closure\manufactured\manufactured_complete.csv
0.05,2400,on_support,Q_relative_l1,3,"[123,124,125]",0.023857864783187757,0.0019565319944078335,0.001129604273649478,0.018997569871693404,0.02871815969468211,"two-sided Student t, df=n-1",1e-06,-0.00027455744070055643,0.0004955644807732694,0.00028611428637526423,-0.0015056078559781507,0.0009564929745770378,True,D:\PhD-Project\GP_RKHS_MINT\GP_RKHS_MINT\Tully_models\GP_MInt_QCLE_Reviewer_Ready_Pipeline_v4\output\fixed_pipeline\final_reviewer_closure\manufactured\manufactured_complete.csv
0.05,2400,on_support,Q_relative_l2,3,"[123,124,125]",0.021948962379259623,0.0022446156677499657,0.0012959294600026943,0.016373027950685383,0.027524896807833862,"two-sided Student t, df=n-1",1e-06,-4.367149761831668e-05,0.0008510446619099777,0.0004913508646461197,-0.002157783636626503,0.00207044064138987,True,D:\PhD-Project\GP_RKHS_MINT\GP_RKHS_MINT\Tully_models\GP_MInt_QCLE_Reviewer_Ready_Pipeline_v4\output\fixed_pipeline\final_reviewer_closure\manufactured\manufactured_complete.csv
0.05,2400,on_support,Q_relative_linf,3,"[123,124,125]",0.027533454430382524,0.005651639809839245,0.003262975765573494,0.013494002845705372,0.041572906015059675,"two-sided Student t, df=n-1",1e-06,0.0019858345630944124,0.003358287958581201,0.0019389084569031354,-0.006356615201630798,0.010328284327819622,True,D:\PhD-Project\GP_RKHS_MINT\GP_RKHS_MINT\Tully_models\GP_MInt_QCLE_Reviewer_Ready_Pipeline_v4\output\fixed_pipeline\final_reviewer_closure\manufactured\manufactured_complete.csv
0.05,2400,on_support,Q_mae,3,"[123,124,125]",2.1313945426178317e-06,2.4791195445137353e-07,1.4313203363782677e-07,1.5155471073790765e-06,2.747241977856587e-06,"two-sided Student t, df=n-1",1e-06,-2.5095807900637973e-08,4.377596514032287e-08,2.5274065257801084e-08,-1.3384133377263424e-07,8.364971797135829e-08,True,D:\PhD-Project\GP_RKHS_MINT\GP_RKHS_MINT\Tully_models\GP_MInt_QCLE_Reviewer_Ready_Pipeline_v4\output\fixed_pipeline\final_reviewer_closure\manufactured\manufactured_complete.csv
0.05,2400,on_support,Q_rmse,3,"[123,124,125]",3.5939148694635147e-06,5.478111196693441e-07,3.1627889740616616e-07,2.233076608193588e-06,4.954753130733442e-06,"two-sided Student t, df=n-1",1e-06,-7.848701332389817e-09,1.3500616504790061e-07,7.794584573266446e-08,-3.4322260724251295e-07,3.275252045777333e-07,True,D:\PhD-Project\GP_RKHS_MINT\GP_RKHS_MINT\Tully_models\GP_MInt_QCLE_Reviewer_Ready_Pipeline_v4\output\fixed_pipeline\final_reviewer_closure\manufactured\manufactured_complete.csv
0.05,2400,on_support,Q_linf,3,"[123,124,125]",3.0109306619130574e-05,7.021402768236895e-06,4.053808778330355e-06,1.2667175213381289e-05,4.7551438024879855e-05,"two-sided Student t, df=n-1",1e-06,2.281735357771502e-06,3.853895919807546e-06,2.225047846729687e-06,-7.29187283366451e-06,1.1855343549207514e-05,True,D:\PhD-Project\GP_RKHS_MINT\GP_RKHS_MINT\Tully_models\GP_MInt_QCLE_Reviewer_Ready_Pipeline_v4\output\fixed_pipeline\final_reviewer_closure\manufactured\manufactured_complete.csv
