method,P0,seed,observable,dt1,dt2,dt3,value1,value2,value3,D12,D23,D12_over_D23,paired_difference_D12_minus_D23,paired_contraction,raw_observable_seed_spread,pooled_raw_observable_seed_spread,raw_seed_spread_role,roundoff_threshold,physically_admissible_case,physical_admissibility_reason,p_observed,verdict,reason,alignment,run1_manifest,run2_manifest,run3_manifest
PBME,20.0,11,P0,0.5,0.25,0.125,0.9560133425030243,0.9560124777213774,0.9560122615259072,5.737736997423879e-07,1.4344361992986448e-07,3.9999945624833617,4.303300798125234e-07,True,0.011239137816897725,0.010951432807070687,descriptive cloud-to-cloud variability only; not an order or uncertainty gate,1.9140962294282435e-12,True,"passed endpoint population, norm, energy and signed-central-moment checks",1.9999980388290948,COMPUTED_POSITIVE,three finite and physically admissible levels; paired finer difference contracts,linear interpolation to common coarse saved times; no extrapolation,D:\PhD-Project\GP_RKHS_MINT\GP_RKHS_MINT\Tully_models\GP_MInt_QCLE_Reviewer_Ready_Pipeline_v4\output\fixed_pipeline\reviewer_closure_20260723_194254\step7_dt_P020\seed11_dt0.5\run_manifest.json,D:\PhD-Project\GP_RKHS_MINT\GP_RKHS_MINT\Tully_models\GP_MInt_QCLE_Reviewer_Ready_Pipeline_v4\output\fixed_pipeline\reviewer_closure_20260726_174927\step9_repl_P020\seed11\run_manifest.json,D:\PhD-Project\GP_RKHS_MINT\GP_RKHS_MINT\Tully_models\GP_MInt_QCLE_Reviewer_Ready_Pipeline_v4\output\fixed_pipeline\reviewer_closure_20260723_194254\step7_dt_P020\seed11_dt0.125\run_manifest.json
PBME,20.0,11,P1,0.5,0.25,0.125,0.04398665749760518,0.04398752227978536,0.043987738476392556,5.737739198400324e-07,1.434440667071984e-07,3.999983638300175,4.30329853132834e-07,True,0.011239137816894283,0.01095143280706688,descriptive cloud-to-cloud variability only; not an order or uncertainty gate,1.2020326036933238e-12,True,"passed endpoint population, norm, energy and signed-central-moment checks",1.9999940987521312,COMPUTED_POSITIVE,three finite and physically admissible levels; paired finer difference contracts,linear interpolation to common coarse saved times; no extrapolation,D:\PhD-Project\GP_RKHS_MINT\GP_RKHS_MINT\Tully_models\GP_MInt_QCLE_Reviewer_Ready_Pipeline_v4\output\fixed_pipeline\reviewer_closure_20260723_194254\step7_dt_P020\seed11_dt0.5\run_manifest.json,D:\PhD-Project\GP_RKHS_MINT\GP_RKHS_MINT\Tully_models\GP_MInt_QCLE_Reviewer_Ready_Pipeline_v4\output\fixed_pipeline\reviewer_closure_20260726_174927\step9_repl_P020\seed11\run_manifest.json,D:\PhD-Project\GP_RKHS_MINT\GP_RKHS_MINT\Tully_models\GP_MInt_QCLE_Reviewer_Ready_Pipeline_v4\output\fixed_pipeline\reviewer_closure_20260723_194254\step7_dt_P020\seed11_dt0.125\run_manifest.json
PBME,20.0,11,trace,0.5,0.25,0.125,1.0000000000006295,1.0000000000011628,1.0000000000022997,2.892425123427938e-13,5.879887909632088e-13,0.49191841203124576,-2.9874627862041504e-13,False,9.401661878524822e-15,1.0002191001020395e-14,descriptive cloud-to-cloud variability only; not an order or uncertainty gate,2.0000000000011426e-12,True,"passed endpoint population, norm, energy and signed-central-moment checks",nan,REJECT_NUMERICAL_NOISE,roundoff- or saturation-limited; order not interpreted,linear interpolation to common coarse saved times; no extrapolation,D:\PhD-Project\GP_RKHS_MINT\GP_RKHS_MINT\Tully_models\GP_MInt_QCLE_Reviewer_Ready_Pipeline_v4\output\fixed_pipeline\reviewer_closure_20260723_194254\step7_dt_P020\seed11_dt0.5\run_manifest.json,D:\PhD-Project\GP_RKHS_MINT\GP_RKHS_MINT\Tully_models\GP_MInt_QCLE_Reviewer_Ready_Pipeline_v4\output\fixed_pipeline\reviewer_closure_20260726_174927\step9_repl_P020\seed11\run_manifest.json,D:\PhD-Project\GP_RKHS_MINT\GP_RKHS_MINT\Tully_models\GP_MInt_QCLE_Reviewer_Ready_Pipeline_v4\output\fixed_pipeline\reviewer_closure_20260723_194254\step7_dt_P020\seed11_dt0.125\run_manifest.json
PBME,20.0,11,energy,0.5,0.25,0.125,0.10004549054241396,0.1000454905418244,0.10004549054166458,4.831944660485786e-09,1.2079938554781216e-09,3.99997453511327,3.6239508050076645e-09,True,8.363765544738366e-05,0.00011574091375759385,descriptive cloud-to-cloud variability only; not an order or uncertainty gate,1.1000454903561975e-12,True,"passed endpoint population, norm, energy and signed-central-moment checks",1.999990815454314,COMPUTED_POSITIVE,three finite and physically admissible levels; paired finer difference contracts,linear interpolation to common coarse saved times; no extrapolation,D:\PhD-Project\GP_RKHS_MINT\GP_RKHS_MINT\Tully_models\GP_MInt_QCLE_Reviewer_Ready_Pipeline_v4\output\fixed_pipeline\reviewer_closure_20260723_194254\step7_dt_P020\seed11_dt0.5\run_manifest.json,D:\PhD-Project\GP_RKHS_MINT\GP_RKHS_MINT\Tully_models\GP_MInt_QCLE_Reviewer_Ready_Pipeline_v4\output\fixed_pipeline\reviewer_closure_20260726_174927\step9_repl_P020\seed11\run_manifest.json,D:\PhD-Project\GP_RKHS_MINT\GP_RKHS_MINT\Tully_models\GP_MInt_QCLE_Reviewer_Ready_Pipeline_v4\output\fixed_pipeline\reviewer_closure_20260723_194254\step7_dt_P020\seed11_dt0.125\run_manifest.json
PBME,20.0,11,R_mean,0.5,0.25,0.125,15.326094018503687,15.326090893237517,15.326090111916798,1.2360815706366121e-06,3.09022007003893e-07,3.999979103821691,9.270595636327192e-07,True,0.028842679329332977,0.03259735145311624,descriptive cloud-to-cloud variability only; not an order or uncertainty gate,9.823462083388195e-12,True,"passed endpoint population, norm, energy and signed-central-moment checks",1.999992463277109,COMPUTED_POSITIVE,three finite and physically admissible levels; paired finer difference contracts,linear interpolation to common coarse saved times; no extrapolation,D:\PhD-Project\GP_RKHS_MINT\GP_RKHS_MINT\Tully_models\GP_MInt_QCLE_Reviewer_Ready_Pipeline_v4\output\fixed_pipeline\reviewer_closure_20260723_194254\step7_dt_P020\seed11_dt0.5\run_manifest.json,D:\PhD-Project\GP_RKHS_MINT\GP_RKHS_MINT\Tully_models\GP_MInt_QCLE_Reviewer_Ready_Pipeline_v4\output\fixed_pipeline\reviewer_closure_20260726_174927\step9_repl_P020\seed11\run_manifest.json,D:\PhD-Project\GP_RKHS_MINT\GP_RKHS_MINT\Tully_models\GP_MInt_QCLE_Reviewer_Ready_Pipeline_v4\output\fixed_pipeline\reviewer_closure_20260723_194254\step7_dt_P020\seed11_dt0.125\run_manifest.json
PBME,20.0,11,P_mean,0.5,0.25,0.125,19.74084954555326,19.740845087533984,19.74084397302291,2.8859966032738937e-06,7.215031003601927e-07,3.999978103812902,2.164493502913701e-06,True,0.05314185147261733,0.04963382106331289,descriptive cloud-to-cloud variability only; not an order or uncertainty gate,2.121967243237536e-11,True,"passed endpoint population, norm, energy and signed-central-moment checks",1.9999921025982494,COMPUTED_POSITIVE,three finite and physically admissible levels; paired finer difference contracts,linear interpolation to common coarse saved times; no extrapolation,D:\PhD-Project\GP_RKHS_MINT\GP_RKHS_MINT\Tully_models\GP_MInt_QCLE_Reviewer_Ready_Pipeline_v4\output\fixed_pipeline\reviewer_closure_20260723_194254\step7_dt_P020\seed11_dt0.5\run_manifest.json,D:\PhD-Project\GP_RKHS_MINT\GP_RKHS_MINT\Tully_models\GP_MInt_QCLE_Reviewer_Ready_Pipeline_v4\output\fixed_pipeline\reviewer_closure_20260726_174927\step9_repl_P020\seed11\run_manifest.json,D:\PhD-Project\GP_RKHS_MINT\GP_RKHS_MINT\Tully_models\GP_MInt_QCLE_Reviewer_Ready_Pipeline_v4\output\fixed_pipeline\reviewer_closure_20260723_194254\step7_dt_P020\seed11_dt0.125\run_manifest.json
PBME,20.0,11,R_var,0.5,0.25,0.125,2.4004900612088136,2.4004920594238968,2.400492559014367,5.895228529426602e-07,1.4739142594632496e-07,3.999709271808964,4.4213142699633525e-07,True,0.09507974456496342,0.10526328379587503,descriptive cloud-to-cloud variability only; not an order or uncertainty gate,2.422370890754859e-12,True,"passed endpoint population, norm, energy and signed-central-moment checks",1.9998951381593035,COMPUTED_POSITIVE,three finite and physically admissible levels; paired finer difference contracts,linear interpolation to common coarse saved times; no extrapolation,D:\PhD-Project\GP_RKHS_MINT\GP_RKHS_MINT\Tully_models\GP_MInt_QCLE_Reviewer_Ready_Pipeline_v4\output\fixed_pipeline\reviewer_closure_20260723_194254\step7_dt_P020\seed11_dt0.5\run_manifest.json,D:\PhD-Project\GP_RKHS_MINT\GP_RKHS_MINT\Tully_models\GP_MInt_QCLE_Reviewer_Ready_Pipeline_v4\output\fixed_pipeline\reviewer_closure_20260726_174927\step9_repl_P020\seed11\run_manifest.json,D:\PhD-Project\GP_RKHS_MINT\GP_RKHS_MINT\Tully_models\GP_MInt_QCLE_Reviewer_Ready_Pipeline_v4\output\fixed_pipeline\reviewer_closure_20260723_194254\step7_dt_P020\seed11_dt0.125\run_manifest.json
PBME,20.0,11,P_var,0.5,0.25,0.125,1.6827513743585882,1.68275441475987,1.6827551749391318,3.2410863207544397e-06,8.102896052043422e-07,3.9999110193905163,2.4307967155500976e-06,True,0.09854947498525939,0.12399573105467178,descriptive cloud-to-cloud variability only; not an order or uncertainty gate,2.7835042987023132e-12,True,"passed endpoint population, norm, energy and signed-central-moment checks",1.9999679066720288,COMPUTED_POSITIVE,three finite and physically admissible levels; paired finer difference contracts,linear interpolation to common coarse saved times; no extrapolation,D:\PhD-Project\GP_RKHS_MINT\GP_RKHS_MINT\Tully_models\GP_MInt_QCLE_Reviewer_Ready_Pipeline_v4\output\fixed_pipeline\reviewer_closure_20260723_194254\step7_dt_P020\seed11_dt0.5\run_manifest.json,D:\PhD-Project\GP_RKHS_MINT\GP_RKHS_MINT\Tully_models\GP_MInt_QCLE_Reviewer_Ready_Pipeline_v4\output\fixed_pipeline\reviewer_closure_20260726_174927\step9_repl_P020\seed11\run_manifest.json,D:\PhD-Project\GP_RKHS_MINT\GP_RKHS_MINT\Tully_models\GP_MInt_QCLE_Reviewer_Ready_Pipeline_v4\output\fixed_pipeline\reviewer_closure_20260723_194254\step7_dt_P020\seed11_dt0.125\run_manifest.json
PBME,20.0,29,P0,0.5,0.25,0.125,0.96233630771908,0.962335157385912,0.9623348698028076,7.656746130149993e-07,1.9141868021547733e-07,3.9999994365915077,5.74255932799522e-07,True,0.011518158194938807,0.010951432807070687,descriptive cloud-to-cloud variability only; not an order or uncertainty gate,1.9167436981576146e-12,True,"passed endpoint population, norm, energy and signed-central-moment checks",1.9999997967933263,COMPUTED_POSITIVE,three finite and physically admissible levels; paired finer difference contracts,linear interpolation to common coarse saved times; no extrapolation,D:\PhD-Project\GP_RKHS_MINT\GP_RKHS_MINT\Tully_models\GP_MInt_QCLE_Reviewer_Ready_Pipeline_v4\output\fixed_pipeline\reviewer_closure_20260723_194254\step7_dt_P020\seed29_dt0.5\run_manifest.json,D:\PhD-Project\GP_RKHS_MINT\GP_RKHS_MINT\Tully_models\GP_MInt_QCLE_Reviewer_Ready_Pipeline_v4\output\fixed_pipeline\reviewer_closure_20260726_174927\step9_repl_P020\seed29\run_manifest.json,D:\PhD-Project\GP_RKHS_MINT\GP_RKHS_MINT\Tully_models\GP_MInt_QCLE_Reviewer_Ready_Pipeline_v4\output\fixed_pipeline\reviewer_closure_20260723_194254\step7_dt_P020\seed29_dt0.125\run_manifest.json
PBME,20.0,29,P1,0.5,0.25,0.125,0.03766369228154939,0.037664842615254324,0.03766513019949166,7.656748386029837e-07,1.914191327373193e-07,3.999991158949112,5.742557058656644e-07,True,0.01151815819493714,0.01095143280706688,descriptive cloud-to-cloud variability only; not an order or uncertainty gate,1.2031353346337053e-12,True,"passed endpoint population, norm, energy and signed-central-moment checks",1.999996811261408,COMPUTED_POSITIVE,three finite and physically admissible levels; paired finer difference contracts,linear interpolation to common coarse saved times; no extrapolation,D:\PhD-Project\GP_RKHS_MINT\GP_RKHS_MINT\Tully_models\GP_MInt_QCLE_Reviewer_Ready_Pipeline_v4\output\fixed_pipeline\reviewer_closure_20260723_194254\step7_dt_P020\seed29_dt0.5\run_manifest.json,D:\PhD-Project\GP_RKHS_MINT\GP_RKHS_MINT\Tully_models\GP_MInt_QCLE_Reviewer_Ready_Pipeline_v4\output\fixed_pipeline\reviewer_closure_20260726_174927\step9_repl_P020\seed29\run_manifest.json,D:\PhD-Project\GP_RKHS_MINT\GP_RKHS_MINT\Tully_models\GP_MInt_QCLE_Reviewer_Ready_Pipeline_v4\output\fixed_pipeline\reviewer_closure_20260723_194254\step7_dt_P020\seed29_dt0.125\run_manifest.json
PBME,20.0,29,trace,0.5,0.25,0.125,1.0000000000006293,1.0000000000011664,1.0000000000022993,2.9148417596391913e-13,5.902365567593514e-13,0.4938429730010128,-2.987523807954322e-13,False,8.194462601972213e-15,1.0002191001020395e-14,descriptive cloud-to-cloud variability only; not an order or uncertainty gate,2.0000000000011495e-12,True,"passed endpoint population, norm, energy and signed-central-moment checks",nan,REJECT_NUMERICAL_NOISE,roundoff- or saturation-limited; order not interpreted,linear interpolation to common coarse saved times; no extrapolation,D:\PhD-Project\GP_RKHS_MINT\GP_RKHS_MINT\Tully_models\GP_MInt_QCLE_Reviewer_Ready_Pipeline_v4\output\fixed_pipeline\reviewer_closure_20260723_194254\step7_dt_P020\seed29_dt0.5\run_manifest.json,D:\PhD-Project\GP_RKHS_MINT\GP_RKHS_MINT\Tully_models\GP_MInt_QCLE_Reviewer_Ready_Pipeline_v4\output\fixed_pipeline\reviewer_closure_20260726_174927\step9_repl_P020\seed29\run_manifest.json,D:\PhD-Project\GP_RKHS_MINT\GP_RKHS_MINT\Tully_models\GP_MInt_QCLE_Reviewer_Ready_Pipeline_v4\output\fixed_pipeline\reviewer_closure_20260723_194254\step7_dt_P020\seed29_dt0.125\run_manifest.json
PBME,20.0,29,energy,0.5,0.25,0.125,0.1000009336106225,0.10000093360925713,0.10000093360890346,5.058662170142195e-09,1.2646729102725524e-09,3.9999766967824053,3.793989259869643e-09,True,0.00010684813757130083,0.00011574091375759385,descriptive cloud-to-cloud variability only; not an order or uncertainty gate,1.100000933419797e-12,True,"passed endpoint population, norm, energy and signed-central-moment checks",1.9999915951164022,COMPUTED_POSITIVE,three finite and physically admissible levels; paired finer difference contracts,linear interpolation to common coarse saved times; no extrapolation,D:\PhD-Project\GP_RKHS_MINT\GP_RKHS_MINT\Tully_models\GP_MInt_QCLE_Reviewer_Ready_Pipeline_v4\output\fixed_pipeline\reviewer_closure_20260723_194254\step7_dt_P020\seed29_dt0.5\run_manifest.json,D:\PhD-Project\GP_RKHS_MINT\GP_RKHS_MINT\Tully_models\GP_MInt_QCLE_Reviewer_Ready_Pipeline_v4\output\fixed_pipeline\reviewer_closure_20260726_174927\step9_repl_P020\seed29\run_manifest.json,D:\PhD-Project\GP_RKHS_MINT\GP_RKHS_MINT\Tully_models\GP_MInt_QCLE_Reviewer_Ready_Pipeline_v4\output\fixed_pipeline\reviewer_closure_20260723_194254\step7_dt_P020\seed29_dt0.125\run_manifest.json
PBME,20.0,29,R_mean,0.5,0.25,0.125,15.313216761157413,15.313212686506196,15.313211667840017,1.5941952273989244e-06,3.985501222954092e-07,3.999986797688878,1.1956451051035151e-06,True,0.031046404566115467,0.03259735145311624,descriptive cloud-to-cloud variability only; not an order or uncertainty gate,9.82925141474814e-12,True,"passed endpoint population, norm, energy and signed-central-moment checks",1.9999952382649457,COMPUTED_POSITIVE,three finite and physically admissible levels; paired finer difference contracts,linear interpolation to common coarse saved times; no extrapolation,D:\PhD-Project\GP_RKHS_MINT\GP_RKHS_MINT\Tully_models\GP_MInt_QCLE_Reviewer_Ready_Pipeline_v4\output\fixed_pipeline\reviewer_closure_20260723_194254\step7_dt_P020\seed29_dt0.5\run_manifest.json,D:\PhD-Project\GP_RKHS_MINT\GP_RKHS_MINT\Tully_models\GP_MInt_QCLE_Reviewer_Ready_Pipeline_v4\output\fixed_pipeline\reviewer_closure_20260726_174927\step9_repl_P020\seed29\run_manifest.json,D:\PhD-Project\GP_RKHS_MINT\GP_RKHS_MINT\Tully_models\GP_MInt_QCLE_Reviewer_Ready_Pipeline_v4\output\fixed_pipeline\reviewer_closure_20260723_194254\step7_dt_P020\seed29_dt0.125\run_manifest.json
PBME,20.0,29,P_mean,0.5,0.25,0.125,19.765143120384337,19.76513718950518,19.765135706780413,3.818329459878599e-06,9.545855083711458e-07,3.9999868282035775,2.8637439515074533e-06,True,0.03912340703680971,0.04963382106331289,descriptive cloud-to-cloud variability only; not an order or uncertainty gate,2.1233153013687414e-11,True,"passed endpoint population, norm, energy and signed-central-moment checks",1.9999952492708335,COMPUTED_POSITIVE,three finite and physically admissible levels; paired finer difference contracts,linear interpolation to common coarse saved times; no extrapolation,D:\PhD-Project\GP_RKHS_MINT\GP_RKHS_MINT\Tully_models\GP_MInt_QCLE_Reviewer_Ready_Pipeline_v4\output\fixed_pipeline\reviewer_closure_20260723_194254\step7_dt_P020\seed29_dt0.5\run_manifest.json,D:\PhD-Project\GP_RKHS_MINT\GP_RKHS_MINT\Tully_models\GP_MInt_QCLE_Reviewer_Ready_Pipeline_v4\output\fixed_pipeline\reviewer_closure_20260726_174927\step9_repl_P020\seed29\run_manifest.json,D:\PhD-Project\GP_RKHS_MINT\GP_RKHS_MINT\Tully_models\GP_MInt_QCLE_Reviewer_Ready_Pipeline_v4\output\fixed_pipeline\reviewer_closure_20260723_194254\step7_dt_P020\seed29_dt0.125\run_manifest.json
PBME,20.0,29,R_var,0.5,0.25,0.125,2.483692065101593,2.4836943469281607,2.48369491741812,6.493604867867246e-07,1.6234969230205556e-07,3.999764197757601,4.87010794484669e-07,True,0.11112550505371031,0.10526328379587503,descriptive cloud-to-cloud variability only; not an order or uncertainty gate,2.4387776378216526e-12,True,"passed endpoint population, norm, energy and signed-central-moment checks",1.9999149498116622,COMPUTED_POSITIVE,three finite and physically admissible levels; paired finer difference contracts,linear interpolation to common coarse saved times; no extrapolation,D:\PhD-Project\GP_RKHS_MINT\GP_RKHS_MINT\Tully_models\GP_MInt_QCLE_Reviewer_Ready_Pipeline_v4\output\fixed_pipeline\reviewer_closure_20260723_194254\step7_dt_P020\seed29_dt0.5\run_manifest.json,D:\PhD-Project\GP_RKHS_MINT\GP_RKHS_MINT\Tully_models\GP_MInt_QCLE_Reviewer_Ready_Pipeline_v4\output\fixed_pipeline\reviewer_closure_20260726_174927\step9_repl_P020\seed29\run_manifest.json,D:\PhD-Project\GP_RKHS_MINT\GP_RKHS_MINT\Tully_models\GP_MInt_QCLE_Reviewer_Ready_Pipeline_v4\output\fixed_pipeline\reviewer_closure_20260723_194254\step7_dt_P020\seed29_dt0.125\run_manifest.json
PBME,20.0,29,P_var,0.5,0.25,0.125,1.8108267928751616,1.8108311870126386,1.8108322856210748,3.4215096730635084e-06,8.554059566696643e-07,3.999866550362131,2.5661037163938443e-06,True,0.14786309631247582,0.12399573105467178,descriptive cloud-to-cloud variability only; not an order or uncertainty gate,2.86561266508803e-12,True,"passed endpoint population, norm, energy and signed-central-moment checks",1.9999518674143955,COMPUTED_POSITIVE,three finite and physically admissible levels; paired finer difference contracts,linear interpolation to common coarse saved times; no extrapolation,D:\PhD-Project\GP_RKHS_MINT\GP_RKHS_MINT\Tully_models\GP_MInt_QCLE_Reviewer_Ready_Pipeline_v4\output\fixed_pipeline\reviewer_closure_20260723_194254\step7_dt_P020\seed29_dt0.5\run_manifest.json,D:\PhD-Project\GP_RKHS_MINT\GP_RKHS_MINT\Tully_models\GP_MInt_QCLE_Reviewer_Ready_Pipeline_v4\output\fixed_pipeline\reviewer_closure_20260726_174927\step9_repl_P020\seed29\run_manifest.json,D:\PhD-Project\GP_RKHS_MINT\GP_RKHS_MINT\Tully_models\GP_MInt_QCLE_Reviewer_Ready_Pipeline_v4\output\fixed_pipeline\reviewer_closure_20260723_194254\step7_dt_P020\seed29_dt0.125\run_manifest.json
PBME,20.0,47,P0,0.5,0.25,0.125,0.9749686757746169,0.9749675534932823,0.9749672729226371,7.489555180423014e-07,1.8723924142544562e-07,3.999992268396998,5.617162766168558e-07,True,0.011976564000325993,0.010951432807070687,descriptive cloud-to-cloud variability only; not an order or uncertainty gate,1.9230314765370613e-12,True,"passed endpoint population, norm, energy and signed-central-moment checks",1.9999972114109779,COMPUTED_POSITIVE,three finite and physically admissible levels; paired finer difference contracts,linear interpolation to common coarse saved times; no extrapolation,D:\PhD-Project\GP_RKHS_MINT\GP_RKHS_MINT\Tully_models\GP_MInt_QCLE_Reviewer_Ready_Pipeline_v4\output\fixed_pipeline\final_reviewer_closure\dynamics\timestep\P020\seed47_dt0.5\run_manifest.json,D:\PhD-Project\GP_RKHS_MINT\GP_RKHS_MINT\Tully_models\GP_MInt_QCLE_Reviewer_Ready_Pipeline_v4\output\fixed_pipeline\reviewer_closure_20260726_174927\step9_repl_P020\seed47\run_manifest.json,D:\PhD-Project\GP_RKHS_MINT\GP_RKHS_MINT\Tully_models\GP_MInt_QCLE_Reviewer_Ready_Pipeline_v4\output\fixed_pipeline\final_reviewer_closure\dynamics\timestep\P020\seed47_dt0.125\run_manifest.json
PBME,20.0,47,P1,0.5,0.25,0.125,0.02503132422601684,0.02503244650788789,0.025032727079683688,7.489557405987885e-07,1.8723969986636528e-07,3.999983663364795,5.617160407324232e-07,True,0.011976564000319118,0.01095143280706688,descriptive cloud-to-cloud variability only; not an order or uncertainty gate,1.2008364496779377e-12,True,"passed endpoint population, norm, energy and signed-central-moment checks",1.999994107792319,COMPUTED_POSITIVE,three finite and physically admissible levels; paired finer difference contracts,linear interpolation to common coarse saved times; no extrapolation,D:\PhD-Project\GP_RKHS_MINT\GP_RKHS_MINT\Tully_models\GP_MInt_QCLE_Reviewer_Ready_Pipeline_v4\output\fixed_pipeline\final_reviewer_closure\dynamics\timestep\P020\seed47_dt0.5\run_manifest.json,D:\PhD-Project\GP_RKHS_MINT\GP_RKHS_MINT\Tully_models\GP_MInt_QCLE_Reviewer_Ready_Pipeline_v4\output\fixed_pipeline\reviewer_closure_20260726_174927\step9_repl_P020\seed47\run_manifest.json,D:\PhD-Project\GP_RKHS_MINT\GP_RKHS_MINT\Tully_models\GP_MInt_QCLE_Reviewer_Ready_Pipeline_v4\output\fixed_pipeline\final_reviewer_closure\dynamics\timestep\P020\seed47_dt0.125\run_manifest.json
PBME,20.0,47,trace,0.5,0.25,0.125,1.0000000000006337,1.0000000000011702,1.0000000000023208,2.899229913262953e-13,5.966727916482205e-13,0.4858994668173586,-3.0674980032192524e-13,False,1.205172293024024e-14,1.0002191001020395e-14,descriptive cloud-to-cloud variability only; not an order or uncertainty gate,2.0000000000011555e-12,True,"passed endpoint population, norm, energy and signed-central-moment checks",nan,REJECT_NUMERICAL_NOISE,roundoff- or saturation-limited; order not interpreted,linear interpolation to common coarse saved times; no extrapolation,D:\PhD-Project\GP_RKHS_MINT\GP_RKHS_MINT\Tully_models\GP_MInt_QCLE_Reviewer_Ready_Pipeline_v4\output\fixed_pipeline\final_reviewer_closure\dynamics\timestep\P020\seed47_dt0.5\run_manifest.json,D:\PhD-Project\GP_RKHS_MINT\GP_RKHS_MINT\Tully_models\GP_MInt_QCLE_Reviewer_Ready_Pipeline_v4\output\fixed_pipeline\reviewer_closure_20260726_174927\step9_repl_P020\seed47\run_manifest.json,D:\PhD-Project\GP_RKHS_MINT\GP_RKHS_MINT\Tully_models\GP_MInt_QCLE_Reviewer_Ready_Pipeline_v4\output\fixed_pipeline\final_reviewer_closure\dynamics\timestep\P020\seed47_dt0.125\run_manifest.json
PBME,20.0,47,energy,0.5,0.25,0.125,0.10017998204839446,0.10017998204790926,0.10017998204777528,4.893638943029832e-09,1.2234178809612053e-09,3.999973369021741,3.6702210620686264e-09,True,0.0001604909528494412,0.00011574091375759385,descriptive cloud-to-cloud variability only; not an order or uncertainty gate,1.100179981859606e-12,True,"passed endpoint population, norm, energy and signed-central-moment checks",1.9999903948729587,COMPUTED_POSITIVE,three finite and physically admissible levels; paired finer difference contracts,linear interpolation to common coarse saved times; no extrapolation,D:\PhD-Project\GP_RKHS_MINT\GP_RKHS_MINT\Tully_models\GP_MInt_QCLE_Reviewer_Ready_Pipeline_v4\output\fixed_pipeline\final_reviewer_closure\dynamics\timestep\P020\seed47_dt0.5\run_manifest.json,D:\PhD-Project\GP_RKHS_MINT\GP_RKHS_MINT\Tully_models\GP_MInt_QCLE_Reviewer_Ready_Pipeline_v4\output\fixed_pipeline\reviewer_closure_20260726_174927\step9_repl_P020\seed47\run_manifest.json,D:\PhD-Project\GP_RKHS_MINT\GP_RKHS_MINT\Tully_models\GP_MInt_QCLE_Reviewer_Ready_Pipeline_v4\output\fixed_pipeline\final_reviewer_closure\dynamics\timestep\P020\seed47_dt0.125\run_manifest.json
PBME,20.0,47,R_mean,0.5,0.25,0.125,15.358984619959164,15.358980632732244,15.358979635920399,1.5703822212118934e-06,3.925975383722817e-07,3.999979795397428,1.1777846828396118e-06,True,0.03474846497009038,0.03259735145311624,descriptive cloud-to-cloud variability only; not an order or uncertainty gate,9.845721790476422e-12,True,"passed endpoint population, norm, energy and signed-central-moment checks",1.999992712711612,COMPUTED_POSITIVE,three finite and physically admissible levels; paired finer difference contracts,linear interpolation to common coarse saved times; no extrapolation,D:\PhD-Project\GP_RKHS_MINT\GP_RKHS_MINT\Tully_models\GP_MInt_QCLE_Reviewer_Ready_Pipeline_v4\output\fixed_pipeline\final_reviewer_closure\dynamics\timestep\P020\seed47_dt0.5\run_manifest.json,D:\PhD-Project\GP_RKHS_MINT\GP_RKHS_MINT\Tully_models\GP_MInt_QCLE_Reviewer_Ready_Pipeline_v4\output\fixed_pipeline\reviewer_closure_20260726_174927\step9_repl_P020\seed47\run_manifest.json,D:\PhD-Project\GP_RKHS_MINT\GP_RKHS_MINT\Tully_models\GP_MInt_QCLE_Reviewer_Ready_Pipeline_v4\output\fixed_pipeline\final_reviewer_closure\dynamics\timestep\P020\seed47_dt0.125\run_manifest.json
PBME,20.0,47,P_mean,0.5,0.25,0.125,19.85179033007561,19.85178460381049,19.851783172236665,3.718000967909959e-06,9.295050614528308e-07,3.9999792600361594,2.7884959064571283e-06,True,0.06335189377183026,0.04963382106331289,descriptive cloud-to-cloud variability only; not an order or uncertainty gate,2.1275121847731754e-11,True,"passed endpoint population, norm, energy and signed-central-moment checks",1.9999925196198618,COMPUTED_POSITIVE,three finite and physically admissible levels; paired finer difference contracts,linear interpolation to common coarse saved times; no extrapolation,D:\PhD-Project\GP_RKHS_MINT\GP_RKHS_MINT\Tully_models\GP_MInt_QCLE_Reviewer_Ready_Pipeline_v4\output\fixed_pipeline\final_reviewer_closure\dynamics\timestep\P020\seed47_dt0.5\run_manifest.json,D:\PhD-Project\GP_RKHS_MINT\GP_RKHS_MINT\Tully_models\GP_MInt_QCLE_Reviewer_Ready_Pipeline_v4\output\fixed_pipeline\reviewer_closure_20260726_174927\step9_repl_P020\seed47\run_manifest.json,D:\PhD-Project\GP_RKHS_MINT\GP_RKHS_MINT\Tully_models\GP_MInt_QCLE_Reviewer_Ready_Pipeline_v4\output\fixed_pipeline\final_reviewer_closure\dynamics\timestep\P020\seed47_dt0.125\run_manifest.json
PBME,20.0,47,R_var,0.5,0.25,0.125,2.2225579859609184,2.2225590553570953,2.222559322740892,3.297755905486571e-07,8.245081268633176e-08,3.999664524875271,2.473247778623253e-07,True,0.10632663972793228,0.10526328379587503,descriptive cloud-to-cloud variability only; not an order or uncertainty gate,2.3070147592320766e-12,True,"passed endpoint population, norm, energy and signed-central-moment checks",1.9998789978510807,COMPUTED_POSITIVE,three finite and physically admissible levels; paired finer difference contracts,linear interpolation to common coarse saved times; no extrapolation,D:\PhD-Project\GP_RKHS_MINT\GP_RKHS_MINT\Tully_models\GP_MInt_QCLE_Reviewer_Ready_Pipeline_v4\output\fixed_pipeline\final_reviewer_closure\dynamics\timestep\P020\seed47_dt0.5\run_manifest.json,D:\PhD-Project\GP_RKHS_MINT\GP_RKHS_MINT\Tully_models\GP_MInt_QCLE_Reviewer_Ready_Pipeline_v4\output\fixed_pipeline\reviewer_closure_20260726_174927\step9_repl_P020\seed47\run_manifest.json,D:\PhD-Project\GP_RKHS_MINT\GP_RKHS_MINT\Tully_models\GP_MInt_QCLE_Reviewer_Ready_Pipeline_v4\output\fixed_pipeline\final_reviewer_closure\dynamics\timestep\P020\seed47_dt0.125\run_manifest.json
PBME,20.0,47,P_var,0.5,0.25,0.125,1.6204850846431214,1.6204879868586772,1.6204887124873153,2.649809761358522e-06,6.624780735038587e-07,3.999845228603008,1.9873316878546633e-06,True,0.1076431151459472,0.12399573105467178,descriptive cloud-to-cloud variability only; not an order or uncertainty gate,2.7506415433067257e-12,True,"passed endpoint population, norm, energy and signed-central-moment checks",1.9999441769382884,COMPUTED_POSITIVE,three finite and physically admissible levels; paired finer difference contracts,linear interpolation to common coarse saved times; no extrapolation,D:\PhD-Project\GP_RKHS_MINT\GP_RKHS_MINT\Tully_models\GP_MInt_QCLE_Reviewer_Ready_Pipeline_v4\output\fixed_pipeline\final_reviewer_closure\dynamics\timestep\P020\seed47_dt0.5\run_manifest.json,D:\PhD-Project\GP_RKHS_MINT\GP_RKHS_MINT\Tully_models\GP_MInt_QCLE_Reviewer_Ready_Pipeline_v4\output\fixed_pipeline\reviewer_closure_20260726_174927\step9_repl_P020\seed47\run_manifest.json,D:\PhD-Project\GP_RKHS_MINT\GP_RKHS_MINT\Tully_models\GP_MInt_QCLE_Reviewer_Ready_Pipeline_v4\output\fixed_pipeline\final_reviewer_closure\dynamics\timestep\P020\seed47_dt0.125\run_manifest.json
PBME,20.0,73,P0,0.5,0.25,0.125,0.9640499882022753,0.964048913873129,0.9640486452908575,7.183383932127419e-07,1.795847475387694e-07,3.9999966759853276,5.387536456739725e-07,True,0.00879268160383256,0.010951432807070687,descriptive cloud-to-cloud variability only; not an order or uncertainty gate,1.9172516102643265e-12,True,"passed endpoint population, norm, energy and signed-central-moment checks",1.999998801114631,COMPUTED_POSITIVE,three finite and physically admissible levels; paired finer difference contracts,linear interpolation to common coarse saved times; no extrapolation,D:\PhD-Project\GP_RKHS_MINT\GP_RKHS_MINT\Tully_models\GP_MInt_QCLE_Reviewer_Ready_Pipeline_v4\output\fixed_pipeline\final_reviewer_closure\dynamics\timestep\P020\seed73_dt0.5\run_manifest.json,D:\PhD-Project\GP_RKHS_MINT\GP_RKHS_MINT\Tully_models\GP_MInt_QCLE_Reviewer_Ready_Pipeline_v4\output\fixed_pipeline\reviewer_closure_20260726_174927\step9_repl_P020\seed73\run_manifest.json,D:\PhD-Project\GP_RKHS_MINT\GP_RKHS_MINT\Tully_models\GP_MInt_QCLE_Reviewer_Ready_Pipeline_v4\output\fixed_pipeline\final_reviewer_closure\dynamics\timestep\P020\seed73_dt0.125\run_manifest.json
PBME,20.0,73,P1,0.5,0.25,0.125,0.03595001179835634,0.03595108612803888,0.035951354711454796,7.183386144367621e-07,1.7958519920822482e-07,3.999987847572368,5.387534152285372e-07,True,0.008792681603829549,0.01095143280706688,descriptive cloud-to-cloud variability only; not an order or uncertainty gate,1.2033313123009858e-12,True,"passed endpoint population, norm, energy and signed-central-moment checks",1.999995616931572,COMPUTED_POSITIVE,three finite and physically admissible levels; paired finer difference contracts,linear interpolation to common coarse saved times; no extrapolation,D:\PhD-Project\GP_RKHS_MINT\GP_RKHS_MINT\Tully_models\GP_MInt_QCLE_Reviewer_Ready_Pipeline_v4\output\fixed_pipeline\final_reviewer_closure\dynamics\timestep\P020\seed73_dt0.5\run_manifest.json,D:\PhD-Project\GP_RKHS_MINT\GP_RKHS_MINT\Tully_models\GP_MInt_QCLE_Reviewer_Ready_Pipeline_v4\output\fixed_pipeline\reviewer_closure_20260726_174927\step9_repl_P020\seed73\run_manifest.json,D:\PhD-Project\GP_RKHS_MINT\GP_RKHS_MINT\Tully_models\GP_MInt_QCLE_Reviewer_Ready_Pipeline_v4\output\fixed_pipeline\final_reviewer_closure\dynamics\timestep\P020\seed73_dt0.125\run_manifest.json
PBME,20.0,73,trace,0.5,0.25,0.125,1.0000000000006317,1.000000000001168,1.0000000000023124,2.8853872782071696e-13,5.894481005257693e-13,0.48950658686209936,-3.0090937270505234e-13,False,9.969493983300609e-15,1.0002191001020395e-14,descriptive cloud-to-cloud variability only; not an order or uncertainty gate,2.000000000001142e-12,True,"passed endpoint population, norm, energy and signed-central-moment checks",nan,REJECT_NUMERICAL_NOISE,roundoff- or saturation-limited; order not interpreted,linear interpolation to common coarse saved times; no extrapolation,D:\PhD-Project\GP_RKHS_MINT\GP_RKHS_MINT\Tully_models\GP_MInt_QCLE_Reviewer_Ready_Pipeline_v4\output\fixed_pipeline\final_reviewer_closure\dynamics\timestep\P020\seed73_dt0.5\run_manifest.json,D:\PhD-Project\GP_RKHS_MINT\GP_RKHS_MINT\Tully_models\GP_MInt_QCLE_Reviewer_Ready_Pipeline_v4\output\fixed_pipeline\reviewer_closure_20260726_174927\step9_repl_P020\seed73\run_manifest.json,D:\PhD-Project\GP_RKHS_MINT\GP_RKHS_MINT\Tully_models\GP_MInt_QCLE_Reviewer_Ready_Pipeline_v4\output\fixed_pipeline\final_reviewer_closure\dynamics\timestep\P020\seed73_dt0.125\run_manifest.json
PBME,20.0,73,energy,0.5,0.25,0.125,0.10001528314187073,0.10001528314130945,0.10001528314115661,4.941958014734072e-09,1.2354972339528048e-09,3.9999749727669984,3.7064607807812673e-09,True,9.70294213734096e-05,0.00011574091375759385,descriptive cloud-to-cloud variability only; not an order or uncertainty gate,1.1000152829538643e-12,True,"passed endpoint population, norm, energy and signed-central-moment checks",1.999990973305526,COMPUTED_POSITIVE,three finite and physically admissible levels; paired finer difference contracts,linear interpolation to common coarse saved times; no extrapolation,D:\PhD-Project\GP_RKHS_MINT\GP_RKHS_MINT\Tully_models\GP_MInt_QCLE_Reviewer_Ready_Pipeline_v4\output\fixed_pipeline\final_reviewer_closure\dynamics\timestep\P020\seed73_dt0.5\run_manifest.json,D:\PhD-Project\GP_RKHS_MINT\GP_RKHS_MINT\Tully_models\GP_MInt_QCLE_Reviewer_Ready_Pipeline_v4\output\fixed_pipeline\reviewer_closure_20260726_174927\step9_repl_P020\seed73\run_manifest.json,D:\PhD-Project\GP_RKHS_MINT\GP_RKHS_MINT\Tully_models\GP_MInt_QCLE_Reviewer_Ready_Pipeline_v4\output\fixed_pipeline\final_reviewer_closure\dynamics\timestep\P020\seed73_dt0.125\run_manifest.json
PBME,20.0,73,R_mean,0.5,0.25,0.125,15.356659005433112,15.356655171646075,15.356654213195363,1.5112227615170043e-06,3.778072197905403e-07,3.999983807495367,1.133415541726464e-06,True,0.03531450242997447,0.03259735145311624,descriptive cloud-to-cloud variability only; not an order or uncertainty gate,9.829119570660151e-12,True,"passed endpoint population, norm, energy and signed-central-moment checks",1.9999941597766455,COMPUTED_POSITIVE,three finite and physically admissible levels; paired finer difference contracts,linear interpolation to common coarse saved times; no extrapolation,D:\PhD-Project\GP_RKHS_MINT\GP_RKHS_MINT\Tully_models\GP_MInt_QCLE_Reviewer_Ready_Pipeline_v4\output\fixed_pipeline\final_reviewer_closure\dynamics\timestep\P020\seed73_dt0.5\run_manifest.json,D:\PhD-Project\GP_RKHS_MINT\GP_RKHS_MINT\Tully_models\GP_MInt_QCLE_Reviewer_Ready_Pipeline_v4\output\fixed_pipeline\reviewer_closure_20260726_174927\step9_repl_P020\seed73\run_manifest.json,D:\PhD-Project\GP_RKHS_MINT\GP_RKHS_MINT\Tully_models\GP_MInt_QCLE_Reviewer_Ready_Pipeline_v4\output\fixed_pipeline\final_reviewer_closure\dynamics\timestep\P020\seed73_dt0.125\run_manifest.json
PBME,20.0,73,P_mean,0.5,0.25,0.125,19.78235447741705,19.782348979516996,19.782347605036104,3.567320357008595e-06,8.918338132162308e-07,3.9999832974976868,2.6754865437923642e-06,True,0.038547437953734,0.04963382106331289,descriptive cloud-to-cloud variability only; not an order or uncertainty gate,2.1234010009601827e-11,True,"passed endpoint population, norm, energy and signed-central-moment checks",1.9999939758331082,COMPUTED_POSITIVE,three finite and physically admissible levels; paired finer difference contracts,linear interpolation to common coarse saved times; no extrapolation,D:\PhD-Project\GP_RKHS_MINT\GP_RKHS_MINT\Tully_models\GP_MInt_QCLE_Reviewer_Ready_Pipeline_v4\output\fixed_pipeline\final_reviewer_closure\dynamics\timestep\P020\seed73_dt0.5\run_manifest.json,D:\PhD-Project\GP_RKHS_MINT\GP_RKHS_MINT\Tully_models\GP_MInt_QCLE_Reviewer_Ready_Pipeline_v4\output\fixed_pipeline\reviewer_closure_20260726_174927\step9_repl_P020\seed73\run_manifest.json,D:\PhD-Project\GP_RKHS_MINT\GP_RKHS_MINT\Tully_models\GP_MInt_QCLE_Reviewer_Ready_Pipeline_v4\output\fixed_pipeline\final_reviewer_closure\dynamics\timestep\P020\seed73_dt0.125\run_manifest.json
PBME,20.0,73,R_var,0.5,0.25,0.125,2.126613149291302,2.126614433543466,2.1266147546419916,3.881799464781519e-07,9.705313663817779e-08,3.999664100762855,2.911268098399741e-07,True,0.10782877930380791,0.10526328379587503,descriptive cloud-to-cloud variability only; not an order or uncertainty gate,2.3185107961040424e-12,True,"passed endpoint population, norm, energy and signed-central-moment checks",1.9998788448720226,COMPUTED_POSITIVE,three finite and physically admissible levels; paired finer difference contracts,linear interpolation to common coarse saved times; no extrapolation,D:\PhD-Project\GP_RKHS_MINT\GP_RKHS_MINT\Tully_models\GP_MInt_QCLE_Reviewer_Ready_Pipeline_v4\output\fixed_pipeline\final_reviewer_closure\dynamics\timestep\P020\seed73_dt0.5\run_manifest.json,D:\PhD-Project\GP_RKHS_MINT\GP_RKHS_MINT\Tully_models\GP_MInt_QCLE_Reviewer_Ready_Pipeline_v4\output\fixed_pipeline\reviewer_closure_20260726_174927\step9_repl_P020\seed73\run_manifest.json,D:\PhD-Project\GP_RKHS_MINT\GP_RKHS_MINT\Tully_models\GP_MInt_QCLE_Reviewer_Ready_Pipeline_v4\output\fixed_pipeline\final_reviewer_closure\dynamics\timestep\P020\seed73_dt0.125\run_manifest.json
PBME,20.0,73,P_var,0.5,0.25,0.125,1.529694372442691,1.5296970303061244,1.5296976948470729,2.670698683085597e-06,6.676969009881138e-07,3.999866824502665,2.0030017820974834e-06,True,0.1354150315505025,0.12399573105467178,descriptive cloud-to-cloud variability only; not an order or uncertainty gate,2.7320061647107403e-12,True,"passed endpoint population, norm, energy and signed-central-moment checks",1.9999519662929883,COMPUTED_POSITIVE,three finite and physically admissible levels; paired finer difference contracts,linear interpolation to common coarse saved times; no extrapolation,D:\PhD-Project\GP_RKHS_MINT\GP_RKHS_MINT\Tully_models\GP_MInt_QCLE_Reviewer_Ready_Pipeline_v4\output\fixed_pipeline\final_reviewer_closure\dynamics\timestep\P020\seed73_dt0.5\run_manifest.json,D:\PhD-Project\GP_RKHS_MINT\GP_RKHS_MINT\Tully_models\GP_MInt_QCLE_Reviewer_Ready_Pipeline_v4\output\fixed_pipeline\reviewer_closure_20260726_174927\step9_repl_P020\seed73\run_manifest.json,D:\PhD-Project\GP_RKHS_MINT\GP_RKHS_MINT\Tully_models\GP_MInt_QCLE_Reviewer_Ready_Pipeline_v4\output\fixed_pipeline\final_reviewer_closure\dynamics\timestep\P020\seed73_dt0.125\run_manifest.json
MIDPOINT,20.0,11,P0,0.5,0.25,0.125,1.0665138201340691,0.9877541611632755,0.98320157473245,0.08972372707884908,0.05070800232196766,1.7694194795754963,0.03901572475688142,True,0.2295474957759394,0.25237375165755543,descriptive cloud-to-cloud variability only; not an order or uncertainty gate,1.9719124122496987e-12,False,"dt=0.5: P0=1.0665138 outside [0,1]; dt=0.5: P1=-0.06651382 outside [0,1]; dt=0.25: P_var=-1.1117818 is negative",nan,REJECT_PHYSICAL_INADMISSIBILITY,one or more levels physically inadmissible; temporal order not interpreted,linear interpolation to common coarse saved times; no extrapolation,D:\PhD-Project\GP_RKHS_MINT\GP_RKHS_MINT\Tully_models\GP_MInt_QCLE_Reviewer_Ready_Pipeline_v4\output\fixed_pipeline\reviewer_closure_20260723_194254\step7_dt_P020\seed11_dt0.5\run_manifest.json,D:\PhD-Project\GP_RKHS_MINT\GP_RKHS_MINT\Tully_models\GP_MInt_QCLE_Reviewer_Ready_Pipeline_v4\output\fixed_pipeline\reviewer_closure_20260726_174927\step9_repl_P020\seed11\run_manifest.json,D:\PhD-Project\GP_RKHS_MINT\GP_RKHS_MINT\Tully_models\GP_MInt_QCLE_Reviewer_Ready_Pipeline_v4\output\fixed_pipeline\reviewer_closure_20260723_194254\step7_dt_P020\seed11_dt0.125\run_manifest.json
MIDPOINT,20.0,11,P1,0.5,0.25,0.125,-0.06651382013277979,0.012245838838875261,0.016798425272154884,0.08972372707905854,0.05070800232208067,1.7694194795756837,0.03901572475697787,True,0.2295474957760488,0.2523737516576608,descriptive cloud-to-cloud variability only; not an order or uncertainty gate,1.191940400924357e-12,False,"dt=0.5: P0=1.0665138 outside [0,1]; dt=0.5: P1=-0.06651382 outside [0,1]; dt=0.25: P_var=-1.1117818 is negative",nan,REJECT_PHYSICAL_INADMISSIBILITY,one or more levels physically inadmissible; temporal order not interpreted,linear interpolation to common coarse saved times; no extrapolation,D:\PhD-Project\GP_RKHS_MINT\GP_RKHS_MINT\Tully_models\GP_MInt_QCLE_Reviewer_Ready_Pipeline_v4\output\fixed_pipeline\reviewer_closure_20260723_194254\step7_dt_P020\seed11_dt0.5\run_manifest.json,D:\PhD-Project\GP_RKHS_MINT\GP_RKHS_MINT\Tully_models\GP_MInt_QCLE_Reviewer_Ready_Pipeline_v4\output\fixed_pipeline\reviewer_closure_20260726_174927\step9_repl_P020\seed11\run_manifest.json,D:\PhD-Project\GP_RKHS_MINT\GP_RKHS_MINT\Tully_models\GP_MInt_QCLE_Reviewer_Ready_Pipeline_v4\output\fixed_pipeline\reviewer_closure_20260723_194254\step7_dt_P020\seed11_dt0.125\run_manifest.json
MIDPOINT,20.0,11,trace,0.5,0.25,0.125,1.0000000000012894,1.0000000000021507,1.0000000000046048,4.666244722582914e-13,1.3179187113553684e-12,0.35406164905148624,-8.51294239097077e-13,False,6.557490009062036e-13,8.561141136758458e-13,descriptive cloud-to-cloud variability only; not an order or uncertainty gate,2.0000000000023123e-12,False,"dt=0.5: P0=1.0665138 outside [0,1]; dt=0.5: P1=-0.06651382 outside [0,1]; dt=0.25: P_var=-1.1117818 is negative",nan,REJECT_NUMERICAL_NOISE,roundoff- or saturation-limited; order not interpreted,linear interpolation to common coarse saved times; no extrapolation,D:\PhD-Project\GP_RKHS_MINT\GP_RKHS_MINT\Tully_models\GP_MInt_QCLE_Reviewer_Ready_Pipeline_v4\output\fixed_pipeline\reviewer_closure_20260723_194254\step7_dt_P020\seed11_dt0.5\run_manifest.json,D:\PhD-Project\GP_RKHS_MINT\GP_RKHS_MINT\Tully_models\GP_MInt_QCLE_Reviewer_Ready_Pipeline_v4\output\fixed_pipeline\reviewer_closure_20260726_174927\step9_repl_P020\seed11\run_manifest.json,D:\PhD-Project\GP_RKHS_MINT\GP_RKHS_MINT\Tully_models\GP_MInt_QCLE_Reviewer_Ready_Pipeline_v4\output\fixed_pipeline\reviewer_closure_20260723_194254\step7_dt_P020\seed11_dt0.125\run_manifest.json
MIDPOINT,20.0,11,energy,0.5,0.25,0.125,0.10146067103259977,0.09429697924272633,0.0980184898680545,0.005230108636276325,0.0027335865411363762,1.9132771388690413,0.0024965220951399486,True,0.016981842530477353,0.02348372582769295,descriptive cloud-to-cloud variability only; not an order or uncertainty gate,1.1001767333419763e-12,False,"dt=0.5: P0=1.0665138 outside [0,1]; dt=0.5: P1=-0.06651382 outside [0,1]; dt=0.25: P_var=-1.1117818 is negative",nan,REJECT_PHYSICAL_INADMISSIBILITY,one or more levels physically inadmissible; temporal order not interpreted,linear interpolation to common coarse saved times; no extrapolation,D:\PhD-Project\GP_RKHS_MINT\GP_RKHS_MINT\Tully_models\GP_MInt_QCLE_Reviewer_Ready_Pipeline_v4\output\fixed_pipeline\reviewer_closure_20260723_194254\step7_dt_P020\seed11_dt0.5\run_manifest.json,D:\PhD-Project\GP_RKHS_MINT\GP_RKHS_MINT\Tully_models\GP_MInt_QCLE_Reviewer_Ready_Pipeline_v4\output\fixed_pipeline\reviewer_closure_20260726_174927\step9_repl_P020\seed11\run_manifest.json,D:\PhD-Project\GP_RKHS_MINT\GP_RKHS_MINT\Tully_models\GP_MInt_QCLE_Reviewer_Ready_Pipeline_v4\output\fixed_pipeline\reviewer_closure_20260723_194254\step7_dt_P020\seed11_dt0.125\run_manifest.json
MIDPOINT,20.0,11,R_mean,0.5,0.25,0.125,15.81900109729325,15.231976407524874,15.260927769014474,0.29396753020049565,0.13424961317059084,2.18970858282438,0.15971791702990482,True,2.148106090580686,2.845649891629622,descriptive cloud-to-cloud variability only; not an order or uncertainty gate,9.96144391720643e-12,False,"dt=0.5: P0=1.0665138 outside [0,1]; dt=0.5: P1=-0.06651382 outside [0,1]; dt=0.25: P_var=-1.1117818 is negative",nan,REJECT_PHYSICAL_INADMISSIBILITY,one or more levels physically inadmissible; temporal order not interpreted,linear interpolation to common coarse saved times; no extrapolation,D:\PhD-Project\GP_RKHS_MINT\GP_RKHS_MINT\Tully_models\GP_MInt_QCLE_Reviewer_Ready_Pipeline_v4\output\fixed_pipeline\reviewer_closure_20260723_194254\step7_dt_P020\seed11_dt0.5\run_manifest.json,D:\PhD-Project\GP_RKHS_MINT\GP_RKHS_MINT\Tully_models\GP_MInt_QCLE_Reviewer_Ready_Pipeline_v4\output\fixed_pipeline\reviewer_closure_20260726_174927\step9_repl_P020\seed11\run_manifest.json,D:\PhD-Project\GP_RKHS_MINT\GP_RKHS_MINT\Tully_models\GP_MInt_QCLE_Reviewer_Ready_Pipeline_v4\output\fixed_pipeline\reviewer_closure_20260723_194254\step7_dt_P020\seed11_dt0.125\run_manifest.json
MIDPOINT,20.0,11,P_mean,0.5,0.25,0.125,20.45371664558896,19.344145453883446,19.65838200856075,0.8908916981239181,0.3437542738847226,2.5916527176697066,0.5471374242391955,True,2.1791065357394452,2.7961566700985507,descriptive cloud-to-cloud variability only; not an order or uncertainty gate,2.141006172471037e-11,False,"dt=0.5: P0=1.0665138 outside [0,1]; dt=0.5: P1=-0.06651382 outside [0,1]; dt=0.25: P_var=-1.1117818 is negative",nan,REJECT_PHYSICAL_INADMISSIBILITY,one or more levels physically inadmissible; temporal order not interpreted,linear interpolation to common coarse saved times; no extrapolation,D:\PhD-Project\GP_RKHS_MINT\GP_RKHS_MINT\Tully_models\GP_MInt_QCLE_Reviewer_Ready_Pipeline_v4\output\fixed_pipeline\reviewer_closure_20260723_194254\step7_dt_P020\seed11_dt0.5\run_manifest.json,D:\PhD-Project\GP_RKHS_MINT\GP_RKHS_MINT\Tully_models\GP_MInt_QCLE_Reviewer_Ready_Pipeline_v4\output\fixed_pipeline\reviewer_closure_20260726_174927\step9_repl_P020\seed11\run_manifest.json,D:\PhD-Project\GP_RKHS_MINT\GP_RKHS_MINT\Tully_models\GP_MInt_QCLE_Reviewer_Ready_Pipeline_v4\output\fixed_pipeline\reviewer_closure_20260723_194254\step7_dt_P020\seed11_dt0.125\run_manifest.json
MIDPOINT,20.0,11,R_var,0.5,0.25,0.125,44.82189413683881,0.1936517906299855,33.99421522364591,14.206522207820308,10.890011362124849,1.3045461327276655,3.3165108456954595,True,24.43682974682669,23.141207756026564,descriptive cloud-to-cloud variability only; not an order or uncertainty gate,1.54914531678901e-11,False,"dt=0.5: P0=1.0665138 outside [0,1]; dt=0.5: P1=-0.06651382 outside [0,1]; dt=0.25: P_var=-1.1117818 is negative",nan,REJECT_PHYSICAL_INADMISSIBILITY,one or more levels physically inadmissible; temporal order not interpreted,linear interpolation to common coarse saved times; no extrapolation,D:\PhD-Project\GP_RKHS_MINT\GP_RKHS_MINT\Tully_models\GP_MInt_QCLE_Reviewer_Ready_Pipeline_v4\output\fixed_pipeline\reviewer_closure_20260723_194254\step7_dt_P020\seed11_dt0.5\run_manifest.json,D:\PhD-Project\GP_RKHS_MINT\GP_RKHS_MINT\Tully_models\GP_MInt_QCLE_Reviewer_Ready_Pipeline_v4\output\fixed_pipeline\reviewer_closure_20260726_174927\step9_repl_P020\seed11\run_manifest.json,D:\PhD-Project\GP_RKHS_MINT\GP_RKHS_MINT\Tully_models\GP_MInt_QCLE_Reviewer_Ready_Pipeline_v4\output\fixed_pipeline\reviewer_closure_20260723_194254\step7_dt_P020\seed11_dt0.125\run_manifest.json
MIDPOINT,20.0,11,P_var,0.5,0.25,0.125,74.39818845361398,-1.11178177154153,54.20189016520487,62.60562771181706,44.03362969096126,1.4217685017382986,18.571998020855794,True,103.08284588047177,117.53056174907967,descriptive cloud-to-cloud variability only; not an order or uncertainty gate,5.975736118449106e-11,False,"dt=0.5: P0=1.0665138 outside [0,1]; dt=0.5: P1=-0.06651382 outside [0,1]; dt=0.25: P_var=-1.1117818 is negative",nan,REJECT_PHYSICAL_INADMISSIBILITY,one or more levels physically inadmissible; temporal order not interpreted,linear interpolation to common coarse saved times; no extrapolation,D:\PhD-Project\GP_RKHS_MINT\GP_RKHS_MINT\Tully_models\GP_MInt_QCLE_Reviewer_Ready_Pipeline_v4\output\fixed_pipeline\reviewer_closure_20260723_194254\step7_dt_P020\seed11_dt0.5\run_manifest.json,D:\PhD-Project\GP_RKHS_MINT\GP_RKHS_MINT\Tully_models\GP_MInt_QCLE_Reviewer_Ready_Pipeline_v4\output\fixed_pipeline\reviewer_closure_20260726_174927\step9_repl_P020\seed11\run_manifest.json,D:\PhD-Project\GP_RKHS_MINT\GP_RKHS_MINT\Tully_models\GP_MInt_QCLE_Reviewer_Ready_Pipeline_v4\output\fixed_pipeline\reviewer_closure_20260723_194254\step7_dt_P020\seed11_dt0.125\run_manifest.json
MIDPOINT,20.0,29,P0,0.5,0.25,0.125,1.5424950089498783,0.8546812248885468,0.5608961373475247,0.5964767630778849,0.21582847669939015,2.763661089582116,0.38064828637849474,True,0.309601381489164,0.25237375165755543,descriptive cloud-to-cloud variability only; not an order or uncertainty gate,2.2721854768254394e-12,False,"dt=0.5: P0=1.542495 outside [0,1]; dt=0.5: P1=-0.54249501 outside [0,1]; dt=0.5: R_var=-6118.8226 is negative; dt=0.5: P_var=-10734.108 is negative; dt=0.125: R_var=-0.27304275 is negative",nan,REJECT_PHYSICAL_INADMISSIBILITY,one or more levels physically inadmissible; temporal order not interpreted,linear interpolation to common coarse saved times; no extrapolation,D:\PhD-Project\GP_RKHS_MINT\GP_RKHS_MINT\Tully_models\GP_MInt_QCLE_Reviewer_Ready_Pipeline_v4\output\fixed_pipeline\reviewer_closure_20260723_194254\step7_dt_P020\seed29_dt0.5\run_manifest.json,D:\PhD-Project\GP_RKHS_MINT\GP_RKHS_MINT\Tully_models\GP_MInt_QCLE_Reviewer_Ready_Pipeline_v4\output\fixed_pipeline\reviewer_closure_20260726_174927\step9_repl_P020\seed29\run_manifest.json,D:\PhD-Project\GP_RKHS_MINT\GP_RKHS_MINT\Tully_models\GP_MInt_QCLE_Reviewer_Ready_Pipeline_v4\output\fixed_pipeline\reviewer_closure_20260723_194254\step7_dt_P020\seed29_dt0.125\run_manifest.json
MIDPOINT,20.0,29,P1,0.5,0.25,0.125,-0.542495008948192,0.14531877511351252,0.4391038626552306,0.596476763078038,0.21582847670038138,2.7636610895701326,0.3806482863776566,True,0.3096013814892738,0.2523737516576608,descriptive cloud-to-cloud variability only; not an order or uncertainty gate,1.5732816428400644e-12,False,"dt=0.5: P0=1.542495 outside [0,1]; dt=0.5: P1=-0.54249501 outside [0,1]; dt=0.5: R_var=-6118.8226 is negative; dt=0.5: P_var=-10734.108 is negative; dt=0.125: R_var=-0.27304275 is negative",nan,REJECT_PHYSICAL_INADMISSIBILITY,one or more levels physically inadmissible; temporal order not interpreted,linear interpolation to common coarse saved times; no extrapolation,D:\PhD-Project\GP_RKHS_MINT\GP_RKHS_MINT\Tully_models\GP_MInt_QCLE_Reviewer_Ready_Pipeline_v4\output\fixed_pipeline\reviewer_closure_20260723_194254\step7_dt_P020\seed29_dt0.5\run_manifest.json,D:\PhD-Project\GP_RKHS_MINT\GP_RKHS_MINT\Tully_models\GP_MInt_QCLE_Reviewer_Ready_Pipeline_v4\output\fixed_pipeline\reviewer_closure_20260726_174927\step9_repl_P020\seed29\run_manifest.json,D:\PhD-Project\GP_RKHS_MINT\GP_RKHS_MINT\Tully_models\GP_MInt_QCLE_Reviewer_Ready_Pipeline_v4\output\fixed_pipeline\reviewer_closure_20260723_194254\step7_dt_P020\seed29_dt0.125\run_manifest.json
MIDPOINT,20.0,29,trace,0.5,0.25,0.125,1.0000000000016864,1.0000000000020592,1.0000000000027554,5.179209706262278e-13,1.4387946768696482e-12,0.35996864525038164,-9.208737062434203e-13,False,1.1451670212198324e-12,8.561141136758458e-13,descriptive cloud-to-cloud variability only; not an order or uncertainty gate,2.000000000002435e-12,False,"dt=0.5: P0=1.542495 outside [0,1]; dt=0.5: P1=-0.54249501 outside [0,1]; dt=0.5: R_var=-6118.8226 is negative; dt=0.5: P_var=-10734.108 is negative; dt=0.125: R_var=-0.27304275 is negative",nan,REJECT_NUMERICAL_NOISE,roundoff- or saturation-limited; order not interpreted,linear interpolation to common coarse saved times; no extrapolation,D:\PhD-Project\GP_RKHS_MINT\GP_RKHS_MINT\Tully_models\GP_MInt_QCLE_Reviewer_Ready_Pipeline_v4\output\fixed_pipeline\reviewer_closure_20260723_194254\step7_dt_P020\seed29_dt0.5\run_manifest.json,D:\PhD-Project\GP_RKHS_MINT\GP_RKHS_MINT\Tully_models\GP_MInt_QCLE_Reviewer_Ready_Pipeline_v4\output\fixed_pipeline\reviewer_closure_20260726_174927\step9_repl_P020\seed29\run_manifest.json,D:\PhD-Project\GP_RKHS_MINT\GP_RKHS_MINT\Tully_models\GP_MInt_QCLE_Reviewer_Ready_Pipeline_v4\output\fixed_pipeline\reviewer_closure_20260723_194254\step7_dt_P020\seed29_dt0.125\run_manifest.json
MIDPOINT,20.0,29,energy,0.5,0.25,0.125,0.13277665996744994,0.0857523450522503,0.06000964427603114,0.035146098967461764,0.01682318714262749,2.0891462877689033,0.018322911824834275,True,0.03067312538342786,0.02348372582769295,descriptive cloud-to-cloud variability only; not an order or uncertainty gate,1.116281573017079e-12,False,"dt=0.5: P0=1.542495 outside [0,1]; dt=0.5: P1=-0.54249501 outside [0,1]; dt=0.5: R_var=-6118.8226 is negative; dt=0.5: P_var=-10734.108 is negative; dt=0.125: R_var=-0.27304275 is negative",nan,REJECT_PHYSICAL_INADMISSIBILITY,one or more levels physically inadmissible; temporal order not interpreted,linear interpolation to common coarse saved times; no extrapolation,D:\PhD-Project\GP_RKHS_MINT\GP_RKHS_MINT\Tully_models\GP_MInt_QCLE_Reviewer_Ready_Pipeline_v4\output\fixed_pipeline\reviewer_closure_20260723_194254\step7_dt_P020\seed29_dt0.5\run_manifest.json,D:\PhD-Project\GP_RKHS_MINT\GP_RKHS_MINT\Tully_models\GP_MInt_QCLE_Reviewer_Ready_Pipeline_v4\output\fixed_pipeline\reviewer_closure_20260726_174927\step9_repl_P020\seed29\run_manifest.json,D:\PhD-Project\GP_RKHS_MINT\GP_RKHS_MINT\Tully_models\GP_MInt_QCLE_Reviewer_Ready_Pipeline_v4\output\fixed_pipeline\reviewer_closure_20260723_194254\step7_dt_P020\seed29_dt0.125\run_manifest.json
MIDPOINT,20.0,29,R_mean,0.5,0.25,0.125,19.45261202692987,12.777190705338173,8.162508043153537,2.904486299284851,2.2485851155474883,1.2916950660227344,0.6559011837373627,True,3.9096571092384758,2.845649891629622,descriptive cloud-to-cloud variability only; not an order or uncertainty gate,1.107162179982593e-11,False,"dt=0.5: P0=1.542495 outside [0,1]; dt=0.5: P1=-0.54249501 outside [0,1]; dt=0.5: R_var=-6118.8226 is negative; dt=0.5: P_var=-10734.108 is negative; dt=0.125: R_var=-0.27304275 is negative",nan,REJECT_PHYSICAL_INADMISSIBILITY,one or more levels physically inadmissible; temporal order not interpreted,linear interpolation to common coarse saved times; no extrapolation,D:\PhD-Project\GP_RKHS_MINT\GP_RKHS_MINT\Tully_models\GP_MInt_QCLE_Reviewer_Ready_Pipeline_v4\output\fixed_pipeline\reviewer_closure_20260723_194254\step7_dt_P020\seed29_dt0.5\run_manifest.json,D:\PhD-Project\GP_RKHS_MINT\GP_RKHS_MINT\Tully_models\GP_MInt_QCLE_Reviewer_Ready_Pipeline_v4\output\fixed_pipeline\reviewer_closure_20260726_174927\step9_repl_P020\seed29\run_manifest.json,D:\PhD-Project\GP_RKHS_MINT\GP_RKHS_MINT\Tully_models\GP_MInt_QCLE_Reviewer_Ready_Pipeline_v4\output\fixed_pipeline\reviewer_closure_20260723_194254\step7_dt_P020\seed29_dt0.125\run_manifest.json
MIDPOINT,20.0,29,P_mean,0.5,0.25,0.125,25.775634582858466,17.876795332548582,13.905455913054835,5.251241031530376,2.521822915270058,2.082319499808347,2.7294181162603177,True,3.8757760785467017,2.7961566700985507,descriptive cloud-to-cloud variability only; not an order or uncertainty gate,2.4072944084425666e-11,False,"dt=0.5: P0=1.542495 outside [0,1]; dt=0.5: P1=-0.54249501 outside [0,1]; dt=0.5: R_var=-6118.8226 is negative; dt=0.5: P_var=-10734.108 is negative; dt=0.125: R_var=-0.27304275 is negative",nan,REJECT_PHYSICAL_INADMISSIBILITY,one or more levels physically inadmissible; temporal order not interpreted,linear interpolation to common coarse saved times; no extrapolation,D:\PhD-Project\GP_RKHS_MINT\GP_RKHS_MINT\Tully_models\GP_MInt_QCLE_Reviewer_Ready_Pipeline_v4\output\fixed_pipeline\reviewer_closure_20260723_194254\step7_dt_P020\seed29_dt0.5\run_manifest.json,D:\PhD-Project\GP_RKHS_MINT\GP_RKHS_MINT\Tully_models\GP_MInt_QCLE_Reviewer_Ready_Pipeline_v4\output\fixed_pipeline\reviewer_closure_20260726_174927\step9_repl_P020\seed29\run_manifest.json,D:\PhD-Project\GP_RKHS_MINT\GP_RKHS_MINT\Tully_models\GP_MInt_QCLE_Reviewer_Ready_Pipeline_v4\output\fixed_pipeline\reviewer_closure_20260723_194254\step7_dt_P020\seed29_dt0.125\run_manifest.json
MIDPOINT,20.0,29,R_var,0.5,0.25,0.125,-6118.822585596213,37.50319291365423,-0.2730427523531156,1952.9011854687942,12.708750509101149,153.6658685738034,1940.1924349596932,True,16.849636897412083,23.141207756026564,descriptive cloud-to-cloud variability only; not an order or uncertainty gate,1.942526938480355e-09,False,"dt=0.5: P0=1.542495 outside [0,1]; dt=0.5: P1=-0.54249501 outside [0,1]; dt=0.5: R_var=-6118.8226 is negative; dt=0.5: P_var=-10734.108 is negative; dt=0.125: R_var=-0.27304275 is negative",nan,REJECT_PHYSICAL_INADMISSIBILITY,one or more levels physically inadmissible; temporal order not interpreted,linear interpolation to common coarse saved times; no extrapolation,D:\PhD-Project\GP_RKHS_MINT\GP_RKHS_MINT\Tully_models\GP_MInt_QCLE_Reviewer_Ready_Pipeline_v4\output\fixed_pipeline\reviewer_closure_20260723_194254\step7_dt_P020\seed29_dt0.5\run_manifest.json,D:\PhD-Project\GP_RKHS_MINT\GP_RKHS_MINT\Tully_models\GP_MInt_QCLE_Reviewer_Ready_Pipeline_v4\output\fixed_pipeline\reviewer_closure_20260726_174927\step9_repl_P020\seed29\run_manifest.json,D:\PhD-Project\GP_RKHS_MINT\GP_RKHS_MINT\Tully_models\GP_MInt_QCLE_Reviewer_Ready_Pipeline_v4\output\fixed_pipeline\reviewer_closure_20260723_194254\step7_dt_P020\seed29_dt0.125\run_manifest.json
MIDPOINT,20.0,29,P_var,0.5,0.25,0.125,-10734.107834458322,76.2465413257476,23.933768870201078,7280.646920890271,35.906713754401906,202.76561566422146,7244.740207135869,True,106.86947808291042,117.53056174907967,descriptive cloud-to-cloud variability only; not an order or uncertainty gate,7.228134877111632e-09,False,"dt=0.5: P0=1.542495 outside [0,1]; dt=0.5: P1=-0.54249501 outside [0,1]; dt=0.5: R_var=-6118.8226 is negative; dt=0.5: P_var=-10734.108 is negative; dt=0.125: R_var=-0.27304275 is negative",nan,REJECT_PHYSICAL_INADMISSIBILITY,one or more levels physically inadmissible; temporal order not interpreted,linear interpolation to common coarse saved times; no extrapolation,D:\PhD-Project\GP_RKHS_MINT\GP_RKHS_MINT\Tully_models\GP_MInt_QCLE_Reviewer_Ready_Pipeline_v4\output\fixed_pipeline\reviewer_closure_20260723_194254\step7_dt_P020\seed29_dt0.5\run_manifest.json,D:\PhD-Project\GP_RKHS_MINT\GP_RKHS_MINT\Tully_models\GP_MInt_QCLE_Reviewer_Ready_Pipeline_v4\output\fixed_pipeline\reviewer_closure_20260726_174927\step9_repl_P020\seed29\run_manifest.json,D:\PhD-Project\GP_RKHS_MINT\GP_RKHS_MINT\Tully_models\GP_MInt_QCLE_Reviewer_Ready_Pipeline_v4\output\fixed_pipeline\reviewer_closure_20260723_194254\step7_dt_P020\seed29_dt0.125\run_manifest.json
MIDPOINT,20.0,47,P0,0.5,0.25,0.125,1.1029690705898314,0.9053042961198511,0.7821319856523401,0.2882137339960581,0.2712405957695016,1.062575950986998,0.016973138226556495,True,0.2447744676297784,0.25237375165755543,descriptive cloud-to-cloud variability only; not an order or uncertainty gate,1.9986607513980753e-12,False,"dt=0.5: P0=1.1029691 outside [0,1]; dt=0.5: P1=-0.10296907 outside [0,1]; dt=0.25: R_var=-66.195179 is negative; dt=0.25: P_var=-94.132659 is negative; dt=0.125: R_var=-84.400632 is negative; dt=0.125: P_var=-129.2142 is negative",nan,REJECT_PHYSICAL_INADMISSIBILITY,one or more levels physically inadmissible; temporal order not interpreted,linear interpolation to common coarse saved times; no extrapolation,D:\PhD-Project\GP_RKHS_MINT\GP_RKHS_MINT\Tully_models\GP_MInt_QCLE_Reviewer_Ready_Pipeline_v4\output\fixed_pipeline\final_reviewer_closure\dynamics\timestep\P020\seed47_dt0.5\run_manifest.json,D:\PhD-Project\GP_RKHS_MINT\GP_RKHS_MINT\Tully_models\GP_MInt_QCLE_Reviewer_Ready_Pipeline_v4\output\fixed_pipeline\reviewer_closure_20260726_174927\step9_repl_P020\seed47\run_manifest.json,D:\PhD-Project\GP_RKHS_MINT\GP_RKHS_MINT\Tully_models\GP_MInt_QCLE_Reviewer_Ready_Pipeline_v4\output\fixed_pipeline\final_reviewer_closure\dynamics\timestep\P020\seed47_dt0.125\run_manifest.json
MIDPOINT,20.0,47,P1,0.5,0.25,0.125,-0.10296907058866926,0.0946957038833055,0.21786801435320366,0.2882137339965424,0.27124059576951054,1.0625759509887485,0.016973138227031837,True,0.24477446762987143,0.2523737516576608,descriptive cloud-to-cloud variability only; not an order or uncertainty gate,1.3781300823110552e-12,False,"dt=0.5: P0=1.1029691 outside [0,1]; dt=0.5: P1=-0.10296907 outside [0,1]; dt=0.25: R_var=-66.195179 is negative; dt=0.25: P_var=-94.132659 is negative; dt=0.125: R_var=-84.400632 is negative; dt=0.125: P_var=-129.2142 is negative",nan,REJECT_PHYSICAL_INADMISSIBILITY,one or more levels physically inadmissible; temporal order not interpreted,linear interpolation to common coarse saved times; no extrapolation,D:\PhD-Project\GP_RKHS_MINT\GP_RKHS_MINT\Tully_models\GP_MInt_QCLE_Reviewer_Ready_Pipeline_v4\output\fixed_pipeline\final_reviewer_closure\dynamics\timestep\P020\seed47_dt0.5\run_manifest.json,D:\PhD-Project\GP_RKHS_MINT\GP_RKHS_MINT\Tully_models\GP_MInt_QCLE_Reviewer_Ready_Pipeline_v4\output\fixed_pipeline\reviewer_closure_20260726_174927\step9_repl_P020\seed47\run_manifest.json,D:\PhD-Project\GP_RKHS_MINT\GP_RKHS_MINT\Tully_models\GP_MInt_QCLE_Reviewer_Ready_Pipeline_v4\output\fixed_pipeline\final_reviewer_closure\dynamics\timestep\P020\seed47_dt0.125\run_manifest.json
MIDPOINT,20.0,47,trace,0.5,0.25,0.125,1.0000000000011622,1.0000000000031566,1.0000000000055438,9.002152231323412e-13,1.2780375687071588e-12,0.7043730522280216,-3.778223455748175e-13,False,8.659195758743531e-13,8.561141136758458e-13,descriptive cloud-to-cloud variability only; not an order or uncertainty gate,2.0000000000025554e-12,False,"dt=0.5: P0=1.1029691 outside [0,1]; dt=0.5: P1=-0.10296907 outside [0,1]; dt=0.25: R_var=-66.195179 is negative; dt=0.25: P_var=-94.132659 is negative; dt=0.125: R_var=-84.400632 is negative; dt=0.125: P_var=-129.2142 is negative",nan,REJECT_NUMERICAL_NOISE,roundoff- or saturation-limited; order not interpreted,linear interpolation to common coarse saved times; no extrapolation,D:\PhD-Project\GP_RKHS_MINT\GP_RKHS_MINT\Tully_models\GP_MInt_QCLE_Reviewer_Ready_Pipeline_v4\output\fixed_pipeline\final_reviewer_closure\dynamics\timestep\P020\seed47_dt0.5\run_manifest.json,D:\PhD-Project\GP_RKHS_MINT\GP_RKHS_MINT\Tully_models\GP_MInt_QCLE_Reviewer_Ready_Pipeline_v4\output\fixed_pipeline\reviewer_closure_20260726_174927\step9_repl_P020\seed47\run_manifest.json,D:\PhD-Project\GP_RKHS_MINT\GP_RKHS_MINT\Tully_models\GP_MInt_QCLE_Reviewer_Ready_Pipeline_v4\output\fixed_pipeline\final_reviewer_closure\dynamics\timestep\P020\seed47_dt0.125\run_manifest.json
MIDPOINT,20.0,47,energy,0.5,0.25,0.125,0.09557975269483618,0.11802034096997906,0.11871648419343142,0.01557715143543539,0.0034564180808611426,4.50673242386073,0.012120733354574247,True,0.026220044790517087,0.02348372582769295,descriptive cloud-to-cloud variability only; not an order or uncertainty gate,1.1108894345658569e-12,False,"dt=0.5: P0=1.1029691 outside [0,1]; dt=0.5: P1=-0.10296907 outside [0,1]; dt=0.25: R_var=-66.195179 is negative; dt=0.25: P_var=-94.132659 is negative; dt=0.125: R_var=-84.400632 is negative; dt=0.125: P_var=-129.2142 is negative",nan,REJECT_PHYSICAL_INADMISSIBILITY,one or more levels physically inadmissible; temporal order not interpreted,linear interpolation to common coarse saved times; no extrapolation,D:\PhD-Project\GP_RKHS_MINT\GP_RKHS_MINT\Tully_models\GP_MInt_QCLE_Reviewer_Ready_Pipeline_v4\output\fixed_pipeline\final_reviewer_closure\dynamics\timestep\P020\seed47_dt0.5\run_manifest.json,D:\PhD-Project\GP_RKHS_MINT\GP_RKHS_MINT\Tully_models\GP_MInt_QCLE_Reviewer_Ready_Pipeline_v4\output\fixed_pipeline\reviewer_closure_20260726_174927\step9_repl_P020\seed47\run_manifest.json,D:\PhD-Project\GP_RKHS_MINT\GP_RKHS_MINT\Tully_models\GP_MInt_QCLE_Reviewer_Ready_Pipeline_v4\output\fixed_pipeline\final_reviewer_closure\dynamics\timestep\P020\seed47_dt0.125\run_manifest.json
MIDPOINT,20.0,47,R_mean,0.5,0.25,0.125,15.940258731341522,16.732549335471735,17.178153445230105,0.3844073263250389,0.6547281959492243,0.5871250523550854,-0.2703208696241854,False,2.837444406648501,2.845649891629622,descriptive cloud-to-cloud variability only; not an order or uncertainty gate,1.0586864805188371e-11,False,"dt=0.5: P0=1.1029691 outside [0,1]; dt=0.5: P1=-0.10296907 outside [0,1]; dt=0.25: R_var=-66.195179 is negative; dt=0.25: P_var=-94.132659 is negative; dt=0.125: R_var=-84.400632 is negative; dt=0.125: P_var=-129.2142 is negative",nan,REJECT_PHYSICAL_INADMISSIBILITY,one or more levels physically inadmissible; temporal order not interpreted,linear interpolation to common coarse saved times; no extrapolation,D:\PhD-Project\GP_RKHS_MINT\GP_RKHS_MINT\Tully_models\GP_MInt_QCLE_Reviewer_Ready_Pipeline_v4\output\fixed_pipeline\final_reviewer_closure\dynamics\timestep\P020\seed47_dt0.5\run_manifest.json,D:\PhD-Project\GP_RKHS_MINT\GP_RKHS_MINT\Tully_models\GP_MInt_QCLE_Reviewer_Ready_Pipeline_v4\output\fixed_pipeline\reviewer_closure_20260726_174927\step9_repl_P020\seed47\run_manifest.json,D:\PhD-Project\GP_RKHS_MINT\GP_RKHS_MINT\Tully_models\GP_MInt_QCLE_Reviewer_Ready_Pipeline_v4\output\fixed_pipeline\final_reviewer_closure\dynamics\timestep\P020\seed47_dt0.125\run_manifest.json
MIDPOINT,20.0,47,P_mean,0.5,0.25,0.125,20.0824579446062,21.318359456242433,20.768889437791337,1.2180938783737663,0.5841865763713457,2.0851110375385775,0.6339073020024205,True,2.6474739648710215,2.7961566700985507,descriptive cloud-to-cloud variability only; not an order or uncertainty gate,2.199705714654454e-11,False,"dt=0.5: P0=1.1029691 outside [0,1]; dt=0.5: P1=-0.10296907 outside [0,1]; dt=0.25: R_var=-66.195179 is negative; dt=0.25: P_var=-94.132659 is negative; dt=0.125: R_var=-84.400632 is negative; dt=0.125: P_var=-129.2142 is negative",nan,REJECT_PHYSICAL_INADMISSIBILITY,one or more levels physically inadmissible; temporal order not interpreted,linear interpolation to common coarse saved times; no extrapolation,D:\PhD-Project\GP_RKHS_MINT\GP_RKHS_MINT\Tully_models\GP_MInt_QCLE_Reviewer_Ready_Pipeline_v4\output\fixed_pipeline\final_reviewer_closure\dynamics\timestep\P020\seed47_dt0.5\run_manifest.json,D:\PhD-Project\GP_RKHS_MINT\GP_RKHS_MINT\Tully_models\GP_MInt_QCLE_Reviewer_Ready_Pipeline_v4\output\fixed_pipeline\reviewer_closure_20260726_174927\step9_repl_P020\seed47\run_manifest.json,D:\PhD-Project\GP_RKHS_MINT\GP_RKHS_MINT\Tully_models\GP_MInt_QCLE_Reviewer_Ready_Pipeline_v4\output\fixed_pipeline\final_reviewer_closure\dynamics\timestep\P020\seed47_dt0.125\run_manifest.json
MIDPOINT,20.0,47,R_var,0.5,0.25,0.125,33.33948954171015,-66.19517931415521,-84.40063199734021,33.707103972271284,5.951719508595923,5.663422801358319,27.755384463675362,True,31.16055179049294,23.141207756026564,descriptive cloud-to-cloud variability only; not an order or uncertainty gate,2.8523531681200455e-11,False,"dt=0.5: P0=1.1029691 outside [0,1]; dt=0.5: P1=-0.10296907 outside [0,1]; dt=0.25: R_var=-66.195179 is negative; dt=0.25: P_var=-94.132659 is negative; dt=0.125: R_var=-84.400632 is negative; dt=0.125: P_var=-129.2142 is negative",nan,REJECT_PHYSICAL_INADMISSIBILITY,one or more levels physically inadmissible; temporal order not interpreted,linear interpolation to common coarse saved times; no extrapolation,D:\PhD-Project\GP_RKHS_MINT\GP_RKHS_MINT\Tully_models\GP_MInt_QCLE_Reviewer_Ready_Pipeline_v4\output\fixed_pipeline\final_reviewer_closure\dynamics\timestep\P020\seed47_dt0.5\run_manifest.json,D:\PhD-Project\GP_RKHS_MINT\GP_RKHS_MINT\Tully_models\GP_MInt_QCLE_Reviewer_Ready_Pipeline_v4\output\fixed_pipeline\reviewer_closure_20260726_174927\step9_repl_P020\seed47\run_manifest.json,D:\PhD-Project\GP_RKHS_MINT\GP_RKHS_MINT\Tully_models\GP_MInt_QCLE_Reviewer_Ready_Pipeline_v4\output\fixed_pipeline\final_reviewer_closure\dynamics\timestep\P020\seed47_dt0.125\run_manifest.json
MIDPOINT,20.0,47,P_var,0.5,0.25,0.125,50.531545076310294,-94.13265930039734,-129.21419662718506,274.72538069117115,177.41022939521903,1.5485317933903457,97.31515129595212,True,158.58100247819064,117.53056174907967,descriptive cloud-to-cloud variability only; not an order or uncertainty gate,2.5859816440526883e-10,False,"dt=0.5: P0=1.1029691 outside [0,1]; dt=0.5: P1=-0.10296907 outside [0,1]; dt=0.25: R_var=-66.195179 is negative; dt=0.25: P_var=-94.132659 is negative; dt=0.125: R_var=-84.400632 is negative; dt=0.125: P_var=-129.2142 is negative",nan,REJECT_PHYSICAL_INADMISSIBILITY,one or more levels physically inadmissible; temporal order not interpreted,linear interpolation to common coarse saved times; no extrapolation,D:\PhD-Project\GP_RKHS_MINT\GP_RKHS_MINT\Tully_models\GP_MInt_QCLE_Reviewer_Ready_Pipeline_v4\output\fixed_pipeline\final_reviewer_closure\dynamics\timestep\P020\seed47_dt0.5\run_manifest.json,D:\PhD-Project\GP_RKHS_MINT\GP_RKHS_MINT\Tully_models\GP_MInt_QCLE_Reviewer_Ready_Pipeline_v4\output\fixed_pipeline\reviewer_closure_20260726_174927\step9_repl_P020\seed47\run_manifest.json,D:\PhD-Project\GP_RKHS_MINT\GP_RKHS_MINT\Tully_models\GP_MInt_QCLE_Reviewer_Ready_Pipeline_v4\output\fixed_pipeline\final_reviewer_closure\dynamics\timestep\P020\seed47_dt0.125\run_manifest.json
MIDPOINT,20.0,73,P0,0.5,0.25,0.125,1.006957090807086,2.501948151957114,0.9447899896267946,1.1236980406306798,1.1508547640053532,0.9764029969514493,-0.027156723374673453,False,0.21519859168310707,0.25237375165755543,descriptive cloud-to-cloud variability only; not an order or uncertainty gate,2.829079910629443e-12,False,"dt=0.5: P0=1.0069571 outside [0,1]; dt=0.5: P1=-0.0069570908 outside [0,1]; dt=0.5: R_var=-37.460135 is negative; dt=0.5: P_var=-61.971407 is negative; dt=0.25: P0=2.5019482 outside [0,1]; dt=0.25: P1=-1.5019482 outside [0,1]; dt=0.125: R_var=-1.7774378 is negative; dt=0.125: P_var=-2.4066402 is negative",nan,REJECT_PHYSICAL_INADMISSIBILITY,one or more levels physically inadmissible; temporal order not interpreted,linear interpolation to common coarse saved times; no extrapolation,D:\PhD-Project\GP_RKHS_MINT\GP_RKHS_MINT\Tully_models\GP_MInt_QCLE_Reviewer_Ready_Pipeline_v4\output\fixed_pipeline\final_reviewer_closure\dynamics\timestep\P020\seed73_dt0.5\run_manifest.json,D:\PhD-Project\GP_RKHS_MINT\GP_RKHS_MINT\Tully_models\GP_MInt_QCLE_Reviewer_Ready_Pipeline_v4\output\fixed_pipeline\reviewer_closure_20260726_174927\step9_repl_P020\seed73\run_manifest.json,D:\PhD-Project\GP_RKHS_MINT\GP_RKHS_MINT\Tully_models\GP_MInt_QCLE_Reviewer_Ready_Pipeline_v4\output\fixed_pipeline\final_reviewer_closure\dynamics\timestep\P020\seed73_dt0.125\run_manifest.json
MIDPOINT,20.0,73,P1,0.5,0.25,0.125,-0.006957090805961836,-1.5019481519497198,0.055210010377824886,1.123698040627591,1.1508547640033309,0.9764029969504812,-0.027156723375739933,False,0.21519859168322078,0.2523737516576608,descriptive cloud-to-cloud variability only; not an order or uncertainty gate,2.113144935719103e-12,False,"dt=0.5: P0=1.0069571 outside [0,1]; dt=0.5: P1=-0.0069570908 outside [0,1]; dt=0.5: R_var=-37.460135 is negative; dt=0.5: P_var=-61.971407 is negative; dt=0.25: P0=2.5019482 outside [0,1]; dt=0.25: P1=-1.5019482 outside [0,1]; dt=0.125: R_var=-1.7774378 is negative; dt=0.125: P_var=-2.4066402 is negative",nan,REJECT_PHYSICAL_INADMISSIBILITY,one or more levels physically inadmissible; temporal order not interpreted,linear interpolation to common coarse saved times; no extrapolation,D:\PhD-Project\GP_RKHS_MINT\GP_RKHS_MINT\Tully_models\GP_MInt_QCLE_Reviewer_Ready_Pipeline_v4\output\fixed_pipeline\final_reviewer_closure\dynamics\timestep\P020\seed73_dt0.5\run_manifest.json,D:\PhD-Project\GP_RKHS_MINT\GP_RKHS_MINT\Tully_models\GP_MInt_QCLE_Reviewer_Ready_Pipeline_v4\output\fixed_pipeline\reviewer_closure_20260726_174927\step9_repl_P020\seed73\run_manifest.json,D:\PhD-Project\GP_RKHS_MINT\GP_RKHS_MINT\Tully_models\GP_MInt_QCLE_Reviewer_Ready_Pipeline_v4\output\fixed_pipeline\final_reviewer_closure\dynamics\timestep\P020\seed73_dt0.125\run_manifest.json
MIDPOINT,20.0,73,trace,0.5,0.25,0.125,1.000000000001124,1.0000000000073945,1.0000000000046196,3.913268271941925e-12,2.6866773119499823e-12,1.4565456947643953,1.2265909599919428e-12,True,6.636976208926082e-13,8.561141136758458e-13,descriptive cloud-to-cloud variability only; not an order or uncertainty gate,2.000000000003511e-12,False,"dt=0.5: P0=1.0069571 outside [0,1]; dt=0.5: P1=-0.0069570908 outside [0,1]; dt=0.5: R_var=-37.460135 is negative; dt=0.5: P_var=-61.971407 is negative; dt=0.25: P0=2.5019482 outside [0,1]; dt=0.25: P1=-1.5019482 outside [0,1]; dt=0.125: R_var=-1.7774378 is negative; dt=0.125: P_var=-2.4066402 is negative",nan,REJECT_PHYSICAL_INADMISSIBILITY,one or more levels physically inadmissible; temporal order not interpreted,linear interpolation to common coarse saved times; no extrapolation,D:\PhD-Project\GP_RKHS_MINT\GP_RKHS_MINT\Tully_models\GP_MInt_QCLE_Reviewer_Ready_Pipeline_v4\output\fixed_pipeline\final_reviewer_closure\dynamics\timestep\P020\seed73_dt0.5\run_manifest.json,D:\PhD-Project\GP_RKHS_MINT\GP_RKHS_MINT\Tully_models\GP_MInt_QCLE_Reviewer_Ready_Pipeline_v4\output\fixed_pipeline\reviewer_closure_20260726_174927\step9_repl_P020\seed73\run_manifest.json,D:\PhD-Project\GP_RKHS_MINT\GP_RKHS_MINT\Tully_models\GP_MInt_QCLE_Reviewer_Ready_Pipeline_v4\output\fixed_pipeline\final_reviewer_closure\dynamics\timestep\P020\seed73_dt0.125\run_manifest.json
MIDPOINT,20.0,73,energy,0.5,0.25,0.125,0.09627898423287899,0.207279226567887,0.09805371135292339,0.07091699967561504,0.06972970701865455,1.017027070781222,0.0011872926569604925,True,0.017006680148308587,0.02348372582769295,descriptive cloud-to-cloud variability only; not an order or uncertainty gate,1.1548942729305728e-12,False,"dt=0.5: P0=1.0069571 outside [0,1]; dt=0.5: P1=-0.0069570908 outside [0,1]; dt=0.5: R_var=-37.460135 is negative; dt=0.5: P_var=-61.971407 is negative; dt=0.25: P0=2.5019482 outside [0,1]; dt=0.25: P1=-1.5019482 outside [0,1]; dt=0.125: R_var=-1.7774378 is negative; dt=0.125: P_var=-2.4066402 is negative",nan,REJECT_PHYSICAL_INADMISSIBILITY,one or more levels physically inadmissible; temporal order not interpreted,linear interpolation to common coarse saved times; no extrapolation,D:\PhD-Project\GP_RKHS_MINT\GP_RKHS_MINT\Tully_models\GP_MInt_QCLE_Reviewer_Ready_Pipeline_v4\output\fixed_pipeline\final_reviewer_closure\dynamics\timestep\P020\seed73_dt0.5\run_manifest.json,D:\PhD-Project\GP_RKHS_MINT\GP_RKHS_MINT\Tully_models\GP_MInt_QCLE_Reviewer_Ready_Pipeline_v4\output\fixed_pipeline\reviewer_closure_20260726_174927\step9_repl_P020\seed73\run_manifest.json,D:\PhD-Project\GP_RKHS_MINT\GP_RKHS_MINT\Tully_models\GP_MInt_QCLE_Reviewer_Ready_Pipeline_v4\output\fixed_pipeline\final_reviewer_closure\dynamics\timestep\P020\seed73_dt0.125\run_manifest.json
MIDPOINT,20.0,73,R_mean,0.5,0.25,0.125,15.259429120912694,12.65080641892298,15.030826815262929,5.917192404310262,5.784863614105144,1.022875006055884,0.13232879020511756,True,2.1071364393168897,2.845649891629622,descriptive cloud-to-cloud variability only; not an order or uncertainty gate,9.803457790505828e-12,False,"dt=0.5: P0=1.0069571 outside [0,1]; dt=0.5: P1=-0.0069570908 outside [0,1]; dt=0.5: R_var=-37.460135 is negative; dt=0.5: P_var=-61.971407 is negative; dt=0.25: P0=2.5019482 outside [0,1]; dt=0.25: P1=-1.5019482 outside [0,1]; dt=0.125: R_var=-1.7774378 is negative; dt=0.125: P_var=-2.4066402 is negative",nan,REJECT_PHYSICAL_INADMISSIBILITY,one or more levels physically inadmissible; temporal order not interpreted,linear interpolation to common coarse saved times; no extrapolation,D:\PhD-Project\GP_RKHS_MINT\GP_RKHS_MINT\Tully_models\GP_MInt_QCLE_Reviewer_Ready_Pipeline_v4\output\fixed_pipeline\final_reviewer_closure\dynamics\timestep\P020\seed73_dt0.5\run_manifest.json,D:\PhD-Project\GP_RKHS_MINT\GP_RKHS_MINT\Tully_models\GP_MInt_QCLE_Reviewer_Ready_Pipeline_v4\output\fixed_pipeline\reviewer_closure_20260726_174927\step9_repl_P020\seed73\run_manifest.json,D:\PhD-Project\GP_RKHS_MINT\GP_RKHS_MINT\Tully_models\GP_MInt_QCLE_Reviewer_Ready_Pipeline_v4\output\fixed_pipeline\final_reviewer_closure\dynamics\timestep\P020\seed73_dt0.125\run_manifest.json
MIDPOINT,20.0,73,P_mean,0.5,0.25,0.125,19.60147444342499,38.272874925975806,19.46996052768624,12.294719410423053,12.378273339263458,0.9932499528366872,-0.08355392884040569,False,2.1200718372591427,2.7961566700985507,descriptive cloud-to-cloud variability only; not an order or uncertainty gate,3.0373515926225714e-11,False,"dt=0.5: P0=1.0069571 outside [0,1]; dt=0.5: P1=-0.0069570908 outside [0,1]; dt=0.5: R_var=-37.460135 is negative; dt=0.5: P_var=-61.971407 is negative; dt=0.25: P0=2.5019482 outside [0,1]; dt=0.25: P1=-1.5019482 outside [0,1]; dt=0.125: R_var=-1.7774378 is negative; dt=0.125: P_var=-2.4066402 is negative",nan,REJECT_PHYSICAL_INADMISSIBILITY,one or more levels physically inadmissible; temporal order not interpreted,linear interpolation to common coarse saved times; no extrapolation,D:\PhD-Project\GP_RKHS_MINT\GP_RKHS_MINT\Tully_models\GP_MInt_QCLE_Reviewer_Ready_Pipeline_v4\output\fixed_pipeline\final_reviewer_closure\dynamics\timestep\P020\seed73_dt0.5\run_manifest.json,D:\PhD-Project\GP_RKHS_MINT\GP_RKHS_MINT\Tully_models\GP_MInt_QCLE_Reviewer_Ready_Pipeline_v4\output\fixed_pipeline\reviewer_closure_20260726_174927\step9_repl_P020\seed73\run_manifest.json,D:\PhD-Project\GP_RKHS_MINT\GP_RKHS_MINT\Tully_models\GP_MInt_QCLE_Reviewer_Ready_Pipeline_v4\output\fixed_pipeline\final_reviewer_closure\dynamics\timestep\P020\seed73_dt0.125\run_manifest.json
MIDPOINT,20.0,73,R_var,0.5,0.25,0.125,-37.46013529160547,8.228257351105242,-1.7774378374137996,12.538856566950258,3.9666243301677553,3.1610900159078006,8.572232236782503,True,17.02977058249226,23.141207756026564,descriptive cloud-to-cloud variability only; not an order or uncertainty gate,1.3015325942334973e-11,False,"dt=0.5: P0=1.0069571 outside [0,1]; dt=0.5: P1=-0.0069570908 outside [0,1]; dt=0.5: R_var=-37.460135 is negative; dt=0.5: P_var=-61.971407 is negative; dt=0.25: P0=2.5019482 outside [0,1]; dt=0.25: P1=-1.5019482 outside [0,1]; dt=0.125: R_var=-1.7774378 is negative; dt=0.125: P_var=-2.4066402 is negative",nan,REJECT_PHYSICAL_INADMISSIBILITY,one or more levels physically inadmissible; temporal order not interpreted,linear interpolation to common coarse saved times; no extrapolation,D:\PhD-Project\GP_RKHS_MINT\GP_RKHS_MINT\Tully_models\GP_MInt_QCLE_Reviewer_Ready_Pipeline_v4\output\fixed_pipeline\final_reviewer_closure\dynamics\timestep\P020\seed73_dt0.5\run_manifest.json,D:\PhD-Project\GP_RKHS_MINT\GP_RKHS_MINT\Tully_models\GP_MInt_QCLE_Reviewer_Ready_Pipeline_v4\output\fixed_pipeline\reviewer_closure_20260726_174927\step9_repl_P020\seed73\run_manifest.json,D:\PhD-Project\GP_RKHS_MINT\GP_RKHS_MINT\Tully_models\GP_MInt_QCLE_Reviewer_Ready_Pipeline_v4\output\fixed_pipeline\final_reviewer_closure\dynamics\timestep\P020\seed73_dt0.125\run_manifest.json
MIDPOINT,20.0,73,P_var,0.5,0.25,0.125,-61.97140659730377,64.50552215850493,-2.4066402168940044,136.10130832918162,72.75220173403643,1.8707517447613946,63.34910659514519,True,89.76992242782792,117.53056174907967,descriptive cloud-to-cloud variability only; not an order or uncertainty gate,8.750682718033951e-11,False,"dt=0.5: P0=1.0069571 outside [0,1]; dt=0.5: P1=-0.0069570908 outside [0,1]; dt=0.5: R_var=-37.460135 is negative; dt=0.5: P_var=-61.971407 is negative; dt=0.25: P0=2.5019482 outside [0,1]; dt=0.25: P1=-1.5019482 outside [0,1]; dt=0.125: R_var=-1.7774378 is negative; dt=0.125: P_var=-2.4066402 is negative",nan,REJECT_PHYSICAL_INADMISSIBILITY,one or more levels physically inadmissible; temporal order not interpreted,linear interpolation to common coarse saved times; no extrapolation,D:\PhD-Project\GP_RKHS_MINT\GP_RKHS_MINT\Tully_models\GP_MInt_QCLE_Reviewer_Ready_Pipeline_v4\output\fixed_pipeline\final_reviewer_closure\dynamics\timestep\P020\seed73_dt0.5\run_manifest.json,D:\PhD-Project\GP_RKHS_MINT\GP_RKHS_MINT\Tully_models\GP_MInt_QCLE_Reviewer_Ready_Pipeline_v4\output\fixed_pipeline\reviewer_closure_20260726_174927\step9_repl_P020\seed73\run_manifest.json,D:\PhD-Project\GP_RKHS_MINT\GP_RKHS_MINT\Tully_models\GP_MInt_QCLE_Reviewer_Ready_Pipeline_v4\output\fixed_pipeline\final_reviewer_closure\dynamics\timestep\P020\seed73_dt0.125\run_manifest.json
PBME,100.0,11,P0,0.5,0.25,0.125,0.14799635506947648,0.14800608013183864,0.14800851143920524,6.853163040537083e-06,1.713317507964504e-06,3.999937553126939,5.139845532572579e-06,True,0.014278469116834997,0.015999036294140186,descriptive cloud-to-cloud variability only; not an order or uncertainty gate,1.6972735869250955e-12,True,"passed endpoint population, norm, energy and signed-central-moment checks",1.9999774768756662,COMPUTED_POSITIVE,three finite and physically admissible levels; paired finer difference contracts,linear interpolation to common coarse saved times; no extrapolation,D:\PhD-Project\GP_RKHS_MINT\GP_RKHS_MINT\Tully_models\GP_MInt_QCLE_Reviewer_Ready_Pipeline_v4\output\fixed_pipeline\reviewer_closure_20260723_194254\step7_dt_P0100\seed11_dt0.5\run_manifest.json,D:\PhD-Project\GP_RKHS_MINT\GP_RKHS_MINT\Tully_models\GP_MInt_QCLE_Reviewer_Ready_Pipeline_v4\output\fixed_pipeline\reviewer_closure_20260726_174927\step9_repl_P0100\seed11\run_manifest.json,D:\PhD-Project\GP_RKHS_MINT\GP_RKHS_MINT\Tully_models\GP_MInt_QCLE_Reviewer_Ready_Pipeline_v4\output\fixed_pipeline\reviewer_closure_20260723_194254\step7_dt_P0100\seed11_dt0.125\run_manifest.json
PBME,100.0,11,P1,0.5,0.25,0.125,0.852003644930642,0.8519939198683861,0.8519914885612448,6.853162998349144e-06,1.7133174179199487e-06,3.999937738722822,5.139845580429196e-06,True,0.014278469116834445,0.015999036294140203,descriptive cloud-to-cloud variability only; not an order or uncertainty gate,1.5740916078569968e-12,True,"passed endpoint population, norm, energy and signed-central-moment checks",1.9999775438162748,COMPUTED_POSITIVE,three finite and physically admissible levels; paired finer difference contracts,linear interpolation to common coarse saved times; no extrapolation,D:\PhD-Project\GP_RKHS_MINT\GP_RKHS_MINT\Tully_models\GP_MInt_QCLE_Reviewer_Ready_Pipeline_v4\output\fixed_pipeline\reviewer_closure_20260723_194254\step7_dt_P0100\seed11_dt0.5\run_manifest.json,D:\PhD-Project\GP_RKHS_MINT\GP_RKHS_MINT\Tully_models\GP_MInt_QCLE_Reviewer_Ready_Pipeline_v4\output\fixed_pipeline\reviewer_closure_20260726_174927\step9_repl_P0100\seed11\run_manifest.json,D:\PhD-Project\GP_RKHS_MINT\GP_RKHS_MINT\Tully_models\GP_MInt_QCLE_Reviewer_Ready_Pipeline_v4\output\fixed_pipeline\reviewer_closure_20260723_194254\step7_dt_P0100\seed11_dt0.125\run_manifest.json
PBME,100.0,11,trace,0.5,0.25,0.125,1.0000000000001183,1.0000000000002247,1.00000000000045,5.547552439916107e-14,1.183023534891324e-13,0.4689300150250791,-6.282682908997132e-14,False,2.2030460588387542e-15,2.3199366892512505e-15,descriptive cloud-to-cloud variability only; not an order or uncertainty gate,2.000000000000226e-12,True,"passed endpoint population, norm, energy and signed-central-moment checks",nan,REJECT_NUMERICAL_NOISE,roundoff- or saturation-limited; order not interpreted,linear interpolation to common coarse saved times; no extrapolation,D:\PhD-Project\GP_RKHS_MINT\GP_RKHS_MINT\Tully_models\GP_MInt_QCLE_Reviewer_Ready_Pipeline_v4\output\fixed_pipeline\reviewer_closure_20260723_194254\step7_dt_P0100\seed11_dt0.5\run_manifest.json,D:\PhD-Project\GP_RKHS_MINT\GP_RKHS_MINT\Tully_models\GP_MInt_QCLE_Reviewer_Ready_Pipeline_v4\output\fixed_pipeline\reviewer_closure_20260726_174927\step9_repl_P0100\seed11\run_manifest.json,D:\PhD-Project\GP_RKHS_MINT\GP_RKHS_MINT\Tully_models\GP_MInt_QCLE_Reviewer_Ready_Pipeline_v4\output\fixed_pipeline\reviewer_closure_20260723_194254\step7_dt_P0100\seed11_dt0.125\run_manifest.json
PBME,100.0,11,energy,0.5,0.25,0.125,2.4999763829853667,2.499976382987066,2.499976382987491,5.995218409975985e-08,1.4987414846663287e-08,4.000168455543036,4.4964769253096557e-08,True,0.00042171634190692723,0.0005838335142554108,descriptive cloud-to-cloud variability only; not an order or uncertainty gate,3.499976382616911e-12,True,"passed endpoint population, norm, energy and signed-central-moment checks",2.000060756214806,COMPUTED_POSITIVE,three finite and physically admissible levels; paired finer difference contracts,linear interpolation to common coarse saved times; no extrapolation,D:\PhD-Project\GP_RKHS_MINT\GP_RKHS_MINT\Tully_models\GP_MInt_QCLE_Reviewer_Ready_Pipeline_v4\output\fixed_pipeline\reviewer_closure_20260723_194254\step7_dt_P0100\seed11_dt0.5\run_manifest.json,D:\PhD-Project\GP_RKHS_MINT\GP_RKHS_MINT\Tully_models\GP_MInt_QCLE_Reviewer_Ready_Pipeline_v4\output\fixed_pipeline\reviewer_closure_20260726_174927\step9_repl_P0100\seed11\run_manifest.json,D:\PhD-Project\GP_RKHS_MINT\GP_RKHS_MINT\Tully_models\GP_MInt_QCLE_Reviewer_Ready_Pipeline_v4\output\fixed_pipeline\reviewer_closure_20260723_194254\step7_dt_P0100\seed11_dt0.125\run_manifest.json
PBME,100.0,11,R_mean,0.5,0.25,0.125,14.913703072831384,14.913704205665262,14.913704488878636,4.0759237842175254e-07,1.0189987026057474e-07,3.9999302980413196,3.056925081611778e-07,True,0.03468144111819417,0.038417365738537795,descriptive cloud-to-cloud variability only; not an order or uncertainty gate,9.63429086220266e-12,True,"passed endpoint population, norm, energy and signed-central-moment checks",1.9999748601134297,COMPUTED_POSITIVE,three finite and physically admissible levels; paired finer difference contracts,linear interpolation to common coarse saved times; no extrapolation,D:\PhD-Project\GP_RKHS_MINT\GP_RKHS_MINT\Tully_models\GP_MInt_QCLE_Reviewer_Ready_Pipeline_v4\output\fixed_pipeline\reviewer_closure_20260723_194254\step7_dt_P0100\seed11_dt0.5\run_manifest.json,D:\PhD-Project\GP_RKHS_MINT\GP_RKHS_MINT\Tully_models\GP_MInt_QCLE_Reviewer_Ready_Pipeline_v4\output\fixed_pipeline\reviewer_closure_20260726_174927\step9_repl_P0100\seed11\run_manifest.json,D:\PhD-Project\GP_RKHS_MINT\GP_RKHS_MINT\Tully_models\GP_MInt_QCLE_Reviewer_Ready_Pipeline_v4\output\fixed_pipeline\reviewer_closure_20260723_194254\step7_dt_P0100\seed11_dt0.125\run_manifest.json
PBME,100.0,11,P_mean,0.5,0.25,0.125,99.14157235874087,99.14158211192559,99.14158455026369,6.905585395884289e-06,1.7264179909548024e-06,3.999949856908713,5.179167404929487e-06,True,0.016781997069772642,0.021252059996001,descriptive cloud-to-cloud variability only; not an order or uncertainty gate,1.0065872477219809e-10,True,"passed endpoint population, norm, energy and signed-central-moment checks",1.9999819145893587,COMPUTED_POSITIVE,three finite and physically admissible levels; paired finer difference contracts,linear interpolation to common coarse saved times; no extrapolation,D:\PhD-Project\GP_RKHS_MINT\GP_RKHS_MINT\Tully_models\GP_MInt_QCLE_Reviewer_Ready_Pipeline_v4\output\fixed_pipeline\reviewer_closure_20260723_194254\step7_dt_P0100\seed11_dt0.5\run_manifest.json,D:\PhD-Project\GP_RKHS_MINT\GP_RKHS_MINT\Tully_models\GP_MInt_QCLE_Reviewer_Ready_Pipeline_v4\output\fixed_pipeline\reviewer_closure_20260726_174927\step9_repl_P0100\seed11\run_manifest.json,D:\PhD-Project\GP_RKHS_MINT\GP_RKHS_MINT\Tully_models\GP_MInt_QCLE_Reviewer_Ready_Pipeline_v4\output\fixed_pipeline\reviewer_closure_20260723_194254\step7_dt_P0100\seed11_dt0.125\run_manifest.json
PBME,100.0,11,R_var,0.5,0.25,0.125,1.0177349997340173,1.0177354924969393,1.0177356156881103,2.1382856772153217e-07,5.3457456434799866e-08,3.9999764669374267,1.603711112867323e-07,True,0.05316162856401001,0.05953580694402378,descriptive cloud-to-cloud variability only; not an order or uncertainty gate,2.0057239727263405e-12,True,"passed endpoint population, norm, energy and signed-central-moment checks",1.999991512216864,COMPUTED_POSITIVE,three finite and physically admissible levels; paired finer difference contracts,linear interpolation to common coarse saved times; no extrapolation,D:\PhD-Project\GP_RKHS_MINT\GP_RKHS_MINT\Tully_models\GP_MInt_QCLE_Reviewer_Ready_Pipeline_v4\output\fixed_pipeline\reviewer_closure_20260723_194254\step7_dt_P0100\seed11_dt0.5\run_manifest.json,D:\PhD-Project\GP_RKHS_MINT\GP_RKHS_MINT\Tully_models\GP_MInt_QCLE_Reviewer_Ready_Pipeline_v4\output\fixed_pipeline\reviewer_closure_20260726_174927\step9_repl_P0100\seed11\run_manifest.json,D:\PhD-Project\GP_RKHS_MINT\GP_RKHS_MINT\Tully_models\GP_MInt_QCLE_Reviewer_Ready_Pipeline_v4\output\fixed_pipeline\reviewer_closure_20260723_194254\step7_dt_P0100\seed11_dt0.125\run_manifest.json
PBME,100.0,11,P_var,0.5,0.25,0.125,0.453435229968818,0.45344635570836545,0.45344913713779533,7.683112832886066e-06,1.9207638575460855e-06,4.00002988535082,5.7623489753399806e-06,True,0.015137356805415524,0.015099268896665028,descriptive cloud-to-cloud variability only; not an order or uncertainty gate,1.3895850230225249e-12,True,"passed endpoint population, norm, energy and signed-central-moment checks",2.0000107788215895,COMPUTED_POSITIVE,three finite and physically admissible levels; paired finer difference contracts,linear interpolation to common coarse saved times; no extrapolation,D:\PhD-Project\GP_RKHS_MINT\GP_RKHS_MINT\Tully_models\GP_MInt_QCLE_Reviewer_Ready_Pipeline_v4\output\fixed_pipeline\reviewer_closure_20260723_194254\step7_dt_P0100\seed11_dt0.5\run_manifest.json,D:\PhD-Project\GP_RKHS_MINT\GP_RKHS_MINT\Tully_models\GP_MInt_QCLE_Reviewer_Ready_Pipeline_v4\output\fixed_pipeline\reviewer_closure_20260726_174927\step9_repl_P0100\seed11\run_manifest.json,D:\PhD-Project\GP_RKHS_MINT\GP_RKHS_MINT\Tully_models\GP_MInt_QCLE_Reviewer_Ready_Pipeline_v4\output\fixed_pipeline\reviewer_closure_20260723_194254\step7_dt_P0100\seed11_dt0.125\run_manifest.json
PBME,100.0,29,P0,0.5,0.25,0.125,0.11467896339686708,0.11468814057440303,0.11469043492181183,6.565892901356497e-06,1.6415069154639344e-06,3.9999179043974955,4.924385985892563e-06,True,0.022152943399581165,0.015999036294140186,descriptive cloud-to-cloud variability only; not an order or uncertainty gate,1.6948254235655369e-12,True,"passed endpoint population, norm, energy and signed-central-moment checks",1.9999703899664893,COMPUTED_POSITIVE,three finite and physically admissible levels; paired finer difference contracts,linear interpolation to common coarse saved times; no extrapolation,D:\PhD-Project\GP_RKHS_MINT\GP_RKHS_MINT\Tully_models\GP_MInt_QCLE_Reviewer_Ready_Pipeline_v4\output\fixed_pipeline\reviewer_closure_20260726_174927\step7_dt_P0100\seed29_dt0.5\run_manifest.json,D:\PhD-Project\GP_RKHS_MINT\GP_RKHS_MINT\Tully_models\GP_MInt_QCLE_Reviewer_Ready_Pipeline_v4\output\fixed_pipeline\reviewer_closure_20260726_174927\step9_repl_P0100\seed29\run_manifest.json,D:\PhD-Project\GP_RKHS_MINT\GP_RKHS_MINT\Tully_models\GP_MInt_QCLE_Reviewer_Ready_Pipeline_v4\output\fixed_pipeline\reviewer_closure_20260723_194254\step7_dt_P0100\seed29_dt0.125\run_manifest.json
PBME,100.0,29,P1,0.5,0.25,0.125,0.8853210366032499,0.8853118594258224,0.8853095650786349,6.565892857987174e-06,1.6415068264113104e-06,3.9999180949747486,4.9243860315758635e-06,True,0.022152943399581133,0.015999036294140203,descriptive cloud-to-cloud variability only; not an order or uncertainty gate,1.5931332103704168e-12,True,"passed endpoint population, norm, energy and signed-central-moment checks",1.999970458704113,COMPUTED_POSITIVE,three finite and physically admissible levels; paired finer difference contracts,linear interpolation to common coarse saved times; no extrapolation,D:\PhD-Project\GP_RKHS_MINT\GP_RKHS_MINT\Tully_models\GP_MInt_QCLE_Reviewer_Ready_Pipeline_v4\output\fixed_pipeline\reviewer_closure_20260726_174927\step7_dt_P0100\seed29_dt0.5\run_manifest.json,D:\PhD-Project\GP_RKHS_MINT\GP_RKHS_MINT\Tully_models\GP_MInt_QCLE_Reviewer_Ready_Pipeline_v4\output\fixed_pipeline\reviewer_closure_20260726_174927\step9_repl_P0100\seed29\run_manifest.json,D:\PhD-Project\GP_RKHS_MINT\GP_RKHS_MINT\Tully_models\GP_MInt_QCLE_Reviewer_Ready_Pipeline_v4\output\fixed_pipeline\reviewer_closure_20260723_194254\step7_dt_P0100\seed29_dt0.125\run_manifest.json
PBME,100.0,29,trace,0.5,0.25,0.125,1.000000000000117,1.0000000000002254,1.0000000000004468,5.676559902308366e-14,1.1612253425251347e-13,0.48884223366710555,-5.935693522942981e-14,False,1.7201989313573492e-15,2.3199366892512505e-15,descriptive cloud-to-cloud variability only; not an order or uncertainty gate,2.000000000000225e-12,True,"passed endpoint population, norm, energy and signed-central-moment checks",nan,REJECT_NUMERICAL_NOISE,roundoff- or saturation-limited; order not interpreted,linear interpolation to common coarse saved times; no extrapolation,D:\PhD-Project\GP_RKHS_MINT\GP_RKHS_MINT\Tully_models\GP_MInt_QCLE_Reviewer_Ready_Pipeline_v4\output\fixed_pipeline\reviewer_closure_20260726_174927\step7_dt_P0100\seed29_dt0.5\run_manifest.json,D:\PhD-Project\GP_RKHS_MINT\GP_RKHS_MINT\Tully_models\GP_MInt_QCLE_Reviewer_Ready_Pipeline_v4\output\fixed_pipeline\reviewer_closure_20260726_174927\step9_repl_P0100\seed29\run_manifest.json,D:\PhD-Project\GP_RKHS_MINT\GP_RKHS_MINT\Tully_models\GP_MInt_QCLE_Reviewer_Ready_Pipeline_v4\output\fixed_pipeline\reviewer_closure_20260723_194254\step7_dt_P0100\seed29_dt0.125\run_manifest.json
PBME,100.0,29,energy,0.5,0.25,0.125,2.499746749232268,2.499746749233517,2.499746749233828,5.61297752440896e-08,1.403182891297545e-08,4.000175286643177,4.209794633111415e-08,True,0.0005420476777002042,0.0005838335142554108,descriptive cloud-to-cloud variability only; not an order or uncertainty gate,3.4997467491084924e-12,True,"passed endpoint population, norm, energy and signed-central-moment checks",2.000063219907521,COMPUTED_POSITIVE,three finite and physically admissible levels; paired finer difference contracts,linear interpolation to common coarse saved times; no extrapolation,D:\PhD-Project\GP_RKHS_MINT\GP_RKHS_MINT\Tully_models\GP_MInt_QCLE_Reviewer_Ready_Pipeline_v4\output\fixed_pipeline\reviewer_closure_20260726_174927\step7_dt_P0100\seed29_dt0.5\run_manifest.json,D:\PhD-Project\GP_RKHS_MINT\GP_RKHS_MINT\Tully_models\GP_MInt_QCLE_Reviewer_Ready_Pipeline_v4\output\fixed_pipeline\reviewer_closure_20260726_174927\step9_repl_P0100\seed29\run_manifest.json,D:\PhD-Project\GP_RKHS_MINT\GP_RKHS_MINT\Tully_models\GP_MInt_QCLE_Reviewer_Ready_Pipeline_v4\output\fixed_pipeline\reviewer_closure_20260723_194254\step7_dt_P0100\seed29_dt0.125\run_manifest.json
PBME,100.0,29,R_mean,0.5,0.25,0.125,14.875704405223056,14.875705444610796,14.875705704464167,3.6901120660572996e-07,9.225516396766233e-08,3.999897574677525,2.7675604263806763e-07,True,0.032557116052433985,0.038417365738537795,descriptive cloud-to-cloud variability only; not an order or uncertainty gate,9.633029659820614e-12,True,"passed endpoint population, norm, energy and signed-central-moment checks",1.9999630574008167,COMPUTED_POSITIVE,three finite and physically admissible levels; paired finer difference contracts,linear interpolation to common coarse saved times; no extrapolation,D:\PhD-Project\GP_RKHS_MINT\GP_RKHS_MINT\Tully_models\GP_MInt_QCLE_Reviewer_Ready_Pipeline_v4\output\fixed_pipeline\reviewer_closure_20260726_174927\step7_dt_P0100\seed29_dt0.5\run_manifest.json,D:\PhD-Project\GP_RKHS_MINT\GP_RKHS_MINT\Tully_models\GP_MInt_QCLE_Reviewer_Ready_Pipeline_v4\output\fixed_pipeline\reviewer_closure_20260726_174927\step9_repl_P0100\seed29\run_manifest.json,D:\PhD-Project\GP_RKHS_MINT\GP_RKHS_MINT\Tully_models\GP_MInt_QCLE_Reviewer_Ready_Pipeline_v4\output\fixed_pipeline\reviewer_closure_20260723_194254\step7_dt_P0100\seed29_dt0.125\run_manifest.json
PBME,100.0,29,P_mean,0.5,0.25,0.125,99.10331918218107,99.10332838909467,99.10333069087625,6.617684695984127e-06,1.654448931539361e-06,3.9999328899362196,4.963235764444766e-06,True,0.026620089231846708,0.021252059996001,descriptive cloud-to-cloud variability only; not an order or uncertainty gate,1.006413355188803e-10,True,"passed endpoint population, norm, energy and signed-central-moment checks",1.9999757949578967,COMPUTED_POSITIVE,three finite and physically admissible levels; paired finer difference contracts,linear interpolation to common coarse saved times; no extrapolation,D:\PhD-Project\GP_RKHS_MINT\GP_RKHS_MINT\Tully_models\GP_MInt_QCLE_Reviewer_Ready_Pipeline_v4\output\fixed_pipeline\reviewer_closure_20260726_174927\step7_dt_P0100\seed29_dt0.5\run_manifest.json,D:\PhD-Project\GP_RKHS_MINT\GP_RKHS_MINT\Tully_models\GP_MInt_QCLE_Reviewer_Ready_Pipeline_v4\output\fixed_pipeline\reviewer_closure_20260726_174927\step9_repl_P0100\seed29\run_manifest.json,D:\PhD-Project\GP_RKHS_MINT\GP_RKHS_MINT\Tully_models\GP_MInt_QCLE_Reviewer_Ready_Pipeline_v4\output\fixed_pipeline\reviewer_closure_20260723_194254\step7_dt_P0100\seed29_dt0.125\run_manifest.json
PBME,100.0,29,R_var,0.5,0.25,0.125,1.0158670663803093,1.0158674239373795,1.0158675133266115,1.60263079677716e-07,4.006593343022299e-08,3.9999836758283167,1.20197146247493e-07,True,0.055363095413685254,0.05953580694402378,descriptive cloud-to-cloud variability only; not an order or uncertainty gate,2.0088105407180445e-12,True,"passed endpoint population, norm, energy and signed-central-moment checks",1.9999941122876024,COMPUTED_POSITIVE,three finite and physically admissible levels; paired finer difference contracts,linear interpolation to common coarse saved times; no extrapolation,D:\PhD-Project\GP_RKHS_MINT\GP_RKHS_MINT\Tully_models\GP_MInt_QCLE_Reviewer_Ready_Pipeline_v4\output\fixed_pipeline\reviewer_closure_20260726_174927\step7_dt_P0100\seed29_dt0.5\run_manifest.json,D:\PhD-Project\GP_RKHS_MINT\GP_RKHS_MINT\Tully_models\GP_MInt_QCLE_Reviewer_Ready_Pipeline_v4\output\fixed_pipeline\reviewer_closure_20260726_174927\step9_repl_P0100\seed29\run_manifest.json,D:\PhD-Project\GP_RKHS_MINT\GP_RKHS_MINT\Tully_models\GP_MInt_QCLE_Reviewer_Ready_Pipeline_v4\output\fixed_pipeline\reviewer_closure_20260723_194254\step7_dt_P0100\seed29_dt0.125\run_manifest.json
PBME,100.0,29,P_var,0.5,0.25,0.125,0.45489718249154976,0.45490774999416317,0.45491039188527793,7.4128066404428025e-06,1.8531831329002405e-06,4.000039990026093,5.559623507542562e-06,True,0.0158834989183567,0.015099268896665028,descriptive cloud-to-cloud variability only; not an order or uncertainty gate,1.3963667689778836e-12,True,"passed endpoint population, norm, energy and signed-central-moment checks",2.000014423280984,COMPUTED_POSITIVE,three finite and physically admissible levels; paired finer difference contracts,linear interpolation to common coarse saved times; no extrapolation,D:\PhD-Project\GP_RKHS_MINT\GP_RKHS_MINT\Tully_models\GP_MInt_QCLE_Reviewer_Ready_Pipeline_v4\output\fixed_pipeline\reviewer_closure_20260726_174927\step7_dt_P0100\seed29_dt0.5\run_manifest.json,D:\PhD-Project\GP_RKHS_MINT\GP_RKHS_MINT\Tully_models\GP_MInt_QCLE_Reviewer_Ready_Pipeline_v4\output\fixed_pipeline\reviewer_closure_20260726_174927\step9_repl_P0100\seed29\run_manifest.json,D:\PhD-Project\GP_RKHS_MINT\GP_RKHS_MINT\Tully_models\GP_MInt_QCLE_Reviewer_Ready_Pipeline_v4\output\fixed_pipeline\reviewer_closure_20260723_194254\step7_dt_P0100\seed29_dt0.125\run_manifest.json
PBME,100.0,47,P0,0.5,0.25,0.125,0.14216967607635594,0.1421791847871047,0.14218156200629498,6.681729435395856e-06,1.6704592368762883e-06,3.9999356391901557,5.011270198519568e-06,True,0.012859114093569638,0.015999036294140186,descriptive cloud-to-cloud variability only; not an order or uncertainty gate,1.6965629230257225e-12,True,"passed endpoint population, norm, energy and signed-central-moment checks",1.9999767865579474,COMPUTED_POSITIVE,three finite and physically admissible levels; paired finer difference contracts,linear interpolation to common coarse saved times; no extrapolation,D:\PhD-Project\GP_RKHS_MINT\GP_RKHS_MINT\Tully_models\GP_MInt_QCLE_Reviewer_Ready_Pipeline_v4\output\fixed_pipeline\final_reviewer_closure\dynamics\timestep\P0100\seed47_dt0.5\run_manifest.json,D:\PhD-Project\GP_RKHS_MINT\GP_RKHS_MINT\Tully_models\GP_MInt_QCLE_Reviewer_Ready_Pipeline_v4\output\fixed_pipeline\reviewer_closure_20260726_174927\step9_repl_P0100\seed47\run_manifest.json,D:\PhD-Project\GP_RKHS_MINT\GP_RKHS_MINT\Tully_models\GP_MInt_QCLE_Reviewer_Ready_Pipeline_v4\output\fixed_pipeline\final_reviewer_closure\dynamics\timestep\P0100\seed47_dt0.125\run_manifest.json
PBME,100.0,47,P1,0.5,0.25,0.125,0.8578303239237627,0.8578208152131234,0.8578184379941532,6.6817293918015374e-06,1.6704591491305747e-06,3.9999358232011737,5.011270242670963e-06,True,0.01285911409356965,0.015999036294140203,descriptive cloud-to-cloud variability only; not an order or uncertainty gate,1.578704966980413e-12,True,"passed endpoint population, norm, energy and signed-central-moment checks",1.9999768529269597,COMPUTED_POSITIVE,three finite and physically admissible levels; paired finer difference contracts,linear interpolation to common coarse saved times; no extrapolation,D:\PhD-Project\GP_RKHS_MINT\GP_RKHS_MINT\Tully_models\GP_MInt_QCLE_Reviewer_Ready_Pipeline_v4\output\fixed_pipeline\final_reviewer_closure\dynamics\timestep\P0100\seed47_dt0.5\run_manifest.json,D:\PhD-Project\GP_RKHS_MINT\GP_RKHS_MINT\Tully_models\GP_MInt_QCLE_Reviewer_Ready_Pipeline_v4\output\fixed_pipeline\reviewer_closure_20260726_174927\step9_repl_P0100\seed47\run_manifest.json,D:\PhD-Project\GP_RKHS_MINT\GP_RKHS_MINT\Tully_models\GP_MInt_QCLE_Reviewer_Ready_Pipeline_v4\output\fixed_pipeline\final_reviewer_closure\dynamics\timestep\P0100\seed47_dt0.125\run_manifest.json
PBME,100.0,47,trace,0.5,0.25,0.125,1.0000000000001186,1.000000000000228,1.000000000000448,5.732040171451002e-14,1.1553726991311173e-13,0.4961204445770362,-5.821686819860171e-14,False,2.2011880598948114e-15,2.3199366892512505e-15,descriptive cloud-to-cloud variability only; not an order or uncertainty gate,2.000000000000226e-12,True,"passed endpoint population, norm, energy and signed-central-moment checks",nan,REJECT_NUMERICAL_NOISE,roundoff- or saturation-limited; order not interpreted,linear interpolation to common coarse saved times; no extrapolation,D:\PhD-Project\GP_RKHS_MINT\GP_RKHS_MINT\Tully_models\GP_MInt_QCLE_Reviewer_Ready_Pipeline_v4\output\fixed_pipeline\final_reviewer_closure\dynamics\timestep\P0100\seed47_dt0.5\run_manifest.json,D:\PhD-Project\GP_RKHS_MINT\GP_RKHS_MINT\Tully_models\GP_MInt_QCLE_Reviewer_Ready_Pipeline_v4\output\fixed_pipeline\reviewer_closure_20260726_174927\step9_repl_P0100\seed47\run_manifest.json,D:\PhD-Project\GP_RKHS_MINT\GP_RKHS_MINT\Tully_models\GP_MInt_QCLE_Reviewer_Ready_Pipeline_v4\output\fixed_pipeline\final_reviewer_closure\dynamics\timestep\P0100\seed47_dt0.125\run_manifest.json
PBME,100.0,47,energy,0.5,0.25,0.125,2.5006535309827393,2.5006535309854656,2.5006535309861477,6.302828143238075e-08,1.5756392638855262e-08,4.000172049340343,4.727188879352549e-08,True,0.0008090533475279349,0.0005838335142554108,descriptive cloud-to-cloud variability only; not an order or uncertainty gate,3.5006535305951046e-12,True,"passed endpoint population, norm, energy and signed-central-moment checks",2.0000620523480266,COMPUTED_POSITIVE,three finite and physically admissible levels; paired finer difference contracts,linear interpolation to common coarse saved times; no extrapolation,D:\PhD-Project\GP_RKHS_MINT\GP_RKHS_MINT\Tully_models\GP_MInt_QCLE_Reviewer_Ready_Pipeline_v4\output\fixed_pipeline\final_reviewer_closure\dynamics\timestep\P0100\seed47_dt0.5\run_manifest.json,D:\PhD-Project\GP_RKHS_MINT\GP_RKHS_MINT\Tully_models\GP_MInt_QCLE_Reviewer_Ready_Pipeline_v4\output\fixed_pipeline\reviewer_closure_20260726_174927\step9_repl_P0100\seed47\run_manifest.json,D:\PhD-Project\GP_RKHS_MINT\GP_RKHS_MINT\Tully_models\GP_MInt_QCLE_Reviewer_Ready_Pipeline_v4\output\fixed_pipeline\final_reviewer_closure\dynamics\timestep\P0100\seed47_dt0.125\run_manifest.json
PBME,100.0,47,R_mean,0.5,0.25,0.125,14.866697028653352,14.866698122792958,14.866698396332755,3.9133042227480115e-07,9.783438137630572e-08,3.9999273953560923,2.9349604089849545e-07,True,0.0440700227310715,0.038417365738537795,descriptive cloud-to-cloud variability only; not an order or uncertainty gate,9.635628124980875e-12,True,"passed endpoint population, norm, energy and signed-central-moment checks",1.9999738131724107,COMPUTED_POSITIVE,three finite and physically admissible levels; paired finer difference contracts,linear interpolation to common coarse saved times; no extrapolation,D:\PhD-Project\GP_RKHS_MINT\GP_RKHS_MINT\Tully_models\GP_MInt_QCLE_Reviewer_Ready_Pipeline_v4\output\fixed_pipeline\final_reviewer_closure\dynamics\timestep\P0100\seed47_dt0.5\run_manifest.json,D:\PhD-Project\GP_RKHS_MINT\GP_RKHS_MINT\Tully_models\GP_MInt_QCLE_Reviewer_Ready_Pipeline_v4\output\fixed_pipeline\reviewer_closure_20260726_174927\step9_repl_P0100\seed47\run_manifest.json,D:\PhD-Project\GP_RKHS_MINT\GP_RKHS_MINT\Tully_models\GP_MInt_QCLE_Reviewer_Ready_Pipeline_v4\output\fixed_pipeline\final_reviewer_closure\dynamics\timestep\P0100\seed47_dt0.125\run_manifest.json
PBME,100.0,47,P_mean,0.5,0.25,0.125,99.14945409568152,99.14946363305681,99.14946601744222,6.8212777072193705e-06,1.7053404921753582e-06,3.999950589643271,5.115937215044012e-06,True,0.023557544499416383,0.021252059996001,descriptive cloud-to-cloud variability only; not an order or uncertainty gate,1.0067137812913721e-10,True,"passed endpoint population, norm, energy and signed-central-moment checks",1.999982178870776,COMPUTED_POSITIVE,three finite and physically admissible levels; paired finer difference contracts,linear interpolation to common coarse saved times; no extrapolation,D:\PhD-Project\GP_RKHS_MINT\GP_RKHS_MINT\Tully_models\GP_MInt_QCLE_Reviewer_Ready_Pipeline_v4\output\fixed_pipeline\final_reviewer_closure\dynamics\timestep\P0100\seed47_dt0.5\run_manifest.json,D:\PhD-Project\GP_RKHS_MINT\GP_RKHS_MINT\Tully_models\GP_MInt_QCLE_Reviewer_Ready_Pipeline_v4\output\fixed_pipeline\reviewer_closure_20260726_174927\step9_repl_P0100\seed47\run_manifest.json,D:\PhD-Project\GP_RKHS_MINT\GP_RKHS_MINT\Tully_models\GP_MInt_QCLE_Reviewer_Ready_Pipeline_v4\output\fixed_pipeline\final_reviewer_closure\dynamics\timestep\P0100\seed47_dt0.125\run_manifest.json
PBME,100.0,47,R_var,0.5,0.25,0.125,0.9232938224486702,0.9232941515448942,0.9232942338205135,1.465422623750772e-07,3.663627893001477e-08,3.9999221169544175,1.0990598344506242e-07,True,0.08070426077444216,0.05953580694402378,descriptive cloud-to-cloud variability only; not an order or uncertainty gate,1.9180522778477284e-12,True,"passed endpoint population, norm, energy and signed-central-moment checks",1.999971909355618,COMPUTED_POSITIVE,three finite and physically admissible levels; paired finer difference contracts,linear interpolation to common coarse saved times; no extrapolation,D:\PhD-Project\GP_RKHS_MINT\GP_RKHS_MINT\Tully_models\GP_MInt_QCLE_Reviewer_Ready_Pipeline_v4\output\fixed_pipeline\final_reviewer_closure\dynamics\timestep\P0100\seed47_dt0.5\run_manifest.json,D:\PhD-Project\GP_RKHS_MINT\GP_RKHS_MINT\Tully_models\GP_MInt_QCLE_Reviewer_Ready_Pipeline_v4\output\fixed_pipeline\reviewer_closure_20260726_174927\step9_repl_P0100\seed47\run_manifest.json,D:\PhD-Project\GP_RKHS_MINT\GP_RKHS_MINT\Tully_models\GP_MInt_QCLE_Reviewer_Ready_Pipeline_v4\output\fixed_pipeline\final_reviewer_closure\dynamics\timestep\P0100\seed47_dt0.125\run_manifest.json
PBME,100.0,47,P_var,0.5,0.25,0.125,0.4338926591044583,0.4339031580766459,0.43390578282378556,7.434942617473539e-06,1.8587194610181713e-06,4.000034848400855,5.576223156455368e-06,True,0.014947424392339197,0.015099268896665028,descriptive cloud-to-cloud variability only; not an order or uncertainty gate,1.3807007376765366e-12,True,"passed endpoint population, norm, energy and signed-central-moment checks",2.000012568849024,COMPUTED_POSITIVE,three finite and physically admissible levels; paired finer difference contracts,linear interpolation to common coarse saved times; no extrapolation,D:\PhD-Project\GP_RKHS_MINT\GP_RKHS_MINT\Tully_models\GP_MInt_QCLE_Reviewer_Ready_Pipeline_v4\output\fixed_pipeline\final_reviewer_closure\dynamics\timestep\P0100\seed47_dt0.5\run_manifest.json,D:\PhD-Project\GP_RKHS_MINT\GP_RKHS_MINT\Tully_models\GP_MInt_QCLE_Reviewer_Ready_Pipeline_v4\output\fixed_pipeline\reviewer_closure_20260726_174927\step9_repl_P0100\seed47\run_manifest.json,D:\PhD-Project\GP_RKHS_MINT\GP_RKHS_MINT\Tully_models\GP_MInt_QCLE_Reviewer_Ready_Pipeline_v4\output\fixed_pipeline\final_reviewer_closure\dynamics\timestep\P0100\seed47_dt0.125\run_manifest.json
PBME,100.0,73,P0,0.5,0.25,0.125,0.1449208051993173,0.14493053736672434,0.14493297045218143,6.868725640828599e-06,1.7172093117902411e-06,3.9999350071470032,5.151516329038358e-06,True,0.012802040950878139,0.015999036294140186,descriptive cloud-to-cloud variability only; not an order or uncertainty gate,1.6973356229806066e-12,True,"passed endpoint population, norm, energy and signed-central-moment checks",1.999976558592881,COMPUTED_POSITIVE,three finite and physically admissible levels; paired finer difference contracts,linear interpolation to common coarse saved times; no extrapolation,D:\PhD-Project\GP_RKHS_MINT\GP_RKHS_MINT\Tully_models\GP_MInt_QCLE_Reviewer_Ready_Pipeline_v4\output\fixed_pipeline\final_reviewer_closure\dynamics\timestep\P0100\seed73_dt0.5\run_manifest.json,D:\PhD-Project\GP_RKHS_MINT\GP_RKHS_MINT\Tully_models\GP_MInt_QCLE_Reviewer_Ready_Pipeline_v4\output\fixed_pipeline\reviewer_closure_20260726_174927\step9_repl_P0100\seed73\run_manifest.json,D:\PhD-Project\GP_RKHS_MINT\GP_RKHS_MINT\Tully_models\GP_MInt_QCLE_Reviewer_Ready_Pipeline_v4\output\fixed_pipeline\final_reviewer_closure\dynamics\timestep\P0100\seed73_dt0.125\run_manifest.json
PBME,100.0,73,P1,0.5,0.25,0.125,0.8550791948008014,0.8550694626335014,0.8550670295482652,6.868725598464911e-06,1.7172092241656257e-06,3.999935186582959,5.1515163742992856e-06,True,0.012802040950878892,0.015999036294140203,descriptive cloud-to-cloud variability only; not an order or uncertainty gate,1.5758865430618155e-12,True,"passed endpoint population, norm, energy and signed-central-moment checks",1.9999766233117722,COMPUTED_POSITIVE,three finite and physically admissible levels; paired finer difference contracts,linear interpolation to common coarse saved times; no extrapolation,D:\PhD-Project\GP_RKHS_MINT\GP_RKHS_MINT\Tully_models\GP_MInt_QCLE_Reviewer_Ready_Pipeline_v4\output\fixed_pipeline\final_reviewer_closure\dynamics\timestep\P0100\seed73_dt0.5\run_manifest.json,D:\PhD-Project\GP_RKHS_MINT\GP_RKHS_MINT\Tully_models\GP_MInt_QCLE_Reviewer_Ready_Pipeline_v4\output\fixed_pipeline\reviewer_closure_20260726_174927\step9_repl_P0100\seed73\run_manifest.json,D:\PhD-Project\GP_RKHS_MINT\GP_RKHS_MINT\Tully_models\GP_MInt_QCLE_Reviewer_Ready_Pipeline_v4\output\fixed_pipeline\final_reviewer_closure\dynamics\timestep\P0100\seed73_dt0.125\run_manifest.json
PBME,100.0,73,trace,0.5,0.25,0.125,1.0000000000001186,1.0000000000002256,1.0000000000004465,5.608774895343896e-14,1.1484551782063898e-13,0.4883756024421824,-5.875776886720001e-14,False,2.9783720037471472e-15,2.3199366892512505e-15,descriptive cloud-to-cloud variability only; not an order or uncertainty gate,2.0000000000002233e-12,True,"passed endpoint population, norm, energy and signed-central-moment checks",nan,REJECT_NUMERICAL_NOISE,roundoff- or saturation-limited; order not interpreted,linear interpolation to common coarse saved times; no extrapolation,D:\PhD-Project\GP_RKHS_MINT\GP_RKHS_MINT\Tully_models\GP_MInt_QCLE_Reviewer_Ready_Pipeline_v4\output\fixed_pipeline\final_reviewer_closure\dynamics\timestep\P0100\seed73_dt0.5\run_manifest.json,D:\PhD-Project\GP_RKHS_MINT\GP_RKHS_MINT\Tully_models\GP_MInt_QCLE_Reviewer_Ready_Pipeline_v4\output\fixed_pipeline\reviewer_closure_20260726_174927\step9_repl_P0100\seed73\run_manifest.json,D:\PhD-Project\GP_RKHS_MINT\GP_RKHS_MINT\Tully_models\GP_MInt_QCLE_Reviewer_Ready_Pipeline_v4\output\fixed_pipeline\final_reviewer_closure\dynamics\timestep\P0100\seed73_dt0.125\run_manifest.json
PBME,100.0,73,energy,0.5,0.25,0.125,2.4998271412339106,2.49982714123505,2.4998271412353357,6.027495133873655e-08,1.5068085154320162e-08,4.0001732616606,4.520686618441638e-08,True,0.00048705093408553217,0.0005838335142554108,descriptive cloud-to-cloud variability only; not an order or uncertainty gate,3.499827140911842e-12,True,"passed endpoint population, norm, energy and signed-central-moment checks",2.0000624895812598,COMPUTED_POSITIVE,three finite and physically admissible levels; paired finer difference contracts,linear interpolation to common coarse saved times; no extrapolation,D:\PhD-Project\GP_RKHS_MINT\GP_RKHS_MINT\Tully_models\GP_MInt_QCLE_Reviewer_Ready_Pipeline_v4\output\fixed_pipeline\final_reviewer_closure\dynamics\timestep\P0100\seed73_dt0.5\run_manifest.json,D:\PhD-Project\GP_RKHS_MINT\GP_RKHS_MINT\Tully_models\GP_MInt_QCLE_Reviewer_Ready_Pipeline_v4\output\fixed_pipeline\reviewer_closure_20260726_174927\step9_repl_P0100\seed73\run_manifest.json,D:\PhD-Project\GP_RKHS_MINT\GP_RKHS_MINT\Tully_models\GP_MInt_QCLE_Reviewer_Ready_Pipeline_v4\output\fixed_pipeline\final_reviewer_closure\dynamics\timestep\P0100\seed73_dt0.125\run_manifest.json
PBME,100.0,73,R_mean,0.5,0.25,0.125,14.921020306234064,14.921021438914718,14.921021722090053,4.0728305308859e-07,1.0182264622915273e-07,3.9999260299324377,3.0546040685943724e-07,True,0.041214571378951965,0.038417365738537795,descriptive cloud-to-cloud variability only; not an order or uncertainty gate,9.633860012573907e-12,True,"passed endpoint population, norm, energy and signed-central-moment checks",1.9999733206909038,COMPUTED_POSITIVE,three finite and physically admissible levels; paired finer difference contracts,linear interpolation to common coarse saved times; no extrapolation,D:\PhD-Project\GP_RKHS_MINT\GP_RKHS_MINT\Tully_models\GP_MInt_QCLE_Reviewer_Ready_Pipeline_v4\output\fixed_pipeline\final_reviewer_closure\dynamics\timestep\P0100\seed73_dt0.5\run_manifest.json,D:\PhD-Project\GP_RKHS_MINT\GP_RKHS_MINT\Tully_models\GP_MInt_QCLE_Reviewer_Ready_Pipeline_v4\output\fixed_pipeline\reviewer_closure_20260726_174927\step9_repl_P0100\seed73\run_manifest.json,D:\PhD-Project\GP_RKHS_MINT\GP_RKHS_MINT\Tully_models\GP_MInt_QCLE_Reviewer_Ready_Pipeline_v4\output\fixed_pipeline\final_reviewer_closure\dynamics\timestep\P0100\seed73_dt0.125\run_manifest.json
PBME,100.0,73,P_mean,0.5,0.25,0.125,99.1355550507571,99.13556481553273,99.1355672567703,6.933293627014572e-06,1.7333459554874045e-06,3.999947964839471,5.199947671527168e-06,True,0.01616718086405859,0.021252059996001,descriptive cloud-to-cloud variability only; not an order or uncertainty gate,1.0065387925882622e-10,True,"passed endpoint population, norm, energy and signed-central-moment checks",1.9999812321609145,COMPUTED_POSITIVE,three finite and physically admissible levels; paired finer difference contracts,linear interpolation to common coarse saved times; no extrapolation,D:\PhD-Project\GP_RKHS_MINT\GP_RKHS_MINT\Tully_models\GP_MInt_QCLE_Reviewer_Ready_Pipeline_v4\output\fixed_pipeline\final_reviewer_closure\dynamics\timestep\P0100\seed73_dt0.5\run_manifest.json,D:\PhD-Project\GP_RKHS_MINT\GP_RKHS_MINT\Tully_models\GP_MInt_QCLE_Reviewer_Ready_Pipeline_v4\output\fixed_pipeline\reviewer_closure_20260726_174927\step9_repl_P0100\seed73\run_manifest.json,D:\PhD-Project\GP_RKHS_MINT\GP_RKHS_MINT\Tully_models\GP_MInt_QCLE_Reviewer_Ready_Pipeline_v4\output\fixed_pipeline\final_reviewer_closure\dynamics\timestep\P0100\seed73_dt0.125\run_manifest.json
PBME,100.0,73,R_var,0.5,0.25,0.125,0.9849752399044007,0.9849756983475686,0.9849758129591635,2.0174988212774904e-07,5.043794023527297e-08,3.9999627499986308,1.5131194189247608e-07,True,0.042114610782868885,0.05953580694402378,descriptive cloud-to-cloud variability only; not an order or uncertainty gate,1.978121673495099e-12,True,"passed endpoint population, norm, energy and signed-central-moment checks",1.9999865648393804,COMPUTED_POSITIVE,three finite and physically admissible levels; paired finer difference contracts,linear interpolation to common coarse saved times; no extrapolation,D:\PhD-Project\GP_RKHS_MINT\GP_RKHS_MINT\Tully_models\GP_MInt_QCLE_Reviewer_Ready_Pipeline_v4\output\fixed_pipeline\final_reviewer_closure\dynamics\timestep\P0100\seed73_dt0.5\run_manifest.json,D:\PhD-Project\GP_RKHS_MINT\GP_RKHS_MINT\Tully_models\GP_MInt_QCLE_Reviewer_Ready_Pipeline_v4\output\fixed_pipeline\reviewer_closure_20260726_174927\step9_repl_P0100\seed73\run_manifest.json,D:\PhD-Project\GP_RKHS_MINT\GP_RKHS_MINT\Tully_models\GP_MInt_QCLE_Reviewer_Ready_Pipeline_v4\output\fixed_pipeline\final_reviewer_closure\dynamics\timestep\P0100\seed73_dt0.125\run_manifest.json
PBME,100.0,73,P_var,0.5,0.25,0.125,0.4344404935163766,0.4344508564317948,0.4344534471783845,7.3806216013096465e-06,1.8451387288661183e-06,4.00003614137199,5.535482872443528e-06,True,0.014391006912186127,0.015099268896665028,descriptive cloud-to-cloud variability only; not an order or uncertainty gate,1.3816765542269029e-12,True,"passed endpoint population, norm, energy and signed-central-moment checks",2.000013035185647,COMPUTED_POSITIVE,three finite and physically admissible levels; paired finer difference contracts,linear interpolation to common coarse saved times; no extrapolation,D:\PhD-Project\GP_RKHS_MINT\GP_RKHS_MINT\Tully_models\GP_MInt_QCLE_Reviewer_Ready_Pipeline_v4\output\fixed_pipeline\final_reviewer_closure\dynamics\timestep\P0100\seed73_dt0.5\run_manifest.json,D:\PhD-Project\GP_RKHS_MINT\GP_RKHS_MINT\Tully_models\GP_MInt_QCLE_Reviewer_Ready_Pipeline_v4\output\fixed_pipeline\reviewer_closure_20260726_174927\step9_repl_P0100\seed73\run_manifest.json,D:\PhD-Project\GP_RKHS_MINT\GP_RKHS_MINT\Tully_models\GP_MInt_QCLE_Reviewer_Ready_Pipeline_v4\output\fixed_pipeline\final_reviewer_closure\dynamics\timestep\P0100\seed73_dt0.125\run_manifest.json
MIDPOINT,100.0,11,P0,0.5,0.25,0.125,0.4735969880157923,0.47351772028565303,0.47336966944390274,14.161920830370105,14.002791129301594,1.0113641415914234,0.15912970106851176,True,13.985954631907617,12.197663420697314,descriptive cloud-to-cloud variability only; not an order or uncertainty gate,1.4971591681979743e-11,False,dt=0.5: R_var=-7.7445627e+30 is negative; dt=0.5: P_var=-4.1320859e+32 is negative; dt=0.25: R_var=-4.0399191e+25 is negative; dt=0.25: P_var=-2.1554244e+27 is negative; dt=0.125: R_var=-2.0690693e+25 is negative; dt=0.125: P_var=-1.1038814e+27 is negative,nan,REJECT_PHYSICAL_INADMISSIBILITY,one or more levels physically inadmissible; temporal order not interpreted,linear interpolation to common coarse saved times; no extrapolation,D:\PhD-Project\GP_RKHS_MINT\GP_RKHS_MINT\Tully_models\GP_MInt_QCLE_Reviewer_Ready_Pipeline_v4\output\fixed_pipeline\reviewer_closure_20260723_194254\step7_dt_P0100\seed11_dt0.5\run_manifest.json,D:\PhD-Project\GP_RKHS_MINT\GP_RKHS_MINT\Tully_models\GP_MInt_QCLE_Reviewer_Ready_Pipeline_v4\output\fixed_pipeline\reviewer_closure_20260726_174927\step9_repl_P0100\seed11\run_manifest.json,D:\PhD-Project\GP_RKHS_MINT\GP_RKHS_MINT\Tully_models\GP_MInt_QCLE_Reviewer_Ready_Pipeline_v4\output\fixed_pipeline\reviewer_closure_20260723_194254\step7_dt_P0100\seed11_dt0.125\run_manifest.json
MIDPOINT,100.0,11,P1,0.5,0.25,0.125,0.526403011984356,0.5264822797147946,0.5266303305569419,14.161920830369132,14.002791129300457,1.011364141591436,0.1591297010686752,True,13.98595463194735,12.197663420719802,descriptive cloud-to-cloud variability only; not an order or uncertainty gate,1.4991242752377685e-11,False,dt=0.5: R_var=-7.7445627e+30 is negative; dt=0.5: P_var=-4.1320859e+32 is negative; dt=0.25: R_var=-4.0399191e+25 is negative; dt=0.25: P_var=-2.1554244e+27 is negative; dt=0.125: R_var=-2.0690693e+25 is negative; dt=0.125: P_var=-1.1038814e+27 is negative,nan,REJECT_PHYSICAL_INADMISSIBILITY,one or more levels physically inadmissible; temporal order not interpreted,linear interpolation to common coarse saved times; no extrapolation,D:\PhD-Project\GP_RKHS_MINT\GP_RKHS_MINT\Tully_models\GP_MInt_QCLE_Reviewer_Ready_Pipeline_v4\output\fixed_pipeline\reviewer_closure_20260723_194254\step7_dt_P0100\seed11_dt0.5\run_manifest.json,D:\PhD-Project\GP_RKHS_MINT\GP_RKHS_MINT\Tully_models\GP_MInt_QCLE_Reviewer_Ready_Pipeline_v4\output\fixed_pipeline\reviewer_closure_20260726_174927\step9_repl_P0100\seed11\run_manifest.json,D:\PhD-Project\GP_RKHS_MINT\GP_RKHS_MINT\Tully_models\GP_MInt_QCLE_Reviewer_Ready_Pipeline_v4\output\fixed_pipeline\reviewer_closure_20260723_194254\step7_dt_P0100\seed11_dt0.125\run_manifest.json
MIDPOINT,100.0,11,trace,0.5,0.25,0.125,1.0000000000001483,1.0000000000004476,1.0000000000008447,1.8857056556555227e-12,3.4113510050040604e-12,0.5527738578907327,-1.5256453493485377e-12,False,4.694353572825659e-11,3.321566706014969e-11,descriptive cloud-to-cloud variability only; not an order or uncertainty gate,2.0000000000005254e-12,False,dt=0.5: R_var=-7.7445627e+30 is negative; dt=0.5: P_var=-4.1320859e+32 is negative; dt=0.25: R_var=-4.0399191e+25 is negative; dt=0.25: P_var=-2.1554244e+27 is negative; dt=0.125: R_var=-2.0690693e+25 is negative; dt=0.125: P_var=-1.1038814e+27 is negative,nan,REJECT_NUMERICAL_NOISE,roundoff- or saturation-limited; order not interpreted,linear interpolation to common coarse saved times; no extrapolation,D:\PhD-Project\GP_RKHS_MINT\GP_RKHS_MINT\Tully_models\GP_MInt_QCLE_Reviewer_Ready_Pipeline_v4\output\fixed_pipeline\reviewer_closure_20260723_194254\step7_dt_P0100\seed11_dt0.5\run_manifest.json,D:\PhD-Project\GP_RKHS_MINT\GP_RKHS_MINT\Tully_models\GP_MInt_QCLE_Reviewer_Ready_Pipeline_v4\output\fixed_pipeline\reviewer_closure_20260726_174927\step9_repl_P0100\seed11\run_manifest.json,D:\PhD-Project\GP_RKHS_MINT\GP_RKHS_MINT\Tully_models\GP_MInt_QCLE_Reviewer_Ready_Pipeline_v4\output\fixed_pipeline\reviewer_closure_20260723_194254\step7_dt_P0100\seed11_dt0.125\run_manifest.json
MIDPOINT,100.0,11,energy,0.5,0.25,0.125,2.4133690643329997,2.4133471658474694,2.413355293893063,1.3794214061609218,1.3688363422198493,1.007732892249125,0.010585063941072503,True,18.157730874086457,12.88157521034874,descriptive cloud-to-cloud variability only; not an order or uncertainty gate,3.87526296122806e-12,False,dt=0.5: R_var=-7.7445627e+30 is negative; dt=0.5: P_var=-4.1320859e+32 is negative; dt=0.25: R_var=-4.0399191e+25 is negative; dt=0.25: P_var=-2.1554244e+27 is negative; dt=0.125: R_var=-2.0690693e+25 is negative; dt=0.125: P_var=-1.1038814e+27 is negative,nan,REJECT_PHYSICAL_INADMISSIBILITY,one or more levels physically inadmissible; temporal order not interpreted,linear interpolation to common coarse saved times; no extrapolation,D:\PhD-Project\GP_RKHS_MINT\GP_RKHS_MINT\Tully_models\GP_MInt_QCLE_Reviewer_Ready_Pipeline_v4\output\fixed_pipeline\reviewer_closure_20260723_194254\step7_dt_P0100\seed11_dt0.5\run_manifest.json,D:\PhD-Project\GP_RKHS_MINT\GP_RKHS_MINT\Tully_models\GP_MInt_QCLE_Reviewer_Ready_Pipeline_v4\output\fixed_pipeline\reviewer_closure_20260726_174927\step9_repl_P0100\seed11\run_manifest.json,D:\PhD-Project\GP_RKHS_MINT\GP_RKHS_MINT\Tully_models\GP_MInt_QCLE_Reviewer_Ready_Pipeline_v4\output\fixed_pipeline\reviewer_closure_20260723_194254\step7_dt_P0100\seed11_dt0.125\run_manifest.json
MIDPOINT,100.0,11,R_mean,0.5,0.25,0.125,13.377801179571424,13.377919199469797,13.378116822740239,35.024300852724984,34.283684595229076,1.0216025863684142,0.7406162574959083,True,341.35948590818776,241.51932038672524,descriptive cloud-to-cloud variability only; not an order or uncertainty gate,3.8373667462883624e-11,False,dt=0.5: R_var=-7.7445627e+30 is negative; dt=0.5: P_var=-4.1320859e+32 is negative; dt=0.25: R_var=-4.0399191e+25 is negative; dt=0.25: P_var=-2.1554244e+27 is negative; dt=0.125: R_var=-2.0690693e+25 is negative; dt=0.125: P_var=-1.1038814e+27 is negative,nan,REJECT_PHYSICAL_INADMISSIBILITY,one or more levels physically inadmissible; temporal order not interpreted,linear interpolation to common coarse saved times; no extrapolation,D:\PhD-Project\GP_RKHS_MINT\GP_RKHS_MINT\Tully_models\GP_MInt_QCLE_Reviewer_Ready_Pipeline_v4\output\fixed_pipeline\reviewer_closure_20260723_194254\step7_dt_P0100\seed11_dt0.5\run_manifest.json,D:\PhD-Project\GP_RKHS_MINT\GP_RKHS_MINT\Tully_models\GP_MInt_QCLE_Reviewer_Ready_Pipeline_v4\output\fixed_pipeline\reviewer_closure_20260726_174927\step9_repl_P0100\seed11\run_manifest.json,D:\PhD-Project\GP_RKHS_MINT\GP_RKHS_MINT\Tully_models\GP_MInt_QCLE_Reviewer_Ready_Pipeline_v4\output\fixed_pipeline\reviewer_closure_20260723_194254\step7_dt_P0100\seed11_dt0.125\run_manifest.json
MIDPOINT,100.0,11,P_mean,0.5,0.25,0.125,97.71718746841145,97.71666334654556,97.71667478325367,41.51944830851785,41.219538790004,1.0072759067014738,0.29990951851385006,True,345.20106263753144,244.81269720071688,descriptive cloud-to-cloud variability only; not an order or uncertainty gate,1.0817266252426618e-10,False,dt=0.5: R_var=-7.7445627e+30 is negative; dt=0.5: P_var=-4.1320859e+32 is negative; dt=0.25: R_var=-4.0399191e+25 is negative; dt=0.25: P_var=-2.1554244e+27 is negative; dt=0.125: R_var=-2.0690693e+25 is negative; dt=0.125: P_var=-1.1038814e+27 is negative,nan,REJECT_PHYSICAL_INADMISSIBILITY,one or more levels physically inadmissible; temporal order not interpreted,linear interpolation to common coarse saved times; no extrapolation,D:\PhD-Project\GP_RKHS_MINT\GP_RKHS_MINT\Tully_models\GP_MInt_QCLE_Reviewer_Ready_Pipeline_v4\output\fixed_pipeline\reviewer_closure_20260723_194254\step7_dt_P0100\seed11_dt0.5\run_manifest.json,D:\PhD-Project\GP_RKHS_MINT\GP_RKHS_MINT\Tully_models\GP_MInt_QCLE_Reviewer_Ready_Pipeline_v4\output\fixed_pipeline\reviewer_closure_20260726_174927\step9_repl_P0100\seed11\run_manifest.json,D:\PhD-Project\GP_RKHS_MINT\GP_RKHS_MINT\Tully_models\GP_MInt_QCLE_Reviewer_Ready_Pipeline_v4\output\fixed_pipeline\reviewer_closure_20260723_194254\step7_dt_P0100\seed11_dt0.125\run_manifest.json
MIDPOINT,100.0,11,R_var,0.5,0.25,0.125,-7.744562699071697e+30,-4.039919077722599e+25,-2.069069252204835e+25,2.2670174274506442e+30,5.769069185560794e+24,392960.69340348436,2.2670116583814588e+30,True,4.655793235564323e+45,5.701651286280025e+45,descriptive cloud-to-cloud variability only; not an order or uncertainty gate,2.267029253335586e+18,False,dt=0.5: R_var=-7.7445627e+30 is negative; dt=0.5: P_var=-4.1320859e+32 is negative; dt=0.25: R_var=-4.0399191e+25 is negative; dt=0.25: P_var=-2.1554244e+27 is negative; dt=0.125: R_var=-2.0690693e+25 is negative; dt=0.125: P_var=-1.1038814e+27 is negative,nan,REJECT_PHYSICAL_INADMISSIBILITY,one or more levels physically inadmissible; temporal order not interpreted,linear interpolation to common coarse saved times; no extrapolation,D:\PhD-Project\GP_RKHS_MINT\GP_RKHS_MINT\Tully_models\GP_MInt_QCLE_Reviewer_Ready_Pipeline_v4\output\fixed_pipeline\reviewer_closure_20260723_194254\step7_dt_P0100\seed11_dt0.5\run_manifest.json,D:\PhD-Project\GP_RKHS_MINT\GP_RKHS_MINT\Tully_models\GP_MInt_QCLE_Reviewer_Ready_Pipeline_v4\output\fixed_pipeline\reviewer_closure_20260726_174927\step9_repl_P0100\seed11\run_manifest.json,D:\PhD-Project\GP_RKHS_MINT\GP_RKHS_MINT\Tully_models\GP_MInt_QCLE_Reviewer_Ready_Pipeline_v4\output\fixed_pipeline\reviewer_closure_20260723_194254\step7_dt_P0100\seed11_dt0.125\run_manifest.json
MIDPOINT,100.0,11,P_var,0.5,0.25,0.125,-4.132085912923499e+32,-2.1554243607360183e+27,-1.1038814070623754e+27,1.7286115570021787e+32,4.398828549367311e+26,392970.88704464445,1.7286071581736294e+32,True,5.504871565849827e+47,6.741467082660169e+47,descriptive cloud-to-cloud variability only; not an order or uncertainty gate,1.7286205739093436e+20,False,dt=0.5: R_var=-7.7445627e+30 is negative; dt=0.5: P_var=-4.1320859e+32 is negative; dt=0.25: R_var=-4.0399191e+25 is negative; dt=0.25: P_var=-2.1554244e+27 is negative; dt=0.125: R_var=-2.0690693e+25 is negative; dt=0.125: P_var=-1.1038814e+27 is negative,nan,REJECT_PHYSICAL_INADMISSIBILITY,one or more levels physically inadmissible; temporal order not interpreted,linear interpolation to common coarse saved times; no extrapolation,D:\PhD-Project\GP_RKHS_MINT\GP_RKHS_MINT\Tully_models\GP_MInt_QCLE_Reviewer_Ready_Pipeline_v4\output\fixed_pipeline\reviewer_closure_20260723_194254\step7_dt_P0100\seed11_dt0.5\run_manifest.json,D:\PhD-Project\GP_RKHS_MINT\GP_RKHS_MINT\Tully_models\GP_MInt_QCLE_Reviewer_Ready_Pipeline_v4\output\fixed_pipeline\reviewer_closure_20260726_174927\step9_repl_P0100\seed11\run_manifest.json,D:\PhD-Project\GP_RKHS_MINT\GP_RKHS_MINT\Tully_models\GP_MInt_QCLE_Reviewer_Ready_Pipeline_v4\output\fixed_pipeline\reviewer_closure_20260723_194254\step7_dt_P0100\seed11_dt0.125\run_manifest.json
MIDPOINT,100.0,29,P0,0.5,0.25,0.125,-0.2926827834300548,-0.3729308681671167,-0.28807914184585004,2.49053257167763,4.25385176164876,0.5854770479148805,-1.76331918997113,False,13.818065765339133,12.197663420697314,descriptive cloud-to-cloud variability only; not an order or uncertainty gate,5.23176273840571e-12,False,"dt=0.5: P0=-0.29268278 outside [0,1]; dt=0.5: P1=1.2926828 outside [0,1]; dt=0.5: R_var=-4.0791502e+44 is negative; dt=0.5: P_var=-2.3836067e+46 is negative; dt=0.25: P0=-0.37293087 outside [0,1]; dt=0.25: P1=1.3729309 outside [0,1]; dt=0.25: R_var=-4.633878e+43 is negative; dt=0.25: P_var=-3.5239962e+45 is negative; dt=0.125: P0=-0.28807914 outside [0,1]; dt=0.125: P1=1.2880791 outside [0,1]; dt=0.125: R_var=-2.7527638e+46 is negative; dt=0.125: P_var=-1.9136982e+48 is negative",nan,REJECT_PHYSICAL_INADMISSIBILITY,one or more levels physically inadmissible; temporal order not interpreted,linear interpolation to common coarse saved times; no extrapolation,D:\PhD-Project\GP_RKHS_MINT\GP_RKHS_MINT\Tully_models\GP_MInt_QCLE_Reviewer_Ready_Pipeline_v4\output\fixed_pipeline\reviewer_closure_20260726_174927\step7_dt_P0100\seed29_dt0.5\run_manifest.json,D:\PhD-Project\GP_RKHS_MINT\GP_RKHS_MINT\Tully_models\GP_MInt_QCLE_Reviewer_Ready_Pipeline_v4\output\fixed_pipeline\reviewer_closure_20260726_174927\step9_repl_P0100\seed29\run_manifest.json,D:\PhD-Project\GP_RKHS_MINT\GP_RKHS_MINT\Tully_models\GP_MInt_QCLE_Reviewer_Ready_Pipeline_v4\output\fixed_pipeline\reviewer_closure_20260723_194254\step7_dt_P0100\seed29_dt0.125\run_manifest.json
MIDPOINT,100.0,29,P1,0.5,0.25,0.125,1.2926827834302514,1.3729308681674386,1.2880791418466346,2.490532571677666,4.253851761649179,0.5854770479148312,-1.7633191899715133,False,13.818065765352056,12.197663420719802,descriptive cloud-to-cloud variability only; not an order or uncertainty gate,5.195441675415394e-12,False,"dt=0.5: P0=-0.29268278 outside [0,1]; dt=0.5: P1=1.2926828 outside [0,1]; dt=0.5: R_var=-4.0791502e+44 is negative; dt=0.5: P_var=-2.3836067e+46 is negative; dt=0.25: P0=-0.37293087 outside [0,1]; dt=0.25: P1=1.3729309 outside [0,1]; dt=0.25: R_var=-4.633878e+43 is negative; dt=0.25: P_var=-3.5239962e+45 is negative; dt=0.125: P0=-0.28807914 outside [0,1]; dt=0.125: P1=1.2880791 outside [0,1]; dt=0.125: R_var=-2.7527638e+46 is negative; dt=0.125: P_var=-1.9136982e+48 is negative",nan,REJECT_PHYSICAL_INADMISSIBILITY,one or more levels physically inadmissible; temporal order not interpreted,linear interpolation to common coarse saved times; no extrapolation,D:\PhD-Project\GP_RKHS_MINT\GP_RKHS_MINT\Tully_models\GP_MInt_QCLE_Reviewer_Ready_Pipeline_v4\output\fixed_pipeline\reviewer_closure_20260726_174927\step7_dt_P0100\seed29_dt0.5\run_manifest.json,D:\PhD-Project\GP_RKHS_MINT\GP_RKHS_MINT\Tully_models\GP_MInt_QCLE_Reviewer_Ready_Pipeline_v4\output\fixed_pipeline\reviewer_closure_20260726_174927\step9_repl_P0100\seed29\run_manifest.json,D:\PhD-Project\GP_RKHS_MINT\GP_RKHS_MINT\Tully_models\GP_MInt_QCLE_Reviewer_Ready_Pipeline_v4\output\fixed_pipeline\reviewer_closure_20260723_194254\step7_dt_P0100\seed29_dt0.125\run_manifest.json
MIDPOINT,100.0,29,trace,0.5,0.25,0.125,1.0000000000001965,1.0000000000003217,1.0000000000007847,2.5876695728811977e-13,7.089512525503518e-13,0.36499964751771335,-4.50184295262232e-13,False,2.715334687747995e-11,3.321566706014969e-11,descriptive cloud-to-cloud variability only; not an order or uncertainty gate,2.0000000000005105e-12,False,"dt=0.5: P0=-0.29268278 outside [0,1]; dt=0.5: P1=1.2926828 outside [0,1]; dt=0.5: R_var=-4.0791502e+44 is negative; dt=0.5: P_var=-2.3836067e+46 is negative; dt=0.25: P0=-0.37293087 outside [0,1]; dt=0.25: P1=1.3729309 outside [0,1]; dt=0.25: R_var=-4.633878e+43 is negative; dt=0.25: P_var=-3.5239962e+45 is negative; dt=0.125: P0=-0.28807914 outside [0,1]; dt=0.125: P1=1.2880791 outside [0,1]; dt=0.125: R_var=-2.7527638e+46 is negative; dt=0.125: P_var=-1.9136982e+48 is negative",nan,REJECT_NUMERICAL_NOISE,roundoff- or saturation-limited; order not interpreted,linear interpolation to common coarse saved times; no extrapolation,D:\PhD-Project\GP_RKHS_MINT\GP_RKHS_MINT\Tully_models\GP_MInt_QCLE_Reviewer_Ready_Pipeline_v4\output\fixed_pipeline\reviewer_closure_20260726_174927\step7_dt_P0100\seed29_dt0.5\run_manifest.json,D:\PhD-Project\GP_RKHS_MINT\GP_RKHS_MINT\Tully_models\GP_MInt_QCLE_Reviewer_Ready_Pipeline_v4\output\fixed_pipeline\reviewer_closure_20260726_174927\step9_repl_P0100\seed29\run_manifest.json,D:\PhD-Project\GP_RKHS_MINT\GP_RKHS_MINT\Tully_models\GP_MInt_QCLE_Reviewer_Ready_Pipeline_v4\output\fixed_pipeline\reviewer_closure_20260723_194254\step7_dt_P0100\seed29_dt0.125\run_manifest.json
MIDPOINT,100.0,29,energy,0.5,0.25,0.125,2.4408224126563067,2.5639879786436315,2.5259079639138347,0.4301810105265704,0.8896223037205709,0.4835546599129439,-0.45944129319400057,False,10.614809990972088,12.88157521034874,descriptive cloud-to-cloud variability only; not an order or uncertainty gate,3.6796108508312386e-12,False,"dt=0.5: P0=-0.29268278 outside [0,1]; dt=0.5: P1=1.2926828 outside [0,1]; dt=0.5: R_var=-4.0791502e+44 is negative; dt=0.5: P_var=-2.3836067e+46 is negative; dt=0.25: P0=-0.37293087 outside [0,1]; dt=0.25: P1=1.3729309 outside [0,1]; dt=0.25: R_var=-4.633878e+43 is negative; dt=0.25: P_var=-3.5239962e+45 is negative; dt=0.125: P0=-0.28807914 outside [0,1]; dt=0.125: P1=1.2880791 outside [0,1]; dt=0.125: R_var=-2.7527638e+46 is negative; dt=0.125: P_var=-1.9136982e+48 is negative",nan,REJECT_PHYSICAL_INADMISSIBILITY,one or more levels physically inadmissible; temporal order not interpreted,linear interpolation to common coarse saved times; no extrapolation,D:\PhD-Project\GP_RKHS_MINT\GP_RKHS_MINT\Tully_models\GP_MInt_QCLE_Reviewer_Ready_Pipeline_v4\output\fixed_pipeline\reviewer_closure_20260726_174927\step7_dt_P0100\seed29_dt0.5\run_manifest.json,D:\PhD-Project\GP_RKHS_MINT\GP_RKHS_MINT\Tully_models\GP_MInt_QCLE_Reviewer_Ready_Pipeline_v4\output\fixed_pipeline\reviewer_closure_20260726_174927\step9_repl_P0100\seed29\run_manifest.json,D:\PhD-Project\GP_RKHS_MINT\GP_RKHS_MINT\Tully_models\GP_MInt_QCLE_Reviewer_Ready_Pipeline_v4\output\fixed_pipeline\reviewer_closure_20260723_194254\step7_dt_P0100\seed29_dt0.125\run_manifest.json
MIDPOINT,100.0,29,R_mean,0.5,0.25,0.125,12.754390924951224,11.45683910024232,11.900597483164836,2.8146637690205574,3.3767062308450537,0.8335530474370464,-0.5620424618244964,False,197.40050020724172,241.51932038672524,descriptive cloud-to-cloud variability only; not an order or uncertainty gate,9.570690509818342e-12,False,"dt=0.5: P0=-0.29268278 outside [0,1]; dt=0.5: P1=1.2926828 outside [0,1]; dt=0.5: R_var=-4.0791502e+44 is negative; dt=0.5: P_var=-2.3836067e+46 is negative; dt=0.25: P0=-0.37293087 outside [0,1]; dt=0.25: P1=1.3729309 outside [0,1]; dt=0.25: R_var=-4.633878e+43 is negative; dt=0.25: P_var=-3.5239962e+45 is negative; dt=0.125: P0=-0.28807914 outside [0,1]; dt=0.125: P1=1.2880791 outside [0,1]; dt=0.125: R_var=-2.7527638e+46 is negative; dt=0.125: P_var=-1.9136982e+48 is negative",nan,REJECT_PHYSICAL_INADMISSIBILITY,one or more levels physically inadmissible; temporal order not interpreted,linear interpolation to common coarse saved times; no extrapolation,D:\PhD-Project\GP_RKHS_MINT\GP_RKHS_MINT\Tully_models\GP_MInt_QCLE_Reviewer_Ready_Pipeline_v4\output\fixed_pipeline\reviewer_closure_20260726_174927\step7_dt_P0100\seed29_dt0.5\run_manifest.json,D:\PhD-Project\GP_RKHS_MINT\GP_RKHS_MINT\Tully_models\GP_MInt_QCLE_Reviewer_Ready_Pipeline_v4\output\fixed_pipeline\reviewer_closure_20260726_174927\step9_repl_P0100\seed29\run_manifest.json,D:\PhD-Project\GP_RKHS_MINT\GP_RKHS_MINT\Tully_models\GP_MInt_QCLE_Reviewer_Ready_Pipeline_v4\output\fixed_pipeline\reviewer_closure_20260723_194254\step7_dt_P0100\seed29_dt0.125\run_manifest.json
MIDPOINT,100.0,29,P_mean,0.5,0.25,0.125,97.49720661307818,99.91029276782,99.22497957169975,7.496232537881114,17.230823396130443,0.43504784220378906,-9.73459085824933,False,201.48089698527957,244.81269720071688,descriptive cloud-to-cloud variability only; not an order or uncertainty gate,1.026303126537886e-10,False,"dt=0.5: P0=-0.29268278 outside [0,1]; dt=0.5: P1=1.2926828 outside [0,1]; dt=0.5: R_var=-4.0791502e+44 is negative; dt=0.5: P_var=-2.3836067e+46 is negative; dt=0.25: P0=-0.37293087 outside [0,1]; dt=0.25: P1=1.3729309 outside [0,1]; dt=0.25: R_var=-4.633878e+43 is negative; dt=0.25: P_var=-3.5239962e+45 is negative; dt=0.125: P0=-0.28807914 outside [0,1]; dt=0.125: P1=1.2880791 outside [0,1]; dt=0.125: R_var=-2.7527638e+46 is negative; dt=0.125: P_var=-1.9136982e+48 is negative",nan,REJECT_PHYSICAL_INADMISSIBILITY,one or more levels physically inadmissible; temporal order not interpreted,linear interpolation to common coarse saved times; no extrapolation,D:\PhD-Project\GP_RKHS_MINT\GP_RKHS_MINT\Tully_models\GP_MInt_QCLE_Reviewer_Ready_Pipeline_v4\output\fixed_pipeline\reviewer_closure_20260726_174927\step7_dt_P0100\seed29_dt0.5\run_manifest.json,D:\PhD-Project\GP_RKHS_MINT\GP_RKHS_MINT\Tully_models\GP_MInt_QCLE_Reviewer_Ready_Pipeline_v4\output\fixed_pipeline\reviewer_closure_20260726_174927\step9_repl_P0100\seed29\run_manifest.json,D:\PhD-Project\GP_RKHS_MINT\GP_RKHS_MINT\Tully_models\GP_MInt_QCLE_Reviewer_Ready_Pipeline_v4\output\fixed_pipeline\reviewer_closure_20260723_194254\step7_dt_P0100\seed29_dt0.125\run_manifest.json
MIDPOINT,100.0,29,R_var,0.5,0.25,0.125,-4.079150159732922e+44,-4.633877988326877e+43,-2.752763818702165e+46,1.1652351330238303e+44,8.051139845827881e+45,0.014472921292351637,-7.934616332525499e+45,False,8.06335228498404e+45,5.701651286280025e+45,descriptive cloud-to-cloud variability only; not an order or uncertainty gate,8.064394846642387e+33,False,"dt=0.5: P0=-0.29268278 outside [0,1]; dt=0.5: P1=1.2926828 outside [0,1]; dt=0.5: R_var=-4.0791502e+44 is negative; dt=0.5: P_var=-2.3836067e+46 is negative; dt=0.25: P0=-0.37293087 outside [0,1]; dt=0.25: P1=1.3729309 outside [0,1]; dt=0.25: R_var=-4.633878e+43 is negative; dt=0.25: P_var=-3.5239962e+45 is negative; dt=0.125: P0=-0.28807914 outside [0,1]; dt=0.125: P1=1.2880791 outside [0,1]; dt=0.125: R_var=-2.7527638e+46 is negative; dt=0.125: P_var=-1.9136982e+48 is negative",nan,REJECT_PHYSICAL_INADMISSIBILITY,one or more levels physically inadmissible; temporal order not interpreted,linear interpolation to common coarse saved times; no extrapolation,D:\PhD-Project\GP_RKHS_MINT\GP_RKHS_MINT\Tully_models\GP_MInt_QCLE_Reviewer_Ready_Pipeline_v4\output\fixed_pipeline\reviewer_closure_20260726_174927\step7_dt_P0100\seed29_dt0.5\run_manifest.json,D:\PhD-Project\GP_RKHS_MINT\GP_RKHS_MINT\Tully_models\GP_MInt_QCLE_Reviewer_Ready_Pipeline_v4\output\fixed_pipeline\reviewer_closure_20260726_174927\step9_repl_P0100\seed29\run_manifest.json,D:\PhD-Project\GP_RKHS_MINT\GP_RKHS_MINT\Tully_models\GP_MInt_QCLE_Reviewer_Ready_Pipeline_v4\output\fixed_pipeline\reviewer_closure_20260723_194254\step7_dt_P0100\seed29_dt0.125\run_manifest.json
MIDPOINT,100.0,29,P_var,0.5,0.25,0.125,-2.383606660799754e+46,-3.523996187074734e+45,-1.9136982309152158e+48,1.1923609448146123e+46,9.518830018964251e+47,0.01252633929210928,-9.39959392448279e+47,False,9.533873163912478e+47,6.741467082660169e+47,descriptive cloud-to-cloud variability only; not an order or uncertainty gate,9.536046553494713e+35,False,"dt=0.5: P0=-0.29268278 outside [0,1]; dt=0.5: P1=1.2926828 outside [0,1]; dt=0.5: R_var=-4.0791502e+44 is negative; dt=0.5: P_var=-2.3836067e+46 is negative; dt=0.25: P0=-0.37293087 outside [0,1]; dt=0.25: P1=1.3729309 outside [0,1]; dt=0.25: R_var=-4.633878e+43 is negative; dt=0.25: P_var=-3.5239962e+45 is negative; dt=0.125: P0=-0.28807914 outside [0,1]; dt=0.125: P1=1.2880791 outside [0,1]; dt=0.125: R_var=-2.7527638e+46 is negative; dt=0.125: P_var=-1.9136982e+48 is negative",nan,REJECT_PHYSICAL_INADMISSIBILITY,one or more levels physically inadmissible; temporal order not interpreted,linear interpolation to common coarse saved times; no extrapolation,D:\PhD-Project\GP_RKHS_MINT\GP_RKHS_MINT\Tully_models\GP_MInt_QCLE_Reviewer_Ready_Pipeline_v4\output\fixed_pipeline\reviewer_closure_20260726_174927\step7_dt_P0100\seed29_dt0.5\run_manifest.json,D:\PhD-Project\GP_RKHS_MINT\GP_RKHS_MINT\Tully_models\GP_MInt_QCLE_Reviewer_Ready_Pipeline_v4\output\fixed_pipeline\reviewer_closure_20260726_174927\step9_repl_P0100\seed29\run_manifest.json,D:\PhD-Project\GP_RKHS_MINT\GP_RKHS_MINT\Tully_models\GP_MInt_QCLE_Reviewer_Ready_Pipeline_v4\output\fixed_pipeline\reviewer_closure_20260723_194254\step7_dt_P0100\seed29_dt0.125\run_manifest.json
MIDPOINT,100.0,47,P0,0.5,0.25,0.125,-1.5684773812275685,-1.4799278282353694,-1.5002850648542447,1.8544444501884287,1.4874371901288508,1.2467379883299714,0.36700726005957796,True,10.346993441088403,12.197663420697314,descriptive cloud-to-cloud variability only; not an order or uncertainty gate,2.84613913755258e-12,False,"dt=0.5: P0=-1.5684774 outside [0,1]; dt=0.5: P1=2.5684774 outside [0,1]; dt=0.5: R_var=-1.5336587e+40 is negative; dt=0.5: P_var=-9.6635012e+41 is negative; dt=0.25: P0=-1.4799278 outside [0,1]; dt=0.25: P1=2.4799278 outside [0,1]; dt=0.25: R_var=-4.4872007e+42 is negative; dt=0.25: P_var=-2.762485e+44 is negative; dt=0.125: P0=-1.5002851 outside [0,1]; dt=0.125: P1=2.5002851 outside [0,1]; dt=0.125: R_var=-7.3844803e+42 is negative; dt=0.125: P_var=-4.597646e+44 is negative",nan,REJECT_PHYSICAL_INADMISSIBILITY,one or more levels physically inadmissible; temporal order not interpreted,linear interpolation to common coarse saved times; no extrapolation,D:\PhD-Project\GP_RKHS_MINT\GP_RKHS_MINT\Tully_models\GP_MInt_QCLE_Reviewer_Ready_Pipeline_v4\output\fixed_pipeline\final_reviewer_closure\dynamics\timestep\P0100\seed47_dt0.5\run_manifest.json,D:\PhD-Project\GP_RKHS_MINT\GP_RKHS_MINT\Tully_models\GP_MInt_QCLE_Reviewer_Ready_Pipeline_v4\output\fixed_pipeline\reviewer_closure_20260726_174927\step9_repl_P0100\seed47\run_manifest.json,D:\PhD-Project\GP_RKHS_MINT\GP_RKHS_MINT\Tully_models\GP_MInt_QCLE_Reviewer_Ready_Pipeline_v4\output\fixed_pipeline\final_reviewer_closure\dynamics\timestep\P0100\seed47_dt0.125\run_manifest.json
MIDPOINT,100.0,47,P1,0.5,0.25,0.125,2.568477381227861,2.4799278282356756,2.500285064855136,1.854444450188489,1.4874371901287875,1.2467379883300649,0.3670072600597014,True,10.346993441105921,12.197663420719802,descriptive cloud-to-cloud variability only; not an order or uncertainty gate,2.968964243158653e-12,False,"dt=0.5: P0=-1.5684774 outside [0,1]; dt=0.5: P1=2.5684774 outside [0,1]; dt=0.5: R_var=-1.5336587e+40 is negative; dt=0.5: P_var=-9.6635012e+41 is negative; dt=0.25: P0=-1.4799278 outside [0,1]; dt=0.25: P1=2.4799278 outside [0,1]; dt=0.25: R_var=-4.4872007e+42 is negative; dt=0.25: P_var=-2.762485e+44 is negative; dt=0.125: P0=-1.5002851 outside [0,1]; dt=0.125: P1=2.5002851 outside [0,1]; dt=0.125: R_var=-7.3844803e+42 is negative; dt=0.125: P_var=-4.597646e+44 is negative",nan,REJECT_PHYSICAL_INADMISSIBILITY,one or more levels physically inadmissible; temporal order not interpreted,linear interpolation to common coarse saved times; no extrapolation,D:\PhD-Project\GP_RKHS_MINT\GP_RKHS_MINT\Tully_models\GP_MInt_QCLE_Reviewer_Ready_Pipeline_v4\output\fixed_pipeline\final_reviewer_closure\dynamics\timestep\P0100\seed47_dt0.5\run_manifest.json,D:\PhD-Project\GP_RKHS_MINT\GP_RKHS_MINT\Tully_models\GP_MInt_QCLE_Reviewer_Ready_Pipeline_v4\output\fixed_pipeline\reviewer_closure_20260726_174927\step9_repl_P0100\seed47\run_manifest.json,D:\PhD-Project\GP_RKHS_MINT\GP_RKHS_MINT\Tully_models\GP_MInt_QCLE_Reviewer_Ready_Pipeline_v4\output\fixed_pipeline\final_reviewer_closure\dynamics\timestep\P0100\seed47_dt0.125\run_manifest.json
MIDPOINT,100.0,47,trace,0.5,0.25,0.125,1.0000000000002924,1.0000000000003062,1.000000000000891,1.5142131179010463e-13,4.659190539813891e-13,0.3249948901985732,-3.1449774219128444e-13,False,2.7126390857448513e-11,3.321566706014969e-11,descriptive cloud-to-cloud variability only; not an order or uncertainty gate,2.0000000000005416e-12,False,"dt=0.5: P0=-1.5684774 outside [0,1]; dt=0.5: P1=2.5684774 outside [0,1]; dt=0.5: R_var=-1.5336587e+40 is negative; dt=0.5: P_var=-9.6635012e+41 is negative; dt=0.25: P0=-1.4799278 outside [0,1]; dt=0.25: P1=2.4799278 outside [0,1]; dt=0.25: R_var=-4.4872007e+42 is negative; dt=0.25: P_var=-2.762485e+44 is negative; dt=0.125: P0=-1.5002851 outside [0,1]; dt=0.125: P1=2.5002851 outside [0,1]; dt=0.125: R_var=-7.3844803e+42 is negative; dt=0.125: P_var=-4.597646e+44 is negative",nan,REJECT_NUMERICAL_NOISE,roundoff- or saturation-limited; order not interpreted,linear interpolation to common coarse saved times; no extrapolation,D:\PhD-Project\GP_RKHS_MINT\GP_RKHS_MINT\Tully_models\GP_MInt_QCLE_Reviewer_Ready_Pipeline_v4\output\fixed_pipeline\final_reviewer_closure\dynamics\timestep\P0100\seed47_dt0.5\run_manifest.json,D:\PhD-Project\GP_RKHS_MINT\GP_RKHS_MINT\Tully_models\GP_MInt_QCLE_Reviewer_Ready_Pipeline_v4\output\fixed_pipeline\reviewer_closure_20260726_174927\step9_repl_P0100\seed47\run_manifest.json,D:\PhD-Project\GP_RKHS_MINT\GP_RKHS_MINT\Tully_models\GP_MInt_QCLE_Reviewer_Ready_Pipeline_v4\output\fixed_pipeline\final_reviewer_closure\dynamics\timestep\P0100\seed47_dt0.125\run_manifest.json
MIDPOINT,100.0,47,energy,0.5,0.25,0.125,2.63118294376118,2.6207634245641502,2.6265827652161375,0.1289140031649901,0.13139826824412357,0.981093623893749,-0.002484265079133463,False,10.519036445340314,12.88157521034874,descriptive cloud-to-cloud variability only; not an order or uncertainty gate,3.551363375685023e-12,False,"dt=0.5: P0=-1.5684774 outside [0,1]; dt=0.5: P1=2.5684774 outside [0,1]; dt=0.5: R_var=-1.5336587e+40 is negative; dt=0.5: P_var=-9.6635012e+41 is negative; dt=0.25: P0=-1.4799278 outside [0,1]; dt=0.25: P1=2.4799278 outside [0,1]; dt=0.25: R_var=-4.4872007e+42 is negative; dt=0.25: P_var=-2.762485e+44 is negative; dt=0.125: P0=-1.5002851 outside [0,1]; dt=0.125: P1=2.5002851 outside [0,1]; dt=0.125: R_var=-7.3844803e+42 is negative; dt=0.125: P_var=-4.597646e+44 is negative",nan,REJECT_PHYSICAL_INADMISSIBILITY,one or more levels physically inadmissible; temporal order not interpreted,linear interpolation to common coarse saved times; no extrapolation,D:\PhD-Project\GP_RKHS_MINT\GP_RKHS_MINT\Tully_models\GP_MInt_QCLE_Reviewer_Ready_Pipeline_v4\output\fixed_pipeline\final_reviewer_closure\dynamics\timestep\P0100\seed47_dt0.5\run_manifest.json,D:\PhD-Project\GP_RKHS_MINT\GP_RKHS_MINT\Tully_models\GP_MInt_QCLE_Reviewer_Ready_Pipeline_v4\output\fixed_pipeline\reviewer_closure_20260726_174927\step9_repl_P0100\seed47\run_manifest.json,D:\PhD-Project\GP_RKHS_MINT\GP_RKHS_MINT\Tully_models\GP_MInt_QCLE_Reviewer_Ready_Pipeline_v4\output\fixed_pipeline\final_reviewer_closure\dynamics\timestep\P0100\seed47_dt0.125\run_manifest.json
MIDPOINT,100.0,47,R_mean,0.5,0.25,0.125,12.605749758429525,12.737473100073482,12.678199180503187,2.1281862009656236,2.468763889935045,0.8620452565926091,-0.3405776889694212,False,197.24378994669047,241.51932038672524,descriptive cloud-to-cloud variability only; not an order or uncertainty gate,9.011635284249961e-12,False,"dt=0.5: P0=-1.5684774 outside [0,1]; dt=0.5: P1=2.5684774 outside [0,1]; dt=0.5: R_var=-1.5336587e+40 is negative; dt=0.5: P_var=-9.6635012e+41 is negative; dt=0.25: P0=-1.4799278 outside [0,1]; dt=0.25: P1=2.4799278 outside [0,1]; dt=0.25: R_var=-4.4872007e+42 is negative; dt=0.25: P_var=-2.762485e+44 is negative; dt=0.125: P0=-1.5002851 outside [0,1]; dt=0.125: P1=2.5002851 outside [0,1]; dt=0.125: R_var=-7.3844803e+42 is negative; dt=0.125: P_var=-4.597646e+44 is negative",nan,REJECT_PHYSICAL_INADMISSIBILITY,one or more levels physically inadmissible; temporal order not interpreted,linear interpolation to common coarse saved times; no extrapolation,D:\PhD-Project\GP_RKHS_MINT\GP_RKHS_MINT\Tully_models\GP_MInt_QCLE_Reviewer_Ready_Pipeline_v4\output\fixed_pipeline\final_reviewer_closure\dynamics\timestep\P0100\seed47_dt0.5\run_manifest.json,D:\PhD-Project\GP_RKHS_MINT\GP_RKHS_MINT\Tully_models\GP_MInt_QCLE_Reviewer_Ready_Pipeline_v4\output\fixed_pipeline\reviewer_closure_20260726_174927\step9_repl_P0100\seed47\run_manifest.json,D:\PhD-Project\GP_RKHS_MINT\GP_RKHS_MINT\Tully_models\GP_MInt_QCLE_Reviewer_Ready_Pipeline_v4\output\fixed_pipeline\final_reviewer_closure\dynamics\timestep\P0100\seed47_dt0.125\run_manifest.json
MIDPOINT,100.0,47,P_mean,0.5,0.25,0.125,100.06255245873312,99.94141491126976,100.03808448645715,2.956774718298635,2.898388884766958,1.0201442373169918,0.05838583353167692,True,199.90788067414414,244.81269720071688,descriptive cloud-to-cloud variability only; not an order or uncertainty gate,1.0113625684550633e-10,False,"dt=0.5: P0=-1.5684774 outside [0,1]; dt=0.5: P1=2.5684774 outside [0,1]; dt=0.5: R_var=-1.5336587e+40 is negative; dt=0.5: P_var=-9.6635012e+41 is negative; dt=0.25: P0=-1.4799278 outside [0,1]; dt=0.25: P1=2.4799278 outside [0,1]; dt=0.25: R_var=-4.4872007e+42 is negative; dt=0.25: P_var=-2.762485e+44 is negative; dt=0.125: P0=-1.5002851 outside [0,1]; dt=0.125: P1=2.5002851 outside [0,1]; dt=0.125: R_var=-7.3844803e+42 is negative; dt=0.125: P_var=-4.597646e+44 is negative",nan,REJECT_PHYSICAL_INADMISSIBILITY,one or more levels physically inadmissible; temporal order not interpreted,linear interpolation to common coarse saved times; no extrapolation,D:\PhD-Project\GP_RKHS_MINT\GP_RKHS_MINT\Tully_models\GP_MInt_QCLE_Reviewer_Ready_Pipeline_v4\output\fixed_pipeline\final_reviewer_closure\dynamics\timestep\P0100\seed47_dt0.5\run_manifest.json,D:\PhD-Project\GP_RKHS_MINT\GP_RKHS_MINT\Tully_models\GP_MInt_QCLE_Reviewer_Ready_Pipeline_v4\output\fixed_pipeline\reviewer_closure_20260726_174927\step9_repl_P0100\seed47\run_manifest.json,D:\PhD-Project\GP_RKHS_MINT\GP_RKHS_MINT\Tully_models\GP_MInt_QCLE_Reviewer_Ready_Pipeline_v4\output\fixed_pipeline\final_reviewer_closure\dynamics\timestep\P0100\seed47_dt0.125\run_manifest.json
MIDPOINT,100.0,47,R_var,0.5,0.25,0.125,-1.5336586763700645e+40,-4.4872007251156123e+42,-7.38448033689431e+42,1.624195253830109e+42,1.0297078096623662e+42,1.577336054548009,5.944874441677428e+41,True,4.654550266668553e+45,5.701651286280025e+45,descriptive cloud-to-cloud variability only; not an order or uncertainty gate,2.6593761530283694e+30,False,"dt=0.5: P0=-1.5684774 outside [0,1]; dt=0.5: P1=2.5684774 outside [0,1]; dt=0.5: R_var=-1.5336587e+40 is negative; dt=0.5: P_var=-9.6635012e+41 is negative; dt=0.25: P0=-1.4799278 outside [0,1]; dt=0.25: P1=2.4799278 outside [0,1]; dt=0.25: R_var=-4.4872007e+42 is negative; dt=0.25: P_var=-2.762485e+44 is negative; dt=0.125: P0=-1.5002851 outside [0,1]; dt=0.125: P1=2.5002851 outside [0,1]; dt=0.125: R_var=-7.3844803e+42 is negative; dt=0.125: P_var=-4.597646e+44 is negative",nan,REJECT_PHYSICAL_INADMISSIBILITY,one or more levels physically inadmissible; temporal order not interpreted,linear interpolation to common coarse saved times; no extrapolation,D:\PhD-Project\GP_RKHS_MINT\GP_RKHS_MINT\Tully_models\GP_MInt_QCLE_Reviewer_Ready_Pipeline_v4\output\fixed_pipeline\final_reviewer_closure\dynamics\timestep\P0100\seed47_dt0.5\run_manifest.json,D:\PhD-Project\GP_RKHS_MINT\GP_RKHS_MINT\Tully_models\GP_MInt_QCLE_Reviewer_Ready_Pipeline_v4\output\fixed_pipeline\reviewer_closure_20260726_174927\step9_repl_P0100\seed47\run_manifest.json,D:\PhD-Project\GP_RKHS_MINT\GP_RKHS_MINT\Tully_models\GP_MInt_QCLE_Reviewer_Ready_Pipeline_v4\output\fixed_pipeline\final_reviewer_closure\dynamics\timestep\P0100\seed47_dt0.125\run_manifest.json
MIDPOINT,100.0,47,P_var,0.5,0.25,0.125,-9.663501240285853e+41,-2.762484976092569e+44,-4.597646030069933e+44,3.292231704771018e+44,2.10039628011635e+44,1.5674336009529817,1.1918354246546679e+44,True,5.503412967222074e+47,6.741467082660169e+47,descriptive cloud-to-cloud variability only; not an order or uncertainty gate,5.4036563708852164e+32,False,"dt=0.5: P0=-1.5684774 outside [0,1]; dt=0.5: P1=2.5684774 outside [0,1]; dt=0.5: R_var=-1.5336587e+40 is negative; dt=0.5: P_var=-9.6635012e+41 is negative; dt=0.25: P0=-1.4799278 outside [0,1]; dt=0.25: P1=2.4799278 outside [0,1]; dt=0.25: R_var=-4.4872007e+42 is negative; dt=0.25: P_var=-2.762485e+44 is negative; dt=0.125: P0=-1.5002851 outside [0,1]; dt=0.125: P1=2.5002851 outside [0,1]; dt=0.125: R_var=-7.3844803e+42 is negative; dt=0.125: P_var=-4.597646e+44 is negative",nan,REJECT_PHYSICAL_INADMISSIBILITY,one or more levels physically inadmissible; temporal order not interpreted,linear interpolation to common coarse saved times; no extrapolation,D:\PhD-Project\GP_RKHS_MINT\GP_RKHS_MINT\Tully_models\GP_MInt_QCLE_Reviewer_Ready_Pipeline_v4\output\fixed_pipeline\final_reviewer_closure\dynamics\timestep\P0100\seed47_dt0.5\run_manifest.json,D:\PhD-Project\GP_RKHS_MINT\GP_RKHS_MINT\Tully_models\GP_MInt_QCLE_Reviewer_Ready_Pipeline_v4\output\fixed_pipeline\reviewer_closure_20260726_174927\step9_repl_P0100\seed47\run_manifest.json,D:\PhD-Project\GP_RKHS_MINT\GP_RKHS_MINT\Tully_models\GP_MInt_QCLE_Reviewer_Ready_Pipeline_v4\output\fixed_pipeline\final_reviewer_closure\dynamics\timestep\P0100\seed47_dt0.125\run_manifest.json
MIDPOINT,100.0,73,P0,0.5,0.25,0.125,0.5849126229018937,0.5888189926207114,0.5934344671141705,4.460184941985232,3.519470239852577,1.2672887218878883,0.940714702132655,True,10.076002678023029,12.197663420697314,descriptive cloud-to-cloud variability only; not an order or uncertainty gate,4.755225171171762e-12,False,dt=0.5: R_var=-1.3286298e+29 is negative; dt=0.5: P_var=-8.4927842e+30 is negative; dt=0.25: R_var=-1.3493549e+30 is negative; dt=0.25: P_var=-8.6097167e+31 is negative; dt=0.125: R_var=-9.8925147e+29 is negative; dt=0.125: P_var=-6.3082538e+31 is negative,nan,REJECT_PHYSICAL_INADMISSIBILITY,one or more levels physically inadmissible; temporal order not interpreted,linear interpolation to common coarse saved times; no extrapolation,D:\PhD-Project\GP_RKHS_MINT\GP_RKHS_MINT\Tully_models\GP_MInt_QCLE_Reviewer_Ready_Pipeline_v4\output\fixed_pipeline\final_reviewer_closure\dynamics\timestep\P0100\seed73_dt0.5\run_manifest.json,D:\PhD-Project\GP_RKHS_MINT\GP_RKHS_MINT\Tully_models\GP_MInt_QCLE_Reviewer_Ready_Pipeline_v4\output\fixed_pipeline\reviewer_closure_20260726_174927\step9_repl_P0100\seed73\run_manifest.json,D:\PhD-Project\GP_RKHS_MINT\GP_RKHS_MINT\Tully_models\GP_MInt_QCLE_Reviewer_Ready_Pipeline_v4\output\fixed_pipeline\final_reviewer_closure\dynamics\timestep\P0100\seed73_dt0.125\run_manifest.json
MIDPOINT,100.0,73,P1,0.5,0.25,0.125,0.41508737709823695,0.4111810073796269,0.40656553288679426,4.460184941985226,3.519470239851848,1.267288721888149,0.9407147021333779,True,10.076002678041059,12.197663420719802,descriptive cloud-to-cloud variability only; not an order or uncertainty gate,4.73182737302246e-12,False,dt=0.5: R_var=-1.3286298e+29 is negative; dt=0.5: P_var=-8.4927842e+30 is negative; dt=0.25: R_var=-1.3493549e+30 is negative; dt=0.25: P_var=-8.6097167e+31 is negative; dt=0.125: R_var=-9.8925147e+29 is negative; dt=0.125: P_var=-6.3082538e+31 is negative,nan,REJECT_PHYSICAL_INADMISSIBILITY,one or more levels physically inadmissible; temporal order not interpreted,linear interpolation to common coarse saved times; no extrapolation,D:\PhD-Project\GP_RKHS_MINT\GP_RKHS_MINT\Tully_models\GP_MInt_QCLE_Reviewer_Ready_Pipeline_v4\output\fixed_pipeline\final_reviewer_closure\dynamics\timestep\P0100\seed73_dt0.5\run_manifest.json,D:\PhD-Project\GP_RKHS_MINT\GP_RKHS_MINT\Tully_models\GP_MInt_QCLE_Reviewer_Ready_Pipeline_v4\output\fixed_pipeline\reviewer_closure_20260726_174927\step9_repl_P0100\seed73\run_manifest.json,D:\PhD-Project\GP_RKHS_MINT\GP_RKHS_MINT\Tully_models\GP_MInt_QCLE_Reviewer_Ready_Pipeline_v4\output\fixed_pipeline\final_reviewer_closure\dynamics\timestep\P0100\seed73_dt0.125\run_manifest.json
MIDPOINT,100.0,73,trace,0.5,0.25,0.125,1.0000000000001306,1.0000000000003382,1.0000000000009648,7.493326173400741e-13,1.1622285275360204e-12,0.6447377599039793,-4.128959101959463e-13,False,2.7134503473123163e-11,3.321566706014969e-11,descriptive cloud-to-cloud variability only; not an order or uncertainty gate,2.0000000000004968e-12,False,dt=0.5: R_var=-1.3286298e+29 is negative; dt=0.5: P_var=-8.4927842e+30 is negative; dt=0.25: R_var=-1.3493549e+30 is negative; dt=0.25: P_var=-8.6097167e+31 is negative; dt=0.125: R_var=-9.8925147e+29 is negative; dt=0.125: P_var=-6.3082538e+31 is negative,nan,REJECT_NUMERICAL_NOISE,roundoff- or saturation-limited; order not interpreted,linear interpolation to common coarse saved times; no extrapolation,D:\PhD-Project\GP_RKHS_MINT\GP_RKHS_MINT\Tully_models\GP_MInt_QCLE_Reviewer_Ready_Pipeline_v4\output\fixed_pipeline\final_reviewer_closure\dynamics\timestep\P0100\seed73_dt0.5\run_manifest.json,D:\PhD-Project\GP_RKHS_MINT\GP_RKHS_MINT\Tully_models\GP_MInt_QCLE_Reviewer_Ready_Pipeline_v4\output\fixed_pipeline\reviewer_closure_20260726_174927\step9_repl_P0100\seed73\run_manifest.json,D:\PhD-Project\GP_RKHS_MINT\GP_RKHS_MINT\Tully_models\GP_MInt_QCLE_Reviewer_Ready_Pipeline_v4\output\fixed_pipeline\final_reviewer_closure\dynamics\timestep\P0100\seed73_dt0.125\run_manifest.json
MIDPOINT,100.0,73,energy,0.5,0.25,0.125,2.517561137467121,2.5168630264013108,2.5139486633564148,0.8780583041906697,0.4975070252537643,1.7649163923721418,0.3805512789369054,True,10.521996494054433,12.88157521034874,descriptive cloud-to-cloud variability only; not an order or uncertainty gate,3.6654354056786906e-12,False,dt=0.5: R_var=-1.3286298e+29 is negative; dt=0.5: P_var=-8.4927842e+30 is negative; dt=0.25: R_var=-1.3493549e+30 is negative; dt=0.25: P_var=-8.6097167e+31 is negative; dt=0.125: R_var=-9.8925147e+29 is negative; dt=0.125: P_var=-6.3082538e+31 is negative,nan,REJECT_PHYSICAL_INADMISSIBILITY,one or more levels physically inadmissible; temporal order not interpreted,linear interpolation to common coarse saved times; no extrapolation,D:\PhD-Project\GP_RKHS_MINT\GP_RKHS_MINT\Tully_models\GP_MInt_QCLE_Reviewer_Ready_Pipeline_v4\output\fixed_pipeline\final_reviewer_closure\dynamics\timestep\P0100\seed73_dt0.5\run_manifest.json,D:\PhD-Project\GP_RKHS_MINT\GP_RKHS_MINT\Tully_models\GP_MInt_QCLE_Reviewer_Ready_Pipeline_v4\output\fixed_pipeline\reviewer_closure_20260726_174927\step9_repl_P0100\seed73\run_manifest.json,D:\PhD-Project\GP_RKHS_MINT\GP_RKHS_MINT\Tully_models\GP_MInt_QCLE_Reviewer_Ready_Pipeline_v4\output\fixed_pipeline\final_reviewer_closure\dynamics\timestep\P0100\seed73_dt0.125\run_manifest.json
MIDPOINT,100.0,73,R_mean,0.5,0.25,0.125,12.49959810954506,12.509602658050092,12.506578155024682,17.843073936094722,9.580874487254759,1.8623638123880026,8.262199448839963,True,197.301697169986,241.51932038672524,descriptive cloud-to-cloud variability only; not an order or uncertainty gate,1.9900506409366168e-11,False,dt=0.5: R_var=-1.3286298e+29 is negative; dt=0.5: P_var=-8.4927842e+30 is negative; dt=0.25: R_var=-1.3493549e+30 is negative; dt=0.25: P_var=-8.6097167e+31 is negative; dt=0.125: R_var=-9.8925147e+29 is negative; dt=0.125: P_var=-6.3082538e+31 is negative,nan,REJECT_PHYSICAL_INADMISSIBILITY,one or more levels physically inadmissible; temporal order not interpreted,linear interpolation to common coarse saved times; no extrapolation,D:\PhD-Project\GP_RKHS_MINT\GP_RKHS_MINT\Tully_models\GP_MInt_QCLE_Reviewer_Ready_Pipeline_v4\output\fixed_pipeline\final_reviewer_closure\dynamics\timestep\P0100\seed73_dt0.5\run_manifest.json,D:\PhD-Project\GP_RKHS_MINT\GP_RKHS_MINT\Tully_models\GP_MInt_QCLE_Reviewer_Ready_Pipeline_v4\output\fixed_pipeline\reviewer_closure_20260726_174927\step9_repl_P0100\seed73\run_manifest.json,D:\PhD-Project\GP_RKHS_MINT\GP_RKHS_MINT\Tully_models\GP_MInt_QCLE_Reviewer_Ready_Pipeline_v4\output\fixed_pipeline\final_reviewer_closure\dynamics\timestep\P0100\seed73_dt0.125\run_manifest.json
MIDPOINT,100.0,73,P_mean,0.5,0.25,0.125,99.93534018839786,99.92515864412309,99.87107594490057,21.008323880550968,10.59982683546227,1.9819497249017815,10.408497045088698,True,200.02884939692547,244.81269720071688,descriptive cloud-to-cloud variability only; not an order or uncertainty gate,1.0355043521129567e-10,False,dt=0.5: R_var=-1.3286298e+29 is negative; dt=0.5: P_var=-8.4927842e+30 is negative; dt=0.25: R_var=-1.3493549e+30 is negative; dt=0.25: P_var=-8.6097167e+31 is negative; dt=0.125: R_var=-9.8925147e+29 is negative; dt=0.125: P_var=-6.3082538e+31 is negative,nan,REJECT_PHYSICAL_INADMISSIBILITY,one or more levels physically inadmissible; temporal order not interpreted,linear interpolation to common coarse saved times; no extrapolation,D:\PhD-Project\GP_RKHS_MINT\GP_RKHS_MINT\Tully_models\GP_MInt_QCLE_Reviewer_Ready_Pipeline_v4\output\fixed_pipeline\final_reviewer_closure\dynamics\timestep\P0100\seed73_dt0.5\run_manifest.json,D:\PhD-Project\GP_RKHS_MINT\GP_RKHS_MINT\Tully_models\GP_MInt_QCLE_Reviewer_Ready_Pipeline_v4\output\fixed_pipeline\reviewer_closure_20260726_174927\step9_repl_P0100\seed73\run_manifest.json,D:\PhD-Project\GP_RKHS_MINT\GP_RKHS_MINT\Tully_models\GP_MInt_QCLE_Reviewer_Ready_Pipeline_v4\output\fixed_pipeline\final_reviewer_closure\dynamics\timestep\P0100\seed73_dt0.125\run_manifest.json
MIDPOINT,100.0,73,R_var,0.5,0.25,0.125,-1.3286298325438782e+29,-1.349354922151378e+30,-9.892514678456498e+29,4.549185131889077e+29,1.3534868612285841e+29,3.36108555036855,3.195698270660493e+29,True,4.655793235564323e+45,5.701651286280025e+45,descriptive cloud-to-cloud variability only; not an order or uncertainty gate,5.045854731787904e+17,False,dt=0.5: R_var=-1.3286298e+29 is negative; dt=0.5: P_var=-8.4927842e+30 is negative; dt=0.25: R_var=-1.3493549e+30 is negative; dt=0.25: P_var=-8.6097167e+31 is negative; dt=0.125: R_var=-9.8925147e+29 is negative; dt=0.125: P_var=-6.3082538e+31 is negative,nan,REJECT_PHYSICAL_INADMISSIBILITY,one or more levels physically inadmissible; temporal order not interpreted,linear interpolation to common coarse saved times; no extrapolation,D:\PhD-Project\GP_RKHS_MINT\GP_RKHS_MINT\Tully_models\GP_MInt_QCLE_Reviewer_Ready_Pipeline_v4\output\fixed_pipeline\final_reviewer_closure\dynamics\timestep\P0100\seed73_dt0.5\run_manifest.json,D:\PhD-Project\GP_RKHS_MINT\GP_RKHS_MINT\Tully_models\GP_MInt_QCLE_Reviewer_Ready_Pipeline_v4\output\fixed_pipeline\reviewer_closure_20260726_174927\step9_repl_P0100\seed73\run_manifest.json,D:\PhD-Project\GP_RKHS_MINT\GP_RKHS_MINT\Tully_models\GP_MInt_QCLE_Reviewer_Ready_Pipeline_v4\output\fixed_pipeline\final_reviewer_closure\dynamics\timestep\P0100\seed73_dt0.125\run_manifest.json
MIDPOINT,100.0,73,P_var,0.5,0.25,0.125,-8.492784235440747e+30,-8.609716664833879e+31,-6.308253799354226e+31,5.309690822962506e+31,1.5839190816611615e+31,3.352248788741076,3.7257717413013445e+31,True,5.504871565849827e+47,6.741467082660169e+47,descriptive cloud-to-cloud variability only; not an order or uncertainty gate,5.8904646923299545e+19,False,dt=0.5: R_var=-1.3286298e+29 is negative; dt=0.5: P_var=-8.4927842e+30 is negative; dt=0.25: R_var=-1.3493549e+30 is negative; dt=0.25: P_var=-8.6097167e+31 is negative; dt=0.125: R_var=-9.8925147e+29 is negative; dt=0.125: P_var=-6.3082538e+31 is negative,nan,REJECT_PHYSICAL_INADMISSIBILITY,one or more levels physically inadmissible; temporal order not interpreted,linear interpolation to common coarse saved times; no extrapolation,D:\PhD-Project\GP_RKHS_MINT\GP_RKHS_MINT\Tully_models\GP_MInt_QCLE_Reviewer_Ready_Pipeline_v4\output\fixed_pipeline\final_reviewer_closure\dynamics\timestep\P0100\seed73_dt0.5\run_manifest.json,D:\PhD-Project\GP_RKHS_MINT\GP_RKHS_MINT\Tully_models\GP_MInt_QCLE_Reviewer_Ready_Pipeline_v4\output\fixed_pipeline\reviewer_closure_20260726_174927\step9_repl_P0100\seed73\run_manifest.json,D:\PhD-Project\GP_RKHS_MINT\GP_RKHS_MINT\Tully_models\GP_MInt_QCLE_Reviewer_Ready_Pipeline_v4\output\fixed_pipeline\final_reviewer_closure\dynamics\timestep\P0100\seed73_dt0.125\run_manifest.json
