source_file,run_directory,method,P0,seed,N,dt,quantity,status,initial_raw_value,endpoint_drift,maximum_absolute_drift,rms_drift,time_of_max_abs_drift,endpoint_relative_drift,maximum_absolute_relative_drift,behavior,renormalization_applied_to_displayed_lw_observables,normalization_note
results/P0_100/pbme.npz,results/P0_100,pbme,100.0,12345,1000,0.5,normalization,EXTRACTED,1.0000000000000004,0.0,0.0,0.0,0.0,0.0,0.0,constant within tolerance,True,raw drift is pre-self-normalization cloud estimator; lw_* observables divide by current raw cloud norm
results/P0_100/pbme.npz,results/P0_100,pbme,100.0,12345,1000,0.5,trace,EXTRACTED,1.0000000000000004,1.1834977442504169e-13,1.1834977442504169e-13,6.17825890307699e-14,600.0,1.1834977442504164e-13,1.1834977442504164e-13,constant within tolerance,True,raw drift is pre-self-normalization cloud estimator; lw_* observables divide by current raw cloud norm
results/P0_100/pbme.npz,results/P0_100,pbme,100.0,12345,1000,0.5,energy,EXTRACTED,2.5009730060372077,-2.235100993175365e-12,2.920383077587019e-07,7.570865616852146e-08,305.5,-8.936925699637531e-13,1.1676987598576149e-07,oscillatory/nonmonotonic (11 derivative sign changes),True,raw drift is pre-self-normalization cloud estimator; lw_* observables divide by current raw cloud norm
results/P0_100/midpoint.npz,results/P0_100,midpoint,100.0,12345,1000,0.5,normalization,EXTRACTED,1.0000000000000004,-0.39397587840852144,0.3941034715345453,0.24177870190388204,425.5,-0.3939758784085213,0.3941034715345451,oscillatory/nonmonotonic (17 derivative sign changes),True,raw drift is pre-self-normalization cloud estimator; lw_* observables divide by current raw cloud norm
results/P0_100/midpoint.npz,results/P0_100,midpoint,100.0,12345,1000,0.5,trace,EXTRACTED,1.0000000000000004,-0.39397587840837367,0.39410347153449055,0.24177870190383052,425.5,-0.3939758784083735,0.3941034715344904,oscillatory/nonmonotonic (17 derivative sign changes),True,raw drift is pre-self-normalization cloud estimator; lw_* observables divide by current raw cloud norm
results/P0_100/midpoint.npz,results/P0_100,midpoint,100.0,12345,1000,0.5,energy,EXTRACTED,2.5009730060372077,-0.9730388289210854,0.9733495363763331,0.5980359931557274,531.0,-0.3890641068784927,0.38918834150817394,oscillatory/nonmonotonic (17 derivative sign changes),True,raw drift is pre-self-normalization cloud estimator; lw_* observables divide by current raw cloud norm
results/P0_20/pbme.npz,results/P0_20,pbme,40.0,12345,1000,0.5,normalization,EXTRACTED,1.0000000000000004,0.0,0.0,0.0,0.0,0.0,0.0,constant within tolerance,True,raw drift is pre-self-normalization cloud estimator; lw_* observables divide by current raw cloud norm
results/P0_20/pbme.npz,results/P0_20,pbme,40.0,12345,1000,0.5,trace,EXTRACTED,1.0000000000000004,8.211209490127658e-13,8.211209490127658e-13,4.262773772057843e-13,2999.999999999613,8.211209490127654e-13,8.211209490127654e-13,constant within tolerance,True,raw drift is pre-self-normalization cloud estimator; lw_* observables divide by current raw cloud norm
results/P0_20/pbme.npz,results/P0_20,pbme,40.0,12345,1000,0.5,energy,EXTRACTED,0.10024538208210043,5.07788255887931e-14,1.0861358659686182e-08,3.228818843004154e-09,1275.1590855525578,5.065452845219894e-13,1.0834772070389026e-07,oscillatory/nonmonotonic (42 derivative sign changes),True,raw drift is pre-self-normalization cloud estimator; lw_* observables divide by current raw cloud norm
results/P0_20/midpoint.npz,results/P0_20,midpoint,40.0,12345,1000,0.5,normalization,EXTRACTED,1.0000000000000004,-0.008146892766608183,0.48703559275468544,0.12091880182941772,1622.3191138343796,-0.008146892766608179,0.4870355927546852,oscillatory/nonmonotonic (55 derivative sign changes),True,raw drift is pre-self-normalization cloud estimator; lw_* observables divide by current raw cloud norm
results/P0_20/midpoint.npz,results/P0_20,midpoint,40.0,12345,1000,0.5,trace,EXTRACTED,1.0000000000000004,-0.008146892764365532,0.4870355927562,0.12091880182946757,1622.3191138343796,-0.008146892764365529,0.4870355927561998,oscillatory/nonmonotonic (55 derivative sign changes),True,raw drift is pre-self-normalization cloud estimator; lw_* observables divide by current raw cloud norm
results/P0_20/midpoint.npz,results/P0_20,midpoint,40.0,12345,1000,0.5,energy,EXTRACTED,0.10024538208210043,0.011249437021248684,0.06551203736341138,0.0165515648891785,1622.3191138343796,0.11221900488179551,0.653516760600078,oscillatory/nonmonotonic (53 derivative sign changes),True,raw drift is pre-self-normalization cloud estimator; lw_* observables divide by current raw cloud norm
results/P0_40/pbme.npz,results/P0_40,pbme,40.0,12345,1000,0.5,normalization,EXTRACTED,1.0000000000000004,0.0,0.0,0.0,0.0,0.0,0.0,constant within tolerance,True,raw drift is pre-self-normalization cloud estimator; lw_* observables divide by current raw cloud norm
results/P0_40/pbme.npz,results/P0_40,pbme,40.0,12345,1000,0.5,trace,EXTRACTED,1.0000000000000004,2.9620750296999176e-13,2.9620750296999176e-13,1.5480652995801804e-13,1500.0,2.962075029699916e-13,2.962075029699916e-13,constant within tolerance,True,raw drift is pre-self-normalization cloud estimator; lw_* observables divide by current raw cloud norm
results/P0_40/pbme.npz,results/P0_40,pbme,40.0,12345,1000,0.5,energy,EXTRACTED,0.4004272880708772,1.3378187446733136e-14,6.173130923103898e-08,1.723201767525386e-08,648.5,3.340977961613132e-14,1.541635924175884e-07,oscillatory/nonmonotonic (20 derivative sign changes),True,raw drift is pre-self-normalization cloud estimator; lw_* observables divide by current raw cloud norm
results/P0_40/midpoint.npz,results/P0_40,midpoint,40.0,12345,1000,0.5,normalization,EXTRACTED,1.0000000000000004,0.23929041138766882,0.696841417529737,0.23245959857525336,781.0,0.2392904113876687,0.6968414175297367,oscillatory/nonmonotonic (34 derivative sign changes),True,raw drift is pre-self-normalization cloud estimator; lw_* observables divide by current raw cloud norm
results/P0_40/midpoint.npz,results/P0_40,midpoint,40.0,12345,1000,0.5,trace,EXTRACTED,1.0000000000000004,0.23929041138840756,0.6968414175302502,0.2324595985755627,781.0,0.23929041138840745,0.6968414175302499,oscillatory/nonmonotonic (34 derivative sign changes),True,raw drift is pre-self-normalization cloud estimator; lw_* observables divide by current raw cloud norm
results/P0_40/midpoint.npz,results/P0_40,midpoint,40.0,12345,1000,0.5,energy,EXTRACTED,0.4004272880708772,0.10085506311154485,0.3104173861511645,0.10133426751784692,781.0,0.2518686066512358,0.7752153646836861,oscillatory/nonmonotonic (32 derivative sign changes),True,raw drift is pre-self-normalization cloud estimator; lw_* observables divide by current raw cloud norm
reviewer_closure_20260723_194254/step7_dt_P0100/seed11_dt0.125/pbme.npz,reviewer_closure_20260723_194254/step7_dt_P0100/seed11_dt0.125,pbme,100.0,11,1000,0.125,normalization,EXTRACTED,1.0000000000000004,0.0,0.0,0.0,0.0,0.0,0.0,constant within tolerance,True,raw drift is pre-self-normalization cloud estimator; lw_* observables divide by current raw cloud norm
reviewer_closure_20260723_194254/step7_dt_P0100/seed11_dt0.125/pbme.npz,reviewer_closure_20260723_194254/step7_dt_P0100/seed11_dt0.125,pbme,100.0,11,1000,0.125,trace,EXTRACTED,1.0000000000000004,4.5008441418303846e-13,4.5008441418303846e-13,2.351842156663314e-13,600.0,4.5008441418303826e-13,4.5008441418303826e-13,constant within tolerance,True,raw drift is pre-self-normalization cloud estimator; lw_* observables divide by current raw cloud norm
reviewer_closure_20260723_194254/step7_dt_P0100/seed11_dt0.125/pbme.npz,reviewer_closure_20260723_194254/step7_dt_P0100/seed11_dt0.125,pbme,100.0,11,1000,0.125,energy,EXTRACTED,2.499976382987634,-1.4210854715202004e-13,1.978491104281943e-08,4.995229387407819e-09,306.25,-5.684395585457135e-14,7.91403917951224e-09,oscillatory/nonmonotonic (8 derivative sign changes),True,raw drift is pre-self-normalization cloud estimator; lw_* observables divide by current raw cloud norm
reviewer_closure_20260723_194254/step7_dt_P0100/seed11_dt0.125/midpoint.npz,reviewer_closure_20260723_194254/step7_dt_P0100/seed11_dt0.125,midpoint,100.0,11,1000,0.125,normalization,EXTRACTED,1.0000000000000004,340010656967.1438,354275795199.5171,144731630805.8398,533.25,340010656967.1437,354275795199.5169,oscillatory/nonmonotonic (79 derivative sign changes),True,raw drift is pre-self-normalization cloud estimator; lw_* observables divide by current raw cloud norm
reviewer_closure_20260723_194254/step7_dt_P0100/seed11_dt0.125/midpoint.npz,reviewer_closure_20260723_194254/step7_dt_P0100/seed11_dt0.125,midpoint,100.0,11,1000,0.125,trace,EXTRACTED,1.0000000000000004,340010656967.43115,354275795199.72766,144731630805.931,533.25,340010656967.431,354275795199.7275,oscillatory/nonmonotonic (79 derivative sign changes),True,raw drift is pre-self-normalization cloud estimator; lw_* observables divide by current raw cloud norm
reviewer_closure_20260723_194254/step7_dt_P0100/seed11_dt0.125/midpoint.npz,reviewer_closure_20260723_194254/step7_dt_P0100/seed11_dt0.125,midpoint,100.0,11,1000,0.125,energy,EXTRACTED,2.499976382987634,820566518971.628,855795402961.1554,348703929820.3122,533.375,328229708310.6833,342321395027.91,oscillatory/nonmonotonic (79 derivative sign changes),True,raw drift is pre-self-normalization cloud estimator; lw_* observables divide by current raw cloud norm
reviewer_closure_20260723_194254/step7_dt_P0100/seed11_dt0.25/pbme.npz,reviewer_closure_20260723_194254/step7_dt_P0100/seed11_dt0.25,pbme,100.0,11,1000,0.25,normalization,EXTRACTED,1.0000000000000004,0.0,0.0,0.0,0.0,0.0,0.0,constant within tolerance,True,raw drift is pre-self-normalization cloud estimator; lw_* observables divide by current raw cloud norm
reviewer_closure_20260723_194254/step7_dt_P0100/seed11_dt0.25/pbme.npz,reviewer_closure_20260723_194254/step7_dt_P0100/seed11_dt0.25,pbme,100.0,11,1000,0.25,trace,EXTRACTED,1.0000000000000004,2.2470914018413168e-13,2.2470914018413168e-13,1.1692138299785653e-13,600.0,2.2470914018413158e-13,2.2470914018413158e-13,constant within tolerance,True,raw drift is pre-self-normalization cloud estimator; lw_* observables divide by current raw cloud norm
reviewer_closure_20260723_194254/step7_dt_P0100/seed11_dt0.25/pbme.npz,reviewer_closure_20260723_194254/step7_dt_P0100/seed11_dt0.25,pbme,100.0,11,1000,0.25,energy,EXTRACTED,2.499976382987634,-5.6710192097853e-13,7.914047461810014e-08,1.997900270947516e-08,306.25,-2.2684291133214882e-13,3.1656488899915986e-08,oscillatory/nonmonotonic (10 derivative sign changes),True,raw drift is pre-self-normalization cloud estimator; lw_* observables divide by current raw cloud norm
reviewer_closure_20260723_194254/step7_dt_P0100/seed11_dt0.25/midpoint.npz,reviewer_closure_20260723_194254/step7_dt_P0100/seed11_dt0.25,midpoint,100.0,11,1000,0.25,normalization,EXTRACTED,1.0000000000000004,-475113924113.3192,495039283351.90216,202273404600.78342,533.25,-475113924113.31903,495039283351.9019,oscillatory/nonmonotonic (82 derivative sign changes),True,raw drift is pre-self-normalization cloud estimator; lw_* observables divide by current raw cloud norm
reviewer_closure_20260723_194254/step7_dt_P0100/seed11_dt0.25/midpoint.npz,reviewer_closure_20260723_194254/step7_dt_P0100/seed11_dt0.25,midpoint,100.0,11,1000,0.25,trace,EXTRACTED,1.0000000000000004,-475113924113.5317,495039283352.0623,202273404600.85544,533.25,-475113924113.5315,495039283352.0621,oscillatory/nonmonotonic (82 derivative sign changes),True,raw drift is pre-self-normalization cloud estimator; lw_* observables divide by current raw cloud norm
reviewer_closure_20260723_194254/step7_dt_P0100/seed11_dt0.25/midpoint.npz,reviewer_closure_20260723_194254/step7_dt_P0100/seed11_dt0.25,midpoint,100.0,11,1000,0.25,energy,EXTRACTED,2.499976382987634,-1146614842222.3735,1195821427569.3198,487338767487.3123,533.5,-458650269668.58563,478333089747.1262,oscillatory/nonmonotonic (80 derivative sign changes),True,raw drift is pre-self-normalization cloud estimator; lw_* observables divide by current raw cloud norm
reviewer_closure_20260723_194254/step7_dt_P0100/seed11_dt0.5/pbme.npz,reviewer_closure_20260723_194254/step7_dt_P0100/seed11_dt0.5,pbme,100.0,11,1000,0.5,normalization,EXTRACTED,1.0000000000000004,0.0,0.0,0.0,0.0,0.0,0.0,constant within tolerance,True,raw drift is pre-self-normalization cloud estimator; lw_* observables divide by current raw cloud norm
reviewer_closure_20260723_194254/step7_dt_P0100/seed11_dt0.5/pbme.npz,reviewer_closure_20260723_194254/step7_dt_P0100/seed11_dt0.5,pbme,100.0,11,1000,0.5,trace,EXTRACTED,1.0000000000000004,1.1834977442504169e-13,1.1834977442504169e-13,6.153722829985802e-14,600.0,1.1834977442504164e-13,1.1834977442504164e-13,constant within tolerance,True,raw drift is pre-self-normalization cloud estimator; lw_* observables divide by current raw cloud norm
reviewer_closure_20260723_194254/step7_dt_P0100/seed11_dt0.5/pbme.npz,reviewer_closure_20260723_194254/step7_dt_P0100/seed11_dt0.5,pbme,100.0,11,1000,0.5,energy,EXTRACTED,2.499976382987634,-2.2661872378648695e-12,3.16533216082604e-07,7.990206306322102e-08,306.0,-9.064834585183676e-13,1.266144825353615e-07,oscillatory/nonmonotonic (10 derivative sign changes),True,raw drift is pre-self-normalization cloud estimator; lw_* observables divide by current raw cloud norm
reviewer_closure_20260723_194254/step7_dt_P0100/seed11_dt0.5/midpoint.npz,reviewer_closure_20260723_194254/step7_dt_P0100/seed11_dt0.5,midpoint,100.0,11,1000,0.5,normalization,EXTRACTED,1.0000000000000004,208024129274859.47,216746847632101.62,88597379808873.61,533.5,208024129274859.38,216746847632101.53,oscillatory/nonmonotonic (45 derivative sign changes),True,raw drift is pre-self-normalization cloud estimator; lw_* observables divide by current raw cloud norm
reviewer_closure_20260723_194254/step7_dt_P0100/seed11_dt0.5/midpoint.npz,reviewer_closure_20260723_194254/step7_dt_P0100/seed11_dt0.5,midpoint,100.0,11,1000,0.5,trace,EXTRACTED,1.0000000000000004,208024129274890.22,216746847632122.72,88597379808882.62,533.5,208024129274890.12,216746847632122.62,oscillatory/nonmonotonic (45 derivative sign changes),True,raw drift is pre-self-normalization cloud estimator; lw_* observables divide by current raw cloud norm
reviewer_closure_20260723_194254/step7_dt_P0100/seed11_dt0.5/midpoint.npz,reviewer_closure_20260723_194254/step7_dt_P0100/seed11_dt0.5,midpoint,100.0,11,1000,0.5,energy,EXTRACTED,2.499976382987634,502038998226754.44,523582974565380.3,213460763087662.22,533.5,200817496374419.88,209435168319336.16,oscillatory/nonmonotonic (45 derivative sign changes),True,raw drift is pre-self-normalization cloud estimator; lw_* observables divide by current raw cloud norm
reviewer_closure_20260723_194254/step7_dt_P0100/seed29_dt0.125/pbme.npz,reviewer_closure_20260723_194254/step7_dt_P0100/seed29_dt0.125,pbme,100.0,29,1000,0.125,normalization,EXTRACTED,1.0000000000000004,0.0,0.0,0.0,0.0,0.0,0.0,constant within tolerance,True,raw drift is pre-self-normalization cloud estimator; lw_* observables divide by current raw cloud norm
reviewer_closure_20260723_194254/step7_dt_P0100/seed29_dt0.125/pbme.npz,reviewer_closure_20260723_194254/step7_dt_P0100/seed29_dt0.125,pbme,100.0,29,1000,0.125,trace,EXTRACTED,1.0000000000000007,4.4630965589931293e-13,4.4630965589931293e-13,2.336576099018242e-13,600.0,4.4630965589931263e-13,4.4630965589931263e-13,constant within tolerance,True,raw drift is pre-self-normalization cloud estimator; lw_* observables divide by current raw cloud norm
reviewer_closure_20260723_194254/step7_dt_P0100/seed29_dt0.125/pbme.npz,reviewer_closure_20260723_194254/step7_dt_P0100/seed29_dt0.125,pbme,100.0,29,1000,0.125,energy,EXTRACTED,2.499746749233934,-1.0524914273446484e-13,1.8912009291938148e-08,4.676734801870231e-09,306.875,-4.2103922234009995e-14,7.56557011134583e-09,oscillatory/nonmonotonic (10 derivative sign changes),True,raw drift is pre-self-normalization cloud estimator; lw_* observables divide by current raw cloud norm
reviewer_closure_20260723_194254/step7_dt_P0100/seed29_dt0.125/midpoint.npz,reviewer_closure_20260723_194254/step7_dt_P0100/seed29_dt0.125,midpoint,100.0,29,1000,0.125,normalization,EXTRACTED,1.0000000000000004,-1.3941699237752426e+22,1.9609038760339432e+22,6.583213941040842e+21,493.5,-1.394169923775242e+22,1.9609038760339424e+22,oscillatory/nonmonotonic (19 derivative sign changes),True,raw drift is pre-self-normalization cloud estimator; lw_* observables divide by current raw cloud norm
reviewer_closure_20260723_194254/step7_dt_P0100/seed29_dt0.125/midpoint.npz,reviewer_closure_20260723_194254/step7_dt_P0100/seed29_dt0.125,midpoint,100.0,29,1000,0.125,trace,EXTRACTED,1.0000000000000007,-1.394169923776335e+22,1.9609038760353563e+22,6.58321394104567e+21,493.5,-1.3941699237763342e+22,1.960903876035355e+22,oscillatory/nonmonotonic (19 derivative sign changes),True,raw drift is pre-self-normalization cloud estimator; lw_* observables divide by current raw cloud norm
reviewer_closure_20260723_194254/step7_dt_P0100/seed29_dt0.125/midpoint.npz,reviewer_closure_20260723_194254/step7_dt_P0100/seed29_dt0.125,midpoint,100.0,29,1000,0.125,energy,EXTRACTED,2.499746749233934,-3.5215449135130295e+22,4.959854647072745e+22,1.664043446217682e+22,493.5,-1.4087606732930979e+22,1.9841428531081116e+22,oscillatory/nonmonotonic (19 derivative sign changes),True,raw drift is pre-self-normalization cloud estimator; lw_* observables divide by current raw cloud norm
reviewer_closure_20260723_194254/step7_dt_P0100/seed29_dt0.25/pbme.npz,reviewer_closure_20260723_194254/step7_dt_P0100/seed29_dt0.25,pbme,100.0,29,1000,0.25,normalization,EXTRACTED,1.0000000000000004,0.0,0.0,0.0,0.0,0.0,0.0,constant within tolerance,True,raw drift is pre-self-normalization cloud estimator; lw_* observables divide by current raw cloud norm
reviewer_closure_20260723_194254/step7_dt_P0100/seed29_dt0.25/pbme.npz,reviewer_closure_20260723_194254/step7_dt_P0100/seed29_dt0.25,pbme,100.0,29,1000,0.25,trace,EXTRACTED,1.0000000000000007,2.2515322939398175e-13,2.2515322939398175e-13,1.1752831941846068e-13,600.0,2.251532293939816e-13,2.251532293939816e-13,constant within tolerance,True,raw drift is pre-self-normalization cloud estimator; lw_* observables divide by current raw cloud norm
reviewer_closure_20260723_194254/step7_dt_P0100/seed29_dt0.25/pbme.npz,reviewer_closure_20260723_194254/step7_dt_P0100/seed29_dt0.25,pbme,100.0,29,1000,0.25,energy,EXTRACTED,2.499746749233934,-4.1611158962950867e-13,7.564653259350962e-08,1.8705154357540912e-08,307.0,-1.6646149845260492e-13,3.026167855471442e-08,oscillatory/nonmonotonic (10 derivative sign changes),True,raw drift is pre-self-normalization cloud estimator; lw_* observables divide by current raw cloud norm
reviewer_closure_20260723_194254/step7_dt_P0100/seed29_dt0.25/midpoint.npz,reviewer_closure_20260723_194254/step7_dt_P0100/seed29_dt0.25,midpoint,100.0,29,1000,0.25,normalization,EXTRACTED,1.0000000000000004,5.941655737611315e+20,8.694937521126181e+20,2.770098201089168e+20,493.5,5.941655737611312e+20,8.694937521126178e+20,oscillatory/nonmonotonic (23 derivative sign changes),True,raw drift is pre-self-normalization cloud estimator; lw_* observables divide by current raw cloud norm
reviewer_closure_20260723_194254/step7_dt_P0100/seed29_dt0.25/midpoint.npz,reviewer_closure_20260723_194254/step7_dt_P0100/seed29_dt0.25,midpoint,100.0,29,1000,0.25,trace,EXTRACTED,1.0000000000000007,5.941655737613226e+20,8.694937521129142e+20,2.770098201090114e+20,493.5,5.941655737613222e+20,8.694937521129137e+20,oscillatory/nonmonotonic (23 derivative sign changes),True,raw drift is pre-self-normalization cloud estimator; lw_* observables divide by current raw cloud norm
reviewer_closure_20260723_194254/step7_dt_P0100/seed29_dt0.25/midpoint.npz,reviewer_closure_20260723_194254/step7_dt_P0100/seed29_dt0.25,midpoint,100.0,29,1000,0.25,energy,EXTRACTED,2.499746749233934,1.5234333880936547e+21,2.224781660686899e+21,7.10824589146546e+20,493.5,6.094350911989474e+20,8.900028218333317e+20,oscillatory/nonmonotonic (23 derivative sign changes),True,raw drift is pre-self-normalization cloud estimator; lw_* observables divide by current raw cloud norm
reviewer_closure_20260723_194254/step7_dt_P0100/seed29_dt0.5/pbme.npz,reviewer_closure_20260723_194254/step7_dt_P0100/seed29_dt0.5,pbme,100.0,29,1000,0.5,normalization,EXTRACTED,1.0000000000000004,0.0,0.0,0.0,0.0,0.0,0.0,constant within tolerance,True,raw drift is pre-self-normalization cloud estimator; lw_* observables divide by current raw cloud norm
reviewer_closure_20260723_194254/step7_dt_P0100/seed29_dt0.5/pbme.npz,reviewer_closure_20260723_194254/step7_dt_P0100/seed29_dt0.5,pbme,100.0,29,1000,0.5,trace,EXTRACTED,1.0000000000000007,1.1679546219056647e-13,1.1679546219056647e-13,6.088340564237734e-14,600.0,1.167954621905664e-13,1.167954621905664e-13,constant within tolerance,True,raw drift is pre-self-normalization cloud estimator; lw_* observables divide by current raw cloud norm
reviewer_closure_20260723_194254/step7_dt_P0100/seed29_dt0.5/pbme.npz,reviewer_closure_20260723_194254/step7_dt_P0100/seed29_dt0.5,pbme,100.0,29,1000,0.5,energy,EXTRACTED,2.499746749233934,-1.6653345369377348e-12,3.0259756744754895e-07,7.480766272697223e-08,307.0,-6.662013011710442e-13,1.2105128951174044e-07,oscillatory/nonmonotonic (10 derivative sign changes),True,raw drift is pre-self-normalization cloud estimator; lw_* observables divide by current raw cloud norm
reviewer_closure_20260723_194254/step7_dt_P0100/seed29_dt0.5/midpoint.npz,reviewer_closure_20260723_194254/step7_dt_P0100/seed29_dt0.5,midpoint,100.0,29,1000,0.5,normalization,EXTRACTED,1.0000000000000004,1.5835257143009044e+21,2.195350079999495e+21,8.114150382291296e+20,493.5,1.5835257143009036e+21,2.195350079999494e+21,oscillatory/nonmonotonic (20 derivative sign changes),True,raw drift is pre-self-normalization cloud estimator; lw_* observables divide by current raw cloud norm
reviewer_closure_20260723_194254/step7_dt_P0100/seed29_dt0.5/midpoint.npz,reviewer_closure_20260723_194254/step7_dt_P0100/seed29_dt0.5,midpoint,100.0,29,1000,0.5,trace,EXTRACTED,1.0000000000000007,1.583525714301215e+21,2.1953500799998411e+21,8.11415038229262e+20,493.5,1.583525714301214e+21,2.1953500799998396e+21,oscillatory/nonmonotonic (20 derivative sign changes),True,raw drift is pre-self-normalization cloud estimator; lw_* observables divide by current raw cloud norm
reviewer_closure_20260723_194254/step7_dt_P0100/seed29_dt0.5/midpoint.npz,reviewer_closure_20260723_194254/step7_dt_P0100/seed29_dt0.5,midpoint,100.0,29,1000,0.5,energy,EXTRACTED,2.499746749233934,3.865105054342666e+21,5.391894618420714e+21,1.9833593578801857e+21,493.5,1.5461986521343237e+21,2.1569763497334682e+21,oscillatory/nonmonotonic (20 derivative sign changes),True,raw drift is pre-self-normalization cloud estimator; lw_* observables divide by current raw cloud norm
reviewer_closure_20260723_194254/step7_dt_P020/seed11_dt0.125/pbme.npz,reviewer_closure_20260723_194254/step7_dt_P020/seed11_dt0.125,pbme,20.0,11,1000,0.125,normalization,EXTRACTED,1.0000000000000004,0.0,0.0,0.0,0.0,0.0,0.0,constant within tolerance,True,raw drift is pre-self-normalization cloud estimator; lw_* observables divide by current raw cloud norm
reviewer_closure_20260723_194254/step7_dt_P020/seed11_dt0.125/pbme.npz,reviewer_closure_20260723_194254/step7_dt_P020/seed11_dt0.125,pbme,20.0,11,1000,0.125,trace,EXTRACTED,1.0000000000000004,2.2997159732085493e-12,2.2997159732085493e-12,1.1939304821472682e-12,2999.875,2.299715973208548e-12,2.299715973208548e-12,constant within tolerance,True,raw drift is pre-self-normalization cloud estimator; lw_* observables divide by current raw cloud norm
reviewer_closure_20260723_194254/step7_dt_P020/seed11_dt0.125/pbme.npz,reviewer_closure_20260723_194254/step7_dt_P020/seed11_dt0.125,pbme,20.0,11,1000,0.125,energy,EXTRACTED,0.10004549054164438,2.0233814623793478e-14,1.473120278538964e-09,4.026656688252057e-10,1284.75,2.0224614337186003e-13,1.4724504528525163e-08,oscillatory/nonmonotonic (30 derivative sign changes),True,raw drift is pre-self-normalization cloud estimator; lw_* observables divide by current raw cloud norm
reviewer_closure_20260723_194254/step7_dt_P020/seed11_dt0.125/midpoint.npz,reviewer_closure_20260723_194254/step7_dt_P020/seed11_dt0.125,midpoint,20.0,11,1000,0.125,normalization,EXTRACTED,1.0000000000000004,-0.1613995441490913,0.16520264575246768,0.11147739408383768,2031.125,-0.16139954414909122,0.1652026457524676,oscillatory/nonmonotonic (740 derivative sign changes),True,raw drift is pre-self-normalization cloud estimator; lw_* observables divide by current raw cloud norm
reviewer_closure_20260723_194254/step7_dt_P020/seed11_dt0.125/midpoint.npz,reviewer_closure_20260723_194254/step7_dt_P020/seed11_dt0.125,midpoint,20.0,11,1000,0.125,trace,EXTRACTED,1.0000000000000004,-0.1613995441452295,0.16520264575058252,0.11147739408216681,2031.125,-0.16139954414522942,0.16520264575058244,oscillatory/nonmonotonic (740 derivative sign changes),True,raw drift is pre-self-normalization cloud estimator; lw_* observables divide by current raw cloud norm
reviewer_closure_20260723_194254/step7_dt_P020/seed11_dt0.125/midpoint.npz,reviewer_closure_20260723_194254/step7_dt_P020/seed11_dt0.125,midpoint,20.0,11,1000,0.125,energy,EXTRACTED,0.10004549054164438,-0.017847140256476157,0.01825107499150326,0.01238558162997543,2028.625,-0.1783902518729438,0.18242776253774445,oscillatory/nonmonotonic (724 derivative sign changes),True,raw drift is pre-self-normalization cloud estimator; lw_* observables divide by current raw cloud norm
reviewer_closure_20260723_194254/step7_dt_P020/seed11_dt0.25/pbme.npz,reviewer_closure_20260723_194254/step7_dt_P020/seed11_dt0.25,pbme,20.0,11,1000,0.25,normalization,EXTRACTED,1.0000000000000004,0.0,0.0,0.0,0.0,0.0,0.0,constant within tolerance,True,raw drift is pre-self-normalization cloud estimator; lw_* observables divide by current raw cloud norm
reviewer_closure_20260723_194254/step7_dt_P020/seed11_dt0.25/pbme.npz,reviewer_closure_20260723_194254/step7_dt_P020/seed11_dt0.25,pbme,20.0,11,1000,0.25,trace,EXTRACTED,1.0000000000000004,1.162847595992389e-12,1.162847595992389e-12,6.058994354996502e-13,3000.0,1.1628475959923884e-12,1.1628475959923884e-12,constant within tolerance,True,raw drift is pre-self-normalization cloud estimator; lw_* observables divide by current raw cloud norm
reviewer_closure_20260723_194254/step7_dt_P020/seed11_dt0.25/pbme.npz,reviewer_closure_20260723_194254/step7_dt_P020/seed11_dt0.25,pbme,20.0,11,1000,0.25,energy,EXTRACTED,0.10004549054164438,1.8006429680639258e-13,5.892419246977809e-09,1.6106008054498135e-09,1284.75,1.7998242182783842e-12,5.889739972362936e-08,oscillatory/nonmonotonic (37 derivative sign changes),True,raw drift is pre-self-normalization cloud estimator; lw_* observables divide by current raw cloud norm
reviewer_closure_20260723_194254/step7_dt_P020/seed11_dt0.25/midpoint.npz,reviewer_closure_20260723_194254/step7_dt_P020/seed11_dt0.25,midpoint,20.0,11,1000,0.25,normalization,EXTRACTED,1.0000000000000004,-0.010137783736481998,0.4983669472075195,0.07259225868581634,1360.5,-0.010137783736481993,0.4983669472075193,oscillatory/nonmonotonic (556 derivative sign changes),True,raw drift is pre-self-normalization cloud estimator; lw_* observables divide by current raw cloud norm
reviewer_closure_20260723_194254/step7_dt_P020/seed11_dt0.25/midpoint.npz,reviewer_closure_20260723_194254/step7_dt_P020/seed11_dt0.25,midpoint,20.0,11,1000,0.25,trace,EXTRACTED,1.0000000000000004,-0.010137783734486261,0.49836694720714536,0.0725922586857015,1360.5,-0.010137783734486256,0.49836694720714514,oscillatory/nonmonotonic (556 derivative sign changes),True,raw drift is pre-self-normalization cloud estimator; lw_* observables divide by current raw cloud norm
reviewer_closure_20260723_194254/step7_dt_P020/seed11_dt0.25/midpoint.npz,reviewer_closure_20260723_194254/step7_dt_P020/seed11_dt0.25,midpoint,20.0,11,1000,0.25,energy,EXTRACTED,0.10004549054164438,-0.009080408014280644,0.058436310827869174,0.010466962500521829,1360.5,-0.09076279165726998,0.5840973992080613,oscillatory/nonmonotonic (546 derivative sign changes),True,raw drift is pre-self-normalization cloud estimator; lw_* observables divide by current raw cloud norm
reviewer_closure_20260723_194254/step7_dt_P020/seed11_dt0.5/pbme.npz,reviewer_closure_20260723_194254/step7_dt_P020/seed11_dt0.5,pbme,20.0,11,1000,0.5,normalization,EXTRACTED,1.0000000000000004,0.0,0.0,0.0,0.0,0.0,0.0,constant within tolerance,True,raw drift is pre-self-normalization cloud estimator; lw_* observables divide by current raw cloud norm
reviewer_closure_20260723_194254/step7_dt_P020/seed11_dt0.5/pbme.npz,reviewer_closure_20260723_194254/step7_dt_P020/seed11_dt0.5,pbme,20.0,11,1000,0.5,trace,EXTRACTED,1.0000000000000004,6.294964549624638e-13,6.294964549624638e-13,3.167464842114019e-13,3000.0,6.294964549624635e-13,6.294964549624635e-13,constant within tolerance,True,raw drift is pre-self-normalization cloud estimator; lw_* observables divide by current raw cloud norm
reviewer_closure_20260723_194254/step7_dt_P020/seed11_dt0.5/pbme.npz,reviewer_closure_20260723_194254/step7_dt_P020/seed11_dt0.5,pbme,20.0,11,1000,0.5,energy,EXTRACTED,0.10004549054164438,7.696204784579663e-13,2.3569389065447588e-08,6.442075755741852e-09,1284.5,7.692705331257368e-12,2.3558672097906026e-07,oscillatory/nonmonotonic (41 derivative sign changes),True,raw drift is pre-self-normalization cloud estimator; lw_* observables divide by current raw cloud norm
reviewer_closure_20260723_194254/step7_dt_P020/seed11_dt0.5/midpoint.npz,reviewer_closure_20260723_194254/step7_dt_P020/seed11_dt0.5,midpoint,20.0,11,1000,0.5,normalization,EXTRACTED,1.0000000000000004,-0.228669059444484,0.6088966564417215,0.2000879349687319,1526.5,-0.2286690594444839,0.6088966564417213,oscillatory/nonmonotonic (386 derivative sign changes),True,raw drift is pre-self-normalization cloud estimator; lw_* observables divide by current raw cloud norm
reviewer_closure_20260723_194254/step7_dt_P020/seed11_dt0.5/midpoint.npz,reviewer_closure_20260723_194254/step7_dt_P020/seed11_dt0.5,midpoint,20.0,11,1000,0.5,trace,EXTRACTED,1.0000000000000004,-0.22866905944348936,0.6088966564415231,0.20008793496837876,1526.5,-0.22866905944348925,0.6088966564415229,oscillatory/nonmonotonic (386 derivative sign changes),True,raw drift is pre-self-normalization cloud estimator; lw_* observables divide by current raw cloud norm
reviewer_closure_20260723_194254/step7_dt_P020/seed11_dt0.5/midpoint.npz,reviewer_closure_20260723_194254/step7_dt_P020/seed11_dt0.5,midpoint,20.0,11,1000,0.5,energy,EXTRACTED,0.10004549054164438,-0.021785735724675362,0.06739614163904309,0.020256897819277177,1526.5,-0.2177582978176008,0.6736549670970842,oscillatory/nonmonotonic (386 derivative sign changes),True,raw drift is pre-self-normalization cloud estimator; lw_* observables divide by current raw cloud norm
reviewer_closure_20260723_194254/step7_dt_P020/seed29_dt0.125/pbme.npz,reviewer_closure_20260723_194254/step7_dt_P020/seed29_dt0.125,pbme,20.0,29,1000,0.125,normalization,EXTRACTED,1.0000000000000004,0.0,0.0,0.0,0.0,0.0,0.0,constant within tolerance,True,raw drift is pre-self-normalization cloud estimator; lw_* observables divide by current raw cloud norm
reviewer_closure_20260723_194254/step7_dt_P020/seed29_dt0.125/pbme.npz,reviewer_closure_20260723_194254/step7_dt_P020/seed29_dt0.125,pbme,20.0,29,1000,0.125,trace,EXTRACTED,1.0000000000000004,2.299271883998699e-12,2.299271883998699e-12,1.2002787843897982e-12,3000.0,2.299271883998698e-12,2.299271883998698e-12,constant within tolerance,True,raw drift is pre-self-normalization cloud estimator; lw_* observables divide by current raw cloud norm
reviewer_closure_20260723_194254/step7_dt_P020/seed29_dt0.125/pbme.npz,reviewer_closure_20260723_194254/step7_dt_P020/seed29_dt0.125,pbme,20.0,29,1000,0.125,energy,EXTRACTED,0.10000093360881886,8.464062783986037e-14,1.4344443272085172e-09,4.215580804983728e-10,1252.25,8.463983763487195e-13,1.4344309352348054e-08,oscillatory/nonmonotonic (34 derivative sign changes),True,raw drift is pre-self-normalization cloud estimator; lw_* observables divide by current raw cloud norm
reviewer_closure_20260723_194254/step7_dt_P020/seed29_dt0.125/midpoint.npz,reviewer_closure_20260723_194254/step7_dt_P020/seed29_dt0.125,midpoint,20.0,29,1000,0.125,normalization,EXTRACTED,1.0000000000000004,-0.7828979294862027,0.7937351105684942,0.548327203059769,1921.125,-0.7828979294862024,0.7937351105684939,oscillatory/nonmonotonic (570 derivative sign changes),True,raw drift is pre-self-normalization cloud estimator; lw_* observables divide by current raw cloud norm
reviewer_closure_20260723_194254/step7_dt_P020/seed29_dt0.125/midpoint.npz,reviewer_closure_20260723_194254/step7_dt_P020/seed29_dt0.125,midpoint,20.0,29,1000,0.125,trace,EXTRACTED,1.0000000000000004,-0.7828979294856047,0.7937351105677612,0.5483272030592101,1921.125,-0.7828979294856043,0.7937351105677609,oscillatory/nonmonotonic (570 derivative sign changes),True,raw drift is pre-self-normalization cloud estimator; lw_* observables divide by current raw cloud norm
reviewer_closure_20260723_194254/step7_dt_P020/seed29_dt0.125/midpoint.npz,reviewer_closure_20260723_194254/step7_dt_P020/seed29_dt0.125,midpoint,20.0,29,1000,0.125,energy,EXTRACTED,0.10000093360881886,-0.08697271558569603,0.08831168164800673,0.060710499418399205,1920.5,-0.8697190360833401,0.8831085717005619,oscillatory/nonmonotonic (576 derivative sign changes),True,raw drift is pre-self-normalization cloud estimator; lw_* observables divide by current raw cloud norm
reviewer_closure_20260723_194254/step7_dt_P020/seed29_dt0.25/pbme.npz,reviewer_closure_20260723_194254/step7_dt_P020/seed29_dt0.25,pbme,20.0,29,1000,0.25,normalization,EXTRACTED,1.0000000000000004,0.0,0.0,0.0,0.0,0.0,0.0,constant within tolerance,True,raw drift is pre-self-normalization cloud estimator; lw_* observables divide by current raw cloud norm
reviewer_closure_20260723_194254/step7_dt_P020/seed29_dt0.25/pbme.npz,reviewer_closure_20260723_194254/step7_dt_P020/seed29_dt0.25,pbme,20.0,29,1000,0.25,trace,EXTRACTED,1.0000000000000004,1.1666223542761145e-12,1.1666223542761145e-12,6.100433426140047e-13,3000.0,1.1666223542761139e-12,1.1666223542761139e-12,constant within tolerance,True,raw drift is pre-self-normalization cloud estimator; lw_* observables divide by current raw cloud norm
reviewer_closure_20260723_194254/step7_dt_P020/seed29_dt0.25/pbme.npz,reviewer_closure_20260723_194254/step7_dt_P020/seed29_dt0.25,pbme,20.0,29,1000,0.25,energy,EXTRACTED,0.10000093360881886,4.383160501220118e-13,5.737717578835344e-09,1.6861695170138157e-09,1252.25,4.383119580029178e-12,5.7376640114981363e-08,oscillatory/nonmonotonic (41 derivative sign changes),True,raw drift is pre-self-normalization cloud estimator; lw_* observables divide by current raw cloud norm
reviewer_closure_20260723_194254/step7_dt_P020/seed29_dt0.25/midpoint.npz,reviewer_closure_20260723_194254/step7_dt_P020/seed29_dt0.25,midpoint,20.0,29,1000,0.25,normalization,EXTRACTED,1.0000000000000004,-0.5606003414495694,0.6708516950942277,0.3979107075736118,1424.5,-0.5606003414495692,0.6708516950942274,oscillatory/nonmonotonic (480 derivative sign changes),True,raw drift is pre-self-normalization cloud estimator; lw_* observables divide by current raw cloud norm
reviewer_closure_20260723_194254/step7_dt_P020/seed29_dt0.25/midpoint.npz,reviewer_closure_20260723_194254/step7_dt_P020/seed29_dt0.25,midpoint,20.0,29,1000,0.25,trace,EXTRACTED,1.0000000000000004,-0.5606003414486646,0.6708516950937897,0.39791070757313235,1424.5,-0.5606003414486643,0.6708516950937894,oscillatory/nonmonotonic (480 derivative sign changes),True,raw drift is pre-self-normalization cloud estimator; lw_* observables divide by current raw cloud norm
reviewer_closure_20260723_194254/step7_dt_P020/seed29_dt0.25/midpoint.npz,reviewer_closure_20260723_194254/step7_dt_P020/seed29_dt0.25,midpoint,20.0,29,1000,0.25,energy,EXTRACTED,0.10000093360881886,-0.06232138246368585,0.0748020807538494,0.044074144750722154,1424.5,-0.6232080063119517,0.7480138240154668,oscillatory/nonmonotonic (448 derivative sign changes),True,raw drift is pre-self-normalization cloud estimator; lw_* observables divide by current raw cloud norm
reviewer_closure_20260723_194254/step7_dt_P020/seed29_dt0.5/pbme.npz,reviewer_closure_20260723_194254/step7_dt_P020/seed29_dt0.5,pbme,20.0,29,1000,0.5,normalization,EXTRACTED,1.0000000000000004,0.0,0.0,0.0,0.0,0.0,0.0,constant within tolerance,True,raw drift is pre-self-normalization cloud estimator; lw_* observables divide by current raw cloud norm
reviewer_closure_20260723_194254/step7_dt_P020/seed29_dt0.5/pbme.npz,reviewer_closure_20260723_194254/step7_dt_P020/seed29_dt0.5,pbme,20.0,29,1000,0.5,trace,EXTRACTED,1.0000000000000004,6.294964549624638e-13,6.294964549624638e-13,3.1863660330253137e-13,3000.0,6.294964549624635e-13,6.294964549624635e-13,constant within tolerance,True,raw drift is pre-self-normalization cloud estimator; lw_* observables divide by current raw cloud norm
reviewer_closure_20260723_194254/step7_dt_P020/seed29_dt0.5/pbme.npz,reviewer_closure_20260723_194254/step7_dt_P020/seed29_dt0.5,pbme,20.0,29,1000,0.5,energy,EXTRACTED,0.10000093360881886,1.8036822035938371e-12,2.295061390933384e-08,6.744339937841048e-09,1252.5,1.8036653644149324e-11,2.2950399642378816e-07,oscillatory/nonmonotonic (44 derivative sign changes),True,raw drift is pre-self-normalization cloud estimator; lw_* observables divide by current raw cloud norm
reviewer_closure_20260723_194254/step7_dt_P020/seed29_dt0.5/midpoint.npz,reviewer_closure_20260723_194254/step7_dt_P020/seed29_dt0.5,midpoint,20.0,29,1000,0.5,normalization,EXTRACTED,1.0000000000000004,-4.566880144518597,4.803157698405805,3.094710342289178,1748.0,-4.566880144518596,4.803157698405803,oscillatory/nonmonotonic (306 derivative sign changes),True,raw drift is pre-self-normalization cloud estimator; lw_* observables divide by current raw cloud norm
reviewer_closure_20260723_194254/step7_dt_P020/seed29_dt0.5/midpoint.npz,reviewer_closure_20260723_194254/step7_dt_P020/seed29_dt0.5,midpoint,20.0,29,1000,0.5,trace,EXTRACTED,1.0000000000000004,-4.566880144524614,4.803157698408665,3.0947103422915174,1748.0,-4.566880144524612,4.803157698408663,oscillatory/nonmonotonic (306 derivative sign changes),True,raw drift is pre-self-normalization cloud estimator; lw_* observables divide by current raw cloud norm
reviewer_closure_20260723_194254/step7_dt_P020/seed29_dt0.5/midpoint.npz,reviewer_closure_20260723_194254/step7_dt_P020/seed29_dt0.5,midpoint,20.0,29,1000,0.5,energy,EXTRACTED,0.10000093360881886,-0.5735993657022133,0.5917012353298406,0.3879330820280133,1748.0,-5.735940105779461,5.916957112065,oscillatory/nonmonotonic (306 derivative sign changes),True,raw drift is pre-self-normalization cloud estimator; lw_* observables divide by current raw cloud norm
reviewer_closure_20260723_194254/step8_support_P0100/seed11_N1000/pbme.npz,reviewer_closure_20260723_194254/step8_support_P0100/seed11_N1000,pbme,100.0,11,1000,0.25,normalization,EXTRACTED,1.0000000000000004,0.0,0.0,0.0,0.0,0.0,0.0,constant within tolerance,True,raw drift is pre-self-normalization cloud estimator; lw_* observables divide by current raw cloud norm
reviewer_closure_20260723_194254/step8_support_P0100/seed11_N1000/pbme.npz,reviewer_closure_20260723_194254/step8_support_P0100/seed11_N1000,pbme,100.0,11,1000,0.25,trace,EXTRACTED,1.0000000000000004,2.2470914018413168e-13,2.2470914018413168e-13,1.1692138299785653e-13,600.0,2.2470914018413158e-13,2.2470914018413158e-13,constant within tolerance,True,raw drift is pre-self-normalization cloud estimator; lw_* observables divide by current raw cloud norm
reviewer_closure_20260723_194254/step8_support_P0100/seed11_N1000/pbme.npz,reviewer_closure_20260723_194254/step8_support_P0100/seed11_N1000,pbme,100.0,11,1000,0.25,energy,EXTRACTED,2.499976382987634,-5.6710192097853e-13,7.914047461810014e-08,1.997900270947516e-08,306.25,-2.2684291133214882e-13,3.1656488899915986e-08,oscillatory/nonmonotonic (10 derivative sign changes),True,raw drift is pre-self-normalization cloud estimator; lw_* observables divide by current raw cloud norm
reviewer_closure_20260723_194254/step8_support_P0100/seed11_N1000/midpoint.npz,reviewer_closure_20260723_194254/step8_support_P0100/seed11_N1000,midpoint,100.0,11,1000,0.25,normalization,EXTRACTED,1.0000000000000004,-475113924113.3192,495039283351.90216,202273404600.78342,533.25,-475113924113.31903,495039283351.9019,oscillatory/nonmonotonic (82 derivative sign changes),True,raw drift is pre-self-normalization cloud estimator; lw_* observables divide by current raw cloud norm
reviewer_closure_20260723_194254/step8_support_P0100/seed11_N1000/midpoint.npz,reviewer_closure_20260723_194254/step8_support_P0100/seed11_N1000,midpoint,100.0,11,1000,0.25,trace,EXTRACTED,1.0000000000000004,-475113924113.5317,495039283352.0623,202273404600.85544,533.25,-475113924113.5315,495039283352.0621,oscillatory/nonmonotonic (82 derivative sign changes),True,raw drift is pre-self-normalization cloud estimator; lw_* observables divide by current raw cloud norm
reviewer_closure_20260723_194254/step8_support_P0100/seed11_N1000/midpoint.npz,reviewer_closure_20260723_194254/step8_support_P0100/seed11_N1000,midpoint,100.0,11,1000,0.25,energy,EXTRACTED,2.499976382987634,-1146614842222.3735,1195821427569.3198,487338767487.3123,533.5,-458650269668.58563,478333089747.1262,oscillatory/nonmonotonic (80 derivative sign changes),True,raw drift is pre-self-normalization cloud estimator; lw_* observables divide by current raw cloud norm
reviewer_closure_20260723_194254/step8_support_P0100/seed11_N2000/pbme.npz,reviewer_closure_20260723_194254/step8_support_P0100/seed11_N2000,pbme,100.0,11,2000,0.25,normalization,EXTRACTED,1.0000000000000004,0.0,0.0,0.0,0.0,0.0,0.0,constant within tolerance,True,raw drift is pre-self-normalization cloud estimator; lw_* observables divide by current raw cloud norm
reviewer_closure_20260723_194254/step8_support_P0100/seed11_N2000/pbme.npz,reviewer_closure_20260723_194254/step8_support_P0100/seed11_N2000,pbme,100.0,11,2000,0.25,trace,EXTRACTED,1.0000000000000007,2.2604140781368187e-13,2.2604140781368187e-13,1.1759343475955373e-13,600.0,2.2604140781368172e-13,2.2604140781368172e-13,constant within tolerance,True,raw drift is pre-self-normalization cloud estimator; lw_* observables divide by current raw cloud norm
reviewer_closure_20260723_194254/step8_support_P0100/seed11_N2000/pbme.npz,reviewer_closure_20260723_194254/step8_support_P0100/seed11_N2000,pbme,100.0,11,2000,0.25,energy,EXTRACTED,2.500492504049938,-8.260059303211165e-13,6.637064142722693e-08,1.7231704727413154e-08,304.75,-3.3033729514616454e-13,2.6543027551464086e-08,oscillatory/nonmonotonic (10 derivative sign changes),True,raw drift is pre-self-normalization cloud estimator; lw_* observables divide by current raw cloud norm
reviewer_closure_20260723_194254/step8_support_P0100/seed11_N500/pbme.npz,reviewer_closure_20260723_194254/step8_support_P0100/seed11_N500,pbme,100.0,11,500,0.25,normalization,EXTRACTED,1.0000000000000002,0.0,0.0,0.0,0.0,0.0,0.0,constant within tolerance,True,raw drift is pre-self-normalization cloud estimator; lw_* observables divide by current raw cloud norm
reviewer_closure_20260723_194254/step8_support_P0100/seed11_N500/pbme.npz,reviewer_closure_20260723_194254/step8_support_P0100/seed11_N500,pbme,100.0,11,500,0.25,trace,EXTRACTED,1.0000000000000002,2.2715163083830703e-13,2.2715163083830703e-13,1.1745322932201616e-13,600.0,2.2715163083830698e-13,2.2715163083830698e-13,constant within tolerance,True,raw drift is pre-self-normalization cloud estimator; lw_* observables divide by current raw cloud norm
reviewer_closure_20260723_194254/step8_support_P0100/seed11_N500/pbme.npz,reviewer_closure_20260723_194254/step8_support_P0100/seed11_N500,pbme,100.0,11,500,0.25,energy,EXTRACTED,2.5001039314985123,-4.907185768843192e-13,7.899810672284957e-08,2.084868540391538e-08,308.25,-1.9627927091422647e-13,3.159792908109211e-08,oscillatory/nonmonotonic (11 derivative sign changes),True,raw drift is pre-self-normalization cloud estimator; lw_* observables divide by current raw cloud norm
reviewer_closure_20260723_194254/step8_support_P0100/seed11_N500/midpoint.npz,reviewer_closure_20260723_194254/step8_support_P0100/seed11_N500,midpoint,100.0,11,500,0.25,normalization,EXTRACTED,1.0000000000000002,-527815913.1456686,541775847.5979084,237551371.92553812,523.75,-527815913.1456685,541775847.5979083,oscillatory/nonmonotonic (52 derivative sign changes),True,raw drift is pre-self-normalization cloud estimator; lw_* observables divide by current raw cloud norm
reviewer_closure_20260723_194254/step8_support_P0100/seed11_N500/midpoint.npz,reviewer_closure_20260723_194254/step8_support_P0100/seed11_N500,midpoint,100.0,11,500,0.25,trace,EXTRACTED,1.0000000000000002,-527815913.1457607,541775847.5980004,237551371.92557785,523.75,-527815913.1457606,541775847.5980003,oscillatory/nonmonotonic (52 derivative sign changes),True,raw drift is pre-self-normalization cloud estimator; lw_* observables divide by current raw cloud norm
reviewer_closure_20260723_194254/step8_support_P0100/seed11_N500/midpoint.npz,reviewer_closure_20260723_194254/step8_support_P0100/seed11_N500,midpoint,100.0,11,500,0.25,energy,EXTRACTED,2.5001039314985123,-1231923409.6643817,1264780965.6308424,554520587.4407661,524.0,-492748879.0139982,505891355.03369176,oscillatory/nonmonotonic (54 derivative sign changes),True,raw drift is pre-self-normalization cloud estimator; lw_* observables divide by current raw cloud norm
reviewer_closure_20260723_194254/step8_support_P0100/seed29_N1000/pbme.npz,reviewer_closure_20260723_194254/step8_support_P0100/seed29_N1000,pbme,100.0,29,1000,0.25,normalization,EXTRACTED,1.0000000000000004,0.0,0.0,0.0,0.0,0.0,0.0,constant within tolerance,True,raw drift is pre-self-normalization cloud estimator; lw_* observables divide by current raw cloud norm
reviewer_closure_20260723_194254/step8_support_P0100/seed29_N1000/pbme.npz,reviewer_closure_20260723_194254/step8_support_P0100/seed29_N1000,pbme,100.0,29,1000,0.25,trace,EXTRACTED,1.0000000000000007,2.2515322939398175e-13,2.2515322939398175e-13,1.1752831941846068e-13,600.0,2.251532293939816e-13,2.251532293939816e-13,constant within tolerance,True,raw drift is pre-self-normalization cloud estimator; lw_* observables divide by current raw cloud norm
reviewer_closure_20260723_194254/step8_support_P0100/seed29_N1000/pbme.npz,reviewer_closure_20260723_194254/step8_support_P0100/seed29_N1000,pbme,100.0,29,1000,0.25,energy,EXTRACTED,2.499746749233934,-4.1611158962950867e-13,7.564653259350962e-08,1.8705154357540912e-08,307.0,-1.6646149845260492e-13,3.026167855471442e-08,oscillatory/nonmonotonic (10 derivative sign changes),True,raw drift is pre-self-normalization cloud estimator; lw_* observables divide by current raw cloud norm
reviewer_closure_20260723_194254/step8_support_P0100/seed29_N1000/midpoint.npz,reviewer_closure_20260723_194254/step8_support_P0100/seed29_N1000,midpoint,100.0,29,1000,0.25,normalization,EXTRACTED,1.0000000000000004,5.941655737611315e+20,8.694937521126181e+20,2.770098201089168e+20,493.5,5.941655737611312e+20,8.694937521126178e+20,oscillatory/nonmonotonic (23 derivative sign changes),True,raw drift is pre-self-normalization cloud estimator; lw_* observables divide by current raw cloud norm
reviewer_closure_20260723_194254/step8_support_P0100/seed29_N1000/midpoint.npz,reviewer_closure_20260723_194254/step8_support_P0100/seed29_N1000,midpoint,100.0,29,1000,0.25,trace,EXTRACTED,1.0000000000000007,5.941655737613226e+20,8.694937521129142e+20,2.770098201090114e+20,493.5,5.941655737613222e+20,8.694937521129137e+20,oscillatory/nonmonotonic (23 derivative sign changes),True,raw drift is pre-self-normalization cloud estimator; lw_* observables divide by current raw cloud norm
reviewer_closure_20260723_194254/step8_support_P0100/seed29_N1000/midpoint.npz,reviewer_closure_20260723_194254/step8_support_P0100/seed29_N1000,midpoint,100.0,29,1000,0.25,energy,EXTRACTED,2.499746749233934,1.5234333880936547e+21,2.224781660686899e+21,7.10824589146546e+20,493.5,6.094350911989474e+20,8.900028218333317e+20,oscillatory/nonmonotonic (23 derivative sign changes),True,raw drift is pre-self-normalization cloud estimator; lw_* observables divide by current raw cloud norm
reviewer_closure_20260723_194254/step8_support_P0100/seed29_N2000/pbme.npz,reviewer_closure_20260723_194254/step8_support_P0100/seed29_N2000,pbme,100.0,29,2000,0.25,normalization,EXTRACTED,1.0000000000000004,0.0,0.0,0.0,0.0,0.0,0.0,constant within tolerance,True,raw drift is pre-self-normalization cloud estimator; lw_* observables divide by current raw cloud norm
reviewer_closure_20260723_194254/step8_support_P0100/seed29_N2000/pbme.npz,reviewer_closure_20260723_194254/step8_support_P0100/seed29_N2000,pbme,100.0,29,2000,0.25,trace,EXTRACTED,1.0000000000000007,2.2581936320875684e-13,2.2581936320875684e-13,1.1791341148752015e-13,600.0,2.258193632087567e-13,2.258193632087567e-13,constant within tolerance,True,raw drift is pre-self-normalization cloud estimator; lw_* observables divide by current raw cloud norm
reviewer_closure_20260723_194254/step8_support_P0100/seed29_N2000/pbme.npz,reviewer_closure_20260723_194254/step8_support_P0100/seed29_N2000,pbme,100.0,29,2000,0.25,energy,EXTRACTED,2.499717877948459,-9.086065233532281e-13,6.78287990218962e-08,1.7580650825430147e-08,308.5,-3.6348362804002896e-13,2.713458171430286e-08,oscillatory/nonmonotonic (9 derivative sign changes),True,raw drift is pre-self-normalization cloud estimator; lw_* observables divide by current raw cloud norm
reviewer_closure_20260723_194254/step8_support_P0100/seed29_N2000/midpoint.npz,reviewer_closure_20260723_194254/step8_support_P0100/seed29_N2000,midpoint,100.0,29,2000,0.25,normalization,EXTRACTED,1.0000000000000004,-2.292783054983115e+29,2.4734533473069127e+29,9.786003126716943e+28,527.25,-2.292783054983114e+29,2.4734533473069117e+29,oscillatory/nonmonotonic (31 derivative sign changes),True,raw drift is pre-self-normalization cloud estimator; lw_* observables divide by current raw cloud norm
reviewer_closure_20260723_194254/step8_support_P0100/seed29_N2000/midpoint.npz,reviewer_closure_20260723_194254/step8_support_P0100/seed29_N2000,midpoint,100.0,29,2000,0.25,trace,EXTRACTED,1.0000000000000007,-2.29278305498405e+29,2.4734533473077012e+29,9.786003126720237e+28,527.25,-2.2927830549840485e+29,2.4734533473076994e+29,oscillatory/nonmonotonic (31 derivative sign changes),True,raw drift is pre-self-normalization cloud estimator; lw_* observables divide by current raw cloud norm
reviewer_closure_20260723_194254/step8_support_P0100/seed29_N2000/midpoint.npz,reviewer_closure_20260723_194254/step8_support_P0100/seed29_N2000,midpoint,100.0,29,2000,0.25,energy,EXTRACTED,2.499717877948459,-5.652212893239018e+29,6.101168865879429e+29,2.4129072791135536e+29,527.25,-2.2611403243144546e+29,2.4407429813186417e+29,oscillatory/nonmonotonic (33 derivative sign changes),True,raw drift is pre-self-normalization cloud estimator; lw_* observables divide by current raw cloud norm
reviewer_closure_20260723_194254/step8_support_P0100/seed29_N500/pbme.npz,reviewer_closure_20260723_194254/step8_support_P0100/seed29_N500,pbme,100.0,29,500,0.25,normalization,EXTRACTED,1.0000000000000002,0.0,0.0,0.0,0.0,0.0,0.0,constant within tolerance,True,raw drift is pre-self-normalization cloud estimator; lw_* observables divide by current raw cloud norm
reviewer_closure_20260723_194254/step8_support_P0100/seed29_N500/pbme.npz,reviewer_closure_20260723_194254/step8_support_P0100/seed29_N500,pbme,100.0,29,500,0.25,trace,EXTRACTED,1.0000000000000002,2.2581936320875684e-13,2.2581936320875684e-13,1.170915044674973e-13,600.0,2.258193632087568e-13,2.258193632087568e-13,constant within tolerance,True,raw drift is pre-self-normalization cloud estimator; lw_* observables divide by current raw cloud norm
reviewer_closure_20260723_194254/step8_support_P0100/seed29_N500/pbme.npz,reviewer_closure_20260723_194254/step8_support_P0100/seed29_N500,pbme,100.0,29,500,0.25,energy,EXTRACTED,2.498706841703746,-6.66577903984944e-13,8.215760782803727e-08,2.009874714866968e-08,305.5,-2.6676915149055144e-13,3.2880050775391486e-08,oscillatory/nonmonotonic (11 derivative sign changes),True,raw drift is pre-self-normalization cloud estimator; lw_* observables divide by current raw cloud norm
reviewer_closure_20260723_194254/step8_support_P0100/seed29_N500/midpoint.npz,reviewer_closure_20260723_194254/step8_support_P0100/seed29_N500,midpoint,100.0,29,500,0.25,normalization,EXTRACTED,1.0000000000000002,180.7700313493585,878.0279731940166,139.91112718055638,432.75,180.77003134935848,878.0279731940163,oscillatory/nonmonotonic (138 derivative sign changes),True,raw drift is pre-self-normalization cloud estimator; lw_* observables divide by current raw cloud norm
reviewer_closure_20260723_194254/step8_support_P0100/seed29_N500/midpoint.npz,reviewer_closure_20260723_194254/step8_support_P0100/seed29_N500,midpoint,100.0,29,500,0.25,trace,EXTRACTED,1.0000000000000002,180.7700313494366,878.0279731942809,139.91112718059014,432.75,180.77003134943658,878.0279731942807,oscillatory/nonmonotonic (138 derivative sign changes),True,raw drift is pre-self-normalization cloud estimator; lw_* observables divide by current raw cloud norm
reviewer_closure_20260723_194254/step8_support_P0100/seed29_N500/midpoint.npz,reviewer_closure_20260723_194254/step8_support_P0100/seed29_N500,midpoint,100.0,29,500,0.25,energy,EXTRACTED,2.498706841703746,443.20382496252773,2166.435365294873,344.8288656419786,432.75,177.3732786757524,867.0226251182338,oscillatory/nonmonotonic (134 derivative sign changes),True,raw drift is pre-self-normalization cloud estimator; lw_* observables divide by current raw cloud norm
reviewer_closure_20260723_194254/step8_support_P0100/seed47_N1000/pbme.npz,reviewer_closure_20260723_194254/step8_support_P0100/seed47_N1000,pbme,100.0,47,1000,0.25,normalization,EXTRACTED,1.0000000000000004,0.0,0.0,0.0,0.0,0.0,0.0,constant within tolerance,True,raw drift is pre-self-normalization cloud estimator; lw_* observables divide by current raw cloud norm
reviewer_closure_20260723_194254/step8_support_P0100/seed47_N1000/pbme.npz,reviewer_closure_20260723_194254/step8_support_P0100/seed47_N1000,pbme,100.0,47,1000,0.25,trace,EXTRACTED,1.0000000000000007,2.278177646530821e-13,2.278177646530821e-13,1.1937588722774486e-13,600.0,2.2781776465308197e-13,2.2781776465308197e-13,constant within tolerance,True,raw drift is pre-self-normalization cloud estimator; lw_* observables divide by current raw cloud norm
reviewer_closure_20260723_194254/step8_support_P0100/seed47_N1000/pbme.npz,reviewer_closure_20260723_194254/step8_support_P0100/seed47_N1000,pbme,100.0,47,1000,0.25,energy,EXTRACTED,2.500653530986377,-9.099387909827783e-13,8.015430319474603e-08,2.1004088826289056e-08,307.0,-3.6388039354810385e-13,3.205334213697703e-08,oscillatory/nonmonotonic (10 derivative sign changes),True,raw drift is pre-self-normalization cloud estimator; lw_* observables divide by current raw cloud norm
reviewer_closure_20260723_194254/step8_support_P0100/seed47_N1000/midpoint.npz,reviewer_closure_20260723_194254/step8_support_P0100/seed47_N1000,midpoint,100.0,47,1000,0.25,normalization,EXTRACTED,1.0000000000000004,-1.6630467857384604e+20,5.174617451513872e+20,1.210845170613241e+20,436.5,-1.6630467857384597e+20,5.174617451513869e+20,oscillatory/nonmonotonic (11 derivative sign changes),True,raw drift is pre-self-normalization cloud estimator; lw_* observables divide by current raw cloud norm
reviewer_closure_20260723_194254/step8_support_P0100/seed47_N1000/midpoint.npz,reviewer_closure_20260723_194254/step8_support_P0100/seed47_N1000,midpoint,100.0,47,1000,0.25,trace,EXTRACTED,1.0000000000000007,-1.6630467857389702e+20,5.1746174515153043e+20,1.2108451706135449e+20,436.5,-1.6630467857389693e+20,5.174617451515301e+20,oscillatory/nonmonotonic (11 derivative sign changes),True,raw drift is pre-self-normalization cloud estimator; lw_* observables divide by current raw cloud norm
reviewer_closure_20260723_194254/step8_support_P0100/seed47_N1000/midpoint.npz,reviewer_closure_20260723_194254/step8_support_P0100/seed47_N1000,midpoint,100.0,47,1000,0.25,energy,EXTRACTED,2.500653530986377,-4.358452189380598e+20,1.3291850308618153e+21,3.147918687909997e+20,436.5,-1.742925253488202e+20,5.315350624912526e+20,oscillatory/nonmonotonic (11 derivative sign changes),True,raw drift is pre-self-normalization cloud estimator; lw_* observables divide by current raw cloud norm
reviewer_closure_20260723_194254/step8_support_P0100/seed47_N2000/pbme.npz,reviewer_closure_20260723_194254/step8_support_P0100/seed47_N2000,pbme,100.0,47,2000,0.25,normalization,EXTRACTED,1.0000000000000004,0.0,0.0,0.0,0.0,0.0,0.0,constant within tolerance,True,raw drift is pre-self-normalization cloud estimator; lw_* observables divide by current raw cloud norm
reviewer_closure_20260723_194254/step8_support_P0100/seed47_N2000/pbme.npz,reviewer_closure_20260723_194254/step8_support_P0100/seed47_N2000,pbme,100.0,47,2000,0.25,trace,EXTRACTED,1.0000000000000007,2.2670754162845697e-13,2.2670754162845697e-13,1.186481533672301e-13,600.0,2.2670754162845681e-13,2.2670754162845681e-13,constant within tolerance,True,raw drift is pre-self-normalization cloud estimator; lw_* observables divide by current raw cloud norm
reviewer_closure_20260723_194254/step8_support_P0100/seed47_N2000/pbme.npz,reviewer_closure_20260723_194254/step8_support_P0100/seed47_N2000,pbme,100.0,47,2000,0.25,energy,EXTRACTED,2.4996032246102153,-5.542233338928781e-13,7.57058455924664e-08,1.9263087390622508e-08,308.25,-2.2172452349084441e-13,3.028714511450987e-08,oscillatory/nonmonotonic (10 derivative sign changes),True,raw drift is pre-self-normalization cloud estimator; lw_* observables divide by current raw cloud norm
reviewer_closure_20260723_194254/step8_support_P0100/seed47_N2000/midpoint.npz,reviewer_closure_20260723_194254/step8_support_P0100/seed47_N2000,midpoint,100.0,47,2000,0.25,normalization,EXTRACTED,1.0000000000000004,-2.701154915648806e+46,2.873983668571133e+46,1.1362179567250741e+46,531.75,-2.701154915648805e+46,2.8739836685711315e+46,oscillatory/nonmonotonic (13 derivative sign changes),True,raw drift is pre-self-normalization cloud estimator; lw_* observables divide by current raw cloud norm
reviewer_closure_20260723_194254/step8_support_P0100/seed47_N2000/midpoint.npz,reviewer_closure_20260723_194254/step8_support_P0100/seed47_N2000,midpoint,100.0,47,2000,0.25,trace,EXTRACTED,1.0000000000000007,-2.70115491564999e+46,2.873983668571886e+46,1.136217956725417e+46,531.75,-2.701154915649988e+46,2.873983668571884e+46,oscillatory/nonmonotonic (13 derivative sign changes),True,raw drift is pre-self-normalization cloud estimator; lw_* observables divide by current raw cloud norm
reviewer_closure_20260723_194254/step8_support_P0100/seed47_N2000/midpoint.npz,reviewer_closure_20260723_194254/step8_support_P0100/seed47_N2000,midpoint,100.0,47,2000,0.25,energy,EXTRACTED,2.4996032246102153,-6.903838117072792e+46,7.348148580515869e+46,2.911143930477096e+46,531.0,-2.7619736000898166e+46,2.9397259965776084e+46,oscillatory/nonmonotonic (13 derivative sign changes),True,raw drift is pre-self-normalization cloud estimator; lw_* observables divide by current raw cloud norm
reviewer_closure_20260723_194254/step8_support_P0100/seed47_N500/pbme.npz,reviewer_closure_20260723_194254/step8_support_P0100/seed47_N500,pbme,100.0,47,500,0.25,normalization,EXTRACTED,1.0000000000000002,0.0,0.0,0.0,0.0,0.0,0.0,constant within tolerance,True,raw drift is pre-self-normalization cloud estimator; lw_* observables divide by current raw cloud norm
reviewer_closure_20260723_194254/step8_support_P0100/seed47_N500/pbme.npz,reviewer_closure_20260723_194254/step8_support_P0100/seed47_N500,pbme,100.0,47,500,0.25,trace,EXTRACTED,1.0000000000000002,2.2737367544323206e-13,2.2737367544323206e-13,1.1852459015802803e-13,600.0,2.27373675443232e-13,2.27373675443232e-13,constant within tolerance,True,raw drift is pre-self-normalization cloud estimator; lw_* observables divide by current raw cloud norm
reviewer_closure_20260723_194254/step8_support_P0100/seed47_N500/pbme.npz,reviewer_closure_20260723_194254/step8_support_P0100/seed47_N500,pbme,100.0,47,500,0.25,energy,EXTRACTED,2.4982861993261656,-7.633893517322576e-13,7.075085362018285e-08,1.749256163551654e-08,306.75,-3.0556521183928327e-13,2.8319755214300778e-08,oscillatory/nonmonotonic (9 derivative sign changes),True,raw drift is pre-self-normalization cloud estimator; lw_* observables divide by current raw cloud norm
reviewer_closure_20260723_194254/step8_support_P0100/seed47_N500/midpoint.npz,reviewer_closure_20260723_194254/step8_support_P0100/seed47_N500,midpoint,100.0,47,500,0.25,normalization,EXTRACTED,1.0000000000000002,25467463.857641935,28834370.33907021,10657191.040446019,541.75,25467463.857641928,28834370.3390702,oscillatory/nonmonotonic (105 derivative sign changes),True,raw drift is pre-self-normalization cloud estimator; lw_* observables divide by current raw cloud norm
reviewer_closure_20260723_194254/step8_support_P0100/seed47_N500/midpoint.npz,reviewer_closure_20260723_194254/step8_support_P0100/seed47_N500,midpoint,100.0,47,500,0.25,trace,EXTRACTED,1.0000000000000002,25467463.85764729,28834370.339077882,10657191.040448336,541.75,25467463.85764728,28834370.339077875,oscillatory/nonmonotonic (105 derivative sign changes),True,raw drift is pre-self-normalization cloud estimator; lw_* observables divide by current raw cloud norm
reviewer_closure_20260723_194254/step8_support_P0100/seed47_N500/midpoint.npz,reviewer_closure_20260723_194254/step8_support_P0100/seed47_N500,midpoint,100.0,47,500,0.25,energy,EXTRACTED,2.4982861993261656,62540270.94079613,70914723.35841762,26216556.145538367,541.5,25033269.18976073,28385348.074830115,oscillatory/nonmonotonic (105 derivative sign changes),True,raw drift is pre-self-normalization cloud estimator; lw_* observables divide by current raw cloud norm
reviewer_closure_20260723_194254/step8_support_P020/seed11_N1000/pbme.npz,reviewer_closure_20260723_194254/step8_support_P020/seed11_N1000,pbme,20.0,11,1000,0.25,normalization,EXTRACTED,1.0000000000000004,0.0,0.0,0.0,0.0,0.0,0.0,constant within tolerance,True,raw drift is pre-self-normalization cloud estimator; lw_* observables divide by current raw cloud norm
reviewer_closure_20260723_194254/step8_support_P020/seed11_N1000/pbme.npz,reviewer_closure_20260723_194254/step8_support_P020/seed11_N1000,pbme,20.0,11,1000,0.25,trace,EXTRACTED,1.0000000000000004,1.162847595992389e-12,1.162847595992389e-12,6.058994354996502e-13,3000.0,1.1628475959923884e-12,1.1628475959923884e-12,constant within tolerance,True,raw drift is pre-self-normalization cloud estimator; lw_* observables divide by current raw cloud norm
reviewer_closure_20260723_194254/step8_support_P020/seed11_N1000/pbme.npz,reviewer_closure_20260723_194254/step8_support_P020/seed11_N1000,pbme,20.0,11,1000,0.25,energy,EXTRACTED,0.10004549054164438,1.8006429680639258e-13,5.892419246977809e-09,1.6106008054498135e-09,1284.75,1.7998242182783842e-12,5.889739972362936e-08,oscillatory/nonmonotonic (37 derivative sign changes),True,raw drift is pre-self-normalization cloud estimator; lw_* observables divide by current raw cloud norm
reviewer_closure_20260723_194254/step8_support_P020/seed11_N1000/midpoint.npz,reviewer_closure_20260723_194254/step8_support_P020/seed11_N1000,midpoint,20.0,11,1000,0.25,normalization,EXTRACTED,1.0000000000000004,-0.010137783736481998,0.4983669472075195,0.07259225868581634,1360.5,-0.010137783736481993,0.4983669472075193,oscillatory/nonmonotonic (556 derivative sign changes),True,raw drift is pre-self-normalization cloud estimator; lw_* observables divide by current raw cloud norm
reviewer_closure_20260723_194254/step8_support_P020/seed11_N1000/midpoint.npz,reviewer_closure_20260723_194254/step8_support_P020/seed11_N1000,midpoint,20.0,11,1000,0.25,trace,EXTRACTED,1.0000000000000004,-0.010137783734486261,0.49836694720714536,0.0725922586857015,1360.5,-0.010137783734486256,0.49836694720714514,oscillatory/nonmonotonic (556 derivative sign changes),True,raw drift is pre-self-normalization cloud estimator; lw_* observables divide by current raw cloud norm
reviewer_closure_20260723_194254/step8_support_P020/seed11_N1000/midpoint.npz,reviewer_closure_20260723_194254/step8_support_P020/seed11_N1000,midpoint,20.0,11,1000,0.25,energy,EXTRACTED,0.10004549054164438,-0.009080408014280644,0.058436310827869174,0.010466962500521829,1360.5,-0.09076279165726998,0.5840973992080613,oscillatory/nonmonotonic (546 derivative sign changes),True,raw drift is pre-self-normalization cloud estimator; lw_* observables divide by current raw cloud norm
reviewer_closure_20260723_194254/step8_support_P020/seed11_N2000/pbme.npz,reviewer_closure_20260723_194254/step8_support_P020/seed11_N2000,pbme,20.0,11,2000,0.25,normalization,EXTRACTED,1.0000000000000004,0.0,0.0,0.0,0.0,0.0,0.0,constant within tolerance,True,raw drift is pre-self-normalization cloud estimator; lw_* observables divide by current raw cloud norm
reviewer_closure_20260723_194254/step8_support_P020/seed11_N2000/pbme.npz,reviewer_closure_20260723_194254/step8_support_P020/seed11_N2000,pbme,20.0,11,2000,0.25,trace,EXTRACTED,1.0000000000000007,1.1610712391529887e-12,1.1610712391529887e-12,6.025291409242048e-13,3000.0,1.161071239152988e-12,1.161071239152988e-12,constant within tolerance,True,raw drift is pre-self-normalization cloud estimator; lw_* observables divide by current raw cloud norm
reviewer_closure_20260723_194254/step8_support_P020/seed11_N2000/pbme.npz,reviewer_closure_20260723_194254/step8_support_P020/seed11_N2000,pbme,20.0,11,2000,0.25,energy,EXTRACTED,0.1001483088900412,8.221201497349284e-14,6.061185497951982e-09,1.6521063543407708e-09,1318.5,8.209026780847425e-13,6.052209533170369e-08,oscillatory/nonmonotonic (34 derivative sign changes),True,raw drift is pre-self-normalization cloud estimator; lw_* observables divide by current raw cloud norm
reviewer_closure_20260723_194254/step8_support_P020/seed11_N500/pbme.npz,reviewer_closure_20260723_194254/step8_support_P020/seed11_N500,pbme,20.0,11,500,0.25,normalization,EXTRACTED,1.0000000000000004,0.0,0.0,0.0,0.0,0.0,0.0,constant within tolerance,True,raw drift is pre-self-normalization cloud estimator; lw_* observables divide by current raw cloud norm
reviewer_closure_20260723_194254/step8_support_P020/seed11_N500/pbme.npz,reviewer_closure_20260723_194254/step8_support_P020/seed11_N500,pbme,20.0,11,500,0.25,trace,EXTRACTED,1.0000000000000002,1.1612932837579137e-12,1.1612932837579137e-12,6.005564816550422e-13,3000.0,1.1612932837579135e-12,1.1612932837579135e-12,constant within tolerance,True,raw drift is pre-self-normalization cloud estimator; lw_* observables divide by current raw cloud norm
reviewer_closure_20260723_194254/step8_support_P020/seed11_N500/pbme.npz,reviewer_closure_20260723_194254/step8_support_P020/seed11_N500,pbme,20.0,11,500,0.25,energy,EXTRACTED,0.10007395101889982,-2.3303581286882036e-13,6.0088143905012714e-09,1.7084605304839433e-09,1293.25,-2.3286360785816236e-12,6.004374094679699e-08,oscillatory/nonmonotonic (37 derivative sign changes),True,raw drift is pre-self-normalization cloud estimator; lw_* observables divide by current raw cloud norm
reviewer_closure_20260723_194254/step8_support_P020/seed11_N500/midpoint.npz,reviewer_closure_20260723_194254/step8_support_P020/seed11_N500,midpoint,20.0,11,500,0.25,normalization,EXTRACTED,1.0000000000000004,1.8185881993005855,2.7741277351954796,1.378231204760733,1382.0,1.8185881993005846,2.7741277351954783,oscillatory/nonmonotonic (397 derivative sign changes),True,raw drift is pre-self-normalization cloud estimator; lw_* observables divide by current raw cloud norm
reviewer_closure_20260723_194254/step8_support_P020/seed11_N500/midpoint.npz,reviewer_closure_20260723_194254/step8_support_P020/seed11_N500,midpoint,20.0,11,500,0.25,trace,EXTRACTED,1.0000000000000002,1.8185881993065542,2.7741277351979257,1.378231204762565,1382.0,1.8185881993065538,2.774127735197925,oscillatory/nonmonotonic (397 derivative sign changes),True,raw drift is pre-self-normalization cloud estimator; lw_* observables divide by current raw cloud norm
reviewer_closure_20260723_194254/step8_support_P020/seed11_N500/midpoint.npz,reviewer_closure_20260723_194254/step8_support_P020/seed11_N500,midpoint,20.0,11,500,0.25,energy,EXTRACTED,0.10007395101889982,0.14013942332369114,0.23385944762171185,0.1065451446765497,1382.0,1.4003586537442159,2.3368663397485476,oscillatory/nonmonotonic (397 derivative sign changes),True,raw drift is pre-self-normalization cloud estimator; lw_* observables divide by current raw cloud norm
reviewer_closure_20260723_194254/step8_support_P020/seed29_N1000/pbme.npz,reviewer_closure_20260723_194254/step8_support_P020/seed29_N1000,pbme,20.0,29,1000,0.25,normalization,EXTRACTED,1.0000000000000004,0.0,0.0,0.0,0.0,0.0,0.0,constant within tolerance,True,raw drift is pre-self-normalization cloud estimator; lw_* observables divide by current raw cloud norm
reviewer_closure_20260723_194254/step8_support_P020/seed29_N1000/pbme.npz,reviewer_closure_20260723_194254/step8_support_P020/seed29_N1000,pbme,20.0,29,1000,0.25,trace,EXTRACTED,1.0000000000000004,1.1666223542761145e-12,1.1666223542761145e-12,6.100433426140047e-13,3000.0,1.1666223542761139e-12,1.1666223542761139e-12,constant within tolerance,True,raw drift is pre-self-normalization cloud estimator; lw_* observables divide by current raw cloud norm
reviewer_closure_20260723_194254/step8_support_P020/seed29_N1000/pbme.npz,reviewer_closure_20260723_194254/step8_support_P020/seed29_N1000,pbme,20.0,29,1000,0.25,energy,EXTRACTED,0.10000093360881886,4.383160501220118e-13,5.737717578835344e-09,1.6861695170138157e-09,1252.25,4.383119580029178e-12,5.7376640114981363e-08,oscillatory/nonmonotonic (41 derivative sign changes),True,raw drift is pre-self-normalization cloud estimator; lw_* observables divide by current raw cloud norm
reviewer_closure_20260723_194254/step8_support_P020/seed29_N2000/pbme.npz,reviewer_closure_20260723_194254/step8_support_P020/seed29_N2000,pbme,20.0,29,2000,0.25,normalization,EXTRACTED,1.0000000000000002,0.0,0.0,0.0,0.0,0.0,0.0,constant within tolerance,True,raw drift is pre-self-normalization cloud estimator; lw_* observables divide by current raw cloud norm
reviewer_closure_20260723_194254/step8_support_P020/seed29_N2000/pbme.npz,reviewer_closure_20260723_194254/step8_support_P020/seed29_N2000,pbme,20.0,29,2000,0.25,trace,EXTRACTED,1.0000000000000007,1.1601830607332886e-12,1.1601830607332886e-12,6.049506148463972e-13,3000.0,1.1601830607332878e-12,1.1601830607332878e-12,constant within tolerance,True,raw drift is pre-self-normalization cloud estimator; lw_* observables divide by current raw cloud norm
reviewer_closure_20260723_194254/step8_support_P020/seed29_N2000/pbme.npz,reviewer_closure_20260723_194254/step8_support_P020/seed29_N2000,pbme,20.0,29,2000,0.25,energy,EXTRACTED,0.09999439447119464,-9.535428002749313e-14,5.558346546918891e-09,1.5637259729620889e-09,1325.0,-9.53596254387658e-13,5.55865813910207e-08,oscillatory/nonmonotonic (30 derivative sign changes),True,raw drift is pre-self-normalization cloud estimator; lw_* observables divide by current raw cloud norm
reviewer_closure_20260723_194254/step8_support_P020/seed29_N500/pbme.npz,reviewer_closure_20260723_194254/step8_support_P020/seed29_N500,pbme,20.0,29,500,0.25,normalization,EXTRACTED,1.0,0.0,0.0,0.0,0.0,0.0,0.0,constant within tolerance,True,raw drift is pre-self-normalization cloud estimator; lw_* observables divide by current raw cloud norm
reviewer_closure_20260723_194254/step8_support_P020/seed29_N500/pbme.npz,reviewer_closure_20260723_194254/step8_support_P020/seed29_N500,pbme,20.0,29,500,0.25,trace,EXTRACTED,1.0000000000000002,1.1592948823135885e-12,1.1592948823135885e-12,6.04095843656688e-13,3000.0,1.1592948823135883e-12,1.1592948823135883e-12,constant within tolerance,True,raw drift is pre-self-normalization cloud estimator; lw_* observables divide by current raw cloud norm
reviewer_closure_20260723_194254/step8_support_P020/seed29_N500/pbme.npz,reviewer_closure_20260723_194254/step8_support_P020/seed29_N500,pbme,20.0,29,500,0.25,energy,EXTRACTED,0.09979011281414392,1.7966184095996596e-13,6.970968760566798e-09,1.6543035698119057e-09,1260.25,1.8003972126435083e-12,6.985630704266282e-08,oscillatory/nonmonotonic (41 derivative sign changes),True,raw drift is pre-self-normalization cloud estimator; lw_* observables divide by current raw cloud norm
reviewer_closure_20260723_194254/step8_support_P020/seed29_N500/midpoint.npz,reviewer_closure_20260723_194254/step8_support_P020/seed29_N500,midpoint,20.0,29,500,0.25,normalization,EXTRACTED,1.0,-2.7774728523416483,2.7972272301379775,2.0261230819131826,1762.5,-2.7774728523416483,2.7972272301379775,oscillatory/nonmonotonic (236 derivative sign changes),True,raw drift is pre-self-normalization cloud estimator; lw_* observables divide by current raw cloud norm
reviewer_closure_20260723_194254/step8_support_P020/seed29_N500/midpoint.npz,reviewer_closure_20260723_194254/step8_support_P020/seed29_N500,midpoint,20.0,29,500,0.25,trace,EXTRACTED,1.0000000000000002,-2.7774728523472607,2.7972272301404026,2.0261230819153937,1762.5,-2.7774728523472603,2.797227230140402,oscillatory/nonmonotonic (236 derivative sign changes),True,raw drift is pre-self-normalization cloud estimator; lw_* observables divide by current raw cloud norm
reviewer_closure_20260723_194254/step8_support_P020/seed29_N500/midpoint.npz,reviewer_closure_20260723_194254/step8_support_P020/seed29_N500,midpoint,20.0,29,500,0.25,energy,EXTRACTED,0.09979011281414392,-0.32311381763779845,0.3248398057147507,0.23574310430562537,1710.25,-3.2379341853194235,3.2552303685612123,oscillatory/nonmonotonic (270 derivative sign changes),True,raw drift is pre-self-normalization cloud estimator; lw_* observables divide by current raw cloud norm
reviewer_closure_20260723_194254/step8_support_P020/seed47_N1000/pbme.npz,reviewer_closure_20260723_194254/step8_support_P020/seed47_N1000,pbme,20.0,47,1000,0.25,normalization,EXTRACTED,1.0000000000000004,0.0,0.0,0.0,0.0,0.0,0.0,constant within tolerance,True,raw drift is pre-self-normalization cloud estimator; lw_* observables divide by current raw cloud norm
reviewer_closure_20260723_194254/step8_support_P020/seed47_N1000/pbme.npz,reviewer_closure_20260723_194254/step8_support_P020/seed47_N1000,pbme,20.0,47,1000,0.25,trace,EXTRACTED,1.0000000000000004,1.17039711255984e-12,1.17039711255984e-12,6.103112505652295e-13,3000.0,1.1703971125598394e-12,1.1703971125598394e-12,constant within tolerance,True,raw drift is pre-self-normalization cloud estimator; lw_* observables divide by current raw cloud norm
reviewer_closure_20260723_194254/step8_support_P020/seed47_N1000/pbme.npz,reviewer_closure_20260723_194254/step8_support_P020/seed47_N1000,pbme,20.0,47,1000,0.25,energy,EXTRACTED,0.10017998204776452,1.4478696019892823e-13,6.379474601359014e-09,1.6311654829944774e-09,1275.25,1.4452683783662057e-12,6.368013320582712e-08,oscillatory/nonmonotonic (38 derivative sign changes),True,raw drift is pre-self-normalization cloud estimator; lw_* observables divide by current raw cloud norm
reviewer_closure_20260723_194254/step8_support_P020/seed47_N2000/pbme.npz,reviewer_closure_20260723_194254/step8_support_P020/seed47_N2000,pbme,20.0,47,2000,0.25,normalization,EXTRACTED,1.0000000000000004,0.0,0.0,0.0,0.0,0.0,0.0,constant within tolerance,True,raw drift is pre-self-normalization cloud estimator; lw_* observables divide by current raw cloud norm
reviewer_closure_20260723_194254/step8_support_P020/seed47_N2000/pbme.npz,reviewer_closure_20260723_194254/step8_support_P020/seed47_N2000,pbme,20.0,47,2000,0.25,trace,EXTRACTED,1.0000000000000007,1.1624035067825389e-12,1.1624035067825389e-12,6.067671492315543e-13,3000.0,1.162403506782538e-12,1.162403506782538e-12,constant within tolerance,True,raw drift is pre-self-normalization cloud estimator; lw_* observables divide by current raw cloud norm
reviewer_closure_20260723_194254/step8_support_P020/seed47_N2000/pbme.npz,reviewer_closure_20260723_194254/step8_support_P020/seed47_N2000,pbme,20.0,47,2000,0.25,energy,EXTRACTED,0.09997290108838616,-5.814793091474257e-14,5.2571489939090554e-09,1.6146822971709143e-09,1307.25,-5.816369264240308e-13,5.258574010232236e-08,oscillatory/nonmonotonic (28 derivative sign changes),True,raw drift is pre-self-normalization cloud estimator; lw_* observables divide by current raw cloud norm
reviewer_closure_20260723_194254/step8_support_P020/seed47_N500/pbme.npz,reviewer_closure_20260723_194254/step8_support_P020/seed47_N500,pbme,20.0,47,500,0.25,normalization,EXTRACTED,1.0000000000000002,0.0,0.0,0.0,0.0,0.0,0.0,constant within tolerance,True,raw drift is pre-self-normalization cloud estimator; lw_* observables divide by current raw cloud norm
reviewer_closure_20260723_194254/step8_support_P020/seed47_N500/pbme.npz,reviewer_closure_20260723_194254/step8_support_P020/seed47_N500,pbme,20.0,47,500,0.25,trace,EXTRACTED,1.0000000000000002,1.1735057370287905e-12,1.1735057370287905e-12,6.093407193380348e-13,3000.0,1.1735057370287903e-12,1.1735057370287903e-12,constant within tolerance,True,raw drift is pre-self-normalization cloud estimator; lw_* observables divide by current raw cloud norm
reviewer_closure_20260723_194254/step8_support_P020/seed47_N500/pbme.npz,reviewer_closure_20260723_194254/step8_support_P020/seed47_N500,pbme,20.0,47,500,0.25,energy,EXTRACTED,0.0997028757115241,-1.0440259767818816e-13,6.7892006599956645e-09,1.8250042125856729e-09,1359.25,-1.0471372759624509e-12,6.809433139761423e-08,oscillatory/nonmonotonic (40 derivative sign changes),True,raw drift is pre-self-normalization cloud estimator; lw_* observables divide by current raw cloud norm
reviewer_closure_20260723_194254/step8_support_P020/seed47_N500/midpoint.npz,reviewer_closure_20260723_194254/step8_support_P020/seed47_N500,midpoint,20.0,47,500,0.25,normalization,EXTRACTED,1.0000000000000002,-2.4812258252294632,2.841055968534771,1.7944048602799676,1663.0,-2.481225825229463,2.8410559685347705,oscillatory/nonmonotonic (331 derivative sign changes),True,raw drift is pre-self-normalization cloud estimator; lw_* observables divide by current raw cloud norm
reviewer_closure_20260723_194254/step8_support_P020/seed47_N500/midpoint.npz,reviewer_closure_20260723_194254/step8_support_P020/seed47_N500,midpoint,20.0,47,500,0.25,trace,EXTRACTED,1.0000000000000002,-2.4812258252323875,2.841055968535783,1.7944048602806928,1663.0,-2.481225825232387,2.8410559685357826,oscillatory/nonmonotonic (331 derivative sign changes),True,raw drift is pre-self-normalization cloud estimator; lw_* observables divide by current raw cloud norm
reviewer_closure_20260723_194254/step8_support_P020/seed47_N500/midpoint.npz,reviewer_closure_20260723_194254/step8_support_P020/seed47_N500,midpoint,20.0,47,500,0.25,energy,EXTRACTED,0.0997028757115241,-0.23791733933567744,0.2735722303333916,0.17198049224335643,1663.0,-2.3862635619864863,2.7438750224711015,oscillatory/nonmonotonic (351 derivative sign changes),True,raw drift is pre-self-normalization cloud estimator; lw_* observables divide by current raw cloud norm
reviewer_closure_20260723_194254/step9_repl_P020/seed11/pbme.npz,reviewer_closure_20260723_194254/step9_repl_P020/seed11,pbme,20.0,11,1000,0.25,normalization,EXTRACTED,1.0000000000000004,0.0,0.0,0.0,0.0,0.0,0.0,constant within tolerance,True,raw drift is pre-self-normalization cloud estimator; lw_* observables divide by current raw cloud norm
reviewer_closure_20260723_194254/step9_repl_P020/seed11/pbme.npz,reviewer_closure_20260723_194254/step9_repl_P020/seed11,pbme,20.0,11,1000,0.25,trace,EXTRACTED,1.0000000000000004,1.162847595992389e-12,1.162847595992389e-12,6.058994354996502e-13,3000.0,1.1628475959923884e-12,1.1628475959923884e-12,constant within tolerance,True,raw drift is pre-self-normalization cloud estimator; lw_* observables divide by current raw cloud norm
reviewer_closure_20260723_194254/step9_repl_P020/seed11/pbme.npz,reviewer_closure_20260723_194254/step9_repl_P020/seed11,pbme,20.0,11,1000,0.25,energy,EXTRACTED,0.10004549054164438,1.8006429680639258e-13,5.892419246977809e-09,1.6106008054498135e-09,1284.75,1.7998242182783842e-12,5.889739972362936e-08,oscillatory/nonmonotonic (37 derivative sign changes),True,raw drift is pre-self-normalization cloud estimator; lw_* observables divide by current raw cloud norm
reviewer_closure_20260723_194254/step9_repl_P020/seed29/pbme.npz,reviewer_closure_20260723_194254/step9_repl_P020/seed29,pbme,20.0,29,1000,0.25,normalization,EXTRACTED,1.0000000000000004,0.0,0.0,0.0,0.0,0.0,0.0,constant within tolerance,True,raw drift is pre-self-normalization cloud estimator; lw_* observables divide by current raw cloud norm
reviewer_closure_20260723_194254/step9_repl_P020/seed29/pbme.npz,reviewer_closure_20260723_194254/step9_repl_P020/seed29,pbme,20.0,29,1000,0.25,trace,EXTRACTED,1.0000000000000004,1.1666223542761145e-12,1.1666223542761145e-12,6.100433426140047e-13,3000.0,1.1666223542761139e-12,1.1666223542761139e-12,constant within tolerance,True,raw drift is pre-self-normalization cloud estimator; lw_* observables divide by current raw cloud norm
reviewer_closure_20260723_194254/step9_repl_P020/seed29/pbme.npz,reviewer_closure_20260723_194254/step9_repl_P020/seed29,pbme,20.0,29,1000,0.25,energy,EXTRACTED,0.10000093360881886,4.383160501220118e-13,5.737717578835344e-09,1.6861695170138157e-09,1252.25,4.383119580029178e-12,5.7376640114981363e-08,oscillatory/nonmonotonic (41 derivative sign changes),True,raw drift is pre-self-normalization cloud estimator; lw_* observables divide by current raw cloud norm
reviewer_closure_20260723_194254/step9_repl_P020/seed47/pbme.npz,reviewer_closure_20260723_194254/step9_repl_P020/seed47,pbme,20.0,47,1000,0.25,normalization,EXTRACTED,1.0000000000000004,0.0,0.0,0.0,0.0,0.0,0.0,constant within tolerance,True,raw drift is pre-self-normalization cloud estimator; lw_* observables divide by current raw cloud norm
reviewer_closure_20260723_194254/step9_repl_P020/seed47/pbme.npz,reviewer_closure_20260723_194254/step9_repl_P020/seed47,pbme,20.0,47,1000,0.25,trace,EXTRACTED,1.0000000000000004,1.17039711255984e-12,1.17039711255984e-12,6.103112505652295e-13,3000.0,1.1703971125598394e-12,1.1703971125598394e-12,constant within tolerance,True,raw drift is pre-self-normalization cloud estimator; lw_* observables divide by current raw cloud norm
reviewer_closure_20260723_194254/step9_repl_P020/seed47/pbme.npz,reviewer_closure_20260723_194254/step9_repl_P020/seed47,pbme,20.0,47,1000,0.25,energy,EXTRACTED,0.10017998204776452,1.4478696019892823e-13,6.379474601359014e-09,1.6311654829944774e-09,1275.25,1.4452683783662057e-12,6.368013320582712e-08,oscillatory/nonmonotonic (38 derivative sign changes),True,raw drift is pre-self-normalization cloud estimator; lw_* observables divide by current raw cloud norm
reviewer_closure_20260726_174927/step7_dt_P0100/seed29_dt0.5/pbme.npz,reviewer_closure_20260726_174927/step7_dt_P0100/seed29_dt0.5,pbme,100.0,29,1000,0.5,normalization,EXTRACTED,1.0000000000000004,0.0,0.0,0.0,0.0,0.0,0.0,constant within tolerance,True,raw drift is pre-self-normalization cloud estimator; lw_* observables divide by current raw cloud norm
reviewer_closure_20260726_174927/step7_dt_P0100/seed29_dt0.5/pbme.npz,reviewer_closure_20260726_174927/step7_dt_P0100/seed29_dt0.5,pbme,100.0,29,1000,0.5,trace,EXTRACTED,1.0000000000000007,1.1679546219056647e-13,1.1679546219056647e-13,6.088340564237734e-14,600.0,1.167954621905664e-13,1.167954621905664e-13,constant within tolerance,True,raw drift is pre-self-normalization cloud estimator; lw_* observables divide by current raw cloud norm
reviewer_closure_20260726_174927/step7_dt_P0100/seed29_dt0.5/pbme.npz,reviewer_closure_20260726_174927/step7_dt_P0100/seed29_dt0.5,pbme,100.0,29,1000,0.5,energy,EXTRACTED,2.499746749233934,-1.6653345369377348e-12,3.0259756744754895e-07,7.480766272697223e-08,307.0,-6.662013011710442e-13,1.2105128951174044e-07,oscillatory/nonmonotonic (10 derivative sign changes),True,raw drift is pre-self-normalization cloud estimator; lw_* observables divide by current raw cloud norm
reviewer_closure_20260726_174927/step7_dt_P0100/seed29_dt0.5/midpoint.npz,reviewer_closure_20260726_174927/step7_dt_P0100/seed29_dt0.5,midpoint,100.0,29,1000,0.5,normalization,EXTRACTED,1.0000000000000004,1.5835257220731298e+21,2.1953500915916868e+21,8.114150421707993e+20,493.5,1.583525722073129e+21,2.1953500915916858e+21,oscillatory/nonmonotonic (20 derivative sign changes),True,raw drift is pre-self-normalization cloud estimator; lw_* observables divide by current raw cloud norm
reviewer_closure_20260726_174927/step7_dt_P0100/seed29_dt0.5/midpoint.npz,reviewer_closure_20260726_174927/step7_dt_P0100/seed29_dt0.5,midpoint,100.0,29,1000,0.5,trace,EXTRACTED,1.0000000000000007,1.5835257220734405e+21,2.195350091592033e+21,8.114150421709318e+20,493.5,1.5835257220734394e+21,2.1953500915920315e+21,oscillatory/nonmonotonic (20 derivative sign changes),True,raw drift is pre-self-normalization cloud estimator; lw_* observables divide by current raw cloud norm
reviewer_closure_20260726_174927/step7_dt_P0100/seed29_dt0.5/midpoint.npz,reviewer_closure_20260726_174927/step7_dt_P0100/seed29_dt0.5,midpoint,100.0,29,1000,0.5,energy,EXTRACTED,2.499746749233934,3.865105073453857e+21,5.391894647099902e+21,1.9833593675800927e+21,493.5,1.5461986597795746e+21,2.1569763612063055e+21,oscillatory/nonmonotonic (20 derivative sign changes),True,raw drift is pre-self-normalization cloud estimator; lw_* observables divide by current raw cloud norm
reviewer_closure_20260726_174927/step8_support_P0100/seed29_N1400/pbme.npz,reviewer_closure_20260726_174927/step8_support_P0100/seed29_N1400,pbme,100.0,29,1400,0.25,normalization,EXTRACTED,1.0,0.0,0.0,0.0,0.0,0.0,0.0,constant within tolerance,True,raw drift is pre-self-normalization cloud estimator; lw_* observables divide by current raw cloud norm
reviewer_closure_20260726_174927/step8_support_P0100/seed29_N1400/pbme.npz,reviewer_closure_20260726_174927/step8_support_P0100/seed29_N1400,pbme,100.0,29,1400,0.25,trace,EXTRACTED,1.0000000000000007,2.2737367544323206e-13,2.2737367544323206e-13,1.183373908196475e-13,600.0,2.273736754432319e-13,2.273736754432319e-13,constant within tolerance,True,raw drift is pre-self-normalization cloud estimator; lw_* observables divide by current raw cloud norm
reviewer_closure_20260726_174927/step8_support_P0100/seed29_N1400/pbme.npz,reviewer_closure_20260726_174927/step8_support_P0100/seed29_N1400,pbme,100.0,29,1400,0.25,energy,EXTRACTED,2.5002934156416314,-1.1537437671904627e-12,7.063393203665669e-08,1.8382686910422202e-08,310.5,-4.61443348997656e-13,2.825025718772708e-08,oscillatory/nonmonotonic (9 derivative sign changes),True,raw drift is pre-self-normalization cloud estimator; lw_* observables divide by current raw cloud norm
reviewer_closure_20260726_174927/step8_support_P0100/seed29_N1400/midpoint.npz,reviewer_closure_20260726_174927/step8_support_P0100/seed29_N1400,midpoint,100.0,29,1400,0.25,normalization,EXTRACTED,1.0,1.642100692002356e+42,1.6904429693177386e+42,6.524190394830296e+41,541.75,1.642100692002356e+42,1.6904429693177386e+42,oscillatory/nonmonotonic (6 derivative sign changes),True,raw drift is pre-self-normalization cloud estimator; lw_* observables divide by current raw cloud norm
reviewer_closure_20260726_174927/step8_support_P0100/seed29_N1400/midpoint.npz,reviewer_closure_20260726_174927/step8_support_P0100/seed29_N1400,midpoint,100.0,29,1400,0.25,trace,EXTRACTED,1.0000000000000007,1.642100692002943e+42,1.6904429693182963e+42,6.524190394832484e+41,541.75,1.6421006920029417e+42,1.690442969318295e+42,oscillatory/nonmonotonic (6 derivative sign changes),True,raw drift is pre-self-normalization cloud estimator; lw_* observables divide by current raw cloud norm
reviewer_closure_20260726_174927/step8_support_P0100/seed29_N1400/midpoint.npz,reviewer_closure_20260726_174927/step8_support_P0100/seed29_N1400,midpoint,100.0,29,1400,0.25,energy,EXTRACTED,2.5002934156416314,4.174953007914216e+42,4.296820127800759e+42,1.6602285297781002e+42,541.75,1.669785226724212e+42,1.7185263541151625e+42,oscillatory/nonmonotonic (6 derivative sign changes),True,raw drift is pre-self-normalization cloud estimator; lw_* observables divide by current raw cloud norm
reviewer_closure_20260726_174927/step8_support_P0100/seed47_N350/pbme.npz,reviewer_closure_20260726_174927/step8_support_P0100/seed47_N350,pbme,100.0,47,350,0.25,normalization,EXTRACTED,0.9999999999999999,0.0,0.0,0.0,0.0,0.0,0.0,constant within tolerance,True,raw drift is pre-self-normalization cloud estimator; lw_* observables divide by current raw cloud norm
reviewer_closure_20260726_174927/step8_support_P0100/seed47_N350/pbme.npz,reviewer_closure_20260726_174927/step8_support_P0100/seed47_N350,pbme,100.0,47,350,0.25,trace,EXTRACTED,1.0000000000000002,2.275957200481571e-13,2.275957200481571e-13,1.1933030645957253e-13,600.0,2.2759572004815704e-13,2.2759572004815704e-13,constant within tolerance,True,raw drift is pre-self-normalization cloud estimator; lw_* observables divide by current raw cloud norm
reviewer_closure_20260726_174927/step8_support_P0100/seed47_N350/pbme.npz,reviewer_closure_20260726_174927/step8_support_P0100/seed47_N350,pbme,100.0,47,350,0.25,energy,EXTRACTED,2.4994327216727936,-1.3988810110276972e-13,7.339502783310081e-08,1.9444148804172722e-08,308.75,-5.596794020090563e-14,2.9364674310569068e-08,oscillatory/nonmonotonic (11 derivative sign changes),True,raw drift is pre-self-normalization cloud estimator; lw_* observables divide by current raw cloud norm
reviewer_closure_20260726_174927/step9_repl_P0100/seed11/pbme.npz,reviewer_closure_20260726_174927/step9_repl_P0100/seed11,pbme,100.0,11,1000,0.25,normalization,EXTRACTED,1.0000000000000004,0.0,0.0,0.0,0.0,0.0,0.0,constant within tolerance,True,raw drift is pre-self-normalization cloud estimator; lw_* observables divide by current raw cloud norm
reviewer_closure_20260726_174927/step9_repl_P0100/seed11/pbme.npz,reviewer_closure_20260726_174927/step9_repl_P0100/seed11,pbme,100.0,11,1000,0.25,trace,EXTRACTED,1.0000000000000004,2.2470914018413168e-13,2.2470914018413168e-13,1.1692138299785653e-13,600.0,2.2470914018413158e-13,2.2470914018413158e-13,constant within tolerance,True,raw drift is pre-self-normalization cloud estimator; lw_* observables divide by current raw cloud norm
reviewer_closure_20260726_174927/step9_repl_P0100/seed11/pbme.npz,reviewer_closure_20260726_174927/step9_repl_P0100/seed11,pbme,100.0,11,1000,0.25,energy,EXTRACTED,2.499976382987634,-5.6710192097853e-13,7.914047461810014e-08,1.997900270947516e-08,306.25,-2.2684291133214882e-13,3.1656488899915986e-08,oscillatory/nonmonotonic (10 derivative sign changes),True,raw drift is pre-self-normalization cloud estimator; lw_* observables divide by current raw cloud norm
reviewer_closure_20260726_174927/step9_repl_P0100/seed11/midpoint.npz,reviewer_closure_20260726_174927/step9_repl_P0100/seed11,midpoint,100.0,11,1000,0.25,normalization,EXTRACTED,1.0000000000000004,-475113930691.4574,495039290214.5173,202273407401.29355,533.25,-475113930691.4572,495039290214.517,oscillatory/nonmonotonic (82 derivative sign changes),True,raw drift is pre-self-normalization cloud estimator; lw_* observables divide by current raw cloud norm
reviewer_closure_20260726_174927/step9_repl_P0100/seed11/midpoint.npz,reviewer_closure_20260726_174927/step9_repl_P0100/seed11,midpoint,100.0,11,1000,0.25,trace,EXTRACTED,1.0000000000000004,-475113930691.6698,495039290214.67725,202273407401.36557,533.25,-475113930691.6696,495039290214.677,oscillatory/nonmonotonic (82 derivative sign changes),True,raw drift is pre-self-normalization cloud estimator; lw_* observables divide by current raw cloud norm
reviewer_closure_20260726_174927/step9_repl_P0100/seed11/midpoint.npz,reviewer_closure_20260726_174927/step9_repl_P0100/seed11,midpoint,100.0,11,1000,0.25,energy,EXTRACTED,2.499976382987634,-1146614858088.9663,1195821444139.162,487338774230.67645,533.5,-458650276015.2827,478333096375.12573,oscillatory/nonmonotonic (80 derivative sign changes),True,raw drift is pre-self-normalization cloud estimator; lw_* observables divide by current raw cloud norm
reviewer_closure_20260726_174927/step9_repl_P0100/seed29/pbme.npz,reviewer_closure_20260726_174927/step9_repl_P0100/seed29,pbme,100.0,29,1000,0.25,normalization,EXTRACTED,1.0000000000000004,0.0,0.0,0.0,0.0,0.0,0.0,constant within tolerance,True,raw drift is pre-self-normalization cloud estimator; lw_* observables divide by current raw cloud norm
reviewer_closure_20260726_174927/step9_repl_P0100/seed29/pbme.npz,reviewer_closure_20260726_174927/step9_repl_P0100/seed29,pbme,100.0,29,1000,0.25,trace,EXTRACTED,1.0000000000000007,2.2515322939398175e-13,2.2515322939398175e-13,1.1752831941846068e-13,600.0,2.251532293939816e-13,2.251532293939816e-13,constant within tolerance,True,raw drift is pre-self-normalization cloud estimator; lw_* observables divide by current raw cloud norm
reviewer_closure_20260726_174927/step9_repl_P0100/seed29/pbme.npz,reviewer_closure_20260726_174927/step9_repl_P0100/seed29,pbme,100.0,29,1000,0.25,energy,EXTRACTED,2.499746749233934,-4.1611158962950867e-13,7.564653259350962e-08,1.8705154357540912e-08,307.0,-1.6646149845260492e-13,3.026167855471442e-08,oscillatory/nonmonotonic (10 derivative sign changes),True,raw drift is pre-self-normalization cloud estimator; lw_* observables divide by current raw cloud norm
reviewer_closure_20260726_174927/step9_repl_P0100/seed29/midpoint.npz,reviewer_closure_20260726_174927/step9_repl_P0100/seed29,midpoint,100.0,29,1000,0.25,normalization,EXTRACTED,1.0000000000000004,5.941655715231358e+20,8.694937490649559e+20,2.7700981899267686e+20,493.5,5.941655715231355e+20,8.694937490649555e+20,oscillatory/nonmonotonic (23 derivative sign changes),True,raw drift is pre-self-normalization cloud estimator; lw_* observables divide by current raw cloud norm
reviewer_closure_20260726_174927/step9_repl_P0100/seed29/midpoint.npz,reviewer_closure_20260726_174927/step9_repl_P0100/seed29,midpoint,100.0,29,1000,0.25,trace,EXTRACTED,1.0000000000000007,5.941655715233266e+20,8.694937490652516e+20,2.7700981899277143e+20,493.5,5.941655715233262e+20,8.69493749065251e+20,oscillatory/nonmonotonic (23 derivative sign changes),True,raw drift is pre-self-normalization cloud estimator; lw_* observables divide by current raw cloud norm
reviewer_closure_20260726_174927/step9_repl_P0100/seed29/midpoint.npz,reviewer_closure_20260726_174927/step9_repl_P0100/seed29,midpoint,100.0,29,1000,0.25,energy,EXTRACTED,2.499746749233934,1.523433382709243e+21,2.2247816532936926e+21,7.108245864484974e+20,493.5,6.094350890449644e+20,8.900028188757496e+20,oscillatory/nonmonotonic (23 derivative sign changes),True,raw drift is pre-self-normalization cloud estimator; lw_* observables divide by current raw cloud norm
reviewer_closure_20260726_174927/step9_repl_P0100/seed47/pbme.npz,reviewer_closure_20260726_174927/step9_repl_P0100/seed47,pbme,100.0,47,1000,0.25,normalization,EXTRACTED,1.0000000000000004,0.0,0.0,0.0,0.0,0.0,0.0,constant within tolerance,True,raw drift is pre-self-normalization cloud estimator; lw_* observables divide by current raw cloud norm
reviewer_closure_20260726_174927/step9_repl_P0100/seed47/pbme.npz,reviewer_closure_20260726_174927/step9_repl_P0100/seed47,pbme,100.0,47,1000,0.25,trace,EXTRACTED,1.0000000000000007,2.278177646530821e-13,2.278177646530821e-13,1.1937588722774486e-13,600.0,2.2781776465308197e-13,2.2781776465308197e-13,constant within tolerance,True,raw drift is pre-self-normalization cloud estimator; lw_* observables divide by current raw cloud norm
reviewer_closure_20260726_174927/step9_repl_P0100/seed47/pbme.npz,reviewer_closure_20260726_174927/step9_repl_P0100/seed47,pbme,100.0,47,1000,0.25,energy,EXTRACTED,2.500653530986377,-9.099387909827783e-13,8.015430319474603e-08,2.1004088826289056e-08,307.0,-3.6388039354810385e-13,3.205334213697703e-08,oscillatory/nonmonotonic (10 derivative sign changes),True,raw drift is pre-self-normalization cloud estimator; lw_* observables divide by current raw cloud norm
reviewer_closure_20260726_174927/step9_repl_P0100/seed47/midpoint.npz,reviewer_closure_20260726_174927/step9_repl_P0100/seed47,midpoint,100.0,47,1000,0.25,normalization,EXTRACTED,1.0000000000000004,-1.663046791673532e+20,5.1746174706687056e+20,1.210845175033377e+20,436.5,-1.6630467916735313e+20,5.174617470668703e+20,oscillatory/nonmonotonic (11 derivative sign changes),True,raw drift is pre-self-normalization cloud estimator; lw_* observables divide by current raw cloud norm
reviewer_closure_20260726_174927/step9_repl_P0100/seed47/midpoint.npz,reviewer_closure_20260726_174927/step9_repl_P0100/seed47,midpoint,100.0,47,1000,0.25,trace,EXTRACTED,1.0000000000000007,-1.6630467916740428e+20,5.1746174706701415e+20,1.2108451750336809e+20,436.5,-1.6630467916740418e+20,5.174617470670138e+20,oscillatory/nonmonotonic (11 derivative sign changes),True,raw drift is pre-self-normalization cloud estimator; lw_* observables divide by current raw cloud norm
reviewer_closure_20260726_174927/step9_repl_P0100/seed47/midpoint.npz,reviewer_closure_20260726_174927/step9_repl_P0100/seed47,midpoint,100.0,47,1000,0.25,energy,EXTRACTED,2.500653530986377,-4.3584522049567483e+20,1.329185035781413e+21,3.1479186994043585e+20,436.5,-1.7429252597170337e+20,5.315350644585774e+20,oscillatory/nonmonotonic (11 derivative sign changes),True,raw drift is pre-self-normalization cloud estimator; lw_* observables divide by current raw cloud norm
reviewer_closure_20260726_174927/step9_repl_P0100/seed73/pbme.npz,reviewer_closure_20260726_174927/step9_repl_P0100/seed73,pbme,100.0,73,1000,0.25,normalization,EXTRACTED,1.0000000000000004,0.0,0.0,0.0,0.0,0.0,0.0,constant within tolerance,True,raw drift is pre-self-normalization cloud estimator; lw_* observables divide by current raw cloud norm
reviewer_closure_20260726_174927/step9_repl_P0100/seed73/pbme.npz,reviewer_closure_20260726_174927/step9_repl_P0100/seed73,pbme,100.0,73,1000,0.25,trace,EXTRACTED,1.0000000000000004,2.255973186038318e-13,2.255973186038318e-13,1.1719383798829692e-13,600.0,2.255973186038317e-13,2.255973186038317e-13,constant within tolerance,True,raw drift is pre-self-normalization cloud estimator; lw_* observables divide by current raw cloud norm
reviewer_closure_20260726_174927/step9_repl_P0100/seed73/pbme.npz,reviewer_closure_20260726_174927/step9_repl_P0100/seed73,pbme,100.0,73,1000,0.25,energy,EXTRACTED,2.499827141235432,-3.810285420513537e-13,7.750085950775087e-08,2.008653858857248e-08,309.25,-1.5242195580893115e-13,3.1002487423770195e-08,oscillatory/nonmonotonic (10 derivative sign changes),True,raw drift is pre-self-normalization cloud estimator; lw_* observables divide by current raw cloud norm
reviewer_closure_20260726_174927/step9_repl_P0100/seed73/midpoint.npz,reviewer_closure_20260726_174927/step9_repl_P0100/seed73,midpoint,100.0,73,1000,0.25,normalization,EXTRACTED,1.0000000000000004,-92858055138797.0,152396998531708.12,48403005681353.89,518.25,-92858055138796.95,152396998531708.06,oscillatory/nonmonotonic (23 derivative sign changes),True,raw drift is pre-self-normalization cloud estimator; lw_* observables divide by current raw cloud norm
reviewer_closure_20260726_174927/step9_repl_P0100/seed73/midpoint.npz,reviewer_closure_20260726_174927/step9_repl_P0100/seed73,midpoint,100.0,73,1000,0.25,trace,EXTRACTED,1.0000000000000004,-92858055138828.52,152396998531755.2,48403005681367.42,518.25,-92858055138828.47,152396998531755.12,oscillatory/nonmonotonic (23 derivative sign changes),True,raw drift is pre-self-normalization cloud estimator; lw_* observables divide by current raw cloud norm
reviewer_closure_20260726_174927/step9_repl_P0100/seed73/midpoint.npz,reviewer_closure_20260726_174927/step9_repl_P0100/seed73,midpoint,100.0,73,1000,0.25,energy,EXTRACTED,2.499827141235432,-233711005682372.38,380537251055433.3,121274065564552.8,518.25,-93490866559225.67,152225425821790.7,oscillatory/nonmonotonic (25 derivative sign changes),True,raw drift is pre-self-normalization cloud estimator; lw_* observables divide by current raw cloud norm
reviewer_closure_20260726_174927/step9_repl_P020/seed11/pbme.npz,reviewer_closure_20260726_174927/step9_repl_P020/seed11,pbme,20.0,11,1000,0.25,normalization,EXTRACTED,1.0000000000000004,0.0,0.0,0.0,0.0,0.0,0.0,constant within tolerance,True,raw drift is pre-self-normalization cloud estimator; lw_* observables divide by current raw cloud norm
reviewer_closure_20260726_174927/step9_repl_P020/seed11/pbme.npz,reviewer_closure_20260726_174927/step9_repl_P020/seed11,pbme,20.0,11,1000,0.25,trace,EXTRACTED,1.0000000000000004,1.162847595992389e-12,1.162847595992389e-12,6.058994354996502e-13,3000.0,1.1628475959923884e-12,1.1628475959923884e-12,constant within tolerance,True,raw drift is pre-self-normalization cloud estimator; lw_* observables divide by current raw cloud norm
reviewer_closure_20260726_174927/step9_repl_P020/seed11/pbme.npz,reviewer_closure_20260726_174927/step9_repl_P020/seed11,pbme,20.0,11,1000,0.25,energy,EXTRACTED,0.10004549054164438,1.8006429680639258e-13,5.892419246977809e-09,1.6106008054498135e-09,1284.75,1.7998242182783842e-12,5.889739972362936e-08,oscillatory/nonmonotonic (37 derivative sign changes),True,raw drift is pre-self-normalization cloud estimator; lw_* observables divide by current raw cloud norm
reviewer_closure_20260726_174927/step9_repl_P020/seed11/midpoint.npz,reviewer_closure_20260726_174927/step9_repl_P020/seed11,midpoint,20.0,11,1000,0.25,normalization,EXTRACTED,1.0000000000000004,0.004405735035153846,0.2928219319133354,0.029833485655313553,1263.0,0.004405735035153844,0.2928219319133353,oscillatory/nonmonotonic (558 derivative sign changes),True,raw drift is pre-self-normalization cloud estimator; lw_* observables divide by current raw cloud norm
reviewer_closure_20260726_174927/step9_repl_P020/seed11/midpoint.npz,reviewer_closure_20260726_174927/step9_repl_P020/seed11,midpoint,20.0,11,1000,0.25,trace,EXTRACTED,1.0000000000000004,0.00440573503731434,0.292821931914661,0.02983348565559248,1263.0,0.004405735037314338,0.2928219319146609,oscillatory/nonmonotonic (558 derivative sign changes),True,raw drift is pre-self-normalization cloud estimator; lw_* observables divide by current raw cloud norm
reviewer_closure_20260726_174927/step9_repl_P020/seed11/midpoint.npz,reviewer_closure_20260726_174927/step9_repl_P020/seed11,midpoint,20.0,11,1000,0.25,energy,EXTRACTED,0.10004549054164438,-0.005333063793759155,0.03031442932889611,0.00456162607581577,1263.0,-0.05330638857269877,0.3030064540118137,oscillatory/nonmonotonic (550 derivative sign changes),True,raw drift is pre-self-normalization cloud estimator; lw_* observables divide by current raw cloud norm
reviewer_closure_20260726_174927/step9_repl_P020/seed29/pbme.npz,reviewer_closure_20260726_174927/step9_repl_P020/seed29,pbme,20.0,29,1000,0.25,normalization,EXTRACTED,1.0000000000000004,0.0,0.0,0.0,0.0,0.0,0.0,constant within tolerance,True,raw drift is pre-self-normalization cloud estimator; lw_* observables divide by current raw cloud norm
reviewer_closure_20260726_174927/step9_repl_P020/seed29/pbme.npz,reviewer_closure_20260726_174927/step9_repl_P020/seed29,pbme,20.0,29,1000,0.25,trace,EXTRACTED,1.0000000000000004,1.1666223542761145e-12,1.1666223542761145e-12,6.100433426140047e-13,3000.0,1.1666223542761139e-12,1.1666223542761139e-12,constant within tolerance,True,raw drift is pre-self-normalization cloud estimator; lw_* observables divide by current raw cloud norm
reviewer_closure_20260726_174927/step9_repl_P020/seed29/pbme.npz,reviewer_closure_20260726_174927/step9_repl_P020/seed29,pbme,20.0,29,1000,0.25,energy,EXTRACTED,0.10000093360881886,4.383160501220118e-13,5.737717578835344e-09,1.6861695170138157e-09,1252.25,4.383119580029178e-12,5.7376640114981363e-08,oscillatory/nonmonotonic (41 derivative sign changes),True,raw drift is pre-self-normalization cloud estimator; lw_* observables divide by current raw cloud norm
reviewer_closure_20260726_174927/step9_repl_P020/seed29/midpoint.npz,reviewer_closure_20260726_174927/step9_repl_P020/seed29,midpoint,20.0,29,1000,0.25,normalization,EXTRACTED,1.0000000000000004,-0.5606003425950378,0.6708516953341348,0.3979107082882514,1424.5,-0.5606003425950375,0.6708516953341345,oscillatory/nonmonotonic (480 derivative sign changes),True,raw drift is pre-self-normalization cloud estimator; lw_* observables divide by current raw cloud norm
reviewer_closure_20260726_174927/step9_repl_P020/seed29/midpoint.npz,reviewer_closure_20260726_174927/step9_repl_P020/seed29,midpoint,20.0,29,1000,0.25,trace,EXTRACTED,1.0000000000000004,-0.5606003425941328,0.6708516953336969,0.39791070828777203,1424.5,-0.5606003425941326,0.6708516953336966,oscillatory/nonmonotonic (480 derivative sign changes),True,raw drift is pre-self-normalization cloud estimator; lw_* observables divide by current raw cloud norm
reviewer_closure_20260726_174927/step9_repl_P020/seed29/midpoint.npz,reviewer_closure_20260726_174927/step9_repl_P020/seed29,midpoint,20.0,29,1000,0.25,energy,EXTRACTED,0.10000093360881886,-0.06232138257118793,0.07480208078366293,0.0440741448178304,1424.5,-0.6232080073869626,0.7480138243135993,oscillatory/nonmonotonic (448 derivative sign changes),True,raw drift is pre-self-normalization cloud estimator; lw_* observables divide by current raw cloud norm
reviewer_closure_20260726_174927/step9_repl_P020/seed47/pbme.npz,reviewer_closure_20260726_174927/step9_repl_P020/seed47,pbme,20.0,47,1000,0.25,normalization,EXTRACTED,1.0000000000000004,0.0,0.0,0.0,0.0,0.0,0.0,constant within tolerance,True,raw drift is pre-self-normalization cloud estimator; lw_* observables divide by current raw cloud norm
reviewer_closure_20260726_174927/step9_repl_P020/seed47/pbme.npz,reviewer_closure_20260726_174927/step9_repl_P020/seed47,pbme,20.0,47,1000,0.25,trace,EXTRACTED,1.0000000000000004,1.17039711255984e-12,1.17039711255984e-12,6.103112505652295e-13,3000.0,1.1703971125598394e-12,1.1703971125598394e-12,constant within tolerance,True,raw drift is pre-self-normalization cloud estimator; lw_* observables divide by current raw cloud norm
reviewer_closure_20260726_174927/step9_repl_P020/seed47/pbme.npz,reviewer_closure_20260726_174927/step9_repl_P020/seed47,pbme,20.0,47,1000,0.25,energy,EXTRACTED,0.10017998204776452,1.4478696019892823e-13,6.379474601359014e-09,1.6311654829944774e-09,1275.25,1.4452683783662057e-12,6.368013320582712e-08,oscillatory/nonmonotonic (38 derivative sign changes),True,raw drift is pre-self-normalization cloud estimator; lw_* observables divide by current raw cloud norm
reviewer_closure_20260726_174927/step9_repl_P020/seed47/midpoint.npz,reviewer_closure_20260726_174927/step9_repl_P020/seed47,midpoint,20.0,47,1000,0.25,normalization,EXTRACTED,1.0000000000000004,0.17356628389050677,2.0694309491860348,0.3067426694566945,1205.5,0.17356628389050668,2.069430949186034,oscillatory/nonmonotonic (408 derivative sign changes),True,raw drift is pre-self-normalization cloud estimator; lw_* observables divide by current raw cloud norm
reviewer_closure_20260726_174927/step9_repl_P020/seed47/midpoint.npz,reviewer_closure_20260726_174927/step9_repl_P020/seed47,midpoint,20.0,47,1000,0.25,trace,EXTRACTED,1.0000000000000004,0.17356628389421203,2.069430949189052,0.30674266945795287,1205.5,0.17356628389421194,2.069430949189051,oscillatory/nonmonotonic (408 derivative sign changes),True,raw drift is pre-self-normalization cloud estimator; lw_* observables divide by current raw cloud norm
reviewer_closure_20260726_174927/step9_repl_P020/seed47/midpoint.npz,reviewer_closure_20260726_174927/step9_repl_P020/seed47,midpoint,20.0,47,1000,0.25,energy,EXTRACTED,0.10017998204776452,0.03832471092786438,0.24377256512335288,0.04334019077667192,1205.5,0.38255857252591297,2.4333460651562633,oscillatory/nonmonotonic (410 derivative sign changes),True,raw drift is pre-self-normalization cloud estimator; lw_* observables divide by current raw cloud norm
reviewer_closure_20260726_174927/step9_repl_P020/seed73/pbme.npz,reviewer_closure_20260726_174927/step9_repl_P020/seed73,pbme,20.0,73,1000,0.25,normalization,EXTRACTED,1.0000000000000004,0.0,0.0,0.0,0.0,0.0,0.0,constant within tolerance,True,raw drift is pre-self-normalization cloud estimator; lw_* observables divide by current raw cloud norm
reviewer_closure_20260726_174927/step9_repl_P020/seed73/pbme.npz,reviewer_closure_20260726_174927/step9_repl_P020/seed73,pbme,20.0,73,1000,0.25,trace,EXTRACTED,1.0000000000000007,1.1677325773007396e-12,1.1677325773007396e-12,6.040747596644653e-13,3000.0,1.1677325773007388e-12,1.1677325773007388e-12,constant within tolerance,True,raw drift is pre-self-normalization cloud estimator; lw_* observables divide by current raw cloud norm
reviewer_closure_20260726_174927/step9_repl_P020/seed73/pbme.npz,reviewer_closure_20260726_174927/step9_repl_P020/seed73,pbme,20.0,73,1000,0.25,energy,EXTRACTED,0.10001528314113892,1.705718899458475e-13,6.0633764675799284e-09,1.6472703183803442e-09,1285.25,1.7054582518667767e-12,6.062449934799917e-08,oscillatory/nonmonotonic (41 derivative sign changes),True,raw drift is pre-self-normalization cloud estimator; lw_* observables divide by current raw cloud norm
reviewer_closure_20260726_174927/step9_repl_P020/seed73/midpoint.npz,reviewer_closure_20260726_174927/step9_repl_P020/seed73,midpoint,20.0,73,1000,0.25,normalization,EXTRACTED,1.0000000000000004,-0.937887147982562,1.0295213075590846,0.6760507553627452,1568.0,-0.9378871479825616,1.029521307559084,oscillatory/nonmonotonic (463 derivative sign changes),True,raw drift is pre-self-normalization cloud estimator; lw_* observables divide by current raw cloud norm
reviewer_closure_20260726_174927/step9_repl_P020/seed73/midpoint.npz,reviewer_closure_20260726_174927/step9_repl_P020/seed73,midpoint,20.0,73,1000,0.25,trace,EXTRACTED,1.0000000000000007,-0.9378871479821029,1.029521307558763,0.6760507553623981,1568.0,-0.9378871479821023,1.0295213075587624,oscillatory/nonmonotonic (463 derivative sign changes),True,raw drift is pre-self-normalization cloud estimator; lw_* observables divide by current raw cloud norm
reviewer_closure_20260726_174927/step9_repl_P020/seed73/midpoint.npz,reviewer_closure_20260726_174927/step9_repl_P020/seed73,midpoint,20.0,73,1000,0.25,energy,EXTRACTED,0.10001528314113892,-0.08714057921503865,0.09598209552570991,0.0630169156386359,1568.0,-0.8712726343239781,0.9596742868813611,oscillatory/nonmonotonic (491 derivative sign changes),True,raw drift is pre-self-normalization cloud estimator; lw_* observables divide by current raw cloud norm
reviewer_estimate_20260726_171643/calib_P0100_N500_dt0.5/pbme.npz,reviewer_estimate_20260726_171643/calib_P0100_N500_dt0.5,pbme,100.0,11,500,0.5,normalization,EXTRACTED,1.0000000000000002,0.0,0.0,0.0,0.0,0.0,0.0,constant within tolerance,True,raw drift is pre-self-normalization cloud estimator; lw_* observables divide by current raw cloud norm
reviewer_estimate_20260726_171643/calib_P0100_N500_dt0.5/pbme.npz,reviewer_estimate_20260726_171643/calib_P0100_N500_dt0.5,pbme,100.0,11,500,0.5,trace,EXTRACTED,1.0000000000000002,1.1679546219056647e-13,1.1679546219056647e-13,6.047840114719583e-14,600.0,1.1679546219056644e-13,1.1679546219056644e-13,constant within tolerance,True,raw drift is pre-self-normalization cloud estimator; lw_* observables divide by current raw cloud norm
reviewer_estimate_20260726_171643/calib_P0100_N500_dt0.5/pbme.npz,reviewer_estimate_20260726_171643/calib_P0100_N500_dt0.5,pbme,100.0,11,500,0.5,energy,EXTRACTED,2.5001039314985123,-1.9624302183274267e-12,3.1597152405637985e-07,8.338029400977315e-08,308.0,-7.849394553574359e-13,1.2638335553794072e-07,oscillatory/nonmonotonic (11 derivative sign changes),True,raw drift is pre-self-normalization cloud estimator; lw_* observables divide by current raw cloud norm
reviewer_estimate_20260726_171643/calib_P0100_N500_dt0.5/midpoint.npz,reviewer_estimate_20260726_171643/calib_P0100_N500_dt0.5,midpoint,100.0,11,500,0.5,normalization,EXTRACTED,1.0000000000000002,196710974.21814805,202236007.0516087,88364858.6623082,524.0,196710974.21814802,202236007.05160865,oscillatory/nonmonotonic (77 derivative sign changes),True,raw drift is pre-self-normalization cloud estimator; lw_* observables divide by current raw cloud norm
reviewer_estimate_20260726_171643/calib_P0100_N500_dt0.5/midpoint.npz,reviewer_estimate_20260726_171643/calib_P0100_N500_dt0.5,midpoint,100.0,11,500,0.5,trace,EXTRACTED,1.0000000000000002,196710974.2181458,202236007.0516022,88364858.66230607,524.0,196710974.21814576,202236007.05160215,oscillatory/nonmonotonic (77 derivative sign changes),True,raw drift is pre-self-normalization cloud estimator; lw_* observables divide by current raw cloud norm
reviewer_estimate_20260726_171643/calib_P0100_N500_dt0.5/midpoint.npz,reviewer_estimate_20260726_171643/calib_P0100_N500_dt0.5,midpoint,100.0,11,500,0.5,energy,EXTRACTED,2.5001039314985123,460586872.6282812,473706878.38635206,206874122.03584898,524.5,184227090.2522899,189474874.39149046,oscillatory/nonmonotonic (75 derivative sign changes),True,raw drift is pre-self-normalization cloud estimator; lw_* observables divide by current raw cloud norm
reviewer_estimate_20260726_173444/calib_30steps/pbme.npz,reviewer_estimate_20260726_173444/calib_30steps,pbme,100.0,11,500,0.5,normalization,EXTRACTED,1.0000000000000002,0.0,0.0,0.0,0.0,0.0,0.0,constant within tolerance,True,raw drift is pre-self-normalization cloud estimator; lw_* observables divide by current raw cloud norm
reviewer_estimate_20260726_173444/calib_30steps/pbme.npz,reviewer_estimate_20260726_173444/calib_30steps,pbme,100.0,11,500,0.5,trace,EXTRACTED,1.0000000000000002,1.3100631690576847e-14,1.3100631690576847e-14,7.485836779373002e-15,15.0,1.3100631690576844e-14,1.3100631690576844e-14,constant within tolerance,True,raw drift is pre-self-normalization cloud estimator; lw_* observables divide by current raw cloud norm
reviewer_estimate_20260726_173444/calib_30steps/pbme.npz,reviewer_estimate_20260726_173444/calib_30steps,pbme,100.0,11,500,0.5,energy,EXTRACTED,2.5001039314985123,-2.1729285037963564e-12,2.1729285037963564e-12,1.4535920676391601e-12,15.0,-8.69135269306163e-13,8.69135269306163e-13,monotonic,True,raw drift is pre-self-normalization cloud estimator; lw_* observables divide by current raw cloud norm
reviewer_estimate_20260726_173444/calib_30steps/midpoint.npz,reviewer_estimate_20260726_173444/calib_30steps,midpoint,100.0,11,500,0.5,normalization,EXTRACTED,1.0000000000000002,1.9966954829531147e-06,1.9966954829531147e-06,8.992013943987827e-07,15.0,1.9966954829531143e-06,1.9966954829531143e-06,monotonic,True,raw drift is pre-self-normalization cloud estimator; lw_* observables divide by current raw cloud norm
reviewer_estimate_20260726_173444/calib_30steps/midpoint.npz,reviewer_estimate_20260726_173444/calib_30steps,midpoint,100.0,11,500,0.5,trace,EXTRACTED,1.0000000000000002,1.99669550537962e-06,1.99669550537962e-06,8.992014069190476e-07,15.0,1.9966955053796194e-06,1.9966955053796194e-06,monotonic,True,raw drift is pre-self-normalization cloud estimator; lw_* observables divide by current raw cloud norm
reviewer_estimate_20260726_173444/calib_30steps/midpoint.npz,reviewer_estimate_20260726_173444/calib_30steps,midpoint,100.0,11,500,0.5,energy,EXTRACTED,2.5001039314985123,4.993475251957591e-06,4.993475251957591e-06,2.2508272573440866e-06,15.0,1.997307067536429e-06,1.997307067536429e-06,monotonic,True,raw drift is pre-self-normalization cloud estimator; lw_* observables divide by current raw cloud norm
reviewer_estimate_20260726_173444/calib_90steps/pbme.npz,reviewer_estimate_20260726_173444/calib_90steps,pbme,100.0,11,500,0.5,normalization,EXTRACTED,1.0000000000000002,0.0,0.0,0.0,0.0,0.0,0.0,constant within tolerance,True,raw drift is pre-self-normalization cloud estimator; lw_* observables divide by current raw cloud norm
reviewer_estimate_20260726_173444/calib_90steps/pbme.npz,reviewer_estimate_20260726_173444/calib_90steps,pbme,100.0,11,500,0.5,trace,EXTRACTED,1.0000000000000002,3.7969627442180354e-14,3.7969627442180354e-14,2.2278125428325525e-14,45.0,3.796962744218035e-14,3.796962744218035e-14,constant within tolerance,True,raw drift is pre-self-normalization cloud estimator; lw_* observables divide by current raw cloud norm
reviewer_estimate_20260726_173444/calib_90steps/pbme.npz,reviewer_estimate_20260726_173444/calib_90steps,pbme,100.0,11,500,0.5,energy,EXTRACTED,2.5001039314985123,3.666533743285072e-11,3.666533743285072e-11,1.184870306499571e-11,45.0,1.466552528913238e-11,1.466552528913238e-11,oscillatory/nonmonotonic (1 derivative sign changes),True,raw drift is pre-self-normalization cloud estimator; lw_* observables divide by current raw cloud norm
reviewer_estimate_20260726_173444/calib_90steps/midpoint.npz,reviewer_estimate_20260726_173444/calib_90steps,midpoint,100.0,11,500,0.5,normalization,EXTRACTED,1.0000000000000002,3.07280556335332e-05,3.07280556335332e-05,1.263172779060516e-05,45.0,3.0728055633533195e-05,3.0728055633533195e-05,monotonic,True,raw drift is pre-self-normalization cloud estimator; lw_* observables divide by current raw cloud norm
reviewer_estimate_20260726_173444/calib_90steps/midpoint.npz,reviewer_estimate_20260726_173444/calib_90steps,midpoint,100.0,11,500,0.5,trace,EXTRACTED,1.0000000000000002,3.07280557056977e-05,3.07280557056977e-05,1.2631727829707646e-05,45.0,3.072805570569769e-05,3.072805570569769e-05,monotonic,True,raw drift is pre-self-normalization cloud estimator; lw_* observables divide by current raw cloud norm
reviewer_estimate_20260726_173444/calib_90steps/midpoint.npz,reviewer_estimate_20260726_173444/calib_90steps,midpoint,100.0,11,500,0.5,energy,EXTRACTED,2.5001039314985123,7.637309271224524e-05,7.637309271224524e-05,3.14313381203765e-05,45.0,3.054796712649811e-05,3.054796712649811e-05,monotonic,True,raw drift is pre-self-normalization cloud estimator; lw_* observables divide by current raw cloud norm
reviewer_estimate_20260726_174436/calib_30steps/pbme.npz,reviewer_estimate_20260726_174436/calib_30steps,pbme,100.0,11,500,0.5,normalization,EXTRACTED,1.0000000000000002,0.0,0.0,0.0,0.0,0.0,0.0,constant within tolerance,True,raw drift is pre-self-normalization cloud estimator; lw_* observables divide by current raw cloud norm
reviewer_estimate_20260726_174436/calib_30steps/pbme.npz,reviewer_estimate_20260726_174436/calib_30steps,pbme,100.0,11,500,0.5,trace,EXTRACTED,1.0000000000000002,1.3100631690576847e-14,1.3100631690576847e-14,7.485836779373002e-15,15.0,1.3100631690576844e-14,1.3100631690576844e-14,constant within tolerance,True,raw drift is pre-self-normalization cloud estimator; lw_* observables divide by current raw cloud norm
reviewer_estimate_20260726_174436/calib_30steps/pbme.npz,reviewer_estimate_20260726_174436/calib_30steps,pbme,100.0,11,500,0.5,energy,EXTRACTED,2.5001039314985123,-2.1729285037963564e-12,2.1729285037963564e-12,1.4535920676391601e-12,15.0,-8.69135269306163e-13,8.69135269306163e-13,monotonic,True,raw drift is pre-self-normalization cloud estimator; lw_* observables divide by current raw cloud norm
reviewer_estimate_20260726_174436/calib_30steps/midpoint.npz,reviewer_estimate_20260726_174436/calib_30steps,midpoint,100.0,11,500,0.5,normalization,EXTRACTED,1.0000000000000002,1.9966954829531147e-06,1.9966954829531147e-06,8.992013943987827e-07,15.0,1.9966954829531143e-06,1.9966954829531143e-06,monotonic,True,raw drift is pre-self-normalization cloud estimator; lw_* observables divide by current raw cloud norm
reviewer_estimate_20260726_174436/calib_30steps/midpoint.npz,reviewer_estimate_20260726_174436/calib_30steps,midpoint,100.0,11,500,0.5,trace,EXTRACTED,1.0000000000000002,1.99669550537962e-06,1.99669550537962e-06,8.992014069190476e-07,15.0,1.9966955053796194e-06,1.9966955053796194e-06,monotonic,True,raw drift is pre-self-normalization cloud estimator; lw_* observables divide by current raw cloud norm
reviewer_estimate_20260726_174436/calib_30steps/midpoint.npz,reviewer_estimate_20260726_174436/calib_30steps,midpoint,100.0,11,500,0.5,energy,EXTRACTED,2.5001039314985123,4.993475251957591e-06,4.993475251957591e-06,2.2508272573440866e-06,15.0,1.997307067536429e-06,1.997307067536429e-06,monotonic,True,raw drift is pre-self-normalization cloud estimator; lw_* observables divide by current raw cloud norm
reviewer_estimate_20260726_174436/calib_90steps/pbme.npz,reviewer_estimate_20260726_174436/calib_90steps,pbme,100.0,11,500,0.5,normalization,EXTRACTED,1.0000000000000002,0.0,0.0,0.0,0.0,0.0,0.0,constant within tolerance,True,raw drift is pre-self-normalization cloud estimator; lw_* observables divide by current raw cloud norm
reviewer_estimate_20260726_174436/calib_90steps/pbme.npz,reviewer_estimate_20260726_174436/calib_90steps,pbme,100.0,11,500,0.5,trace,EXTRACTED,1.0000000000000002,3.7969627442180354e-14,3.7969627442180354e-14,2.2278125428325525e-14,45.0,3.796962744218035e-14,3.796962744218035e-14,constant within tolerance,True,raw drift is pre-self-normalization cloud estimator; lw_* observables divide by current raw cloud norm
reviewer_estimate_20260726_174436/calib_90steps/pbme.npz,reviewer_estimate_20260726_174436/calib_90steps,pbme,100.0,11,500,0.5,energy,EXTRACTED,2.5001039314985123,3.666533743285072e-11,3.666533743285072e-11,1.184870306499571e-11,45.0,1.466552528913238e-11,1.466552528913238e-11,oscillatory/nonmonotonic (1 derivative sign changes),True,raw drift is pre-self-normalization cloud estimator; lw_* observables divide by current raw cloud norm
reviewer_estimate_20260726_174436/calib_90steps/midpoint.npz,reviewer_estimate_20260726_174436/calib_90steps,midpoint,100.0,11,500,0.5,normalization,EXTRACTED,1.0000000000000002,3.07280556335332e-05,3.07280556335332e-05,1.263172779060516e-05,45.0,3.0728055633533195e-05,3.0728055633533195e-05,monotonic,True,raw drift is pre-self-normalization cloud estimator; lw_* observables divide by current raw cloud norm
reviewer_estimate_20260726_174436/calib_90steps/midpoint.npz,reviewer_estimate_20260726_174436/calib_90steps,midpoint,100.0,11,500,0.5,trace,EXTRACTED,1.0000000000000002,3.07280557056977e-05,3.07280557056977e-05,1.2631727829707646e-05,45.0,3.072805570569769e-05,3.072805570569769e-05,monotonic,True,raw drift is pre-self-normalization cloud estimator; lw_* observables divide by current raw cloud norm
reviewer_estimate_20260726_174436/calib_90steps/midpoint.npz,reviewer_estimate_20260726_174436/calib_90steps,midpoint,100.0,11,500,0.5,energy,EXTRACTED,2.5001039314985123,7.637309271224524e-05,7.637309271224524e-05,3.14313381203765e-05,45.0,3.054796712649811e-05,3.054796712649811e-05,monotonic,True,raw drift is pre-self-normalization cloud estimator; lw_* observables divide by current raw cloud norm
validation/dt_N500_h0.25/pbme.npz,validation/dt_N500_h0.25,pbme,40.0,11,500,0.25,normalization,EXTRACTED,1.0000000000000002,0.0,0.0,0.0,0.0,0.0,0.0,constant within tolerance,True,raw drift is pre-self-normalization cloud estimator; lw_* observables divide by current raw cloud norm
validation/dt_N500_h0.25/pbme.npz,validation/dt_N500_h0.25,pbme,40.0,11,500,0.25,trace,EXTRACTED,1.0000000000000002,2.69340105774063e-13,2.69340105774063e-13,1.7306625481641436e-13,200.0,2.6934010577406293e-13,2.6934010577406293e-13,constant within tolerance,True,raw drift is pre-self-normalization cloud estimator; lw_* observables divide by current raw cloud norm
validation/dt_N500_h0.25/pbme.npz,validation/dt_N500_h0.25,pbme,40.0,11,500,0.25,energy,EXTRACTED,0.400081446138803,8.721856570303999e-12,1.6041501460506424e-11,6.287140951141824e-12,183.75,2.1800202569948883e-11,4.009558957388151e-11,oscillatory/nonmonotonic (2 derivative sign changes),True,raw drift is pre-self-normalization cloud estimator; lw_* observables divide by current raw cloud norm
validation/dt_N500_h0.25/midpoint.npz,validation/dt_N500_h0.25,midpoint,40.0,11,500,0.25,normalization,EXTRACTED,1.0000000000000002,0.00013750648706722934,0.0001735631773551738,6.761253694085863e-05,188.0,0.00013750648706722932,0.00017356317735517377,oscillatory/nonmonotonic (3 derivative sign changes),True,raw drift is pre-self-normalization cloud estimator; lw_* observables divide by current raw cloud norm
validation/dt_N500_h0.25/midpoint.npz,validation/dt_N500_h0.25,midpoint,40.0,11,500,0.25,trace,EXTRACTED,1.0000000000000002,0.00013750648759991435,0.0001735631778758684,6.761253712504041e-05,188.0,0.00013750648759991432,0.00017356317787586836,oscillatory/nonmonotonic (3 derivative sign changes),True,raw drift is pre-self-normalization cloud estimator; lw_* observables divide by current raw cloud norm
validation/dt_N500_h0.25/midpoint.npz,validation/dt_N500_h0.25,midpoint,40.0,11,500,0.25,energy,EXTRACTED,0.400081446138803,5.289661287299907e-05,6.77792914250408e-05,2.6487496598753793e-05,187.5,0.0001322146112585468,0.0001694137333265029,oscillatory/nonmonotonic (3 derivative sign changes),True,raw drift is pre-self-normalization cloud estimator; lw_* observables divide by current raw cloud norm
validation/dt_N500_h0.5/pbme.npz,validation/dt_N500_h0.5,pbme,40.0,11,500,0.5,normalization,EXTRACTED,1.0000000000000002,0.0,0.0,0.0,0.0,0.0,0.0,constant within tolerance,True,raw drift is pre-self-normalization cloud estimator; lw_* observables divide by current raw cloud norm
validation/dt_N500_h0.5/pbme.npz,validation/dt_N500_h0.5,pbme,40.0,11,500,0.5,trace,EXTRACTED,1.0000000000000002,1.4033219031261979e-13,1.4033219031261979e-13,9.16239385358566e-14,200.0,1.4033219031261976e-13,1.4033219031261976e-13,constant within tolerance,True,raw drift is pre-self-normalization cloud estimator; lw_* observables divide by current raw cloud norm
validation/dt_N500_h0.5/pbme.npz,validation/dt_N500_h0.5,pbme,40.0,11,500,0.5,energy,EXTRACTED,0.400081446138803,3.490302491471198e-11,6.417522069313009e-11,2.5152694791325832e-11,184.0,8.723979892484901e-11,1.6040539073352914e-10,oscillatory/nonmonotonic (3 derivative sign changes),True,raw drift is pre-self-normalization cloud estimator; lw_* observables divide by current raw cloud norm
validation/dt_N500_h0.5/midpoint.npz,validation/dt_N500_h0.5,midpoint,40.0,11,500,0.5,normalization,EXTRACTED,1.0000000000000002,0.00013751092703784273,0.00017356679657543062,6.76577784209855e-05,188.0,0.0001375109270378427,0.0001735667965754306,oscillatory/nonmonotonic (3 derivative sign changes),True,raw drift is pre-self-normalization cloud estimator; lw_* observables divide by current raw cloud norm
validation/dt_N500_h0.5/midpoint.npz,validation/dt_N500_h0.5,midpoint,40.0,11,500,0.5,trace,EXTRACTED,1.0000000000000002,0.00013751092730740488,0.00017356679683877552,6.765777851422109e-05,188.0,0.00013751092730740486,0.0001735667968387755,oscillatory/nonmonotonic (3 derivative sign changes),True,raw drift is pre-self-normalization cloud estimator; lw_* observables divide by current raw cloud norm
validation/dt_N500_h0.5/midpoint.npz,validation/dt_N500_h0.5,midpoint,40.0,11,500,0.5,energy,EXTRACTED,0.400081446138803,5.2898352186803166e-05,6.77807106541084e-05,2.650400509053445e-05,187.5,0.00013221895865785983,0.00016941728067687692,oscillatory/nonmonotonic (3 derivative sign changes),True,raw drift is pre-self-normalization cloud estimator; lw_* observables divide by current raw cloud norm
validation/seed_29/pbme.npz,validation/seed_29,pbme,40.0,29,500,0.25,normalization,EXTRACTED,1.0000000000000002,0.0,0.0,0.0,0.0,0.0,0.0,constant within tolerance,True,raw drift is pre-self-normalization cloud estimator; lw_* observables divide by current raw cloud norm
validation/seed_29/pbme.npz,validation/seed_29,pbme,40.0,29,500,0.25,trace,EXTRACTED,1.0000000000000002,2.686739719592879e-13,2.686739719592879e-13,1.7244682978534407e-13,200.0,2.6867397195928783e-13,2.6867397195928783e-13,constant within tolerance,True,raw drift is pre-self-normalization cloud estimator; lw_* observables divide by current raw cloud norm
validation/seed_29/pbme.npz,validation/seed_29,pbme,40.0,29,500,0.25,energy,EXTRACTED,0.3995192950365445,5.240141653928276e-12,5.450917495153362e-12,1.9650489931683644e-12,195.0,1.3116116590686702e-11,1.3643690211895174e-11,oscillatory/nonmonotonic (2 derivative sign changes),True,raw drift is pre-self-normalization cloud estimator; lw_* observables divide by current raw cloud norm
validation/seed_29/midpoint.npz,validation/seed_29,midpoint,40.0,29,500,0.25,normalization,EXTRACTED,1.0000000000000002,4.195826689135096e-05,4.195826689135096e-05,9.638528326975247e-06,200.0,4.195826689135095e-05,4.195826689135095e-05,oscillatory/nonmonotonic (3 derivative sign changes),True,raw drift is pre-self-normalization cloud estimator; lw_* observables divide by current raw cloud norm
validation/seed_29/midpoint.npz,validation/seed_29,midpoint,40.0,29,500,0.25,trace,EXTRACTED,1.0000000000000002,4.195826742336983e-05,4.195826742336983e-05,9.638528411892194e-06,200.0,4.1958267423369826e-05,4.1958267423369826e-05,oscillatory/nonmonotonic (3 derivative sign changes),True,raw drift is pre-self-normalization cloud estimator; lw_* observables divide by current raw cloud norm
validation/seed_29/midpoint.npz,validation/seed_29,midpoint,40.0,29,500,0.25,energy,EXTRACTED,0.3995192950365445,1.607005200721101e-05,1.607005200721101e-05,3.734967012793584e-06,200.0,4.022346907110222e-05,4.022346907110222e-05,oscillatory/nonmonotonic (3 derivative sign changes),True,raw drift is pre-self-normalization cloud estimator; lw_* observables divide by current raw cloud norm
validation/seed_47/pbme.npz,validation/seed_47,pbme,40.0,47,500,0.25,normalization,EXTRACTED,1.0,0.0,0.0,0.0,0.0,0.0,0.0,constant within tolerance,True,raw drift is pre-self-normalization cloud estimator; lw_* observables divide by current raw cloud norm
validation/seed_47/pbme.npz,validation/seed_47,pbme,40.0,47,500,0.25,trace,EXTRACTED,1.0000000000000002,2.7133850721838826e-13,2.7133850721838826e-13,1.7384889920940904e-13,200.0,2.713385072183882e-13,2.713385072183882e-13,constant within tolerance,True,raw drift is pre-self-normalization cloud estimator; lw_* observables divide by current raw cloud norm
validation/seed_47/pbme.npz,validation/seed_47,pbme,40.0,47,500,0.25,energy,EXTRACTED,0.39934870661518435,-4.670597242295571e-12,4.670597242295571e-12,9.65788712017981e-13,200.0,-1.1695536169085922e-11,1.1695536169085922e-11,monotonic,True,raw drift is pre-self-normalization cloud estimator; lw_* observables divide by current raw cloud norm
validation/seed_47/midpoint.npz,validation/seed_47,midpoint,40.0,47,500,0.25,normalization,EXTRACTED,1.0,4.5834455597137946e-05,4.811489627687404e-05,1.9544901456536114e-05,168.5,4.5834455597137946e-05,4.811489627687404e-05,oscillatory/nonmonotonic (3 derivative sign changes),True,raw drift is pre-self-normalization cloud estimator; lw_* observables divide by current raw cloud norm
validation/seed_47/midpoint.npz,validation/seed_47,midpoint,40.0,47,500,0.25,trace,EXTRACTED,1.0000000000000002,4.583445613492998e-05,4.811489578238071e-05,1.9544901285365064e-05,168.5,4.5834456134929966e-05,4.811489578238069e-05,oscillatory/nonmonotonic (3 derivative sign changes),True,raw drift is pre-self-normalization cloud estimator; lw_* observables divide by current raw cloud norm
validation/seed_47/midpoint.npz,validation/seed_47,midpoint,40.0,47,500,0.25,energy,EXTRACTED,0.39934870661518435,1.8528894469627133e-05,1.955285356036729e-05,7.93839831420329e-06,168.5,4.639778259625547e-05,4.8961855231970435e-05,oscillatory/nonmonotonic (3 derivative sign changes),True,raw drift is pre-self-normalization cloud estimator; lw_* observables divide by current raw cloud norm
validation/support_N1000/pbme.npz,validation/support_N1000,pbme,40.0,11,1000,0.25,normalization,EXTRACTED,1.0000000000000004,0.0,0.0,0.0,0.0,0.0,0.0,constant within tolerance,True,raw drift is pre-self-normalization cloud estimator; lw_* observables divide by current raw cloud norm
validation/support_N1000/pbme.npz,validation/support_N1000,pbme,40.0,11,1000,0.25,trace,EXTRACTED,1.0000000000000004,2.686739719592879e-13,2.686739719592879e-13,1.7206319000618795e-13,199.75,2.686739719592878e-13,2.686739719592878e-13,constant within tolerance,True,raw drift is pre-self-normalization cloud estimator; lw_* observables divide by current raw cloud norm
validation/support_N1000/pbme.npz,validation/support_N1000,pbme,40.0,11,1000,0.25,energy,EXTRACTED,0.40002821365314195,-5.058731211704526e-13,6.01879657224913e-12,2.4401454892100474e-12,174.5,-1.2645936059127246e-12,1.5045930178984655e-11,oscillatory/nonmonotonic (2 derivative sign changes),True,raw drift is pre-self-normalization cloud estimator; lw_* observables divide by current raw cloud norm
validation/support_N1000/midpoint.npz,validation/support_N1000,midpoint,40.0,11,1000,0.25,normalization,EXTRACTED,1.0000000000000004,-2.339759736302849e-05,3.043567974359007e-05,1.2235309582769431e-05,186.75,-2.3397597363028478e-05,3.0435679743590058e-05,oscillatory/nonmonotonic (3 derivative sign changes),True,raw drift is pre-self-normalization cloud estimator; lw_* observables divide by current raw cloud norm
validation/support_N1000/midpoint.npz,validation/support_N1000,midpoint,40.0,11,1000,0.25,trace,EXTRACTED,1.0000000000000004,-2.3397596830898593e-05,3.0435679226337164e-05,1.2235309402447482e-05,186.75,-2.3397596830898582e-05,3.043567922633715e-05,oscillatory/nonmonotonic (3 derivative sign changes),True,raw drift is pre-self-normalization cloud estimator; lw_* observables divide by current raw cloud norm
validation/support_N1000/midpoint.npz,validation/support_N1000,midpoint,40.0,11,1000,0.25,energy,EXTRACTED,0.40002821365314195,-8.830417209670927e-06,1.2112771586636484e-05,4.901745720369474e-06,185.75,-2.207448601944772e-05,3.0279793207634283e-05,oscillatory/nonmonotonic (3 derivative sign changes),True,raw drift is pre-self-normalization cloud estimator; lw_* observables divide by current raw cloud norm
