method,P0,seed,N,dt,observable,endpoint_value,completed,cloud_relationship,source_npz,source_manifest
PBME,20.0,11,500,0.25,P0,0.9580251561035138,True,independently sampled; not nested,D:\PhD-Project\GP_RKHS_MINT\GP_RKHS_MINT\Tully_models\GP_MInt_QCLE_Reviewer_Ready_Pipeline_v4\output\fixed_pipeline\reviewer_closure_20260723_194254\step8_support_P020\seed11_N500\pbme.npz,D:\PhD-Project\GP_RKHS_MINT\GP_RKHS_MINT\Tully_models\GP_MInt_QCLE_Reviewer_Ready_Pipeline_v4\output\fixed_pipeline\reviewer_closure_20260723_194254\step8_support_P020\seed11_N500\run_manifest.json
PBME,20.0,11,500,0.25,P1,0.04197484389764712,True,independently sampled; not nested,D:\PhD-Project\GP_RKHS_MINT\GP_RKHS_MINT\Tully_models\GP_MInt_QCLE_Reviewer_Ready_Pipeline_v4\output\fixed_pipeline\reviewer_closure_20260723_194254\step8_support_P020\seed11_N500\pbme.npz,D:\PhD-Project\GP_RKHS_MINT\GP_RKHS_MINT\Tully_models\GP_MInt_QCLE_Reviewer_Ready_Pipeline_v4\output\fixed_pipeline\reviewer_closure_20260723_194254\step8_support_P020\seed11_N500\run_manifest.json
PBME,20.0,11,500,0.25,trace,1.0000000000011608,True,independently sampled; not nested,D:\PhD-Project\GP_RKHS_MINT\GP_RKHS_MINT\Tully_models\GP_MInt_QCLE_Reviewer_Ready_Pipeline_v4\output\fixed_pipeline\reviewer_closure_20260723_194254\step8_support_P020\seed11_N500\pbme.npz,D:\PhD-Project\GP_RKHS_MINT\GP_RKHS_MINT\Tully_models\GP_MInt_QCLE_Reviewer_Ready_Pipeline_v4\output\fixed_pipeline\reviewer_closure_20260723_194254\step8_support_P020\seed11_N500\run_manifest.json
PBME,20.0,11,500,0.25,energy,0.10007395101866674,True,independently sampled; not nested,D:\PhD-Project\GP_RKHS_MINT\GP_RKHS_MINT\Tully_models\GP_MInt_QCLE_Reviewer_Ready_Pipeline_v4\output\fixed_pipeline\reviewer_closure_20260723_194254\step8_support_P020\seed11_N500\pbme.npz,D:\PhD-Project\GP_RKHS_MINT\GP_RKHS_MINT\Tully_models\GP_MInt_QCLE_Reviewer_Ready_Pipeline_v4\output\fixed_pipeline\reviewer_closure_20260723_194254\step8_support_P020\seed11_N500\run_manifest.json
PBME,20.0,11,500,0.25,R_mean,15.356984323192759,True,independently sampled; not nested,D:\PhD-Project\GP_RKHS_MINT\GP_RKHS_MINT\Tully_models\GP_MInt_QCLE_Reviewer_Ready_Pipeline_v4\output\fixed_pipeline\reviewer_closure_20260723_194254\step8_support_P020\seed11_N500\pbme.npz,D:\PhD-Project\GP_RKHS_MINT\GP_RKHS_MINT\Tully_models\GP_MInt_QCLE_Reviewer_Ready_Pipeline_v4\output\fixed_pipeline\reviewer_closure_20260723_194254\step8_support_P020\seed11_N500\run_manifest.json
PBME,20.0,11,500,0.25,P_mean,19.75889500608753,True,independently sampled; not nested,D:\PhD-Project\GP_RKHS_MINT\GP_RKHS_MINT\Tully_models\GP_MInt_QCLE_Reviewer_Ready_Pipeline_v4\output\fixed_pipeline\reviewer_closure_20260723_194254\step8_support_P020\seed11_N500\pbme.npz,D:\PhD-Project\GP_RKHS_MINT\GP_RKHS_MINT\Tully_models\GP_MInt_QCLE_Reviewer_Ready_Pipeline_v4\output\fixed_pipeline\reviewer_closure_20260723_194254\step8_support_P020\seed11_N500\run_manifest.json
PBME,20.0,11,500,0.25,R_var,2.255790782132266,True,independently sampled; not nested,D:\PhD-Project\GP_RKHS_MINT\GP_RKHS_MINT\Tully_models\GP_MInt_QCLE_Reviewer_Ready_Pipeline_v4\output\fixed_pipeline\reviewer_closure_20260723_194254\step8_support_P020\seed11_N500\pbme.npz,D:\PhD-Project\GP_RKHS_MINT\GP_RKHS_MINT\Tully_models\GP_MInt_QCLE_Reviewer_Ready_Pipeline_v4\output\fixed_pipeline\reviewer_closure_20260723_194254\step8_support_P020\seed11_N500\run_manifest.json
PBME,20.0,11,500,0.25,P_var,1.4870721086778076,True,independently sampled; not nested,D:\PhD-Project\GP_RKHS_MINT\GP_RKHS_MINT\Tully_models\GP_MInt_QCLE_Reviewer_Ready_Pipeline_v4\output\fixed_pipeline\reviewer_closure_20260723_194254\step8_support_P020\seed11_N500\pbme.npz,D:\PhD-Project\GP_RKHS_MINT\GP_RKHS_MINT\Tully_models\GP_MInt_QCLE_Reviewer_Ready_Pipeline_v4\output\fixed_pipeline\reviewer_closure_20260723_194254\step8_support_P020\seed11_N500\run_manifest.json
MIDPOINT,20.0,11,500,0.25,P0,1.1522467839041666,True,independently sampled; not nested,D:\PhD-Project\GP_RKHS_MINT\GP_RKHS_MINT\Tully_models\GP_MInt_QCLE_Reviewer_Ready_Pipeline_v4\output\fixed_pipeline\reviewer_closure_20260723_194254\step8_support_P020\seed11_N500\midpoint.npz,D:\PhD-Project\GP_RKHS_MINT\GP_RKHS_MINT\Tully_models\GP_MInt_QCLE_Reviewer_Ready_Pipeline_v4\output\fixed_pipeline\reviewer_closure_20260723_194254\step8_support_P020\seed11_N500\run_manifest.json
MIDPOINT,20.0,11,500,0.25,P1,-0.15224678390204882,True,independently sampled; not nested,D:\PhD-Project\GP_RKHS_MINT\GP_RKHS_MINT\Tully_models\GP_MInt_QCLE_Reviewer_Ready_Pipeline_v4\output\fixed_pipeline\reviewer_closure_20260723_194254\step8_support_P020\seed11_N500\midpoint.npz,D:\PhD-Project\GP_RKHS_MINT\GP_RKHS_MINT\Tully_models\GP_MInt_QCLE_Reviewer_Ready_Pipeline_v4\output\fixed_pipeline\reviewer_closure_20260723_194254\step8_support_P020\seed11_N500\run_manifest.json
MIDPOINT,20.0,11,500,0.25,trace,1.0000000000021176,True,independently sampled; not nested,D:\PhD-Project\GP_RKHS_MINT\GP_RKHS_MINT\Tully_models\GP_MInt_QCLE_Reviewer_Ready_Pipeline_v4\output\fixed_pipeline\reviewer_closure_20260723_194254\step8_support_P020\seed11_N500\midpoint.npz,D:\PhD-Project\GP_RKHS_MINT\GP_RKHS_MINT\Tully_models\GP_MInt_QCLE_Reviewer_Ready_Pipeline_v4\output\fixed_pipeline\reviewer_closure_20260723_194254\step8_support_P020\seed11_N500\run_manifest.json
MIDPOINT,20.0,11,500,0.25,energy,0.08522471441631606,True,independently sampled; not nested,D:\PhD-Project\GP_RKHS_MINT\GP_RKHS_MINT\Tully_models\GP_MInt_QCLE_Reviewer_Ready_Pipeline_v4\output\fixed_pipeline\reviewer_closure_20260723_194254\step8_support_P020\seed11_N500\midpoint.npz,D:\PhD-Project\GP_RKHS_MINT\GP_RKHS_MINT\Tully_models\GP_MInt_QCLE_Reviewer_Ready_Pipeline_v4\output\fixed_pipeline\reviewer_closure_20260723_194254\step8_support_P020\seed11_N500\run_manifest.json
MIDPOINT,20.0,11,500,0.25,R_mean,15.926718360003004,True,independently sampled; not nested,D:\PhD-Project\GP_RKHS_MINT\GP_RKHS_MINT\Tully_models\GP_MInt_QCLE_Reviewer_Ready_Pipeline_v4\output\fixed_pipeline\reviewer_closure_20260723_194254\step8_support_P020\seed11_N500\midpoint.npz,D:\PhD-Project\GP_RKHS_MINT\GP_RKHS_MINT\Tully_models\GP_MInt_QCLE_Reviewer_Ready_Pipeline_v4\output\fixed_pipeline\reviewer_closure_20260723_194254\step8_support_P020\seed11_N500\run_manifest.json
MIDPOINT,20.0,11,500,0.25,P_mean,19.257108938424835,True,independently sampled; not nested,D:\PhD-Project\GP_RKHS_MINT\GP_RKHS_MINT\Tully_models\GP_MInt_QCLE_Reviewer_Ready_Pipeline_v4\output\fixed_pipeline\reviewer_closure_20260723_194254\step8_support_P020\seed11_N500\midpoint.npz,D:\PhD-Project\GP_RKHS_MINT\GP_RKHS_MINT\Tully_models\GP_MInt_QCLE_Reviewer_Ready_Pipeline_v4\output\fixed_pipeline\reviewer_closure_20260723_194254\step8_support_P020\seed11_N500\run_manifest.json
MIDPOINT,20.0,11,500,0.25,R_var,-1297.8838414695756,True,independently sampled; not nested,D:\PhD-Project\GP_RKHS_MINT\GP_RKHS_MINT\Tully_models\GP_MInt_QCLE_Reviewer_Ready_Pipeline_v4\output\fixed_pipeline\reviewer_closure_20260723_194254\step8_support_P020\seed11_N500\midpoint.npz,D:\PhD-Project\GP_RKHS_MINT\GP_RKHS_MINT\Tully_models\GP_MInt_QCLE_Reviewer_Ready_Pipeline_v4\output\fixed_pipeline\reviewer_closure_20260723_194254\step8_support_P020\seed11_N500\run_manifest.json
MIDPOINT,20.0,11,500,0.25,P_var,-1899.4083689682827,True,independently sampled; not nested,D:\PhD-Project\GP_RKHS_MINT\GP_RKHS_MINT\Tully_models\GP_MInt_QCLE_Reviewer_Ready_Pipeline_v4\output\fixed_pipeline\reviewer_closure_20260723_194254\step8_support_P020\seed11_N500\midpoint.npz,D:\PhD-Project\GP_RKHS_MINT\GP_RKHS_MINT\Tully_models\GP_MInt_QCLE_Reviewer_Ready_Pipeline_v4\output\fixed_pipeline\reviewer_closure_20260723_194254\step8_support_P020\seed11_N500\run_manifest.json
PBME,20.0,11,1000,0.25,P0,0.9560124777213774,True,independently sampled; not nested,D:\PhD-Project\GP_RKHS_MINT\GP_RKHS_MINT\Tully_models\GP_MInt_QCLE_Reviewer_Ready_Pipeline_v4\output\fixed_pipeline\reviewer_closure_20260726_174927\step9_repl_P020\seed11\pbme.npz,D:\PhD-Project\GP_RKHS_MINT\GP_RKHS_MINT\Tully_models\GP_MInt_QCLE_Reviewer_Ready_Pipeline_v4\output\fixed_pipeline\reviewer_closure_20260726_174927\step9_repl_P020\seed11\run_manifest.json
PBME,20.0,11,1000,0.25,P1,0.04398752227978536,True,independently sampled; not nested,D:\PhD-Project\GP_RKHS_MINT\GP_RKHS_MINT\Tully_models\GP_MInt_QCLE_Reviewer_Ready_Pipeline_v4\output\fixed_pipeline\reviewer_closure_20260726_174927\step9_repl_P020\seed11\pbme.npz,D:\PhD-Project\GP_RKHS_MINT\GP_RKHS_MINT\Tully_models\GP_MInt_QCLE_Reviewer_Ready_Pipeline_v4\output\fixed_pipeline\reviewer_closure_20260726_174927\step9_repl_P020\seed11\run_manifest.json
PBME,20.0,11,1000,0.25,trace,1.0000000000011628,True,independently sampled; not nested,D:\PhD-Project\GP_RKHS_MINT\GP_RKHS_MINT\Tully_models\GP_MInt_QCLE_Reviewer_Ready_Pipeline_v4\output\fixed_pipeline\reviewer_closure_20260726_174927\step9_repl_P020\seed11\pbme.npz,D:\PhD-Project\GP_RKHS_MINT\GP_RKHS_MINT\Tully_models\GP_MInt_QCLE_Reviewer_Ready_Pipeline_v4\output\fixed_pipeline\reviewer_closure_20260726_174927\step9_repl_P020\seed11\run_manifest.json
PBME,20.0,11,1000,0.25,energy,0.1000454905418244,True,independently sampled; not nested,D:\PhD-Project\GP_RKHS_MINT\GP_RKHS_MINT\Tully_models\GP_MInt_QCLE_Reviewer_Ready_Pipeline_v4\output\fixed_pipeline\reviewer_closure_20260726_174927\step9_repl_P020\seed11\pbme.npz,D:\PhD-Project\GP_RKHS_MINT\GP_RKHS_MINT\Tully_models\GP_MInt_QCLE_Reviewer_Ready_Pipeline_v4\output\fixed_pipeline\reviewer_closure_20260726_174927\step9_repl_P020\seed11\run_manifest.json
PBME,20.0,11,1000,0.25,R_mean,15.326090893237517,True,independently sampled; not nested,D:\PhD-Project\GP_RKHS_MINT\GP_RKHS_MINT\Tully_models\GP_MInt_QCLE_Reviewer_Ready_Pipeline_v4\output\fixed_pipeline\reviewer_closure_20260726_174927\step9_repl_P020\seed11\pbme.npz,D:\PhD-Project\GP_RKHS_MINT\GP_RKHS_MINT\Tully_models\GP_MInt_QCLE_Reviewer_Ready_Pipeline_v4\output\fixed_pipeline\reviewer_closure_20260726_174927\step9_repl_P020\seed11\run_manifest.json
PBME,20.0,11,1000,0.25,P_mean,19.740845087533984,True,independently sampled; not nested,D:\PhD-Project\GP_RKHS_MINT\GP_RKHS_MINT\Tully_models\GP_MInt_QCLE_Reviewer_Ready_Pipeline_v4\output\fixed_pipeline\reviewer_closure_20260726_174927\step9_repl_P020\seed11\pbme.npz,D:\PhD-Project\GP_RKHS_MINT\GP_RKHS_MINT\Tully_models\GP_MInt_QCLE_Reviewer_Ready_Pipeline_v4\output\fixed_pipeline\reviewer_closure_20260726_174927\step9_repl_P020\seed11\run_manifest.json
PBME,20.0,11,1000,0.25,R_var,2.4004920594238968,True,independently sampled; not nested,D:\PhD-Project\GP_RKHS_MINT\GP_RKHS_MINT\Tully_models\GP_MInt_QCLE_Reviewer_Ready_Pipeline_v4\output\fixed_pipeline\reviewer_closure_20260726_174927\step9_repl_P020\seed11\pbme.npz,D:\PhD-Project\GP_RKHS_MINT\GP_RKHS_MINT\Tully_models\GP_MInt_QCLE_Reviewer_Ready_Pipeline_v4\output\fixed_pipeline\reviewer_closure_20260726_174927\step9_repl_P020\seed11\run_manifest.json
PBME,20.0,11,1000,0.25,P_var,1.68275441475987,True,independently sampled; not nested,D:\PhD-Project\GP_RKHS_MINT\GP_RKHS_MINT\Tully_models\GP_MInt_QCLE_Reviewer_Ready_Pipeline_v4\output\fixed_pipeline\reviewer_closure_20260726_174927\step9_repl_P020\seed11\pbme.npz,D:\PhD-Project\GP_RKHS_MINT\GP_RKHS_MINT\Tully_models\GP_MInt_QCLE_Reviewer_Ready_Pipeline_v4\output\fixed_pipeline\reviewer_closure_20260726_174927\step9_repl_P020\seed11\run_manifest.json
MIDPOINT,20.0,11,1000,0.25,P0,0.9877541611632755,True,independently sampled; not nested,D:\PhD-Project\GP_RKHS_MINT\GP_RKHS_MINT\Tully_models\GP_MInt_QCLE_Reviewer_Ready_Pipeline_v4\output\fixed_pipeline\reviewer_closure_20260726_174927\step9_repl_P020\seed11\midpoint.npz,D:\PhD-Project\GP_RKHS_MINT\GP_RKHS_MINT\Tully_models\GP_MInt_QCLE_Reviewer_Ready_Pipeline_v4\output\fixed_pipeline\reviewer_closure_20260726_174927\step9_repl_P020\seed11\run_manifest.json
MIDPOINT,20.0,11,1000,0.25,P1,0.012245838838875261,True,independently sampled; not nested,D:\PhD-Project\GP_RKHS_MINT\GP_RKHS_MINT\Tully_models\GP_MInt_QCLE_Reviewer_Ready_Pipeline_v4\output\fixed_pipeline\reviewer_closure_20260726_174927\step9_repl_P020\seed11\midpoint.npz,D:\PhD-Project\GP_RKHS_MINT\GP_RKHS_MINT\Tully_models\GP_MInt_QCLE_Reviewer_Ready_Pipeline_v4\output\fixed_pipeline\reviewer_closure_20260726_174927\step9_repl_P020\seed11\run_manifest.json
MIDPOINT,20.0,11,1000,0.25,trace,1.0000000000021507,True,independently sampled; not nested,D:\PhD-Project\GP_RKHS_MINT\GP_RKHS_MINT\Tully_models\GP_MInt_QCLE_Reviewer_Ready_Pipeline_v4\output\fixed_pipeline\reviewer_closure_20260726_174927\step9_repl_P020\seed11\midpoint.npz,D:\PhD-Project\GP_RKHS_MINT\GP_RKHS_MINT\Tully_models\GP_MInt_QCLE_Reviewer_Ready_Pipeline_v4\output\fixed_pipeline\reviewer_closure_20260726_174927\step9_repl_P020\seed11\run_manifest.json
MIDPOINT,20.0,11,1000,0.25,energy,0.09429697924272633,True,independently sampled; not nested,D:\PhD-Project\GP_RKHS_MINT\GP_RKHS_MINT\Tully_models\GP_MInt_QCLE_Reviewer_Ready_Pipeline_v4\output\fixed_pipeline\reviewer_closure_20260726_174927\step9_repl_P020\seed11\midpoint.npz,D:\PhD-Project\GP_RKHS_MINT\GP_RKHS_MINT\Tully_models\GP_MInt_QCLE_Reviewer_Ready_Pipeline_v4\output\fixed_pipeline\reviewer_closure_20260726_174927\step9_repl_P020\seed11\run_manifest.json
MIDPOINT,20.0,11,1000,0.25,R_mean,15.231976407524874,True,independently sampled; not nested,D:\PhD-Project\GP_RKHS_MINT\GP_RKHS_MINT\Tully_models\GP_MInt_QCLE_Reviewer_Ready_Pipeline_v4\output\fixed_pipeline\reviewer_closure_20260726_174927\step9_repl_P020\seed11\midpoint.npz,D:\PhD-Project\GP_RKHS_MINT\GP_RKHS_MINT\Tully_models\GP_MInt_QCLE_Reviewer_Ready_Pipeline_v4\output\fixed_pipeline\reviewer_closure_20260726_174927\step9_repl_P020\seed11\run_manifest.json
MIDPOINT,20.0,11,1000,0.25,P_mean,19.344145453883446,True,independently sampled; not nested,D:\PhD-Project\GP_RKHS_MINT\GP_RKHS_MINT\Tully_models\GP_MInt_QCLE_Reviewer_Ready_Pipeline_v4\output\fixed_pipeline\reviewer_closure_20260726_174927\step9_repl_P020\seed11\midpoint.npz,D:\PhD-Project\GP_RKHS_MINT\GP_RKHS_MINT\Tully_models\GP_MInt_QCLE_Reviewer_Ready_Pipeline_v4\output\fixed_pipeline\reviewer_closure_20260726_174927\step9_repl_P020\seed11\run_manifest.json
MIDPOINT,20.0,11,1000,0.25,R_var,0.1936517906299855,True,independently sampled; not nested,D:\PhD-Project\GP_RKHS_MINT\GP_RKHS_MINT\Tully_models\GP_MInt_QCLE_Reviewer_Ready_Pipeline_v4\output\fixed_pipeline\reviewer_closure_20260726_174927\step9_repl_P020\seed11\midpoint.npz,D:\PhD-Project\GP_RKHS_MINT\GP_RKHS_MINT\Tully_models\GP_MInt_QCLE_Reviewer_Ready_Pipeline_v4\output\fixed_pipeline\reviewer_closure_20260726_174927\step9_repl_P020\seed11\run_manifest.json
MIDPOINT,20.0,11,1000,0.25,P_var,-1.11178177154153,True,independently sampled; not nested,D:\PhD-Project\GP_RKHS_MINT\GP_RKHS_MINT\Tully_models\GP_MInt_QCLE_Reviewer_Ready_Pipeline_v4\output\fixed_pipeline\reviewer_closure_20260726_174927\step9_repl_P020\seed11\midpoint.npz,D:\PhD-Project\GP_RKHS_MINT\GP_RKHS_MINT\Tully_models\GP_MInt_QCLE_Reviewer_Ready_Pipeline_v4\output\fixed_pipeline\reviewer_closure_20260726_174927\step9_repl_P020\seed11\run_manifest.json
PBME,20.0,11,2000,0.25,P0,0.9536674199570725,True,independently sampled; not nested,D:\PhD-Project\GP_RKHS_MINT\GP_RKHS_MINT\Tully_models\GP_MInt_QCLE_Reviewer_Ready_Pipeline_v4\output\fixed_pipeline\final_reviewer_closure\dynamics\support\P020\seed11_N2000\pbme.npz,D:\PhD-Project\GP_RKHS_MINT\GP_RKHS_MINT\Tully_models\GP_MInt_QCLE_Reviewer_Ready_Pipeline_v4\output\fixed_pipeline\final_reviewer_closure\dynamics\support\P020\seed11_N2000\run_manifest.json
PBME,20.0,11,2000,0.25,P1,0.04633258004408867,True,independently sampled; not nested,D:\PhD-Project\GP_RKHS_MINT\GP_RKHS_MINT\Tully_models\GP_MInt_QCLE_Reviewer_Ready_Pipeline_v4\output\fixed_pipeline\final_reviewer_closure\dynamics\support\P020\seed11_N2000\pbme.npz,D:\PhD-Project\GP_RKHS_MINT\GP_RKHS_MINT\Tully_models\GP_MInt_QCLE_Reviewer_Ready_Pipeline_v4\output\fixed_pipeline\final_reviewer_closure\dynamics\support\P020\seed11_N2000\run_manifest.json
PBME,20.0,11,2000,0.25,trace,1.0000000000011613,True,independently sampled; not nested,D:\PhD-Project\GP_RKHS_MINT\GP_RKHS_MINT\Tully_models\GP_MInt_QCLE_Reviewer_Ready_Pipeline_v4\output\fixed_pipeline\final_reviewer_closure\dynamics\support\P020\seed11_N2000\pbme.npz,D:\PhD-Project\GP_RKHS_MINT\GP_RKHS_MINT\Tully_models\GP_MInt_QCLE_Reviewer_Ready_Pipeline_v4\output\fixed_pipeline\final_reviewer_closure\dynamics\support\P020\seed11_N2000\run_manifest.json
PBME,20.0,11,2000,0.25,energy,0.10014830889012337,True,independently sampled; not nested,D:\PhD-Project\GP_RKHS_MINT\GP_RKHS_MINT\Tully_models\GP_MInt_QCLE_Reviewer_Ready_Pipeline_v4\output\fixed_pipeline\final_reviewer_closure\dynamics\support\P020\seed11_N2000\pbme.npz,D:\PhD-Project\GP_RKHS_MINT\GP_RKHS_MINT\Tully_models\GP_MInt_QCLE_Reviewer_Ready_Pipeline_v4\output\fixed_pipeline\final_reviewer_closure\dynamics\support\P020\seed11_N2000\run_manifest.json
PBME,20.0,11,2000,0.25,R_mean,15.312682169733627,True,independently sampled; not nested,D:\PhD-Project\GP_RKHS_MINT\GP_RKHS_MINT\Tully_models\GP_MInt_QCLE_Reviewer_Ready_Pipeline_v4\output\fixed_pipeline\final_reviewer_closure\dynamics\support\P020\seed11_N2000\pbme.npz,D:\PhD-Project\GP_RKHS_MINT\GP_RKHS_MINT\Tully_models\GP_MInt_QCLE_Reviewer_Ready_Pipeline_v4\output\fixed_pipeline\final_reviewer_closure\dynamics\support\P020\seed11_N2000\run_manifest.json
PBME,20.0,11,2000,0.25,P_mean,19.737595551746324,True,independently sampled; not nested,D:\PhD-Project\GP_RKHS_MINT\GP_RKHS_MINT\Tully_models\GP_MInt_QCLE_Reviewer_Ready_Pipeline_v4\output\fixed_pipeline\final_reviewer_closure\dynamics\support\P020\seed11_N2000\pbme.npz,D:\PhD-Project\GP_RKHS_MINT\GP_RKHS_MINT\Tully_models\GP_MInt_QCLE_Reviewer_Ready_Pipeline_v4\output\fixed_pipeline\final_reviewer_closure\dynamics\support\P020\seed11_N2000\run_manifest.json
PBME,20.0,11,2000,0.25,R_var,2.326475717518349,True,independently sampled; not nested,D:\PhD-Project\GP_RKHS_MINT\GP_RKHS_MINT\Tully_models\GP_MInt_QCLE_Reviewer_Ready_Pipeline_v4\output\fixed_pipeline\final_reviewer_closure\dynamics\support\P020\seed11_N2000\pbme.npz,D:\PhD-Project\GP_RKHS_MINT\GP_RKHS_MINT\Tully_models\GP_MInt_QCLE_Reviewer_Ready_Pipeline_v4\output\fixed_pipeline\final_reviewer_closure\dynamics\support\P020\seed11_N2000\run_manifest.json
PBME,20.0,11,2000,0.25,P_var,1.7535887726943997,True,independently sampled; not nested,D:\PhD-Project\GP_RKHS_MINT\GP_RKHS_MINT\Tully_models\GP_MInt_QCLE_Reviewer_Ready_Pipeline_v4\output\fixed_pipeline\final_reviewer_closure\dynamics\support\P020\seed11_N2000\pbme.npz,D:\PhD-Project\GP_RKHS_MINT\GP_RKHS_MINT\Tully_models\GP_MInt_QCLE_Reviewer_Ready_Pipeline_v4\output\fixed_pipeline\final_reviewer_closure\dynamics\support\P020\seed11_N2000\run_manifest.json
MIDPOINT,20.0,11,2000,0.25,P0,0.8808405932897156,True,independently sampled; not nested,D:\PhD-Project\GP_RKHS_MINT\GP_RKHS_MINT\Tully_models\GP_MInt_QCLE_Reviewer_Ready_Pipeline_v4\output\fixed_pipeline\final_reviewer_closure\dynamics\support\P020\seed11_N2000\midpoint.npz,D:\PhD-Project\GP_RKHS_MINT\GP_RKHS_MINT\Tully_models\GP_MInt_QCLE_Reviewer_Ready_Pipeline_v4\output\fixed_pipeline\final_reviewer_closure\dynamics\support\P020\seed11_N2000\run_manifest.json
MIDPOINT,20.0,11,2000,0.25,P1,0.11915940671310747,True,independently sampled; not nested,D:\PhD-Project\GP_RKHS_MINT\GP_RKHS_MINT\Tully_models\GP_MInt_QCLE_Reviewer_Ready_Pipeline_v4\output\fixed_pipeline\final_reviewer_closure\dynamics\support\P020\seed11_N2000\midpoint.npz,D:\PhD-Project\GP_RKHS_MINT\GP_RKHS_MINT\Tully_models\GP_MInt_QCLE_Reviewer_Ready_Pipeline_v4\output\fixed_pipeline\final_reviewer_closure\dynamics\support\P020\seed11_N2000\run_manifest.json
MIDPOINT,20.0,11,2000,0.25,trace,1.000000000002823,True,independently sampled; not nested,D:\PhD-Project\GP_RKHS_MINT\GP_RKHS_MINT\Tully_models\GP_MInt_QCLE_Reviewer_Ready_Pipeline_v4\output\fixed_pipeline\final_reviewer_closure\dynamics\support\P020\seed11_N2000\midpoint.npz,D:\PhD-Project\GP_RKHS_MINT\GP_RKHS_MINT\Tully_models\GP_MInt_QCLE_Reviewer_Ready_Pipeline_v4\output\fixed_pipeline\final_reviewer_closure\dynamics\support\P020\seed11_N2000\run_manifest.json
MIDPOINT,20.0,11,2000,0.25,energy,0.11527579105069898,True,independently sampled; not nested,D:\PhD-Project\GP_RKHS_MINT\GP_RKHS_MINT\Tully_models\GP_MInt_QCLE_Reviewer_Ready_Pipeline_v4\output\fixed_pipeline\final_reviewer_closure\dynamics\support\P020\seed11_N2000\midpoint.npz,D:\PhD-Project\GP_RKHS_MINT\GP_RKHS_MINT\Tully_models\GP_MInt_QCLE_Reviewer_Ready_Pipeline_v4\output\fixed_pipeline\final_reviewer_closure\dynamics\support\P020\seed11_N2000\run_manifest.json
MIDPOINT,20.0,11,2000,0.25,R_mean,17.076948561096216,True,independently sampled; not nested,D:\PhD-Project\GP_RKHS_MINT\GP_RKHS_MINT\Tully_models\GP_MInt_QCLE_Reviewer_Ready_Pipeline_v4\output\fixed_pipeline\final_reviewer_closure\dynamics\support\P020\seed11_N2000\midpoint.npz,D:\PhD-Project\GP_RKHS_MINT\GP_RKHS_MINT\Tully_models\GP_MInt_QCLE_Reviewer_Ready_Pipeline_v4\output\fixed_pipeline\final_reviewer_closure\dynamics\support\P020\seed11_N2000\run_manifest.json
MIDPOINT,20.0,11,2000,0.25,P_mean,20.884397727881737,True,independently sampled; not nested,D:\PhD-Project\GP_RKHS_MINT\GP_RKHS_MINT\Tully_models\GP_MInt_QCLE_Reviewer_Ready_Pipeline_v4\output\fixed_pipeline\final_reviewer_closure\dynamics\support\P020\seed11_N2000\midpoint.npz,D:\PhD-Project\GP_RKHS_MINT\GP_RKHS_MINT\Tully_models\GP_MInt_QCLE_Reviewer_Ready_Pipeline_v4\output\fixed_pipeline\final_reviewer_closure\dynamics\support\P020\seed11_N2000\run_manifest.json
MIDPOINT,20.0,11,2000,0.25,R_var,-6386526.910767422,True,independently sampled; not nested,D:\PhD-Project\GP_RKHS_MINT\GP_RKHS_MINT\Tully_models\GP_MInt_QCLE_Reviewer_Ready_Pipeline_v4\output\fixed_pipeline\final_reviewer_closure\dynamics\support\P020\seed11_N2000\midpoint.npz,D:\PhD-Project\GP_RKHS_MINT\GP_RKHS_MINT\Tully_models\GP_MInt_QCLE_Reviewer_Ready_Pipeline_v4\output\fixed_pipeline\final_reviewer_closure\dynamics\support\P020\seed11_N2000\run_manifest.json
MIDPOINT,20.0,11,2000,0.25,P_var,-9551846.761810113,True,independently sampled; not nested,D:\PhD-Project\GP_RKHS_MINT\GP_RKHS_MINT\Tully_models\GP_MInt_QCLE_Reviewer_Ready_Pipeline_v4\output\fixed_pipeline\final_reviewer_closure\dynamics\support\P020\seed11_N2000\midpoint.npz,D:\PhD-Project\GP_RKHS_MINT\GP_RKHS_MINT\Tully_models\GP_MInt_QCLE_Reviewer_Ready_Pipeline_v4\output\fixed_pipeline\final_reviewer_closure\dynamics\support\P020\seed11_N2000\run_manifest.json
PBME,20.0,29,500,0.25,P0,0.9556746919696049,True,independently sampled; not nested,D:\PhD-Project\GP_RKHS_MINT\GP_RKHS_MINT\Tully_models\GP_MInt_QCLE_Reviewer_Ready_Pipeline_v4\output\fixed_pipeline\reviewer_closure_20260723_194254\step8_support_P020\seed29_N500\pbme.npz,D:\PhD-Project\GP_RKHS_MINT\GP_RKHS_MINT\Tully_models\GP_MInt_QCLE_Reviewer_Ready_Pipeline_v4\output\fixed_pipeline\reviewer_closure_20260723_194254\step8_support_P020\seed29_N500\run_manifest.json
PBME,20.0,29,500,0.25,P1,0.044325308031554544,True,independently sampled; not nested,D:\PhD-Project\GP_RKHS_MINT\GP_RKHS_MINT\Tully_models\GP_MInt_QCLE_Reviewer_Ready_Pipeline_v4\output\fixed_pipeline\reviewer_closure_20260723_194254\step8_support_P020\seed29_N500\pbme.npz,D:\PhD-Project\GP_RKHS_MINT\GP_RKHS_MINT\Tully_models\GP_MInt_QCLE_Reviewer_Ready_Pipeline_v4\output\fixed_pipeline\reviewer_closure_20260723_194254\step8_support_P020\seed29_N500\run_manifest.json
PBME,20.0,29,500,0.25,trace,1.0000000000011595,True,independently sampled; not nested,D:\PhD-Project\GP_RKHS_MINT\GP_RKHS_MINT\Tully_models\GP_MInt_QCLE_Reviewer_Ready_Pipeline_v4\output\fixed_pipeline\reviewer_closure_20260723_194254\step8_support_P020\seed29_N500\pbme.npz,D:\PhD-Project\GP_RKHS_MINT\GP_RKHS_MINT\Tully_models\GP_MInt_QCLE_Reviewer_Ready_Pipeline_v4\output\fixed_pipeline\reviewer_closure_20260723_194254\step8_support_P020\seed29_N500\run_manifest.json
PBME,20.0,29,500,0.25,energy,0.09979011281432358,True,independently sampled; not nested,D:\PhD-Project\GP_RKHS_MINT\GP_RKHS_MINT\Tully_models\GP_MInt_QCLE_Reviewer_Ready_Pipeline_v4\output\fixed_pipeline\reviewer_closure_20260723_194254\step8_support_P020\seed29_N500\pbme.npz,D:\PhD-Project\GP_RKHS_MINT\GP_RKHS_MINT\Tully_models\GP_MInt_QCLE_Reviewer_Ready_Pipeline_v4\output\fixed_pipeline\reviewer_closure_20260723_194254\step8_support_P020\seed29_N500\run_manifest.json
PBME,20.0,29,500,0.25,R_mean,15.291411217775867,True,independently sampled; not nested,D:\PhD-Project\GP_RKHS_MINT\GP_RKHS_MINT\Tully_models\GP_MInt_QCLE_Reviewer_Ready_Pipeline_v4\output\fixed_pipeline\reviewer_closure_20260723_194254\step8_support_P020\seed29_N500\pbme.npz,D:\PhD-Project\GP_RKHS_MINT\GP_RKHS_MINT\Tully_models\GP_MInt_QCLE_Reviewer_Ready_Pipeline_v4\output\fixed_pipeline\reviewer_closure_20260723_194254\step8_support_P020\seed29_N500\run_manifest.json
PBME,20.0,29,500,0.25,P_mean,19.71857610216255,True,independently sampled; not nested,D:\PhD-Project\GP_RKHS_MINT\GP_RKHS_MINT\Tully_models\GP_MInt_QCLE_Reviewer_Ready_Pipeline_v4\output\fixed_pipeline\reviewer_closure_20260723_194254\step8_support_P020\seed29_N500\pbme.npz,D:\PhD-Project\GP_RKHS_MINT\GP_RKHS_MINT\Tully_models\GP_MInt_QCLE_Reviewer_Ready_Pipeline_v4\output\fixed_pipeline\reviewer_closure_20260723_194254\step8_support_P020\seed29_N500\run_manifest.json
PBME,20.0,29,500,0.25,R_var,2.2564706263342202,True,independently sampled; not nested,D:\PhD-Project\GP_RKHS_MINT\GP_RKHS_MINT\Tully_models\GP_MInt_QCLE_Reviewer_Ready_Pipeline_v4\output\fixed_pipeline\reviewer_closure_20260723_194254\step8_support_P020\seed29_N500\pbme.npz,D:\PhD-Project\GP_RKHS_MINT\GP_RKHS_MINT\Tully_models\GP_MInt_QCLE_Reviewer_Ready_Pipeline_v4\output\fixed_pipeline\reviewer_closure_20260723_194254\step8_support_P020\seed29_N500\run_manifest.json
PBME,20.0,29,500,0.25,P_var,1.4728687245430478,True,independently sampled; not nested,D:\PhD-Project\GP_RKHS_MINT\GP_RKHS_MINT\Tully_models\GP_MInt_QCLE_Reviewer_Ready_Pipeline_v4\output\fixed_pipeline\reviewer_closure_20260723_194254\step8_support_P020\seed29_N500\pbme.npz,D:\PhD-Project\GP_RKHS_MINT\GP_RKHS_MINT\Tully_models\GP_MInt_QCLE_Reviewer_Ready_Pipeline_v4\output\fixed_pipeline\reviewer_closure_20260723_194254\step8_support_P020\seed29_N500\run_manifest.json
MIDPOINT,20.0,29,500,0.25,P0,1.044453743323068,True,independently sampled; not nested,D:\PhD-Project\GP_RKHS_MINT\GP_RKHS_MINT\Tully_models\GP_MInt_QCLE_Reviewer_Ready_Pipeline_v4\output\fixed_pipeline\reviewer_closure_20260723_194254\step8_support_P020\seed29_N500\midpoint.npz,D:\PhD-Project\GP_RKHS_MINT\GP_RKHS_MINT\Tully_models\GP_MInt_QCLE_Reviewer_Ready_Pipeline_v4\output\fixed_pipeline\reviewer_closure_20260723_194254\step8_support_P020\seed29_N500\run_manifest.json
MIDPOINT,20.0,29,500,0.25,P1,-0.04445374331991058,True,independently sampled; not nested,D:\PhD-Project\GP_RKHS_MINT\GP_RKHS_MINT\Tully_models\GP_MInt_QCLE_Reviewer_Ready_Pipeline_v4\output\fixed_pipeline\reviewer_closure_20260723_194254\step8_support_P020\seed29_N500\midpoint.npz,D:\PhD-Project\GP_RKHS_MINT\GP_RKHS_MINT\Tully_models\GP_MInt_QCLE_Reviewer_Ready_Pipeline_v4\output\fixed_pipeline\reviewer_closure_20260723_194254\step8_support_P020\seed29_N500\run_manifest.json
MIDPOINT,20.0,29,500,0.25,trace,1.0000000000031575,True,independently sampled; not nested,D:\PhD-Project\GP_RKHS_MINT\GP_RKHS_MINT\Tully_models\GP_MInt_QCLE_Reviewer_Ready_Pipeline_v4\output\fixed_pipeline\reviewer_closure_20260723_194254\step8_support_P020\seed29_N500\midpoint.npz,D:\PhD-Project\GP_RKHS_MINT\GP_RKHS_MINT\Tully_models\GP_MInt_QCLE_Reviewer_Ready_Pipeline_v4\output\fixed_pipeline\reviewer_closure_20260723_194254\step8_support_P020\seed29_N500\run_manifest.json
MIDPOINT,20.0,29,500,0.25,energy,0.125641134000695,True,independently sampled; not nested,D:\PhD-Project\GP_RKHS_MINT\GP_RKHS_MINT\Tully_models\GP_MInt_QCLE_Reviewer_Ready_Pipeline_v4\output\fixed_pipeline\reviewer_closure_20260723_194254\step8_support_P020\seed29_N500\midpoint.npz,D:\PhD-Project\GP_RKHS_MINT\GP_RKHS_MINT\Tully_models\GP_MInt_QCLE_Reviewer_Ready_Pipeline_v4\output\fixed_pipeline\reviewer_closure_20260723_194254\step8_support_P020\seed29_N500\run_manifest.json
MIDPOINT,20.0,29,500,0.25,R_mean,17.90445147720142,True,independently sampled; not nested,D:\PhD-Project\GP_RKHS_MINT\GP_RKHS_MINT\Tully_models\GP_MInt_QCLE_Reviewer_Ready_Pipeline_v4\output\fixed_pipeline\reviewer_closure_20260723_194254\step8_support_P020\seed29_N500\midpoint.npz,D:\PhD-Project\GP_RKHS_MINT\GP_RKHS_MINT\Tully_models\GP_MInt_QCLE_Reviewer_Ready_Pipeline_v4\output\fixed_pipeline\reviewer_closure_20260723_194254\step8_support_P020\seed29_N500\run_manifest.json
MIDPOINT,20.0,29,500,0.25,P_mean,22.691148481303248,True,independently sampled; not nested,D:\PhD-Project\GP_RKHS_MINT\GP_RKHS_MINT\Tully_models\GP_MInt_QCLE_Reviewer_Ready_Pipeline_v4\output\fixed_pipeline\reviewer_closure_20260723_194254\step8_support_P020\seed29_N500\midpoint.npz,D:\PhD-Project\GP_RKHS_MINT\GP_RKHS_MINT\Tully_models\GP_MInt_QCLE_Reviewer_Ready_Pipeline_v4\output\fixed_pipeline\reviewer_closure_20260723_194254\step8_support_P020\seed29_N500\run_manifest.json
MIDPOINT,20.0,29,500,0.25,R_var,-1577.076088569659,True,independently sampled; not nested,D:\PhD-Project\GP_RKHS_MINT\GP_RKHS_MINT\Tully_models\GP_MInt_QCLE_Reviewer_Ready_Pipeline_v4\output\fixed_pipeline\reviewer_closure_20260723_194254\step8_support_P020\seed29_N500\midpoint.npz,D:\PhD-Project\GP_RKHS_MINT\GP_RKHS_MINT\Tully_models\GP_MInt_QCLE_Reviewer_Ready_Pipeline_v4\output\fixed_pipeline\reviewer_closure_20260723_194254\step8_support_P020\seed29_N500\run_manifest.json
MIDPOINT,20.0,29,500,0.25,P_var,-2535.8407705863046,True,independently sampled; not nested,D:\PhD-Project\GP_RKHS_MINT\GP_RKHS_MINT\Tully_models\GP_MInt_QCLE_Reviewer_Ready_Pipeline_v4\output\fixed_pipeline\reviewer_closure_20260723_194254\step8_support_P020\seed29_N500\midpoint.npz,D:\PhD-Project\GP_RKHS_MINT\GP_RKHS_MINT\Tully_models\GP_MInt_QCLE_Reviewer_Ready_Pipeline_v4\output\fixed_pipeline\reviewer_closure_20260723_194254\step8_support_P020\seed29_N500\run_manifest.json
PBME,20.0,29,1000,0.25,P0,0.962335157385912,True,independently sampled; not nested,D:\PhD-Project\GP_RKHS_MINT\GP_RKHS_MINT\Tully_models\GP_MInt_QCLE_Reviewer_Ready_Pipeline_v4\output\fixed_pipeline\reviewer_closure_20260726_174927\step9_repl_P020\seed29\pbme.npz,D:\PhD-Project\GP_RKHS_MINT\GP_RKHS_MINT\Tully_models\GP_MInt_QCLE_Reviewer_Ready_Pipeline_v4\output\fixed_pipeline\reviewer_closure_20260726_174927\step9_repl_P020\seed29\run_manifest.json
PBME,20.0,29,1000,0.25,P1,0.037664842615254324,True,independently sampled; not nested,D:\PhD-Project\GP_RKHS_MINT\GP_RKHS_MINT\Tully_models\GP_MInt_QCLE_Reviewer_Ready_Pipeline_v4\output\fixed_pipeline\reviewer_closure_20260726_174927\step9_repl_P020\seed29\pbme.npz,D:\PhD-Project\GP_RKHS_MINT\GP_RKHS_MINT\Tully_models\GP_MInt_QCLE_Reviewer_Ready_Pipeline_v4\output\fixed_pipeline\reviewer_closure_20260726_174927\step9_repl_P020\seed29\run_manifest.json
PBME,20.0,29,1000,0.25,trace,1.0000000000011664,True,independently sampled; not nested,D:\PhD-Project\GP_RKHS_MINT\GP_RKHS_MINT\Tully_models\GP_MInt_QCLE_Reviewer_Ready_Pipeline_v4\output\fixed_pipeline\reviewer_closure_20260726_174927\step9_repl_P020\seed29\pbme.npz,D:\PhD-Project\GP_RKHS_MINT\GP_RKHS_MINT\Tully_models\GP_MInt_QCLE_Reviewer_Ready_Pipeline_v4\output\fixed_pipeline\reviewer_closure_20260726_174927\step9_repl_P020\seed29\run_manifest.json
PBME,20.0,29,1000,0.25,energy,0.10000093360925713,True,independently sampled; not nested,D:\PhD-Project\GP_RKHS_MINT\GP_RKHS_MINT\Tully_models\GP_MInt_QCLE_Reviewer_Ready_Pipeline_v4\output\fixed_pipeline\reviewer_closure_20260726_174927\step9_repl_P020\seed29\pbme.npz,D:\PhD-Project\GP_RKHS_MINT\GP_RKHS_MINT\Tully_models\GP_MInt_QCLE_Reviewer_Ready_Pipeline_v4\output\fixed_pipeline\reviewer_closure_20260726_174927\step9_repl_P020\seed29\run_manifest.json
PBME,20.0,29,1000,0.25,R_mean,15.313212686506196,True,independently sampled; not nested,D:\PhD-Project\GP_RKHS_MINT\GP_RKHS_MINT\Tully_models\GP_MInt_QCLE_Reviewer_Ready_Pipeline_v4\output\fixed_pipeline\reviewer_closure_20260726_174927\step9_repl_P020\seed29\pbme.npz,D:\PhD-Project\GP_RKHS_MINT\GP_RKHS_MINT\Tully_models\GP_MInt_QCLE_Reviewer_Ready_Pipeline_v4\output\fixed_pipeline\reviewer_closure_20260726_174927\step9_repl_P020\seed29\run_manifest.json
PBME,20.0,29,1000,0.25,P_mean,19.76513718950518,True,independently sampled; not nested,D:\PhD-Project\GP_RKHS_MINT\GP_RKHS_MINT\Tully_models\GP_MInt_QCLE_Reviewer_Ready_Pipeline_v4\output\fixed_pipeline\reviewer_closure_20260726_174927\step9_repl_P020\seed29\pbme.npz,D:\PhD-Project\GP_RKHS_MINT\GP_RKHS_MINT\Tully_models\GP_MInt_QCLE_Reviewer_Ready_Pipeline_v4\output\fixed_pipeline\reviewer_closure_20260726_174927\step9_repl_P020\seed29\run_manifest.json
PBME,20.0,29,1000,0.25,R_var,2.4836943469281607,True,independently sampled; not nested,D:\PhD-Project\GP_RKHS_MINT\GP_RKHS_MINT\Tully_models\GP_MInt_QCLE_Reviewer_Ready_Pipeline_v4\output\fixed_pipeline\reviewer_closure_20260726_174927\step9_repl_P020\seed29\pbme.npz,D:\PhD-Project\GP_RKHS_MINT\GP_RKHS_MINT\Tully_models\GP_MInt_QCLE_Reviewer_Ready_Pipeline_v4\output\fixed_pipeline\reviewer_closure_20260726_174927\step9_repl_P020\seed29\run_manifest.json
PBME,20.0,29,1000,0.25,P_var,1.8108311870126386,True,independently sampled; not nested,D:\PhD-Project\GP_RKHS_MINT\GP_RKHS_MINT\Tully_models\GP_MInt_QCLE_Reviewer_Ready_Pipeline_v4\output\fixed_pipeline\reviewer_closure_20260726_174927\step9_repl_P020\seed29\pbme.npz,D:\PhD-Project\GP_RKHS_MINT\GP_RKHS_MINT\Tully_models\GP_MInt_QCLE_Reviewer_Ready_Pipeline_v4\output\fixed_pipeline\reviewer_closure_20260726_174927\step9_repl_P020\seed29\run_manifest.json
MIDPOINT,20.0,29,1000,0.25,P0,0.8546812248885468,True,independently sampled; not nested,D:\PhD-Project\GP_RKHS_MINT\GP_RKHS_MINT\Tully_models\GP_MInt_QCLE_Reviewer_Ready_Pipeline_v4\output\fixed_pipeline\reviewer_closure_20260726_174927\step9_repl_P020\seed29\midpoint.npz,D:\PhD-Project\GP_RKHS_MINT\GP_RKHS_MINT\Tully_models\GP_MInt_QCLE_Reviewer_Ready_Pipeline_v4\output\fixed_pipeline\reviewer_closure_20260726_174927\step9_repl_P020\seed29\run_manifest.json
MIDPOINT,20.0,29,1000,0.25,P1,0.14531877511351252,True,independently sampled; not nested,D:\PhD-Project\GP_RKHS_MINT\GP_RKHS_MINT\Tully_models\GP_MInt_QCLE_Reviewer_Ready_Pipeline_v4\output\fixed_pipeline\reviewer_closure_20260726_174927\step9_repl_P020\seed29\midpoint.npz,D:\PhD-Project\GP_RKHS_MINT\GP_RKHS_MINT\Tully_models\GP_MInt_QCLE_Reviewer_Ready_Pipeline_v4\output\fixed_pipeline\reviewer_closure_20260726_174927\step9_repl_P020\seed29\run_manifest.json
MIDPOINT,20.0,29,1000,0.25,trace,1.0000000000020592,True,independently sampled; not nested,D:\PhD-Project\GP_RKHS_MINT\GP_RKHS_MINT\Tully_models\GP_MInt_QCLE_Reviewer_Ready_Pipeline_v4\output\fixed_pipeline\reviewer_closure_20260726_174927\step9_repl_P020\seed29\midpoint.npz,D:\PhD-Project\GP_RKHS_MINT\GP_RKHS_MINT\Tully_models\GP_MInt_QCLE_Reviewer_Ready_Pipeline_v4\output\fixed_pipeline\reviewer_closure_20260726_174927\step9_repl_P020\seed29\run_manifest.json
MIDPOINT,20.0,29,1000,0.25,energy,0.0857523450522503,True,independently sampled; not nested,D:\PhD-Project\GP_RKHS_MINT\GP_RKHS_MINT\Tully_models\GP_MInt_QCLE_Reviewer_Ready_Pipeline_v4\output\fixed_pipeline\reviewer_closure_20260726_174927\step9_repl_P020\seed29\midpoint.npz,D:\PhD-Project\GP_RKHS_MINT\GP_RKHS_MINT\Tully_models\GP_MInt_QCLE_Reviewer_Ready_Pipeline_v4\output\fixed_pipeline\reviewer_closure_20260726_174927\step9_repl_P020\seed29\run_manifest.json
MIDPOINT,20.0,29,1000,0.25,R_mean,12.777190705338173,True,independently sampled; not nested,D:\PhD-Project\GP_RKHS_MINT\GP_RKHS_MINT\Tully_models\GP_MInt_QCLE_Reviewer_Ready_Pipeline_v4\output\fixed_pipeline\reviewer_closure_20260726_174927\step9_repl_P020\seed29\midpoint.npz,D:\PhD-Project\GP_RKHS_MINT\GP_RKHS_MINT\Tully_models\GP_MInt_QCLE_Reviewer_Ready_Pipeline_v4\output\fixed_pipeline\reviewer_closure_20260726_174927\step9_repl_P020\seed29\run_manifest.json
MIDPOINT,20.0,29,1000,0.25,P_mean,17.876795332548582,True,independently sampled; not nested,D:\PhD-Project\GP_RKHS_MINT\GP_RKHS_MINT\Tully_models\GP_MInt_QCLE_Reviewer_Ready_Pipeline_v4\output\fixed_pipeline\reviewer_closure_20260726_174927\step9_repl_P020\seed29\midpoint.npz,D:\PhD-Project\GP_RKHS_MINT\GP_RKHS_MINT\Tully_models\GP_MInt_QCLE_Reviewer_Ready_Pipeline_v4\output\fixed_pipeline\reviewer_closure_20260726_174927\step9_repl_P020\seed29\run_manifest.json
MIDPOINT,20.0,29,1000,0.25,R_var,37.50319291365423,True,independently sampled; not nested,D:\PhD-Project\GP_RKHS_MINT\GP_RKHS_MINT\Tully_models\GP_MInt_QCLE_Reviewer_Ready_Pipeline_v4\output\fixed_pipeline\reviewer_closure_20260726_174927\step9_repl_P020\seed29\midpoint.npz,D:\PhD-Project\GP_RKHS_MINT\GP_RKHS_MINT\Tully_models\GP_MInt_QCLE_Reviewer_Ready_Pipeline_v4\output\fixed_pipeline\reviewer_closure_20260726_174927\step9_repl_P020\seed29\run_manifest.json
MIDPOINT,20.0,29,1000,0.25,P_var,76.2465413257476,True,independently sampled; not nested,D:\PhD-Project\GP_RKHS_MINT\GP_RKHS_MINT\Tully_models\GP_MInt_QCLE_Reviewer_Ready_Pipeline_v4\output\fixed_pipeline\reviewer_closure_20260726_174927\step9_repl_P020\seed29\midpoint.npz,D:\PhD-Project\GP_RKHS_MINT\GP_RKHS_MINT\Tully_models\GP_MInt_QCLE_Reviewer_Ready_Pipeline_v4\output\fixed_pipeline\reviewer_closure_20260726_174927\step9_repl_P020\seed29\run_manifest.json
PBME,20.0,29,2000,0.25,P0,0.9510762861432447,True,independently sampled; not nested,D:\PhD-Project\GP_RKHS_MINT\GP_RKHS_MINT\Tully_models\GP_MInt_QCLE_Reviewer_Ready_Pipeline_v4\output\fixed_pipeline\final_reviewer_closure\dynamics\support\P020\seed29_N2000\pbme.npz,D:\PhD-Project\GP_RKHS_MINT\GP_RKHS_MINT\Tully_models\GP_MInt_QCLE_Reviewer_Ready_Pipeline_v4\output\fixed_pipeline\final_reviewer_closure\dynamics\support\P020\seed29_N2000\run_manifest.json
PBME,20.0,29,2000,0.25,P1,0.0489237138579158,True,independently sampled; not nested,D:\PhD-Project\GP_RKHS_MINT\GP_RKHS_MINT\Tully_models\GP_MInt_QCLE_Reviewer_Ready_Pipeline_v4\output\fixed_pipeline\final_reviewer_closure\dynamics\support\P020\seed29_N2000\pbme.npz,D:\PhD-Project\GP_RKHS_MINT\GP_RKHS_MINT\Tully_models\GP_MInt_QCLE_Reviewer_Ready_Pipeline_v4\output\fixed_pipeline\final_reviewer_closure\dynamics\support\P020\seed29_N2000\run_manifest.json
PBME,20.0,29,2000,0.25,trace,1.0000000000011604,True,independently sampled; not nested,D:\PhD-Project\GP_RKHS_MINT\GP_RKHS_MINT\Tully_models\GP_MInt_QCLE_Reviewer_Ready_Pipeline_v4\output\fixed_pipeline\final_reviewer_closure\dynamics\support\P020\seed29_N2000\pbme.npz,D:\PhD-Project\GP_RKHS_MINT\GP_RKHS_MINT\Tully_models\GP_MInt_QCLE_Reviewer_Ready_Pipeline_v4\output\fixed_pipeline\final_reviewer_closure\dynamics\support\P020\seed29_N2000\run_manifest.json
PBME,20.0,29,2000,0.25,energy,0.09999439447109926,True,independently sampled; not nested,D:\PhD-Project\GP_RKHS_MINT\GP_RKHS_MINT\Tully_models\GP_MInt_QCLE_Reviewer_Ready_Pipeline_v4\output\fixed_pipeline\final_reviewer_closure\dynamics\support\P020\seed29_N2000\pbme.npz,D:\PhD-Project\GP_RKHS_MINT\GP_RKHS_MINT\Tully_models\GP_MInt_QCLE_Reviewer_Ready_Pipeline_v4\output\fixed_pipeline\final_reviewer_closure\dynamics\support\P020\seed29_N2000\run_manifest.json
PBME,20.0,29,2000,0.25,R_mean,15.260009831555825,True,independently sampled; not nested,D:\PhD-Project\GP_RKHS_MINT\GP_RKHS_MINT\Tully_models\GP_MInt_QCLE_Reviewer_Ready_Pipeline_v4\output\fixed_pipeline\final_reviewer_closure\dynamics\support\P020\seed29_N2000\pbme.npz,D:\PhD-Project\GP_RKHS_MINT\GP_RKHS_MINT\Tully_models\GP_MInt_QCLE_Reviewer_Ready_Pipeline_v4\output\fixed_pipeline\final_reviewer_closure\dynamics\support\P020\seed29_N2000\run_manifest.json
PBME,20.0,29,2000,0.25,P_mean,19.71198837156164,True,independently sampled; not nested,D:\PhD-Project\GP_RKHS_MINT\GP_RKHS_MINT\Tully_models\GP_MInt_QCLE_Reviewer_Ready_Pipeline_v4\output\fixed_pipeline\final_reviewer_closure\dynamics\support\P020\seed29_N2000\pbme.npz,D:\PhD-Project\GP_RKHS_MINT\GP_RKHS_MINT\Tully_models\GP_MInt_QCLE_Reviewer_Ready_Pipeline_v4\output\fixed_pipeline\final_reviewer_closure\dynamics\support\P020\seed29_N2000\run_manifest.json
PBME,20.0,29,2000,0.25,R_var,2.2724906141035035,True,independently sampled; not nested,D:\PhD-Project\GP_RKHS_MINT\GP_RKHS_MINT\Tully_models\GP_MInt_QCLE_Reviewer_Ready_Pipeline_v4\output\fixed_pipeline\final_reviewer_closure\dynamics\support\P020\seed29_N2000\pbme.npz,D:\PhD-Project\GP_RKHS_MINT\GP_RKHS_MINT\Tully_models\GP_MInt_QCLE_Reviewer_Ready_Pipeline_v4\output\fixed_pipeline\final_reviewer_closure\dynamics\support\P020\seed29_N2000\run_manifest.json
PBME,20.0,29,2000,0.25,P_var,1.630389197092427,True,independently sampled; not nested,D:\PhD-Project\GP_RKHS_MINT\GP_RKHS_MINT\Tully_models\GP_MInt_QCLE_Reviewer_Ready_Pipeline_v4\output\fixed_pipeline\final_reviewer_closure\dynamics\support\P020\seed29_N2000\pbme.npz,D:\PhD-Project\GP_RKHS_MINT\GP_RKHS_MINT\Tully_models\GP_MInt_QCLE_Reviewer_Ready_Pipeline_v4\output\fixed_pipeline\final_reviewer_closure\dynamics\support\P020\seed29_N2000\run_manifest.json
MIDPOINT,20.0,29,2000,0.25,P0,1.0292219595022631,True,independently sampled; not nested,D:\PhD-Project\GP_RKHS_MINT\GP_RKHS_MINT\Tully_models\GP_MInt_QCLE_Reviewer_Ready_Pipeline_v4\output\fixed_pipeline\final_reviewer_closure\dynamics\support\P020\seed29_N2000\midpoint.npz,D:\PhD-Project\GP_RKHS_MINT\GP_RKHS_MINT\Tully_models\GP_MInt_QCLE_Reviewer_Ready_Pipeline_v4\output\fixed_pipeline\final_reviewer_closure\dynamics\support\P020\seed29_N2000\run_manifest.json
MIDPOINT,20.0,29,2000,0.25,P1,-0.02922195950085305,True,independently sampled; not nested,D:\PhD-Project\GP_RKHS_MINT\GP_RKHS_MINT\Tully_models\GP_MInt_QCLE_Reviewer_Ready_Pipeline_v4\output\fixed_pipeline\final_reviewer_closure\dynamics\support\P020\seed29_N2000\midpoint.npz,D:\PhD-Project\GP_RKHS_MINT\GP_RKHS_MINT\Tully_models\GP_MInt_QCLE_Reviewer_Ready_Pipeline_v4\output\fixed_pipeline\final_reviewer_closure\dynamics\support\P020\seed29_N2000\run_manifest.json
MIDPOINT,20.0,29,2000,0.25,trace,1.00000000000141,True,independently sampled; not nested,D:\PhD-Project\GP_RKHS_MINT\GP_RKHS_MINT\Tully_models\GP_MInt_QCLE_Reviewer_Ready_Pipeline_v4\output\fixed_pipeline\final_reviewer_closure\dynamics\support\P020\seed29_N2000\midpoint.npz,D:\PhD-Project\GP_RKHS_MINT\GP_RKHS_MINT\Tully_models\GP_MInt_QCLE_Reviewer_Ready_Pipeline_v4\output\fixed_pipeline\final_reviewer_closure\dynamics\support\P020\seed29_N2000\run_manifest.json
MIDPOINT,20.0,29,2000,0.25,energy,0.07403610098975495,True,independently sampled; not nested,D:\PhD-Project\GP_RKHS_MINT\GP_RKHS_MINT\Tully_models\GP_MInt_QCLE_Reviewer_Ready_Pipeline_v4\output\fixed_pipeline\final_reviewer_closure\dynamics\support\P020\seed29_N2000\midpoint.npz,D:\PhD-Project\GP_RKHS_MINT\GP_RKHS_MINT\Tully_models\GP_MInt_QCLE_Reviewer_Ready_Pipeline_v4\output\fixed_pipeline\final_reviewer_closure\dynamics\support\P020\seed29_N2000\run_manifest.json
MIDPOINT,20.0,29,2000,0.25,R_mean,13.141039617040576,True,independently sampled; not nested,D:\PhD-Project\GP_RKHS_MINT\GP_RKHS_MINT\Tully_models\GP_MInt_QCLE_Reviewer_Ready_Pipeline_v4\output\fixed_pipeline\final_reviewer_closure\dynamics\support\P020\seed29_N2000\midpoint.npz,D:\PhD-Project\GP_RKHS_MINT\GP_RKHS_MINT\Tully_models\GP_MInt_QCLE_Reviewer_Ready_Pipeline_v4\output\fixed_pipeline\final_reviewer_closure\dynamics\support\P020\seed29_N2000\run_manifest.json
MIDPOINT,20.0,29,2000,0.25,P_mean,17.41776156699862,True,independently sampled; not nested,D:\PhD-Project\GP_RKHS_MINT\GP_RKHS_MINT\Tully_models\GP_MInt_QCLE_Reviewer_Ready_Pipeline_v4\output\fixed_pipeline\final_reviewer_closure\dynamics\support\P020\seed29_N2000\midpoint.npz,D:\PhD-Project\GP_RKHS_MINT\GP_RKHS_MINT\Tully_models\GP_MInt_QCLE_Reviewer_Ready_Pipeline_v4\output\fixed_pipeline\final_reviewer_closure\dynamics\support\P020\seed29_N2000\run_manifest.json
MIDPOINT,20.0,29,2000,0.25,R_var,-5582.519043688603,True,independently sampled; not nested,D:\PhD-Project\GP_RKHS_MINT\GP_RKHS_MINT\Tully_models\GP_MInt_QCLE_Reviewer_Ready_Pipeline_v4\output\fixed_pipeline\final_reviewer_closure\dynamics\support\P020\seed29_N2000\midpoint.npz,D:\PhD-Project\GP_RKHS_MINT\GP_RKHS_MINT\Tully_models\GP_MInt_QCLE_Reviewer_Ready_Pipeline_v4\output\fixed_pipeline\final_reviewer_closure\dynamics\support\P020\seed29_N2000\run_manifest.json
MIDPOINT,20.0,29,2000,0.25,P_var,-9820.711245435848,True,independently sampled; not nested,D:\PhD-Project\GP_RKHS_MINT\GP_RKHS_MINT\Tully_models\GP_MInt_QCLE_Reviewer_Ready_Pipeline_v4\output\fixed_pipeline\final_reviewer_closure\dynamics\support\P020\seed29_N2000\midpoint.npz,D:\PhD-Project\GP_RKHS_MINT\GP_RKHS_MINT\Tully_models\GP_MInt_QCLE_Reviewer_Ready_Pipeline_v4\output\fixed_pipeline\final_reviewer_closure\dynamics\support\P020\seed29_N2000\run_manifest.json
PBME,20.0,47,500,0.25,P0,0.9755803495076459,True,independently sampled; not nested,D:\PhD-Project\GP_RKHS_MINT\GP_RKHS_MINT\Tully_models\GP_MInt_QCLE_Reviewer_Ready_Pipeline_v4\output\fixed_pipeline\reviewer_closure_20260723_194254\step8_support_P020\seed47_N500\pbme.npz,D:\PhD-Project\GP_RKHS_MINT\GP_RKHS_MINT\Tully_models\GP_MInt_QCLE_Reviewer_Ready_Pipeline_v4\output\fixed_pipeline\reviewer_closure_20260723_194254\step8_support_P020\seed47_N500\run_manifest.json
PBME,20.0,47,500,0.25,P1,0.024419650493527498,True,independently sampled; not nested,D:\PhD-Project\GP_RKHS_MINT\GP_RKHS_MINT\Tully_models\GP_MInt_QCLE_Reviewer_Ready_Pipeline_v4\output\fixed_pipeline\reviewer_closure_20260723_194254\step8_support_P020\seed47_N500\pbme.npz,D:\PhD-Project\GP_RKHS_MINT\GP_RKHS_MINT\Tully_models\GP_MInt_QCLE_Reviewer_Ready_Pipeline_v4\output\fixed_pipeline\reviewer_closure_20260723_194254\step8_support_P020\seed47_N500\run_manifest.json
PBME,20.0,47,500,0.25,trace,1.0000000000011735,True,independently sampled; not nested,D:\PhD-Project\GP_RKHS_MINT\GP_RKHS_MINT\Tully_models\GP_MInt_QCLE_Reviewer_Ready_Pipeline_v4\output\fixed_pipeline\reviewer_closure_20260723_194254\step8_support_P020\seed47_N500\pbme.npz,D:\PhD-Project\GP_RKHS_MINT\GP_RKHS_MINT\Tully_models\GP_MInt_QCLE_Reviewer_Ready_Pipeline_v4\output\fixed_pipeline\reviewer_closure_20260723_194254\step8_support_P020\seed47_N500\run_manifest.json
PBME,20.0,47,500,0.25,energy,0.09970287571141967,True,independently sampled; not nested,D:\PhD-Project\GP_RKHS_MINT\GP_RKHS_MINT\Tully_models\GP_MInt_QCLE_Reviewer_Ready_Pipeline_v4\output\fixed_pipeline\reviewer_closure_20260723_194254\step8_support_P020\seed47_N500\pbme.npz,D:\PhD-Project\GP_RKHS_MINT\GP_RKHS_MINT\Tully_models\GP_MInt_QCLE_Reviewer_Ready_Pipeline_v4\output\fixed_pipeline\reviewer_closure_20260723_194254\step8_support_P020\seed47_N500\run_manifest.json
PBME,20.0,47,500,0.25,R_mean,15.331043203357147,True,independently sampled; not nested,D:\PhD-Project\GP_RKHS_MINT\GP_RKHS_MINT\Tully_models\GP_MInt_QCLE_Reviewer_Ready_Pipeline_v4\output\fixed_pipeline\reviewer_closure_20260723_194254\step8_support_P020\seed47_N500\pbme.npz,D:\PhD-Project\GP_RKHS_MINT\GP_RKHS_MINT\Tully_models\GP_MInt_QCLE_Reviewer_Ready_Pipeline_v4\output\fixed_pipeline\reviewer_closure_20260723_194254\step8_support_P020\seed47_N500\run_manifest.json
PBME,20.0,47,500,0.25,P_mean,19.81149050820233,True,independently sampled; not nested,D:\PhD-Project\GP_RKHS_MINT\GP_RKHS_MINT\Tully_models\GP_MInt_QCLE_Reviewer_Ready_Pipeline_v4\output\fixed_pipeline\reviewer_closure_20260723_194254\step8_support_P020\seed47_N500\pbme.npz,D:\PhD-Project\GP_RKHS_MINT\GP_RKHS_MINT\Tully_models\GP_MInt_QCLE_Reviewer_Ready_Pipeline_v4\output\fixed_pipeline\reviewer_closure_20260723_194254\step8_support_P020\seed47_N500\run_manifest.json
PBME,20.0,47,500,0.25,R_var,2.0411186040441294,True,independently sampled; not nested,D:\PhD-Project\GP_RKHS_MINT\GP_RKHS_MINT\Tully_models\GP_MInt_QCLE_Reviewer_Ready_Pipeline_v4\output\fixed_pipeline\reviewer_closure_20260723_194254\step8_support_P020\seed47_N500\pbme.npz,D:\PhD-Project\GP_RKHS_MINT\GP_RKHS_MINT\Tully_models\GP_MInt_QCLE_Reviewer_Ready_Pipeline_v4\output\fixed_pipeline\reviewer_closure_20260723_194254\step8_support_P020\seed47_N500\run_manifest.json
PBME,20.0,47,500,0.25,P_var,1.4321908091843625,True,independently sampled; not nested,D:\PhD-Project\GP_RKHS_MINT\GP_RKHS_MINT\Tully_models\GP_MInt_QCLE_Reviewer_Ready_Pipeline_v4\output\fixed_pipeline\reviewer_closure_20260723_194254\step8_support_P020\seed47_N500\pbme.npz,D:\PhD-Project\GP_RKHS_MINT\GP_RKHS_MINT\Tully_models\GP_MInt_QCLE_Reviewer_Ready_Pipeline_v4\output\fixed_pipeline\reviewer_closure_20260723_194254\step8_support_P020\seed47_N500\run_manifest.json
MIDPOINT,20.0,47,500,0.25,P0,1.0401542836063664,True,independently sampled; not nested,D:\PhD-Project\GP_RKHS_MINT\GP_RKHS_MINT\Tully_models\GP_MInt_QCLE_Reviewer_Ready_Pipeline_v4\output\fixed_pipeline\reviewer_closure_20260723_194254\step8_support_P020\seed47_N500\midpoint.npz,D:\PhD-Project\GP_RKHS_MINT\GP_RKHS_MINT\Tully_models\GP_MInt_QCLE_Reviewer_Ready_Pipeline_v4\output\fixed_pipeline\reviewer_closure_20260723_194254\step8_support_P020\seed47_N500\run_manifest.json
MIDPOINT,20.0,47,500,0.25,P1,-0.040154283604391876,True,independently sampled; not nested,D:\PhD-Project\GP_RKHS_MINT\GP_RKHS_MINT\Tully_models\GP_MInt_QCLE_Reviewer_Ready_Pipeline_v4\output\fixed_pipeline\reviewer_closure_20260723_194254\step8_support_P020\seed47_N500\midpoint.npz,D:\PhD-Project\GP_RKHS_MINT\GP_RKHS_MINT\Tully_models\GP_MInt_QCLE_Reviewer_Ready_Pipeline_v4\output\fixed_pipeline\reviewer_closure_20260723_194254\step8_support_P020\seed47_N500\run_manifest.json
MIDPOINT,20.0,47,500,0.25,trace,1.0000000000019746,True,independently sampled; not nested,D:\PhD-Project\GP_RKHS_MINT\GP_RKHS_MINT\Tully_models\GP_MInt_QCLE_Reviewer_Ready_Pipeline_v4\output\fixed_pipeline\reviewer_closure_20260723_194254\step8_support_P020\seed47_N500\midpoint.npz,D:\PhD-Project\GP_RKHS_MINT\GP_RKHS_MINT\Tully_models\GP_MInt_QCLE_Reviewer_Ready_Pipeline_v4\output\fixed_pipeline\reviewer_closure_20260723_194254\step8_support_P020\seed47_N500\run_manifest.json
MIDPOINT,20.0,47,500,0.25,energy,0.09331086541293726,True,independently sampled; not nested,D:\PhD-Project\GP_RKHS_MINT\GP_RKHS_MINT\Tully_models\GP_MInt_QCLE_Reviewer_Ready_Pipeline_v4\output\fixed_pipeline\reviewer_closure_20260723_194254\step8_support_P020\seed47_N500\midpoint.npz,D:\PhD-Project\GP_RKHS_MINT\GP_RKHS_MINT\Tully_models\GP_MInt_QCLE_Reviewer_Ready_Pipeline_v4\output\fixed_pipeline\reviewer_closure_20260723_194254\step8_support_P020\seed47_N500\run_manifest.json
MIDPOINT,20.0,47,500,0.25,R_mean,16.936563880481355,True,independently sampled; not nested,D:\PhD-Project\GP_RKHS_MINT\GP_RKHS_MINT\Tully_models\GP_MInt_QCLE_Reviewer_Ready_Pipeline_v4\output\fixed_pipeline\reviewer_closure_20260723_194254\step8_support_P020\seed47_N500\midpoint.npz,D:\PhD-Project\GP_RKHS_MINT\GP_RKHS_MINT\Tully_models\GP_MInt_QCLE_Reviewer_Ready_Pipeline_v4\output\fixed_pipeline\reviewer_closure_20260723_194254\step8_support_P020\seed47_N500\run_manifest.json
MIDPOINT,20.0,47,500,0.25,P_mean,19.459855755238596,True,independently sampled; not nested,D:\PhD-Project\GP_RKHS_MINT\GP_RKHS_MINT\Tully_models\GP_MInt_QCLE_Reviewer_Ready_Pipeline_v4\output\fixed_pipeline\reviewer_closure_20260723_194254\step8_support_P020\seed47_N500\midpoint.npz,D:\PhD-Project\GP_RKHS_MINT\GP_RKHS_MINT\Tully_models\GP_MInt_QCLE_Reviewer_Ready_Pipeline_v4\output\fixed_pipeline\reviewer_closure_20260723_194254\step8_support_P020\seed47_N500\run_manifest.json
MIDPOINT,20.0,47,500,0.25,R_var,-1054.1354934883555,True,independently sampled; not nested,D:\PhD-Project\GP_RKHS_MINT\GP_RKHS_MINT\Tully_models\GP_MInt_QCLE_Reviewer_Ready_Pipeline_v4\output\fixed_pipeline\reviewer_closure_20260723_194254\step8_support_P020\seed47_N500\midpoint.npz,D:\PhD-Project\GP_RKHS_MINT\GP_RKHS_MINT\Tully_models\GP_MInt_QCLE_Reviewer_Ready_Pipeline_v4\output\fixed_pipeline\reviewer_closure_20260723_194254\step8_support_P020\seed47_N500\run_manifest.json
MIDPOINT,20.0,47,500,0.25,P_var,-1395.6025021558276,True,independently sampled; not nested,D:\PhD-Project\GP_RKHS_MINT\GP_RKHS_MINT\Tully_models\GP_MInt_QCLE_Reviewer_Ready_Pipeline_v4\output\fixed_pipeline\reviewer_closure_20260723_194254\step8_support_P020\seed47_N500\midpoint.npz,D:\PhD-Project\GP_RKHS_MINT\GP_RKHS_MINT\Tully_models\GP_MInt_QCLE_Reviewer_Ready_Pipeline_v4\output\fixed_pipeline\reviewer_closure_20260723_194254\step8_support_P020\seed47_N500\run_manifest.json
PBME,20.0,47,1000,0.25,P0,0.9749675534932823,True,independently sampled; not nested,D:\PhD-Project\GP_RKHS_MINT\GP_RKHS_MINT\Tully_models\GP_MInt_QCLE_Reviewer_Ready_Pipeline_v4\output\fixed_pipeline\reviewer_closure_20260726_174927\step9_repl_P020\seed47\pbme.npz,D:\PhD-Project\GP_RKHS_MINT\GP_RKHS_MINT\Tully_models\GP_MInt_QCLE_Reviewer_Ready_Pipeline_v4\output\fixed_pipeline\reviewer_closure_20260726_174927\step9_repl_P020\seed47\run_manifest.json
PBME,20.0,47,1000,0.25,P1,0.02503244650788789,True,independently sampled; not nested,D:\PhD-Project\GP_RKHS_MINT\GP_RKHS_MINT\Tully_models\GP_MInt_QCLE_Reviewer_Ready_Pipeline_v4\output\fixed_pipeline\reviewer_closure_20260726_174927\step9_repl_P020\seed47\pbme.npz,D:\PhD-Project\GP_RKHS_MINT\GP_RKHS_MINT\Tully_models\GP_MInt_QCLE_Reviewer_Ready_Pipeline_v4\output\fixed_pipeline\reviewer_closure_20260726_174927\step9_repl_P020\seed47\run_manifest.json
PBME,20.0,47,1000,0.25,trace,1.0000000000011702,True,independently sampled; not nested,D:\PhD-Project\GP_RKHS_MINT\GP_RKHS_MINT\Tully_models\GP_MInt_QCLE_Reviewer_Ready_Pipeline_v4\output\fixed_pipeline\reviewer_closure_20260726_174927\step9_repl_P020\seed47\pbme.npz,D:\PhD-Project\GP_RKHS_MINT\GP_RKHS_MINT\Tully_models\GP_MInt_QCLE_Reviewer_Ready_Pipeline_v4\output\fixed_pipeline\reviewer_closure_20260726_174927\step9_repl_P020\seed47\run_manifest.json
PBME,20.0,47,1000,0.25,energy,0.10017998204790926,True,independently sampled; not nested,D:\PhD-Project\GP_RKHS_MINT\GP_RKHS_MINT\Tully_models\GP_MInt_QCLE_Reviewer_Ready_Pipeline_v4\output\fixed_pipeline\reviewer_closure_20260726_174927\step9_repl_P020\seed47\pbme.npz,D:\PhD-Project\GP_RKHS_MINT\GP_RKHS_MINT\Tully_models\GP_MInt_QCLE_Reviewer_Ready_Pipeline_v4\output\fixed_pipeline\reviewer_closure_20260726_174927\step9_repl_P020\seed47\run_manifest.json
PBME,20.0,47,1000,0.25,R_mean,15.358980632732244,True,independently sampled; not nested,D:\PhD-Project\GP_RKHS_MINT\GP_RKHS_MINT\Tully_models\GP_MInt_QCLE_Reviewer_Ready_Pipeline_v4\output\fixed_pipeline\reviewer_closure_20260726_174927\step9_repl_P020\seed47\pbme.npz,D:\PhD-Project\GP_RKHS_MINT\GP_RKHS_MINT\Tully_models\GP_MInt_QCLE_Reviewer_Ready_Pipeline_v4\output\fixed_pipeline\reviewer_closure_20260726_174927\step9_repl_P020\seed47\run_manifest.json
PBME,20.0,47,1000,0.25,P_mean,19.85178460381049,True,independently sampled; not nested,D:\PhD-Project\GP_RKHS_MINT\GP_RKHS_MINT\Tully_models\GP_MInt_QCLE_Reviewer_Ready_Pipeline_v4\output\fixed_pipeline\reviewer_closure_20260726_174927\step9_repl_P020\seed47\pbme.npz,D:\PhD-Project\GP_RKHS_MINT\GP_RKHS_MINT\Tully_models\GP_MInt_QCLE_Reviewer_Ready_Pipeline_v4\output\fixed_pipeline\reviewer_closure_20260726_174927\step9_repl_P020\seed47\run_manifest.json
PBME,20.0,47,1000,0.25,R_var,2.2225590553570953,True,independently sampled; not nested,D:\PhD-Project\GP_RKHS_MINT\GP_RKHS_MINT\Tully_models\GP_MInt_QCLE_Reviewer_Ready_Pipeline_v4\output\fixed_pipeline\reviewer_closure_20260726_174927\step9_repl_P020\seed47\pbme.npz,D:\PhD-Project\GP_RKHS_MINT\GP_RKHS_MINT\Tully_models\GP_MInt_QCLE_Reviewer_Ready_Pipeline_v4\output\fixed_pipeline\reviewer_closure_20260726_174927\step9_repl_P020\seed47\run_manifest.json
PBME,20.0,47,1000,0.25,P_var,1.6204879868586772,True,independently sampled; not nested,D:\PhD-Project\GP_RKHS_MINT\GP_RKHS_MINT\Tully_models\GP_MInt_QCLE_Reviewer_Ready_Pipeline_v4\output\fixed_pipeline\reviewer_closure_20260726_174927\step9_repl_P020\seed47\pbme.npz,D:\PhD-Project\GP_RKHS_MINT\GP_RKHS_MINT\Tully_models\GP_MInt_QCLE_Reviewer_Ready_Pipeline_v4\output\fixed_pipeline\reviewer_closure_20260726_174927\step9_repl_P020\seed47\run_manifest.json
MIDPOINT,20.0,47,1000,0.25,P0,0.9053042961198511,True,independently sampled; not nested,D:\PhD-Project\GP_RKHS_MINT\GP_RKHS_MINT\Tully_models\GP_MInt_QCLE_Reviewer_Ready_Pipeline_v4\output\fixed_pipeline\reviewer_closure_20260726_174927\step9_repl_P020\seed47\midpoint.npz,D:\PhD-Project\GP_RKHS_MINT\GP_RKHS_MINT\Tully_models\GP_MInt_QCLE_Reviewer_Ready_Pipeline_v4\output\fixed_pipeline\reviewer_closure_20260726_174927\step9_repl_P020\seed47\run_manifest.json
MIDPOINT,20.0,47,1000,0.25,P1,0.0946957038833055,True,independently sampled; not nested,D:\PhD-Project\GP_RKHS_MINT\GP_RKHS_MINT\Tully_models\GP_MInt_QCLE_Reviewer_Ready_Pipeline_v4\output\fixed_pipeline\reviewer_closure_20260726_174927\step9_repl_P020\seed47\midpoint.npz,D:\PhD-Project\GP_RKHS_MINT\GP_RKHS_MINT\Tully_models\GP_MInt_QCLE_Reviewer_Ready_Pipeline_v4\output\fixed_pipeline\reviewer_closure_20260726_174927\step9_repl_P020\seed47\run_manifest.json
MIDPOINT,20.0,47,1000,0.25,trace,1.0000000000031566,True,independently sampled; not nested,D:\PhD-Project\GP_RKHS_MINT\GP_RKHS_MINT\Tully_models\GP_MInt_QCLE_Reviewer_Ready_Pipeline_v4\output\fixed_pipeline\reviewer_closure_20260726_174927\step9_repl_P020\seed47\midpoint.npz,D:\PhD-Project\GP_RKHS_MINT\GP_RKHS_MINT\Tully_models\GP_MInt_QCLE_Reviewer_Ready_Pipeline_v4\output\fixed_pipeline\reviewer_closure_20260726_174927\step9_repl_P020\seed47\run_manifest.json
MIDPOINT,20.0,47,1000,0.25,energy,0.11802034096997906,True,independently sampled; not nested,D:\PhD-Project\GP_RKHS_MINT\GP_RKHS_MINT\Tully_models\GP_MInt_QCLE_Reviewer_Ready_Pipeline_v4\output\fixed_pipeline\reviewer_closure_20260726_174927\step9_repl_P020\seed47\midpoint.npz,D:\PhD-Project\GP_RKHS_MINT\GP_RKHS_MINT\Tully_models\GP_MInt_QCLE_Reviewer_Ready_Pipeline_v4\output\fixed_pipeline\reviewer_closure_20260726_174927\step9_repl_P020\seed47\run_manifest.json
MIDPOINT,20.0,47,1000,0.25,R_mean,16.732549335471735,True,independently sampled; not nested,D:\PhD-Project\GP_RKHS_MINT\GP_RKHS_MINT\Tully_models\GP_MInt_QCLE_Reviewer_Ready_Pipeline_v4\output\fixed_pipeline\reviewer_closure_20260726_174927\step9_repl_P020\seed47\midpoint.npz,D:\PhD-Project\GP_RKHS_MINT\GP_RKHS_MINT\Tully_models\GP_MInt_QCLE_Reviewer_Ready_Pipeline_v4\output\fixed_pipeline\reviewer_closure_20260726_174927\step9_repl_P020\seed47\run_manifest.json
MIDPOINT,20.0,47,1000,0.25,P_mean,21.318359456242433,True,independently sampled; not nested,D:\PhD-Project\GP_RKHS_MINT\GP_RKHS_MINT\Tully_models\GP_MInt_QCLE_Reviewer_Ready_Pipeline_v4\output\fixed_pipeline\reviewer_closure_20260726_174927\step9_repl_P020\seed47\midpoint.npz,D:\PhD-Project\GP_RKHS_MINT\GP_RKHS_MINT\Tully_models\GP_MInt_QCLE_Reviewer_Ready_Pipeline_v4\output\fixed_pipeline\reviewer_closure_20260726_174927\step9_repl_P020\seed47\run_manifest.json
MIDPOINT,20.0,47,1000,0.25,R_var,-66.19517931415521,True,independently sampled; not nested,D:\PhD-Project\GP_RKHS_MINT\GP_RKHS_MINT\Tully_models\GP_MInt_QCLE_Reviewer_Ready_Pipeline_v4\output\fixed_pipeline\reviewer_closure_20260726_174927\step9_repl_P020\seed47\midpoint.npz,D:\PhD-Project\GP_RKHS_MINT\GP_RKHS_MINT\Tully_models\GP_MInt_QCLE_Reviewer_Ready_Pipeline_v4\output\fixed_pipeline\reviewer_closure_20260726_174927\step9_repl_P020\seed47\run_manifest.json
MIDPOINT,20.0,47,1000,0.25,P_var,-94.13265930039734,True,independently sampled; not nested,D:\PhD-Project\GP_RKHS_MINT\GP_RKHS_MINT\Tully_models\GP_MInt_QCLE_Reviewer_Ready_Pipeline_v4\output\fixed_pipeline\reviewer_closure_20260726_174927\step9_repl_P020\seed47\midpoint.npz,D:\PhD-Project\GP_RKHS_MINT\GP_RKHS_MINT\Tully_models\GP_MInt_QCLE_Reviewer_Ready_Pipeline_v4\output\fixed_pipeline\reviewer_closure_20260726_174927\step9_repl_P020\seed47\run_manifest.json
PBME,20.0,47,2000,0.25,P0,0.9537009637251406,True,independently sampled; not nested,D:\PhD-Project\GP_RKHS_MINT\GP_RKHS_MINT\Tully_models\GP_MInt_QCLE_Reviewer_Ready_Pipeline_v4\output\fixed_pipeline\final_reviewer_closure\dynamics\support\P020\seed47_N2000\pbme.npz,D:\PhD-Project\GP_RKHS_MINT\GP_RKHS_MINT\Tully_models\GP_MInt_QCLE_Reviewer_Ready_Pipeline_v4\output\fixed_pipeline\final_reviewer_closure\dynamics\support\P020\seed47_N2000\run_manifest.json
PBME,20.0,47,2000,0.25,P1,0.04629903627602202,True,independently sampled; not nested,D:\PhD-Project\GP_RKHS_MINT\GP_RKHS_MINT\Tully_models\GP_MInt_QCLE_Reviewer_Ready_Pipeline_v4\output\fixed_pipeline\final_reviewer_closure\dynamics\support\P020\seed47_N2000\pbme.npz,D:\PhD-Project\GP_RKHS_MINT\GP_RKHS_MINT\Tully_models\GP_MInt_QCLE_Reviewer_Ready_Pipeline_v4\output\fixed_pipeline\final_reviewer_closure\dynamics\support\P020\seed47_N2000\run_manifest.json
PBME,20.0,47,2000,0.25,trace,1.0000000000011626,True,independently sampled; not nested,D:\PhD-Project\GP_RKHS_MINT\GP_RKHS_MINT\Tully_models\GP_MInt_QCLE_Reviewer_Ready_Pipeline_v4\output\fixed_pipeline\final_reviewer_closure\dynamics\support\P020\seed47_N2000\pbme.npz,D:\PhD-Project\GP_RKHS_MINT\GP_RKHS_MINT\Tully_models\GP_MInt_QCLE_Reviewer_Ready_Pipeline_v4\output\fixed_pipeline\final_reviewer_closure\dynamics\support\P020\seed47_N2000\run_manifest.json
PBME,20.0,47,2000,0.25,energy,0.09997290108832797,True,independently sampled; not nested,D:\PhD-Project\GP_RKHS_MINT\GP_RKHS_MINT\Tully_models\GP_MInt_QCLE_Reviewer_Ready_Pipeline_v4\output\fixed_pipeline\final_reviewer_closure\dynamics\support\P020\seed47_N2000\pbme.npz,D:\PhD-Project\GP_RKHS_MINT\GP_RKHS_MINT\Tully_models\GP_MInt_QCLE_Reviewer_Ready_Pipeline_v4\output\fixed_pipeline\final_reviewer_closure\dynamics\support\P020\seed47_N2000\run_manifest.json
PBME,20.0,47,2000,0.25,R_mean,15.283146222678244,True,independently sampled; not nested,D:\PhD-Project\GP_RKHS_MINT\GP_RKHS_MINT\Tully_models\GP_MInt_QCLE_Reviewer_Ready_Pipeline_v4\output\fixed_pipeline\final_reviewer_closure\dynamics\support\P020\seed47_N2000\pbme.npz,D:\PhD-Project\GP_RKHS_MINT\GP_RKHS_MINT\Tully_models\GP_MInt_QCLE_Reviewer_Ready_Pipeline_v4\output\fixed_pipeline\final_reviewer_closure\dynamics\support\P020\seed47_N2000\run_manifest.json
PBME,20.0,47,2000,0.25,P_mean,19.72090885949698,True,independently sampled; not nested,D:\PhD-Project\GP_RKHS_MINT\GP_RKHS_MINT\Tully_models\GP_MInt_QCLE_Reviewer_Ready_Pipeline_v4\output\fixed_pipeline\final_reviewer_closure\dynamics\support\P020\seed47_N2000\pbme.npz,D:\PhD-Project\GP_RKHS_MINT\GP_RKHS_MINT\Tully_models\GP_MInt_QCLE_Reviewer_Ready_Pipeline_v4\output\fixed_pipeline\final_reviewer_closure\dynamics\support\P020\seed47_N2000\run_manifest.json
PBME,20.0,47,2000,0.25,R_var,2.333803824323496,True,independently sampled; not nested,D:\PhD-Project\GP_RKHS_MINT\GP_RKHS_MINT\Tully_models\GP_MInt_QCLE_Reviewer_Ready_Pipeline_v4\output\fixed_pipeline\final_reviewer_closure\dynamics\support\P020\seed47_N2000\pbme.npz,D:\PhD-Project\GP_RKHS_MINT\GP_RKHS_MINT\Tully_models\GP_MInt_QCLE_Reviewer_Ready_Pipeline_v4\output\fixed_pipeline\final_reviewer_closure\dynamics\support\P020\seed47_N2000\run_manifest.json
PBME,20.0,47,2000,0.25,P_var,1.7176694658938345,True,independently sampled; not nested,D:\PhD-Project\GP_RKHS_MINT\GP_RKHS_MINT\Tully_models\GP_MInt_QCLE_Reviewer_Ready_Pipeline_v4\output\fixed_pipeline\final_reviewer_closure\dynamics\support\P020\seed47_N2000\pbme.npz,D:\PhD-Project\GP_RKHS_MINT\GP_RKHS_MINT\Tully_models\GP_MInt_QCLE_Reviewer_Ready_Pipeline_v4\output\fixed_pipeline\final_reviewer_closure\dynamics\support\P020\seed47_N2000\run_manifest.json
MIDPOINT,20.0,47,2000,0.25,P0,0.9443275912996978,True,independently sampled; not nested,D:\PhD-Project\GP_RKHS_MINT\GP_RKHS_MINT\Tully_models\GP_MInt_QCLE_Reviewer_Ready_Pipeline_v4\output\fixed_pipeline\final_reviewer_closure\dynamics\support\P020\seed47_N2000\midpoint.npz,D:\PhD-Project\GP_RKHS_MINT\GP_RKHS_MINT\Tully_models\GP_MInt_QCLE_Reviewer_Ready_Pipeline_v4\output\fixed_pipeline\final_reviewer_closure\dynamics\support\P020\seed47_N2000\run_manifest.json
MIDPOINT,20.0,47,2000,0.25,P1,0.055672408702403815,True,independently sampled; not nested,D:\PhD-Project\GP_RKHS_MINT\GP_RKHS_MINT\Tully_models\GP_MInt_QCLE_Reviewer_Ready_Pipeline_v4\output\fixed_pipeline\final_reviewer_closure\dynamics\support\P020\seed47_N2000\midpoint.npz,D:\PhD-Project\GP_RKHS_MINT\GP_RKHS_MINT\Tully_models\GP_MInt_QCLE_Reviewer_Ready_Pipeline_v4\output\fixed_pipeline\final_reviewer_closure\dynamics\support\P020\seed47_N2000\run_manifest.json
MIDPOINT,20.0,47,2000,0.25,trace,1.0000000000021017,True,independently sampled; not nested,D:\PhD-Project\GP_RKHS_MINT\GP_RKHS_MINT\Tully_models\GP_MInt_QCLE_Reviewer_Ready_Pipeline_v4\output\fixed_pipeline\final_reviewer_closure\dynamics\support\P020\seed47_N2000\midpoint.npz,D:\PhD-Project\GP_RKHS_MINT\GP_RKHS_MINT\Tully_models\GP_MInt_QCLE_Reviewer_Ready_Pipeline_v4\output\fixed_pipeline\final_reviewer_closure\dynamics\support\P020\seed47_N2000\run_manifest.json
MIDPOINT,20.0,47,2000,0.25,energy,0.09091851267115354,True,independently sampled; not nested,D:\PhD-Project\GP_RKHS_MINT\GP_RKHS_MINT\Tully_models\GP_MInt_QCLE_Reviewer_Ready_Pipeline_v4\output\fixed_pipeline\final_reviewer_closure\dynamics\support\P020\seed47_N2000\midpoint.npz,D:\PhD-Project\GP_RKHS_MINT\GP_RKHS_MINT\Tully_models\GP_MInt_QCLE_Reviewer_Ready_Pipeline_v4\output\fixed_pipeline\final_reviewer_closure\dynamics\support\P020\seed47_N2000\run_manifest.json
MIDPOINT,20.0,47,2000,0.25,R_mean,13.238107224313017,True,independently sampled; not nested,D:\PhD-Project\GP_RKHS_MINT\GP_RKHS_MINT\Tully_models\GP_MInt_QCLE_Reviewer_Ready_Pipeline_v4\output\fixed_pipeline\final_reviewer_closure\dynamics\support\P020\seed47_N2000\midpoint.npz,D:\PhD-Project\GP_RKHS_MINT\GP_RKHS_MINT\Tully_models\GP_MInt_QCLE_Reviewer_Ready_Pipeline_v4\output\fixed_pipeline\final_reviewer_closure\dynamics\support\P020\seed47_N2000\run_manifest.json
MIDPOINT,20.0,47,2000,0.25,P_mean,18.719799529055646,True,independently sampled; not nested,D:\PhD-Project\GP_RKHS_MINT\GP_RKHS_MINT\Tully_models\GP_MInt_QCLE_Reviewer_Ready_Pipeline_v4\output\fixed_pipeline\final_reviewer_closure\dynamics\support\P020\seed47_N2000\midpoint.npz,D:\PhD-Project\GP_RKHS_MINT\GP_RKHS_MINT\Tully_models\GP_MInt_QCLE_Reviewer_Ready_Pipeline_v4\output\fixed_pipeline\final_reviewer_closure\dynamics\support\P020\seed47_N2000\run_manifest.json
MIDPOINT,20.0,47,2000,0.25,R_var,-576372722.4244978,True,independently sampled; not nested,D:\PhD-Project\GP_RKHS_MINT\GP_RKHS_MINT\Tully_models\GP_MInt_QCLE_Reviewer_Ready_Pipeline_v4\output\fixed_pipeline\final_reviewer_closure\dynamics\support\P020\seed47_N2000\midpoint.npz,D:\PhD-Project\GP_RKHS_MINT\GP_RKHS_MINT\Tully_models\GP_MInt_QCLE_Reviewer_Ready_Pipeline_v4\output\fixed_pipeline\final_reviewer_closure\dynamics\support\P020\seed47_N2000\run_manifest.json
MIDPOINT,20.0,47,2000,0.25,P_var,-1152531736.0723329,True,independently sampled; not nested,D:\PhD-Project\GP_RKHS_MINT\GP_RKHS_MINT\Tully_models\GP_MInt_QCLE_Reviewer_Ready_Pipeline_v4\output\fixed_pipeline\final_reviewer_closure\dynamics\support\P020\seed47_N2000\midpoint.npz,D:\PhD-Project\GP_RKHS_MINT\GP_RKHS_MINT\Tully_models\GP_MInt_QCLE_Reviewer_Ready_Pipeline_v4\output\fixed_pipeline\final_reviewer_closure\dynamics\support\P020\seed47_N2000\run_manifest.json
PBME,100.0,11,500,0.25,P0,0.14146465759724539,True,independently sampled; not nested,D:\PhD-Project\GP_RKHS_MINT\GP_RKHS_MINT\Tully_models\GP_MInt_QCLE_Reviewer_Ready_Pipeline_v4\output\fixed_pipeline\reviewer_closure_20260723_194254\step8_support_P0100\seed11_N500\pbme.npz,D:\PhD-Project\GP_RKHS_MINT\GP_RKHS_MINT\Tully_models\GP_MInt_QCLE_Reviewer_Ready_Pipeline_v4\output\fixed_pipeline\reviewer_closure_20260723_194254\step8_support_P0100\seed11_N500\run_manifest.json
PBME,100.0,11,500,0.25,P1,0.8585353424029816,True,independently sampled; not nested,D:\PhD-Project\GP_RKHS_MINT\GP_RKHS_MINT\Tully_models\GP_MInt_QCLE_Reviewer_Ready_Pipeline_v4\output\fixed_pipeline\reviewer_closure_20260723_194254\step8_support_P0100\seed11_N500\pbme.npz,D:\PhD-Project\GP_RKHS_MINT\GP_RKHS_MINT\Tully_models\GP_MInt_QCLE_Reviewer_Ready_Pipeline_v4\output\fixed_pipeline\reviewer_closure_20260723_194254\step8_support_P0100\seed11_N500\run_manifest.json
PBME,100.0,11,500,0.25,trace,1.000000000000227,True,independently sampled; not nested,D:\PhD-Project\GP_RKHS_MINT\GP_RKHS_MINT\Tully_models\GP_MInt_QCLE_Reviewer_Ready_Pipeline_v4\output\fixed_pipeline\reviewer_closure_20260723_194254\step8_support_P0100\seed11_N500\pbme.npz,D:\PhD-Project\GP_RKHS_MINT\GP_RKHS_MINT\Tully_models\GP_MInt_QCLE_Reviewer_Ready_Pipeline_v4\output\fixed_pipeline\reviewer_closure_20260723_194254\step8_support_P0100\seed11_N500\run_manifest.json
PBME,100.0,11,500,0.25,energy,2.500103931498021,True,independently sampled; not nested,D:\PhD-Project\GP_RKHS_MINT\GP_RKHS_MINT\Tully_models\GP_MInt_QCLE_Reviewer_Ready_Pipeline_v4\output\fixed_pipeline\reviewer_closure_20260723_194254\step8_support_P0100\seed11_N500\pbme.npz,D:\PhD-Project\GP_RKHS_MINT\GP_RKHS_MINT\Tully_models\GP_MInt_QCLE_Reviewer_Ready_Pipeline_v4\output\fixed_pipeline\reviewer_closure_20260723_194254\step8_support_P0100\seed11_N500\run_manifest.json
PBME,100.0,11,500,0.25,R_mean,14.92821919033247,True,independently sampled; not nested,D:\PhD-Project\GP_RKHS_MINT\GP_RKHS_MINT\Tully_models\GP_MInt_QCLE_Reviewer_Ready_Pipeline_v4\output\fixed_pipeline\reviewer_closure_20260723_194254\step8_support_P0100\seed11_N500\pbme.npz,D:\PhD-Project\GP_RKHS_MINT\GP_RKHS_MINT\Tully_models\GP_MInt_QCLE_Reviewer_Ready_Pipeline_v4\output\fixed_pipeline\reviewer_closure_20260723_194254\step8_support_P0100\seed11_N500\run_manifest.json
PBME,100.0,11,500,0.25,P_mean,99.13764419348647,True,independently sampled; not nested,D:\PhD-Project\GP_RKHS_MINT\GP_RKHS_MINT\Tully_models\GP_MInt_QCLE_Reviewer_Ready_Pipeline_v4\output\fixed_pipeline\reviewer_closure_20260723_194254\step8_support_P0100\seed11_N500\pbme.npz,D:\PhD-Project\GP_RKHS_MINT\GP_RKHS_MINT\Tully_models\GP_MInt_QCLE_Reviewer_Ready_Pipeline_v4\output\fixed_pipeline\reviewer_closure_20260723_194254\step8_support_P0100\seed11_N500\run_manifest.json
PBME,100.0,11,500,0.25,R_var,0.9549234519787149,True,independently sampled; not nested,D:\PhD-Project\GP_RKHS_MINT\GP_RKHS_MINT\Tully_models\GP_MInt_QCLE_Reviewer_Ready_Pipeline_v4\output\fixed_pipeline\reviewer_closure_20260723_194254\step8_support_P0100\seed11_N500\pbme.npz,D:\PhD-Project\GP_RKHS_MINT\GP_RKHS_MINT\Tully_models\GP_MInt_QCLE_Reviewer_Ready_Pipeline_v4\output\fixed_pipeline\reviewer_closure_20260723_194254\step8_support_P0100\seed11_N500\run_manifest.json
PBME,100.0,11,500,0.25,P_var,0.43624055641885207,True,independently sampled; not nested,D:\PhD-Project\GP_RKHS_MINT\GP_RKHS_MINT\Tully_models\GP_MInt_QCLE_Reviewer_Ready_Pipeline_v4\output\fixed_pipeline\reviewer_closure_20260723_194254\step8_support_P0100\seed11_N500\pbme.npz,D:\PhD-Project\GP_RKHS_MINT\GP_RKHS_MINT\Tully_models\GP_MInt_QCLE_Reviewer_Ready_Pipeline_v4\output\fixed_pipeline\reviewer_closure_20260723_194254\step8_support_P0100\seed11_N500\run_manifest.json
MIDPOINT,100.0,11,500,0.25,P0,2.0744372375251814,True,independently sampled; not nested,D:\PhD-Project\GP_RKHS_MINT\GP_RKHS_MINT\Tully_models\GP_MInt_QCLE_Reviewer_Ready_Pipeline_v4\output\fixed_pipeline\reviewer_closure_20260723_194254\step8_support_P0100\seed11_N500\midpoint.npz,D:\PhD-Project\GP_RKHS_MINT\GP_RKHS_MINT\Tully_models\GP_MInt_QCLE_Reviewer_Ready_Pipeline_v4\output\fixed_pipeline\reviewer_closure_20260723_194254\step8_support_P0100\seed11_N500\run_manifest.json
MIDPOINT,100.0,11,500,0.25,P1,-1.0744372375250069,True,independently sampled; not nested,D:\PhD-Project\GP_RKHS_MINT\GP_RKHS_MINT\Tully_models\GP_MInt_QCLE_Reviewer_Ready_Pipeline_v4\output\fixed_pipeline\reviewer_closure_20260723_194254\step8_support_P0100\seed11_N500\midpoint.npz,D:\PhD-Project\GP_RKHS_MINT\GP_RKHS_MINT\Tully_models\GP_MInt_QCLE_Reviewer_Ready_Pipeline_v4\output\fixed_pipeline\reviewer_closure_20260723_194254\step8_support_P0100\seed11_N500\run_manifest.json
MIDPOINT,100.0,11,500,0.25,trace,1.0000000000001745,True,independently sampled; not nested,D:\PhD-Project\GP_RKHS_MINT\GP_RKHS_MINT\Tully_models\GP_MInt_QCLE_Reviewer_Ready_Pipeline_v4\output\fixed_pipeline\reviewer_closure_20260723_194254\step8_support_P0100\seed11_N500\midpoint.npz,D:\PhD-Project\GP_RKHS_MINT\GP_RKHS_MINT\Tully_models\GP_MInt_QCLE_Reviewer_Ready_Pipeline_v4\output\fixed_pipeline\reviewer_closure_20260723_194254\step8_support_P0100\seed11_N500\run_manifest.json
MIDPOINT,100.0,11,500,0.25,energy,2.334002023842523,True,independently sampled; not nested,D:\PhD-Project\GP_RKHS_MINT\GP_RKHS_MINT\Tully_models\GP_MInt_QCLE_Reviewer_Ready_Pipeline_v4\output\fixed_pipeline\reviewer_closure_20260723_194254\step8_support_P0100\seed11_N500\midpoint.npz,D:\PhD-Project\GP_RKHS_MINT\GP_RKHS_MINT\Tully_models\GP_MInt_QCLE_Reviewer_Ready_Pipeline_v4\output\fixed_pipeline\reviewer_closure_20260723_194254\step8_support_P0100\seed11_N500\run_manifest.json
MIDPOINT,100.0,11,500,0.25,R_mean,12.567211547324552,True,independently sampled; not nested,D:\PhD-Project\GP_RKHS_MINT\GP_RKHS_MINT\Tully_models\GP_MInt_QCLE_Reviewer_Ready_Pipeline_v4\output\fixed_pipeline\reviewer_closure_20260723_194254\step8_support_P0100\seed11_N500\midpoint.npz,D:\PhD-Project\GP_RKHS_MINT\GP_RKHS_MINT\Tully_models\GP_MInt_QCLE_Reviewer_Ready_Pipeline_v4\output\fixed_pipeline\reviewer_closure_20260723_194254\step8_support_P0100\seed11_N500\run_manifest.json
MIDPOINT,100.0,11,500,0.25,P_mean,97.7378350693877,True,independently sampled; not nested,D:\PhD-Project\GP_RKHS_MINT\GP_RKHS_MINT\Tully_models\GP_MInt_QCLE_Reviewer_Ready_Pipeline_v4\output\fixed_pipeline\reviewer_closure_20260723_194254\step8_support_P0100\seed11_N500\midpoint.npz,D:\PhD-Project\GP_RKHS_MINT\GP_RKHS_MINT\Tully_models\GP_MInt_QCLE_Reviewer_Ready_Pipeline_v4\output\fixed_pipeline\reviewer_closure_20260723_194254\step8_support_P0100\seed11_N500\run_manifest.json
MIDPOINT,100.0,11,500,0.25,R_var,-4.399900039445077e+19,True,independently sampled; not nested,D:\PhD-Project\GP_RKHS_MINT\GP_RKHS_MINT\Tully_models\GP_MInt_QCLE_Reviewer_Ready_Pipeline_v4\output\fixed_pipeline\reviewer_closure_20260723_194254\step8_support_P0100\seed11_N500\midpoint.npz,D:\PhD-Project\GP_RKHS_MINT\GP_RKHS_MINT\Tully_models\GP_MInt_QCLE_Reviewer_Ready_Pipeline_v4\output\fixed_pipeline\reviewer_closure_20260723_194254\step8_support_P0100\seed11_N500\run_manifest.json
MIDPOINT,100.0,11,500,0.25,P_var,-2.6612788866317707e+21,True,independently sampled; not nested,D:\PhD-Project\GP_RKHS_MINT\GP_RKHS_MINT\Tully_models\GP_MInt_QCLE_Reviewer_Ready_Pipeline_v4\output\fixed_pipeline\reviewer_closure_20260723_194254\step8_support_P0100\seed11_N500\midpoint.npz,D:\PhD-Project\GP_RKHS_MINT\GP_RKHS_MINT\Tully_models\GP_MInt_QCLE_Reviewer_Ready_Pipeline_v4\output\fixed_pipeline\reviewer_closure_20260723_194254\step8_support_P0100\seed11_N500\run_manifest.json
PBME,100.0,11,1000,0.25,P0,0.14800608013183864,True,independently sampled; not nested,D:\PhD-Project\GP_RKHS_MINT\GP_RKHS_MINT\Tully_models\GP_MInt_QCLE_Reviewer_Ready_Pipeline_v4\output\fixed_pipeline\reviewer_closure_20260726_174927\step9_repl_P0100\seed11\pbme.npz,D:\PhD-Project\GP_RKHS_MINT\GP_RKHS_MINT\Tully_models\GP_MInt_QCLE_Reviewer_Ready_Pipeline_v4\output\fixed_pipeline\reviewer_closure_20260726_174927\step9_repl_P0100\seed11\run_manifest.json
PBME,100.0,11,1000,0.25,P1,0.8519939198683861,True,independently sampled; not nested,D:\PhD-Project\GP_RKHS_MINT\GP_RKHS_MINT\Tully_models\GP_MInt_QCLE_Reviewer_Ready_Pipeline_v4\output\fixed_pipeline\reviewer_closure_20260726_174927\step9_repl_P0100\seed11\pbme.npz,D:\PhD-Project\GP_RKHS_MINT\GP_RKHS_MINT\Tully_models\GP_MInt_QCLE_Reviewer_Ready_Pipeline_v4\output\fixed_pipeline\reviewer_closure_20260726_174927\step9_repl_P0100\seed11\run_manifest.json
PBME,100.0,11,1000,0.25,trace,1.0000000000002247,True,independently sampled; not nested,D:\PhD-Project\GP_RKHS_MINT\GP_RKHS_MINT\Tully_models\GP_MInt_QCLE_Reviewer_Ready_Pipeline_v4\output\fixed_pipeline\reviewer_closure_20260726_174927\step9_repl_P0100\seed11\pbme.npz,D:\PhD-Project\GP_RKHS_MINT\GP_RKHS_MINT\Tully_models\GP_MInt_QCLE_Reviewer_Ready_Pipeline_v4\output\fixed_pipeline\reviewer_closure_20260726_174927\step9_repl_P0100\seed11\run_manifest.json
PBME,100.0,11,1000,0.25,energy,2.499976382987066,True,independently sampled; not nested,D:\PhD-Project\GP_RKHS_MINT\GP_RKHS_MINT\Tully_models\GP_MInt_QCLE_Reviewer_Ready_Pipeline_v4\output\fixed_pipeline\reviewer_closure_20260726_174927\step9_repl_P0100\seed11\pbme.npz,D:\PhD-Project\GP_RKHS_MINT\GP_RKHS_MINT\Tully_models\GP_MInt_QCLE_Reviewer_Ready_Pipeline_v4\output\fixed_pipeline\reviewer_closure_20260726_174927\step9_repl_P0100\seed11\run_manifest.json
PBME,100.0,11,1000,0.25,R_mean,14.913704205665262,True,independently sampled; not nested,D:\PhD-Project\GP_RKHS_MINT\GP_RKHS_MINT\Tully_models\GP_MInt_QCLE_Reviewer_Ready_Pipeline_v4\output\fixed_pipeline\reviewer_closure_20260726_174927\step9_repl_P0100\seed11\pbme.npz,D:\PhD-Project\GP_RKHS_MINT\GP_RKHS_MINT\Tully_models\GP_MInt_QCLE_Reviewer_Ready_Pipeline_v4\output\fixed_pipeline\reviewer_closure_20260726_174927\step9_repl_P0100\seed11\run_manifest.json
PBME,100.0,11,1000,0.25,P_mean,99.14158211192559,True,independently sampled; not nested,D:\PhD-Project\GP_RKHS_MINT\GP_RKHS_MINT\Tully_models\GP_MInt_QCLE_Reviewer_Ready_Pipeline_v4\output\fixed_pipeline\reviewer_closure_20260726_174927\step9_repl_P0100\seed11\pbme.npz,D:\PhD-Project\GP_RKHS_MINT\GP_RKHS_MINT\Tully_models\GP_MInt_QCLE_Reviewer_Ready_Pipeline_v4\output\fixed_pipeline\reviewer_closure_20260726_174927\step9_repl_P0100\seed11\run_manifest.json
PBME,100.0,11,1000,0.25,R_var,1.0177354924969393,True,independently sampled; not nested,D:\PhD-Project\GP_RKHS_MINT\GP_RKHS_MINT\Tully_models\GP_MInt_QCLE_Reviewer_Ready_Pipeline_v4\output\fixed_pipeline\reviewer_closure_20260726_174927\step9_repl_P0100\seed11\pbme.npz,D:\PhD-Project\GP_RKHS_MINT\GP_RKHS_MINT\Tully_models\GP_MInt_QCLE_Reviewer_Ready_Pipeline_v4\output\fixed_pipeline\reviewer_closure_20260726_174927\step9_repl_P0100\seed11\run_manifest.json
PBME,100.0,11,1000,0.25,P_var,0.45344635570836545,True,independently sampled; not nested,D:\PhD-Project\GP_RKHS_MINT\GP_RKHS_MINT\Tully_models\GP_MInt_QCLE_Reviewer_Ready_Pipeline_v4\output\fixed_pipeline\reviewer_closure_20260726_174927\step9_repl_P0100\seed11\pbme.npz,D:\PhD-Project\GP_RKHS_MINT\GP_RKHS_MINT\Tully_models\GP_MInt_QCLE_Reviewer_Ready_Pipeline_v4\output\fixed_pipeline\reviewer_closure_20260726_174927\step9_repl_P0100\seed11\run_manifest.json
MIDPOINT,100.0,11,1000,0.25,P0,0.47351772028565303,True,independently sampled; not nested,D:\PhD-Project\GP_RKHS_MINT\GP_RKHS_MINT\Tully_models\GP_MInt_QCLE_Reviewer_Ready_Pipeline_v4\output\fixed_pipeline\reviewer_closure_20260726_174927\step9_repl_P0100\seed11\midpoint.npz,D:\PhD-Project\GP_RKHS_MINT\GP_RKHS_MINT\Tully_models\GP_MInt_QCLE_Reviewer_Ready_Pipeline_v4\output\fixed_pipeline\reviewer_closure_20260726_174927\step9_repl_P0100\seed11\run_manifest.json
MIDPOINT,100.0,11,1000,0.25,P1,0.5264822797147946,True,independently sampled; not nested,D:\PhD-Project\GP_RKHS_MINT\GP_RKHS_MINT\Tully_models\GP_MInt_QCLE_Reviewer_Ready_Pipeline_v4\output\fixed_pipeline\reviewer_closure_20260726_174927\step9_repl_P0100\seed11\midpoint.npz,D:\PhD-Project\GP_RKHS_MINT\GP_RKHS_MINT\Tully_models\GP_MInt_QCLE_Reviewer_Ready_Pipeline_v4\output\fixed_pipeline\reviewer_closure_20260726_174927\step9_repl_P0100\seed11\run_manifest.json
MIDPOINT,100.0,11,1000,0.25,trace,1.0000000000004476,True,independently sampled; not nested,D:\PhD-Project\GP_RKHS_MINT\GP_RKHS_MINT\Tully_models\GP_MInt_QCLE_Reviewer_Ready_Pipeline_v4\output\fixed_pipeline\reviewer_closure_20260726_174927\step9_repl_P0100\seed11\midpoint.npz,D:\PhD-Project\GP_RKHS_MINT\GP_RKHS_MINT\Tully_models\GP_MInt_QCLE_Reviewer_Ready_Pipeline_v4\output\fixed_pipeline\reviewer_closure_20260726_174927\step9_repl_P0100\seed11\run_manifest.json
MIDPOINT,100.0,11,1000,0.25,energy,2.4133471658474694,True,independently sampled; not nested,D:\PhD-Project\GP_RKHS_MINT\GP_RKHS_MINT\Tully_models\GP_MInt_QCLE_Reviewer_Ready_Pipeline_v4\output\fixed_pipeline\reviewer_closure_20260726_174927\step9_repl_P0100\seed11\midpoint.npz,D:\PhD-Project\GP_RKHS_MINT\GP_RKHS_MINT\Tully_models\GP_MInt_QCLE_Reviewer_Ready_Pipeline_v4\output\fixed_pipeline\reviewer_closure_20260726_174927\step9_repl_P0100\seed11\run_manifest.json
MIDPOINT,100.0,11,1000,0.25,R_mean,13.377919199469797,True,independently sampled; not nested,D:\PhD-Project\GP_RKHS_MINT\GP_RKHS_MINT\Tully_models\GP_MInt_QCLE_Reviewer_Ready_Pipeline_v4\output\fixed_pipeline\reviewer_closure_20260726_174927\step9_repl_P0100\seed11\midpoint.npz,D:\PhD-Project\GP_RKHS_MINT\GP_RKHS_MINT\Tully_models\GP_MInt_QCLE_Reviewer_Ready_Pipeline_v4\output\fixed_pipeline\reviewer_closure_20260726_174927\step9_repl_P0100\seed11\run_manifest.json
MIDPOINT,100.0,11,1000,0.25,P_mean,97.71666334654556,True,independently sampled; not nested,D:\PhD-Project\GP_RKHS_MINT\GP_RKHS_MINT\Tully_models\GP_MInt_QCLE_Reviewer_Ready_Pipeline_v4\output\fixed_pipeline\reviewer_closure_20260726_174927\step9_repl_P0100\seed11\midpoint.npz,D:\PhD-Project\GP_RKHS_MINT\GP_RKHS_MINT\Tully_models\GP_MInt_QCLE_Reviewer_Ready_Pipeline_v4\output\fixed_pipeline\reviewer_closure_20260726_174927\step9_repl_P0100\seed11\run_manifest.json
MIDPOINT,100.0,11,1000,0.25,R_var,-4.039919077722599e+25,True,independently sampled; not nested,D:\PhD-Project\GP_RKHS_MINT\GP_RKHS_MINT\Tully_models\GP_MInt_QCLE_Reviewer_Ready_Pipeline_v4\output\fixed_pipeline\reviewer_closure_20260726_174927\step9_repl_P0100\seed11\midpoint.npz,D:\PhD-Project\GP_RKHS_MINT\GP_RKHS_MINT\Tully_models\GP_MInt_QCLE_Reviewer_Ready_Pipeline_v4\output\fixed_pipeline\reviewer_closure_20260726_174927\step9_repl_P0100\seed11\run_manifest.json
MIDPOINT,100.0,11,1000,0.25,P_var,-2.1554243607360183e+27,True,independently sampled; not nested,D:\PhD-Project\GP_RKHS_MINT\GP_RKHS_MINT\Tully_models\GP_MInt_QCLE_Reviewer_Ready_Pipeline_v4\output\fixed_pipeline\reviewer_closure_20260726_174927\step9_repl_P0100\seed11\midpoint.npz,D:\PhD-Project\GP_RKHS_MINT\GP_RKHS_MINT\Tully_models\GP_MInt_QCLE_Reviewer_Ready_Pipeline_v4\output\fixed_pipeline\reviewer_closure_20260726_174927\step9_repl_P0100\seed11\run_manifest.json
PBME,100.0,11,2000,0.25,P0,0.13783015676876204,True,independently sampled; not nested,D:\PhD-Project\GP_RKHS_MINT\GP_RKHS_MINT\Tully_models\GP_MInt_QCLE_Reviewer_Ready_Pipeline_v4\output\fixed_pipeline\final_reviewer_closure\dynamics\support\P0100\seed11_N2000\pbme.npz,D:\PhD-Project\GP_RKHS_MINT\GP_RKHS_MINT\Tully_models\GP_MInt_QCLE_Reviewer_Ready_Pipeline_v4\output\fixed_pipeline\final_reviewer_closure\dynamics\support\P0100\seed11_N2000\run_manifest.json
PBME,100.0,11,2000,0.25,P1,0.8621698432314643,True,independently sampled; not nested,D:\PhD-Project\GP_RKHS_MINT\GP_RKHS_MINT\Tully_models\GP_MInt_QCLE_Reviewer_Ready_Pipeline_v4\output\fixed_pipeline\final_reviewer_closure\dynamics\support\P0100\seed11_N2000\pbme.npz,D:\PhD-Project\GP_RKHS_MINT\GP_RKHS_MINT\Tully_models\GP_MInt_QCLE_Reviewer_Ready_Pipeline_v4\output\fixed_pipeline\final_reviewer_closure\dynamics\support\P0100\seed11_N2000\run_manifest.json
PBME,100.0,11,2000,0.25,trace,1.0000000000002263,True,independently sampled; not nested,D:\PhD-Project\GP_RKHS_MINT\GP_RKHS_MINT\Tully_models\GP_MInt_QCLE_Reviewer_Ready_Pipeline_v4\output\fixed_pipeline\final_reviewer_closure\dynamics\support\P0100\seed11_N2000\pbme.npz,D:\PhD-Project\GP_RKHS_MINT\GP_RKHS_MINT\Tully_models\GP_MInt_QCLE_Reviewer_Ready_Pipeline_v4\output\fixed_pipeline\final_reviewer_closure\dynamics\support\P0100\seed11_N2000\run_manifest.json
PBME,100.0,11,2000,0.25,energy,2.500492504049111,True,independently sampled; not nested,D:\PhD-Project\GP_RKHS_MINT\GP_RKHS_MINT\Tully_models\GP_MInt_QCLE_Reviewer_Ready_Pipeline_v4\output\fixed_pipeline\final_reviewer_closure\dynamics\support\P0100\seed11_N2000\pbme.npz,D:\PhD-Project\GP_RKHS_MINT\GP_RKHS_MINT\Tully_models\GP_MInt_QCLE_Reviewer_Ready_Pipeline_v4\output\fixed_pipeline\final_reviewer_closure\dynamics\support\P0100\seed11_N2000\run_manifest.json
PBME,100.0,11,2000,0.25,R_mean,14.90552516587067,True,independently sampled; not nested,D:\PhD-Project\GP_RKHS_MINT\GP_RKHS_MINT\Tully_models\GP_MInt_QCLE_Reviewer_Ready_Pipeline_v4\output\fixed_pipeline\final_reviewer_closure\dynamics\support\P0100\seed11_N2000\pbme.npz,D:\PhD-Project\GP_RKHS_MINT\GP_RKHS_MINT\Tully_models\GP_MInt_QCLE_Reviewer_Ready_Pipeline_v4\output\fixed_pipeline\final_reviewer_closure\dynamics\support\P0100\seed11_N2000\run_manifest.json
PBME,100.0,11,2000,0.25,P_mean,99.14171495119919,True,independently sampled; not nested,D:\PhD-Project\GP_RKHS_MINT\GP_RKHS_MINT\Tully_models\GP_MInt_QCLE_Reviewer_Ready_Pipeline_v4\output\fixed_pipeline\final_reviewer_closure\dynamics\support\P0100\seed11_N2000\pbme.npz,D:\PhD-Project\GP_RKHS_MINT\GP_RKHS_MINT\Tully_models\GP_MInt_QCLE_Reviewer_Ready_Pipeline_v4\output\fixed_pipeline\final_reviewer_closure\dynamics\support\P0100\seed11_N2000\run_manifest.json
PBME,100.0,11,2000,0.25,R_var,1.0080814288151032,True,independently sampled; not nested,D:\PhD-Project\GP_RKHS_MINT\GP_RKHS_MINT\Tully_models\GP_MInt_QCLE_Reviewer_Ready_Pipeline_v4\output\fixed_pipeline\final_reviewer_closure\dynamics\support\P0100\seed11_N2000\pbme.npz,D:\PhD-Project\GP_RKHS_MINT\GP_RKHS_MINT\Tully_models\GP_MInt_QCLE_Reviewer_Ready_Pipeline_v4\output\fixed_pipeline\final_reviewer_closure\dynamics\support\P0100\seed11_N2000\run_manifest.json
PBME,100.0,11,2000,0.25,P_var,0.4564393016662507,True,independently sampled; not nested,D:\PhD-Project\GP_RKHS_MINT\GP_RKHS_MINT\Tully_models\GP_MInt_QCLE_Reviewer_Ready_Pipeline_v4\output\fixed_pipeline\final_reviewer_closure\dynamics\support\P0100\seed11_N2000\pbme.npz,D:\PhD-Project\GP_RKHS_MINT\GP_RKHS_MINT\Tully_models\GP_MInt_QCLE_Reviewer_Ready_Pipeline_v4\output\fixed_pipeline\final_reviewer_closure\dynamics\support\P0100\seed11_N2000\run_manifest.json
MIDPOINT,100.0,11,2000,0.25,P0,-1.1613900748017976,True,independently sampled; not nested,D:\PhD-Project\GP_RKHS_MINT\GP_RKHS_MINT\Tully_models\GP_MInt_QCLE_Reviewer_Ready_Pipeline_v4\output\fixed_pipeline\final_reviewer_closure\dynamics\support\P0100\seed11_N2000\midpoint.npz,D:\PhD-Project\GP_RKHS_MINT\GP_RKHS_MINT\Tully_models\GP_MInt_QCLE_Reviewer_Ready_Pipeline_v4\output\fixed_pipeline\final_reviewer_closure\dynamics\support\P0100\seed11_N2000\run_manifest.json
MIDPOINT,100.0,11,2000,0.25,P1,2.1613900748021617,True,independently sampled; not nested,D:\PhD-Project\GP_RKHS_MINT\GP_RKHS_MINT\Tully_models\GP_MInt_QCLE_Reviewer_Ready_Pipeline_v4\output\fixed_pipeline\final_reviewer_closure\dynamics\support\P0100\seed11_N2000\midpoint.npz,D:\PhD-Project\GP_RKHS_MINT\GP_RKHS_MINT\Tully_models\GP_MInt_QCLE_Reviewer_Ready_Pipeline_v4\output\fixed_pipeline\final_reviewer_closure\dynamics\support\P0100\seed11_N2000\run_manifest.json
MIDPOINT,100.0,11,2000,0.25,trace,1.0000000000003642,True,independently sampled; not nested,D:\PhD-Project\GP_RKHS_MINT\GP_RKHS_MINT\Tully_models\GP_MInt_QCLE_Reviewer_Ready_Pipeline_v4\output\fixed_pipeline\final_reviewer_closure\dynamics\support\P0100\seed11_N2000\midpoint.npz,D:\PhD-Project\GP_RKHS_MINT\GP_RKHS_MINT\Tully_models\GP_MInt_QCLE_Reviewer_Ready_Pipeline_v4\output\fixed_pipeline\final_reviewer_closure\dynamics\support\P0100\seed11_N2000\run_manifest.json
MIDPOINT,100.0,11,2000,0.25,energy,2.4738549212533316,True,independently sampled; not nested,D:\PhD-Project\GP_RKHS_MINT\GP_RKHS_MINT\Tully_models\GP_MInt_QCLE_Reviewer_Ready_Pipeline_v4\output\fixed_pipeline\final_reviewer_closure\dynamics\support\P0100\seed11_N2000\midpoint.npz,D:\PhD-Project\GP_RKHS_MINT\GP_RKHS_MINT\Tully_models\GP_MInt_QCLE_Reviewer_Ready_Pipeline_v4\output\fixed_pipeline\final_reviewer_closure\dynamics\support\P0100\seed11_N2000\run_manifest.json
MIDPOINT,100.0,11,2000,0.25,R_mean,11.493123828418694,True,independently sampled; not nested,D:\PhD-Project\GP_RKHS_MINT\GP_RKHS_MINT\Tully_models\GP_MInt_QCLE_Reviewer_Ready_Pipeline_v4\output\fixed_pipeline\final_reviewer_closure\dynamics\support\P0100\seed11_N2000\midpoint.npz,D:\PhD-Project\GP_RKHS_MINT\GP_RKHS_MINT\Tully_models\GP_MInt_QCLE_Reviewer_Ready_Pipeline_v4\output\fixed_pipeline\final_reviewer_closure\dynamics\support\P0100\seed11_N2000\run_manifest.json
MIDPOINT,100.0,11,2000,0.25,P_mean,97.29174807537031,True,independently sampled; not nested,D:\PhD-Project\GP_RKHS_MINT\GP_RKHS_MINT\Tully_models\GP_MInt_QCLE_Reviewer_Ready_Pipeline_v4\output\fixed_pipeline\final_reviewer_closure\dynamics\support\P0100\seed11_N2000\midpoint.npz,D:\PhD-Project\GP_RKHS_MINT\GP_RKHS_MINT\Tully_models\GP_MInt_QCLE_Reviewer_Ready_Pipeline_v4\output\fixed_pipeline\final_reviewer_closure\dynamics\support\P0100\seed11_N2000\run_manifest.json
MIDPOINT,100.0,11,2000,0.25,R_var,-1.7880217834555518e+69,True,independently sampled; not nested,D:\PhD-Project\GP_RKHS_MINT\GP_RKHS_MINT\Tully_models\GP_MInt_QCLE_Reviewer_Ready_Pipeline_v4\output\fixed_pipeline\final_reviewer_closure\dynamics\support\P0100\seed11_N2000\midpoint.npz,D:\PhD-Project\GP_RKHS_MINT\GP_RKHS_MINT\Tully_models\GP_MInt_QCLE_Reviewer_Ready_Pipeline_v4\output\fixed_pipeline\final_reviewer_closure\dynamics\support\P0100\seed11_N2000\run_manifest.json
MIDPOINT,100.0,11,2000,0.25,P_var,-1.2812935706486346e+71,True,independently sampled; not nested,D:\PhD-Project\GP_RKHS_MINT\GP_RKHS_MINT\Tully_models\GP_MInt_QCLE_Reviewer_Ready_Pipeline_v4\output\fixed_pipeline\final_reviewer_closure\dynamics\support\P0100\seed11_N2000\midpoint.npz,D:\PhD-Project\GP_RKHS_MINT\GP_RKHS_MINT\Tully_models\GP_MInt_QCLE_Reviewer_Ready_Pipeline_v4\output\fixed_pipeline\final_reviewer_closure\dynamics\support\P0100\seed11_N2000\run_manifest.json
PBME,100.0,29,500,0.25,P0,0.1291693364299983,True,independently sampled; not nested,D:\PhD-Project\GP_RKHS_MINT\GP_RKHS_MINT\Tully_models\GP_MInt_QCLE_Reviewer_Ready_Pipeline_v4\output\fixed_pipeline\reviewer_closure_20260723_194254\step8_support_P0100\seed29_N500\pbme.npz,D:\PhD-Project\GP_RKHS_MINT\GP_RKHS_MINT\Tully_models\GP_MInt_QCLE_Reviewer_Ready_Pipeline_v4\output\fixed_pipeline\reviewer_closure_20260723_194254\step8_support_P0100\seed29_N500\run_manifest.json
PBME,100.0,29,500,0.25,P1,0.8708306635702274,True,independently sampled; not nested,D:\PhD-Project\GP_RKHS_MINT\GP_RKHS_MINT\Tully_models\GP_MInt_QCLE_Reviewer_Ready_Pipeline_v4\output\fixed_pipeline\reviewer_closure_20260723_194254\step8_support_P0100\seed29_N500\pbme.npz,D:\PhD-Project\GP_RKHS_MINT\GP_RKHS_MINT\Tully_models\GP_MInt_QCLE_Reviewer_Ready_Pipeline_v4\output\fixed_pipeline\reviewer_closure_20260723_194254\step8_support_P0100\seed29_N500\run_manifest.json
PBME,100.0,29,500,0.25,trace,1.0000000000002258,True,independently sampled; not nested,D:\PhD-Project\GP_RKHS_MINT\GP_RKHS_MINT\Tully_models\GP_MInt_QCLE_Reviewer_Ready_Pipeline_v4\output\fixed_pipeline\reviewer_closure_20260723_194254\step8_support_P0100\seed29_N500\pbme.npz,D:\PhD-Project\GP_RKHS_MINT\GP_RKHS_MINT\Tully_models\GP_MInt_QCLE_Reviewer_Ready_Pipeline_v4\output\fixed_pipeline\reviewer_closure_20260723_194254\step8_support_P0100\seed29_N500\run_manifest.json
PBME,100.0,29,500,0.25,energy,2.498706841703079,True,independently sampled; not nested,D:\PhD-Project\GP_RKHS_MINT\GP_RKHS_MINT\Tully_models\GP_MInt_QCLE_Reviewer_Ready_Pipeline_v4\output\fixed_pipeline\reviewer_closure_20260723_194254\step8_support_P0100\seed29_N500\pbme.npz,D:\PhD-Project\GP_RKHS_MINT\GP_RKHS_MINT\Tully_models\GP_MInt_QCLE_Reviewer_Ready_Pipeline_v4\output\fixed_pipeline\reviewer_closure_20260723_194254\step8_support_P0100\seed29_N500\run_manifest.json
PBME,100.0,29,500,0.25,R_mean,14.908432926409244,True,independently sampled; not nested,D:\PhD-Project\GP_RKHS_MINT\GP_RKHS_MINT\Tully_models\GP_MInt_QCLE_Reviewer_Ready_Pipeline_v4\output\fixed_pipeline\reviewer_closure_20260723_194254\step8_support_P0100\seed29_N500\pbme.npz,D:\PhD-Project\GP_RKHS_MINT\GP_RKHS_MINT\Tully_models\GP_MInt_QCLE_Reviewer_Ready_Pipeline_v4\output\fixed_pipeline\reviewer_closure_20260723_194254\step8_support_P0100\seed29_N500\run_manifest.json
PBME,100.0,29,500,0.25,P_mean,99.09703952963167,True,independently sampled; not nested,D:\PhD-Project\GP_RKHS_MINT\GP_RKHS_MINT\Tully_models\GP_MInt_QCLE_Reviewer_Ready_Pipeline_v4\output\fixed_pipeline\reviewer_closure_20260723_194254\step8_support_P0100\seed29_N500\pbme.npz,D:\PhD-Project\GP_RKHS_MINT\GP_RKHS_MINT\Tully_models\GP_MInt_QCLE_Reviewer_Ready_Pipeline_v4\output\fixed_pipeline\reviewer_closure_20260723_194254\step8_support_P0100\seed29_N500\run_manifest.json
PBME,100.0,29,500,0.25,R_var,1.0628571379034781,True,independently sampled; not nested,D:\PhD-Project\GP_RKHS_MINT\GP_RKHS_MINT\Tully_models\GP_MInt_QCLE_Reviewer_Ready_Pipeline_v4\output\fixed_pipeline\reviewer_closure_20260723_194254\step8_support_P0100\seed29_N500\pbme.npz,D:\PhD-Project\GP_RKHS_MINT\GP_RKHS_MINT\Tully_models\GP_MInt_QCLE_Reviewer_Ready_Pipeline_v4\output\fixed_pipeline\reviewer_closure_20260723_194254\step8_support_P0100\seed29_N500\run_manifest.json
PBME,100.0,29,500,0.25,P_var,0.43801563364286267,True,independently sampled; not nested,D:\PhD-Project\GP_RKHS_MINT\GP_RKHS_MINT\Tully_models\GP_MInt_QCLE_Reviewer_Ready_Pipeline_v4\output\fixed_pipeline\reviewer_closure_20260723_194254\step8_support_P0100\seed29_N500\pbme.npz,D:\PhD-Project\GP_RKHS_MINT\GP_RKHS_MINT\Tully_models\GP_MInt_QCLE_Reviewer_Ready_Pipeline_v4\output\fixed_pipeline\reviewer_closure_20260723_194254\step8_support_P0100\seed29_N500\run_manifest.json
MIDPOINT,100.0,29,500,0.25,P0,0.5284327770424533,True,independently sampled; not nested,D:\PhD-Project\GP_RKHS_MINT\GP_RKHS_MINT\Tully_models\GP_MInt_QCLE_Reviewer_Ready_Pipeline_v4\output\fixed_pipeline\reviewer_closure_20260723_194254\step8_support_P0100\seed29_N500\midpoint.npz,D:\PhD-Project\GP_RKHS_MINT\GP_RKHS_MINT\Tully_models\GP_MInt_QCLE_Reviewer_Ready_Pipeline_v4\output\fixed_pipeline\reviewer_closure_20260723_194254\step8_support_P0100\seed29_N500\run_manifest.json
MIDPOINT,100.0,29,500,0.25,P1,0.47156722295797754,True,independently sampled; not nested,D:\PhD-Project\GP_RKHS_MINT\GP_RKHS_MINT\Tully_models\GP_MInt_QCLE_Reviewer_Ready_Pipeline_v4\output\fixed_pipeline\reviewer_closure_20260723_194254\step8_support_P0100\seed29_N500\midpoint.npz,D:\PhD-Project\GP_RKHS_MINT\GP_RKHS_MINT\Tully_models\GP_MInt_QCLE_Reviewer_Ready_Pipeline_v4\output\fixed_pipeline\reviewer_closure_20260723_194254\step8_support_P0100\seed29_N500\run_manifest.json
MIDPOINT,100.0,29,500,0.25,trace,1.0000000000004308,True,independently sampled; not nested,D:\PhD-Project\GP_RKHS_MINT\GP_RKHS_MINT\Tully_models\GP_MInt_QCLE_Reviewer_Ready_Pipeline_v4\output\fixed_pipeline\reviewer_closure_20260723_194254\step8_support_P0100\seed29_N500\midpoint.npz,D:\PhD-Project\GP_RKHS_MINT\GP_RKHS_MINT\Tully_models\GP_MInt_QCLE_Reviewer_Ready_Pipeline_v4\output\fixed_pipeline\reviewer_closure_20260723_194254\step8_support_P0100\seed29_N500\run_manifest.json
MIDPOINT,100.0,29,500,0.25,energy,2.4520132856642345,True,independently sampled; not nested,D:\PhD-Project\GP_RKHS_MINT\GP_RKHS_MINT\Tully_models\GP_MInt_QCLE_Reviewer_Ready_Pipeline_v4\output\fixed_pipeline\reviewer_closure_20260723_194254\step8_support_P0100\seed29_N500\midpoint.npz,D:\PhD-Project\GP_RKHS_MINT\GP_RKHS_MINT\Tully_models\GP_MInt_QCLE_Reviewer_Ready_Pipeline_v4\output\fixed_pipeline\reviewer_closure_20260723_194254\step8_support_P0100\seed29_N500\run_manifest.json
MIDPOINT,100.0,29,500,0.25,R_mean,15.749960108622274,True,independently sampled; not nested,D:\PhD-Project\GP_RKHS_MINT\GP_RKHS_MINT\Tully_models\GP_MInt_QCLE_Reviewer_Ready_Pipeline_v4\output\fixed_pipeline\reviewer_closure_20260723_194254\step8_support_P0100\seed29_N500\midpoint.npz,D:\PhD-Project\GP_RKHS_MINT\GP_RKHS_MINT\Tully_models\GP_MInt_QCLE_Reviewer_Ready_Pipeline_v4\output\fixed_pipeline\reviewer_closure_20260723_194254\step8_support_P0100\seed29_N500\run_manifest.json
MIDPOINT,100.0,29,500,0.25,P_mean,98.55183460124462,True,independently sampled; not nested,D:\PhD-Project\GP_RKHS_MINT\GP_RKHS_MINT\Tully_models\GP_MInt_QCLE_Reviewer_Ready_Pipeline_v4\output\fixed_pipeline\reviewer_closure_20260723_194254\step8_support_P0100\seed29_N500\midpoint.npz,D:\PhD-Project\GP_RKHS_MINT\GP_RKHS_MINT\Tully_models\GP_MInt_QCLE_Reviewer_Ready_Pipeline_v4\output\fixed_pipeline\reviewer_closure_20260723_194254\step8_support_P0100\seed29_N500\run_manifest.json
MIDPOINT,100.0,29,500,0.25,R_var,-8151782.045694952,True,independently sampled; not nested,D:\PhD-Project\GP_RKHS_MINT\GP_RKHS_MINT\Tully_models\GP_MInt_QCLE_Reviewer_Ready_Pipeline_v4\output\fixed_pipeline\reviewer_closure_20260723_194254\step8_support_P0100\seed29_N500\midpoint.npz,D:\PhD-Project\GP_RKHS_MINT\GP_RKHS_MINT\Tully_models\GP_MInt_QCLE_Reviewer_Ready_Pipeline_v4\output\fixed_pipeline\reviewer_closure_20260723_194254\step8_support_P0100\seed29_N500\run_manifest.json
MIDPOINT,100.0,29,500,0.25,P_var,-319137490.9513178,True,independently sampled; not nested,D:\PhD-Project\GP_RKHS_MINT\GP_RKHS_MINT\Tully_models\GP_MInt_QCLE_Reviewer_Ready_Pipeline_v4\output\fixed_pipeline\reviewer_closure_20260723_194254\step8_support_P0100\seed29_N500\midpoint.npz,D:\PhD-Project\GP_RKHS_MINT\GP_RKHS_MINT\Tully_models\GP_MInt_QCLE_Reviewer_Ready_Pipeline_v4\output\fixed_pipeline\reviewer_closure_20260723_194254\step8_support_P0100\seed29_N500\run_manifest.json
PBME,100.0,29,1000,0.25,P0,0.11468814057440303,True,independently sampled; not nested,D:\PhD-Project\GP_RKHS_MINT\GP_RKHS_MINT\Tully_models\GP_MInt_QCLE_Reviewer_Ready_Pipeline_v4\output\fixed_pipeline\reviewer_closure_20260726_174927\step9_repl_P0100\seed29\pbme.npz,D:\PhD-Project\GP_RKHS_MINT\GP_RKHS_MINT\Tully_models\GP_MInt_QCLE_Reviewer_Ready_Pipeline_v4\output\fixed_pipeline\reviewer_closure_20260726_174927\step9_repl_P0100\seed29\run_manifest.json
PBME,100.0,29,1000,0.25,P1,0.8853118594258224,True,independently sampled; not nested,D:\PhD-Project\GP_RKHS_MINT\GP_RKHS_MINT\Tully_models\GP_MInt_QCLE_Reviewer_Ready_Pipeline_v4\output\fixed_pipeline\reviewer_closure_20260726_174927\step9_repl_P0100\seed29\pbme.npz,D:\PhD-Project\GP_RKHS_MINT\GP_RKHS_MINT\Tully_models\GP_MInt_QCLE_Reviewer_Ready_Pipeline_v4\output\fixed_pipeline\reviewer_closure_20260726_174927\step9_repl_P0100\seed29\run_manifest.json
PBME,100.0,29,1000,0.25,trace,1.0000000000002254,True,independently sampled; not nested,D:\PhD-Project\GP_RKHS_MINT\GP_RKHS_MINT\Tully_models\GP_MInt_QCLE_Reviewer_Ready_Pipeline_v4\output\fixed_pipeline\reviewer_closure_20260726_174927\step9_repl_P0100\seed29\pbme.npz,D:\PhD-Project\GP_RKHS_MINT\GP_RKHS_MINT\Tully_models\GP_MInt_QCLE_Reviewer_Ready_Pipeline_v4\output\fixed_pipeline\reviewer_closure_20260726_174927\step9_repl_P0100\seed29\run_manifest.json
PBME,100.0,29,1000,0.25,energy,2.499746749233517,True,independently sampled; not nested,D:\PhD-Project\GP_RKHS_MINT\GP_RKHS_MINT\Tully_models\GP_MInt_QCLE_Reviewer_Ready_Pipeline_v4\output\fixed_pipeline\reviewer_closure_20260726_174927\step9_repl_P0100\seed29\pbme.npz,D:\PhD-Project\GP_RKHS_MINT\GP_RKHS_MINT\Tully_models\GP_MInt_QCLE_Reviewer_Ready_Pipeline_v4\output\fixed_pipeline\reviewer_closure_20260726_174927\step9_repl_P0100\seed29\run_manifest.json
PBME,100.0,29,1000,0.25,R_mean,14.875705444610796,True,independently sampled; not nested,D:\PhD-Project\GP_RKHS_MINT\GP_RKHS_MINT\Tully_models\GP_MInt_QCLE_Reviewer_Ready_Pipeline_v4\output\fixed_pipeline\reviewer_closure_20260726_174927\step9_repl_P0100\seed29\pbme.npz,D:\PhD-Project\GP_RKHS_MINT\GP_RKHS_MINT\Tully_models\GP_MInt_QCLE_Reviewer_Ready_Pipeline_v4\output\fixed_pipeline\reviewer_closure_20260726_174927\step9_repl_P0100\seed29\run_manifest.json
PBME,100.0,29,1000,0.25,P_mean,99.10332838909467,True,independently sampled; not nested,D:\PhD-Project\GP_RKHS_MINT\GP_RKHS_MINT\Tully_models\GP_MInt_QCLE_Reviewer_Ready_Pipeline_v4\output\fixed_pipeline\reviewer_closure_20260726_174927\step9_repl_P0100\seed29\pbme.npz,D:\PhD-Project\GP_RKHS_MINT\GP_RKHS_MINT\Tully_models\GP_MInt_QCLE_Reviewer_Ready_Pipeline_v4\output\fixed_pipeline\reviewer_closure_20260726_174927\step9_repl_P0100\seed29\run_manifest.json
PBME,100.0,29,1000,0.25,R_var,1.0158674239373795,True,independently sampled; not nested,D:\PhD-Project\GP_RKHS_MINT\GP_RKHS_MINT\Tully_models\GP_MInt_QCLE_Reviewer_Ready_Pipeline_v4\output\fixed_pipeline\reviewer_closure_20260726_174927\step9_repl_P0100\seed29\pbme.npz,D:\PhD-Project\GP_RKHS_MINT\GP_RKHS_MINT\Tully_models\GP_MInt_QCLE_Reviewer_Ready_Pipeline_v4\output\fixed_pipeline\reviewer_closure_20260726_174927\step9_repl_P0100\seed29\run_manifest.json
PBME,100.0,29,1000,0.25,P_var,0.45490774999416317,True,independently sampled; not nested,D:\PhD-Project\GP_RKHS_MINT\GP_RKHS_MINT\Tully_models\GP_MInt_QCLE_Reviewer_Ready_Pipeline_v4\output\fixed_pipeline\reviewer_closure_20260726_174927\step9_repl_P0100\seed29\pbme.npz,D:\PhD-Project\GP_RKHS_MINT\GP_RKHS_MINT\Tully_models\GP_MInt_QCLE_Reviewer_Ready_Pipeline_v4\output\fixed_pipeline\reviewer_closure_20260726_174927\step9_repl_P0100\seed29\run_manifest.json
MIDPOINT,100.0,29,1000,0.25,P0,-0.3729308681671167,True,independently sampled; not nested,D:\PhD-Project\GP_RKHS_MINT\GP_RKHS_MINT\Tully_models\GP_MInt_QCLE_Reviewer_Ready_Pipeline_v4\output\fixed_pipeline\reviewer_closure_20260726_174927\step9_repl_P0100\seed29\midpoint.npz,D:\PhD-Project\GP_RKHS_MINT\GP_RKHS_MINT\Tully_models\GP_MInt_QCLE_Reviewer_Ready_Pipeline_v4\output\fixed_pipeline\reviewer_closure_20260726_174927\step9_repl_P0100\seed29\run_manifest.json
MIDPOINT,100.0,29,1000,0.25,P1,1.3729308681674386,True,independently sampled; not nested,D:\PhD-Project\GP_RKHS_MINT\GP_RKHS_MINT\Tully_models\GP_MInt_QCLE_Reviewer_Ready_Pipeline_v4\output\fixed_pipeline\reviewer_closure_20260726_174927\step9_repl_P0100\seed29\midpoint.npz,D:\PhD-Project\GP_RKHS_MINT\GP_RKHS_MINT\Tully_models\GP_MInt_QCLE_Reviewer_Ready_Pipeline_v4\output\fixed_pipeline\reviewer_closure_20260726_174927\step9_repl_P0100\seed29\run_manifest.json
MIDPOINT,100.0,29,1000,0.25,trace,1.0000000000003217,True,independently sampled; not nested,D:\PhD-Project\GP_RKHS_MINT\GP_RKHS_MINT\Tully_models\GP_MInt_QCLE_Reviewer_Ready_Pipeline_v4\output\fixed_pipeline\reviewer_closure_20260726_174927\step9_repl_P0100\seed29\midpoint.npz,D:\PhD-Project\GP_RKHS_MINT\GP_RKHS_MINT\Tully_models\GP_MInt_QCLE_Reviewer_Ready_Pipeline_v4\output\fixed_pipeline\reviewer_closure_20260726_174927\step9_repl_P0100\seed29\run_manifest.json
MIDPOINT,100.0,29,1000,0.25,energy,2.5639879786436315,True,independently sampled; not nested,D:\PhD-Project\GP_RKHS_MINT\GP_RKHS_MINT\Tully_models\GP_MInt_QCLE_Reviewer_Ready_Pipeline_v4\output\fixed_pipeline\reviewer_closure_20260726_174927\step9_repl_P0100\seed29\midpoint.npz,D:\PhD-Project\GP_RKHS_MINT\GP_RKHS_MINT\Tully_models\GP_MInt_QCLE_Reviewer_Ready_Pipeline_v4\output\fixed_pipeline\reviewer_closure_20260726_174927\step9_repl_P0100\seed29\run_manifest.json
MIDPOINT,100.0,29,1000,0.25,R_mean,11.45683910024232,True,independently sampled; not nested,D:\PhD-Project\GP_RKHS_MINT\GP_RKHS_MINT\Tully_models\GP_MInt_QCLE_Reviewer_Ready_Pipeline_v4\output\fixed_pipeline\reviewer_closure_20260726_174927\step9_repl_P0100\seed29\midpoint.npz,D:\PhD-Project\GP_RKHS_MINT\GP_RKHS_MINT\Tully_models\GP_MInt_QCLE_Reviewer_Ready_Pipeline_v4\output\fixed_pipeline\reviewer_closure_20260726_174927\step9_repl_P0100\seed29\run_manifest.json
MIDPOINT,100.0,29,1000,0.25,P_mean,99.91029276782,True,independently sampled; not nested,D:\PhD-Project\GP_RKHS_MINT\GP_RKHS_MINT\Tully_models\GP_MInt_QCLE_Reviewer_Ready_Pipeline_v4\output\fixed_pipeline\reviewer_closure_20260726_174927\step9_repl_P0100\seed29\midpoint.npz,D:\PhD-Project\GP_RKHS_MINT\GP_RKHS_MINT\Tully_models\GP_MInt_QCLE_Reviewer_Ready_Pipeline_v4\output\fixed_pipeline\reviewer_closure_20260726_174927\step9_repl_P0100\seed29\run_manifest.json
MIDPOINT,100.0,29,1000,0.25,R_var,-4.633877988326877e+43,True,independently sampled; not nested,D:\PhD-Project\GP_RKHS_MINT\GP_RKHS_MINT\Tully_models\GP_MInt_QCLE_Reviewer_Ready_Pipeline_v4\output\fixed_pipeline\reviewer_closure_20260726_174927\step9_repl_P0100\seed29\midpoint.npz,D:\PhD-Project\GP_RKHS_MINT\GP_RKHS_MINT\Tully_models\GP_MInt_QCLE_Reviewer_Ready_Pipeline_v4\output\fixed_pipeline\reviewer_closure_20260726_174927\step9_repl_P0100\seed29\run_manifest.json
MIDPOINT,100.0,29,1000,0.25,P_var,-3.523996187074734e+45,True,independently sampled; not nested,D:\PhD-Project\GP_RKHS_MINT\GP_RKHS_MINT\Tully_models\GP_MInt_QCLE_Reviewer_Ready_Pipeline_v4\output\fixed_pipeline\reviewer_closure_20260726_174927\step9_repl_P0100\seed29\midpoint.npz,D:\PhD-Project\GP_RKHS_MINT\GP_RKHS_MINT\Tully_models\GP_MInt_QCLE_Reviewer_Ready_Pipeline_v4\output\fixed_pipeline\reviewer_closure_20260726_174927\step9_repl_P0100\seed29\run_manifest.json
PBME,100.0,29,2000,0.25,P0,0.1494315215778793,True,independently sampled; not nested,D:\PhD-Project\GP_RKHS_MINT\GP_RKHS_MINT\Tully_models\GP_MInt_QCLE_Reviewer_Ready_Pipeline_v4\output\fixed_pipeline\reviewer_closure_20260723_194254\step8_support_P0100\seed29_N2000\pbme.npz,D:\PhD-Project\GP_RKHS_MINT\GP_RKHS_MINT\Tully_models\GP_MInt_QCLE_Reviewer_Ready_Pipeline_v4\output\fixed_pipeline\reviewer_closure_20260723_194254\step8_support_P0100\seed29_N2000\run_manifest.json
PBME,100.0,29,2000,0.25,P1,0.8505684784223467,True,independently sampled; not nested,D:\PhD-Project\GP_RKHS_MINT\GP_RKHS_MINT\Tully_models\GP_MInt_QCLE_Reviewer_Ready_Pipeline_v4\output\fixed_pipeline\reviewer_closure_20260723_194254\step8_support_P0100\seed29_N2000\pbme.npz,D:\PhD-Project\GP_RKHS_MINT\GP_RKHS_MINT\Tully_models\GP_MInt_QCLE_Reviewer_Ready_Pipeline_v4\output\fixed_pipeline\reviewer_closure_20260723_194254\step8_support_P0100\seed29_N2000\run_manifest.json
PBME,100.0,29,2000,0.25,trace,1.000000000000226,True,independently sampled; not nested,D:\PhD-Project\GP_RKHS_MINT\GP_RKHS_MINT\Tully_models\GP_MInt_QCLE_Reviewer_Ready_Pipeline_v4\output\fixed_pipeline\reviewer_closure_20260723_194254\step8_support_P0100\seed29_N2000\pbme.npz,D:\PhD-Project\GP_RKHS_MINT\GP_RKHS_MINT\Tully_models\GP_MInt_QCLE_Reviewer_Ready_Pipeline_v4\output\fixed_pipeline\reviewer_closure_20260723_194254\step8_support_P0100\seed29_N2000\run_manifest.json
PBME,100.0,29,2000,0.25,energy,2.4997178779475493,True,independently sampled; not nested,D:\PhD-Project\GP_RKHS_MINT\GP_RKHS_MINT\Tully_models\GP_MInt_QCLE_Reviewer_Ready_Pipeline_v4\output\fixed_pipeline\reviewer_closure_20260723_194254\step8_support_P0100\seed29_N2000\pbme.npz,D:\PhD-Project\GP_RKHS_MINT\GP_RKHS_MINT\Tully_models\GP_MInt_QCLE_Reviewer_Ready_Pipeline_v4\output\fixed_pipeline\reviewer_closure_20260723_194254\step8_support_P0100\seed29_N2000\run_manifest.json
PBME,100.0,29,2000,0.25,R_mean,14.881218868725913,True,independently sampled; not nested,D:\PhD-Project\GP_RKHS_MINT\GP_RKHS_MINT\Tully_models\GP_MInt_QCLE_Reviewer_Ready_Pipeline_v4\output\fixed_pipeline\reviewer_closure_20260723_194254\step8_support_P0100\seed29_N2000\pbme.npz,D:\PhD-Project\GP_RKHS_MINT\GP_RKHS_MINT\Tully_models\GP_MInt_QCLE_Reviewer_Ready_Pipeline_v4\output\fixed_pipeline\reviewer_closure_20260723_194254\step8_support_P0100\seed29_N2000\run_manifest.json
PBME,100.0,29,2000,0.25,P_mean,99.13777978292421,True,independently sampled; not nested,D:\PhD-Project\GP_RKHS_MINT\GP_RKHS_MINT\Tully_models\GP_MInt_QCLE_Reviewer_Ready_Pipeline_v4\output\fixed_pipeline\reviewer_closure_20260723_194254\step8_support_P0100\seed29_N2000\pbme.npz,D:\PhD-Project\GP_RKHS_MINT\GP_RKHS_MINT\Tully_models\GP_MInt_QCLE_Reviewer_Ready_Pipeline_v4\output\fixed_pipeline\reviewer_closure_20260723_194254\step8_support_P0100\seed29_N2000\run_manifest.json
PBME,100.0,29,2000,0.25,R_var,1.0286604230358307,True,independently sampled; not nested,D:\PhD-Project\GP_RKHS_MINT\GP_RKHS_MINT\Tully_models\GP_MInt_QCLE_Reviewer_Ready_Pipeline_v4\output\fixed_pipeline\reviewer_closure_20260723_194254\step8_support_P0100\seed29_N2000\pbme.npz,D:\PhD-Project\GP_RKHS_MINT\GP_RKHS_MINT\Tully_models\GP_MInt_QCLE_Reviewer_Ready_Pipeline_v4\output\fixed_pipeline\reviewer_closure_20260723_194254\step8_support_P0100\seed29_N2000\run_manifest.json
PBME,100.0,29,2000,0.25,P_var,0.45845947659290687,True,independently sampled; not nested,D:\PhD-Project\GP_RKHS_MINT\GP_RKHS_MINT\Tully_models\GP_MInt_QCLE_Reviewer_Ready_Pipeline_v4\output\fixed_pipeline\reviewer_closure_20260723_194254\step8_support_P0100\seed29_N2000\pbme.npz,D:\PhD-Project\GP_RKHS_MINT\GP_RKHS_MINT\Tully_models\GP_MInt_QCLE_Reviewer_Ready_Pipeline_v4\output\fixed_pipeline\reviewer_closure_20260723_194254\step8_support_P0100\seed29_N2000\run_manifest.json
MIDPOINT,100.0,29,2000,0.25,P0,0.5198427938429436,True,independently sampled; not nested,D:\PhD-Project\GP_RKHS_MINT\GP_RKHS_MINT\Tully_models\GP_MInt_QCLE_Reviewer_Ready_Pipeline_v4\output\fixed_pipeline\reviewer_closure_20260723_194254\step8_support_P0100\seed29_N2000\midpoint.npz,D:\PhD-Project\GP_RKHS_MINT\GP_RKHS_MINT\Tully_models\GP_MInt_QCLE_Reviewer_Ready_Pipeline_v4\output\fixed_pipeline\reviewer_closure_20260723_194254\step8_support_P0100\seed29_N2000\run_manifest.json
MIDPOINT,100.0,29,2000,0.25,P1,0.4801572061574636,True,independently sampled; not nested,D:\PhD-Project\GP_RKHS_MINT\GP_RKHS_MINT\Tully_models\GP_MInt_QCLE_Reviewer_Ready_Pipeline_v4\output\fixed_pipeline\reviewer_closure_20260723_194254\step8_support_P0100\seed29_N2000\midpoint.npz,D:\PhD-Project\GP_RKHS_MINT\GP_RKHS_MINT\Tully_models\GP_MInt_QCLE_Reviewer_Ready_Pipeline_v4\output\fixed_pipeline\reviewer_closure_20260723_194254\step8_support_P0100\seed29_N2000\run_manifest.json
MIDPOINT,100.0,29,2000,0.25,trace,1.0000000000004072,True,independently sampled; not nested,D:\PhD-Project\GP_RKHS_MINT\GP_RKHS_MINT\Tully_models\GP_MInt_QCLE_Reviewer_Ready_Pipeline_v4\output\fixed_pipeline\reviewer_closure_20260723_194254\step8_support_P0100\seed29_N2000\midpoint.npz,D:\PhD-Project\GP_RKHS_MINT\GP_RKHS_MINT\Tully_models\GP_MInt_QCLE_Reviewer_Ready_Pipeline_v4\output\fixed_pipeline\reviewer_closure_20260723_194254\step8_support_P0100\seed29_N2000\run_manifest.json
MIDPOINT,100.0,29,2000,0.25,energy,2.4652192369245522,True,independently sampled; not nested,D:\PhD-Project\GP_RKHS_MINT\GP_RKHS_MINT\Tully_models\GP_MInt_QCLE_Reviewer_Ready_Pipeline_v4\output\fixed_pipeline\reviewer_closure_20260723_194254\step8_support_P0100\seed29_N2000\midpoint.npz,D:\PhD-Project\GP_RKHS_MINT\GP_RKHS_MINT\Tully_models\GP_MInt_QCLE_Reviewer_Ready_Pipeline_v4\output\fixed_pipeline\reviewer_closure_20260723_194254\step8_support_P0100\seed29_N2000\run_manifest.json
MIDPOINT,100.0,29,2000,0.25,R_mean,12.316268071635522,True,independently sampled; not nested,D:\PhD-Project\GP_RKHS_MINT\GP_RKHS_MINT\Tully_models\GP_MInt_QCLE_Reviewer_Ready_Pipeline_v4\output\fixed_pipeline\reviewer_closure_20260723_194254\step8_support_P0100\seed29_N2000\midpoint.npz,D:\PhD-Project\GP_RKHS_MINT\GP_RKHS_MINT\Tully_models\GP_MInt_QCLE_Reviewer_Ready_Pipeline_v4\output\fixed_pipeline\reviewer_closure_20260723_194254\step8_support_P0100\seed29_N2000\run_manifest.json
MIDPOINT,100.0,29,2000,0.25,P_mean,98.82206034549347,True,independently sampled; not nested,D:\PhD-Project\GP_RKHS_MINT\GP_RKHS_MINT\Tully_models\GP_MInt_QCLE_Reviewer_Ready_Pipeline_v4\output\fixed_pipeline\reviewer_closure_20260723_194254\step8_support_P0100\seed29_N2000\midpoint.npz,D:\PhD-Project\GP_RKHS_MINT\GP_RKHS_MINT\Tully_models\GP_MInt_QCLE_Reviewer_Ready_Pipeline_v4\output\fixed_pipeline\reviewer_closure_20260723_194254\step8_support_P0100\seed29_N2000\run_manifest.json
MIDPOINT,100.0,29,2000,0.25,R_var,-7.974146180870985e+60,True,independently sampled; not nested,D:\PhD-Project\GP_RKHS_MINT\GP_RKHS_MINT\Tully_models\GP_MInt_QCLE_Reviewer_Ready_Pipeline_v4\output\fixed_pipeline\reviewer_closure_20260723_194254\step8_support_P0100\seed29_N2000\midpoint.npz,D:\PhD-Project\GP_RKHS_MINT\GP_RKHS_MINT\Tully_models\GP_MInt_QCLE_Reviewer_Ready_Pipeline_v4\output\fixed_pipeline\reviewer_closure_20260723_194254\step8_support_P0100\seed29_N2000\run_manifest.json
MIDPOINT,100.0,29,2000,0.25,P_var,-5.133738408794777e+62,True,independently sampled; not nested,D:\PhD-Project\GP_RKHS_MINT\GP_RKHS_MINT\Tully_models\GP_MInt_QCLE_Reviewer_Ready_Pipeline_v4\output\fixed_pipeline\reviewer_closure_20260723_194254\step8_support_P0100\seed29_N2000\midpoint.npz,D:\PhD-Project\GP_RKHS_MINT\GP_RKHS_MINT\Tully_models\GP_MInt_QCLE_Reviewer_Ready_Pipeline_v4\output\fixed_pipeline\reviewer_closure_20260723_194254\step8_support_P0100\seed29_N2000\run_manifest.json
PBME,100.0,47,500,0.25,P0,0.1403024592780546,True,independently sampled; not nested,D:\PhD-Project\GP_RKHS_MINT\GP_RKHS_MINT\Tully_models\GP_MInt_QCLE_Reviewer_Ready_Pipeline_v4\output\fixed_pipeline\reviewer_closure_20260723_194254\step8_support_P0100\seed47_N500\pbme.npz,D:\PhD-Project\GP_RKHS_MINT\GP_RKHS_MINT\Tully_models\GP_MInt_QCLE_Reviewer_Ready_Pipeline_v4\output\fixed_pipeline\reviewer_closure_20260723_194254\step8_support_P0100\seed47_N500\run_manifest.json
PBME,100.0,47,500,0.25,P1,0.8596975407221729,True,independently sampled; not nested,D:\PhD-Project\GP_RKHS_MINT\GP_RKHS_MINT\Tully_models\GP_MInt_QCLE_Reviewer_Ready_Pipeline_v4\output\fixed_pipeline\reviewer_closure_20260723_194254\step8_support_P0100\seed47_N500\pbme.npz,D:\PhD-Project\GP_RKHS_MINT\GP_RKHS_MINT\Tully_models\GP_MInt_QCLE_Reviewer_Ready_Pipeline_v4\output\fixed_pipeline\reviewer_closure_20260723_194254\step8_support_P0100\seed47_N500\run_manifest.json
PBME,100.0,47,500,0.25,trace,1.0000000000002276,True,independently sampled; not nested,D:\PhD-Project\GP_RKHS_MINT\GP_RKHS_MINT\Tully_models\GP_MInt_QCLE_Reviewer_Ready_Pipeline_v4\output\fixed_pipeline\reviewer_closure_20260723_194254\step8_support_P0100\seed47_N500\pbme.npz,D:\PhD-Project\GP_RKHS_MINT\GP_RKHS_MINT\Tully_models\GP_MInt_QCLE_Reviewer_Ready_Pipeline_v4\output\fixed_pipeline\reviewer_closure_20260723_194254\step8_support_P0100\seed47_N500\run_manifest.json
PBME,100.0,47,500,0.25,energy,2.4982861993254017,True,independently sampled; not nested,D:\PhD-Project\GP_RKHS_MINT\GP_RKHS_MINT\Tully_models\GP_MInt_QCLE_Reviewer_Ready_Pipeline_v4\output\fixed_pipeline\reviewer_closure_20260723_194254\step8_support_P0100\seed47_N500\pbme.npz,D:\PhD-Project\GP_RKHS_MINT\GP_RKHS_MINT\Tully_models\GP_MInt_QCLE_Reviewer_Ready_Pipeline_v4\output\fixed_pipeline\reviewer_closure_20260723_194254\step8_support_P0100\seed47_N500\run_manifest.json
PBME,100.0,47,500,0.25,R_mean,14.887137601674116,True,independently sampled; not nested,D:\PhD-Project\GP_RKHS_MINT\GP_RKHS_MINT\Tully_models\GP_MInt_QCLE_Reviewer_Ready_Pipeline_v4\output\fixed_pipeline\reviewer_closure_20260723_194254\step8_support_P0100\seed47_N500\pbme.npz,D:\PhD-Project\GP_RKHS_MINT\GP_RKHS_MINT\Tully_models\GP_MInt_QCLE_Reviewer_Ready_Pipeline_v4\output\fixed_pipeline\reviewer_closure_20260723_194254\step8_support_P0100\seed47_N500\run_manifest.json
PBME,100.0,47,500,0.25,P_mean,99.09995233384933,True,independently sampled; not nested,D:\PhD-Project\GP_RKHS_MINT\GP_RKHS_MINT\Tully_models\GP_MInt_QCLE_Reviewer_Ready_Pipeline_v4\output\fixed_pipeline\reviewer_closure_20260723_194254\step8_support_P0100\seed47_N500\pbme.npz,D:\PhD-Project\GP_RKHS_MINT\GP_RKHS_MINT\Tully_models\GP_MInt_QCLE_Reviewer_Ready_Pipeline_v4\output\fixed_pipeline\reviewer_closure_20260723_194254\step8_support_P0100\seed47_N500\run_manifest.json
PBME,100.0,47,500,0.25,R_var,0.9184704209285712,True,independently sampled; not nested,D:\PhD-Project\GP_RKHS_MINT\GP_RKHS_MINT\Tully_models\GP_MInt_QCLE_Reviewer_Ready_Pipeline_v4\output\fixed_pipeline\reviewer_closure_20260723_194254\step8_support_P0100\seed47_N500\pbme.npz,D:\PhD-Project\GP_RKHS_MINT\GP_RKHS_MINT\Tully_models\GP_MInt_QCLE_Reviewer_Ready_Pipeline_v4\output\fixed_pipeline\reviewer_closure_20260723_194254\step8_support_P0100\seed47_N500\run_manifest.json
PBME,100.0,47,500,0.25,P_var,0.4047196082119626,True,independently sampled; not nested,D:\PhD-Project\GP_RKHS_MINT\GP_RKHS_MINT\Tully_models\GP_MInt_QCLE_Reviewer_Ready_Pipeline_v4\output\fixed_pipeline\reviewer_closure_20260723_194254\step8_support_P0100\seed47_N500\pbme.npz,D:\PhD-Project\GP_RKHS_MINT\GP_RKHS_MINT\Tully_models\GP_MInt_QCLE_Reviewer_Ready_Pipeline_v4\output\fixed_pipeline\reviewer_closure_20260723_194254\step8_support_P0100\seed47_N500\run_manifest.json
MIDPOINT,100.0,47,500,0.25,P0,0.16475613502969078,True,independently sampled; not nested,D:\PhD-Project\GP_RKHS_MINT\GP_RKHS_MINT\Tully_models\GP_MInt_QCLE_Reviewer_Ready_Pipeline_v4\output\fixed_pipeline\reviewer_closure_20260723_194254\step8_support_P0100\seed47_N500\midpoint.npz,D:\PhD-Project\GP_RKHS_MINT\GP_RKHS_MINT\Tully_models\GP_MInt_QCLE_Reviewer_Ready_Pipeline_v4\output\fixed_pipeline\reviewer_closure_20260723_194254\step8_support_P0100\seed47_N500\run_manifest.json
MIDPOINT,100.0,47,500,0.25,P1,0.8352438649705192,True,independently sampled; not nested,D:\PhD-Project\GP_RKHS_MINT\GP_RKHS_MINT\Tully_models\GP_MInt_QCLE_Reviewer_Ready_Pipeline_v4\output\fixed_pipeline\reviewer_closure_20260723_194254\step8_support_P0100\seed47_N500\midpoint.npz,D:\PhD-Project\GP_RKHS_MINT\GP_RKHS_MINT\Tully_models\GP_MInt_QCLE_Reviewer_Ready_Pipeline_v4\output\fixed_pipeline\reviewer_closure_20260723_194254\step8_support_P0100\seed47_N500\run_manifest.json
MIDPOINT,100.0,47,500,0.25,trace,1.0000000000002098,True,independently sampled; not nested,D:\PhD-Project\GP_RKHS_MINT\GP_RKHS_MINT\Tully_models\GP_MInt_QCLE_Reviewer_Ready_Pipeline_v4\output\fixed_pipeline\reviewer_closure_20260723_194254\step8_support_P0100\seed47_N500\midpoint.npz,D:\PhD-Project\GP_RKHS_MINT\GP_RKHS_MINT\Tully_models\GP_MInt_QCLE_Reviewer_Ready_Pipeline_v4\output\fixed_pipeline\reviewer_closure_20260723_194254\step8_support_P0100\seed47_N500\run_manifest.json
MIDPOINT,100.0,47,500,0.25,energy,2.4556929316942235,True,independently sampled; not nested,D:\PhD-Project\GP_RKHS_MINT\GP_RKHS_MINT\Tully_models\GP_MInt_QCLE_Reviewer_Ready_Pipeline_v4\output\fixed_pipeline\reviewer_closure_20260723_194254\step8_support_P0100\seed47_N500\midpoint.npz,D:\PhD-Project\GP_RKHS_MINT\GP_RKHS_MINT\Tully_models\GP_MInt_QCLE_Reviewer_Ready_Pipeline_v4\output\fixed_pipeline\reviewer_closure_20260723_194254\step8_support_P0100\seed47_N500\run_manifest.json
MIDPOINT,100.0,47,500,0.25,R_mean,8.894973931261426,True,independently sampled; not nested,D:\PhD-Project\GP_RKHS_MINT\GP_RKHS_MINT\Tully_models\GP_MInt_QCLE_Reviewer_Ready_Pipeline_v4\output\fixed_pipeline\reviewer_closure_20260723_194254\step8_support_P0100\seed47_N500\midpoint.npz,D:\PhD-Project\GP_RKHS_MINT\GP_RKHS_MINT\Tully_models\GP_MInt_QCLE_Reviewer_Ready_Pipeline_v4\output\fixed_pipeline\reviewer_closure_20260723_194254\step8_support_P0100\seed47_N500\run_manifest.json
MIDPOINT,100.0,47,500,0.25,P_mean,98.26013765277594,True,independently sampled; not nested,D:\PhD-Project\GP_RKHS_MINT\GP_RKHS_MINT\Tully_models\GP_MInt_QCLE_Reviewer_Ready_Pipeline_v4\output\fixed_pipeline\reviewer_closure_20260723_194254\step8_support_P0100\seed47_N500\midpoint.npz,D:\PhD-Project\GP_RKHS_MINT\GP_RKHS_MINT\Tully_models\GP_MInt_QCLE_Reviewer_Ready_Pipeline_v4\output\fixed_pipeline\reviewer_closure_20260723_194254\step8_support_P0100\seed47_N500\run_manifest.json
MIDPOINT,100.0,47,500,0.25,R_var,-5.131694325955071e+16,True,independently sampled; not nested,D:\PhD-Project\GP_RKHS_MINT\GP_RKHS_MINT\Tully_models\GP_MInt_QCLE_Reviewer_Ready_Pipeline_v4\output\fixed_pipeline\reviewer_closure_20260723_194254\step8_support_P0100\seed47_N500\midpoint.npz,D:\PhD-Project\GP_RKHS_MINT\GP_RKHS_MINT\Tully_models\GP_MInt_QCLE_Reviewer_Ready_Pipeline_v4\output\fixed_pipeline\reviewer_closure_20260723_194254\step8_support_P0100\seed47_N500\run_manifest.json
MIDPOINT,100.0,47,500,0.25,P_var,-6.262188704020751e+18,True,independently sampled; not nested,D:\PhD-Project\GP_RKHS_MINT\GP_RKHS_MINT\Tully_models\GP_MInt_QCLE_Reviewer_Ready_Pipeline_v4\output\fixed_pipeline\reviewer_closure_20260723_194254\step8_support_P0100\seed47_N500\midpoint.npz,D:\PhD-Project\GP_RKHS_MINT\GP_RKHS_MINT\Tully_models\GP_MInt_QCLE_Reviewer_Ready_Pipeline_v4\output\fixed_pipeline\reviewer_closure_20260723_194254\step8_support_P0100\seed47_N500\run_manifest.json
PBME,100.0,47,1000,0.25,P0,0.1421791847871047,True,independently sampled; not nested,D:\PhD-Project\GP_RKHS_MINT\GP_RKHS_MINT\Tully_models\GP_MInt_QCLE_Reviewer_Ready_Pipeline_v4\output\fixed_pipeline\reviewer_closure_20260726_174927\step9_repl_P0100\seed47\pbme.npz,D:\PhD-Project\GP_RKHS_MINT\GP_RKHS_MINT\Tully_models\GP_MInt_QCLE_Reviewer_Ready_Pipeline_v4\output\fixed_pipeline\reviewer_closure_20260726_174927\step9_repl_P0100\seed47\run_manifest.json
PBME,100.0,47,1000,0.25,P1,0.8578208152131234,True,independently sampled; not nested,D:\PhD-Project\GP_RKHS_MINT\GP_RKHS_MINT\Tully_models\GP_MInt_QCLE_Reviewer_Ready_Pipeline_v4\output\fixed_pipeline\reviewer_closure_20260726_174927\step9_repl_P0100\seed47\pbme.npz,D:\PhD-Project\GP_RKHS_MINT\GP_RKHS_MINT\Tully_models\GP_MInt_QCLE_Reviewer_Ready_Pipeline_v4\output\fixed_pipeline\reviewer_closure_20260726_174927\step9_repl_P0100\seed47\run_manifest.json
PBME,100.0,47,1000,0.25,trace,1.000000000000228,True,independently sampled; not nested,D:\PhD-Project\GP_RKHS_MINT\GP_RKHS_MINT\Tully_models\GP_MInt_QCLE_Reviewer_Ready_Pipeline_v4\output\fixed_pipeline\reviewer_closure_20260726_174927\step9_repl_P0100\seed47\pbme.npz,D:\PhD-Project\GP_RKHS_MINT\GP_RKHS_MINT\Tully_models\GP_MInt_QCLE_Reviewer_Ready_Pipeline_v4\output\fixed_pipeline\reviewer_closure_20260726_174927\step9_repl_P0100\seed47\run_manifest.json
PBME,100.0,47,1000,0.25,energy,2.5006535309854656,True,independently sampled; not nested,D:\PhD-Project\GP_RKHS_MINT\GP_RKHS_MINT\Tully_models\GP_MInt_QCLE_Reviewer_Ready_Pipeline_v4\output\fixed_pipeline\reviewer_closure_20260726_174927\step9_repl_P0100\seed47\pbme.npz,D:\PhD-Project\GP_RKHS_MINT\GP_RKHS_MINT\Tully_models\GP_MInt_QCLE_Reviewer_Ready_Pipeline_v4\output\fixed_pipeline\reviewer_closure_20260726_174927\step9_repl_P0100\seed47\run_manifest.json
PBME,100.0,47,1000,0.25,R_mean,14.866698122792958,True,independently sampled; not nested,D:\PhD-Project\GP_RKHS_MINT\GP_RKHS_MINT\Tully_models\GP_MInt_QCLE_Reviewer_Ready_Pipeline_v4\output\fixed_pipeline\reviewer_closure_20260726_174927\step9_repl_P0100\seed47\pbme.npz,D:\PhD-Project\GP_RKHS_MINT\GP_RKHS_MINT\Tully_models\GP_MInt_QCLE_Reviewer_Ready_Pipeline_v4\output\fixed_pipeline\reviewer_closure_20260726_174927\step9_repl_P0100\seed47\run_manifest.json
PBME,100.0,47,1000,0.25,P_mean,99.14946363305681,True,independently sampled; not nested,D:\PhD-Project\GP_RKHS_MINT\GP_RKHS_MINT\Tully_models\GP_MInt_QCLE_Reviewer_Ready_Pipeline_v4\output\fixed_pipeline\reviewer_closure_20260726_174927\step9_repl_P0100\seed47\pbme.npz,D:\PhD-Project\GP_RKHS_MINT\GP_RKHS_MINT\Tully_models\GP_MInt_QCLE_Reviewer_Ready_Pipeline_v4\output\fixed_pipeline\reviewer_closure_20260726_174927\step9_repl_P0100\seed47\run_manifest.json
PBME,100.0,47,1000,0.25,R_var,0.9232941515448942,True,independently sampled; not nested,D:\PhD-Project\GP_RKHS_MINT\GP_RKHS_MINT\Tully_models\GP_MInt_QCLE_Reviewer_Ready_Pipeline_v4\output\fixed_pipeline\reviewer_closure_20260726_174927\step9_repl_P0100\seed47\pbme.npz,D:\PhD-Project\GP_RKHS_MINT\GP_RKHS_MINT\Tully_models\GP_MInt_QCLE_Reviewer_Ready_Pipeline_v4\output\fixed_pipeline\reviewer_closure_20260726_174927\step9_repl_P0100\seed47\run_manifest.json
PBME,100.0,47,1000,0.25,P_var,0.4339031580766459,True,independently sampled; not nested,D:\PhD-Project\GP_RKHS_MINT\GP_RKHS_MINT\Tully_models\GP_MInt_QCLE_Reviewer_Ready_Pipeline_v4\output\fixed_pipeline\reviewer_closure_20260726_174927\step9_repl_P0100\seed47\pbme.npz,D:\PhD-Project\GP_RKHS_MINT\GP_RKHS_MINT\Tully_models\GP_MInt_QCLE_Reviewer_Ready_Pipeline_v4\output\fixed_pipeline\reviewer_closure_20260726_174927\step9_repl_P0100\seed47\run_manifest.json
MIDPOINT,100.0,47,1000,0.25,P0,-1.4799278282353694,True,independently sampled; not nested,D:\PhD-Project\GP_RKHS_MINT\GP_RKHS_MINT\Tully_models\GP_MInt_QCLE_Reviewer_Ready_Pipeline_v4\output\fixed_pipeline\reviewer_closure_20260726_174927\step9_repl_P0100\seed47\midpoint.npz,D:\PhD-Project\GP_RKHS_MINT\GP_RKHS_MINT\Tully_models\GP_MInt_QCLE_Reviewer_Ready_Pipeline_v4\output\fixed_pipeline\reviewer_closure_20260726_174927\step9_repl_P0100\seed47\run_manifest.json
MIDPOINT,100.0,47,1000,0.25,P1,2.4799278282356756,True,independently sampled; not nested,D:\PhD-Project\GP_RKHS_MINT\GP_RKHS_MINT\Tully_models\GP_MInt_QCLE_Reviewer_Ready_Pipeline_v4\output\fixed_pipeline\reviewer_closure_20260726_174927\step9_repl_P0100\seed47\midpoint.npz,D:\PhD-Project\GP_RKHS_MINT\GP_RKHS_MINT\Tully_models\GP_MInt_QCLE_Reviewer_Ready_Pipeline_v4\output\fixed_pipeline\reviewer_closure_20260726_174927\step9_repl_P0100\seed47\run_manifest.json
MIDPOINT,100.0,47,1000,0.25,trace,1.0000000000003062,True,independently sampled; not nested,D:\PhD-Project\GP_RKHS_MINT\GP_RKHS_MINT\Tully_models\GP_MInt_QCLE_Reviewer_Ready_Pipeline_v4\output\fixed_pipeline\reviewer_closure_20260726_174927\step9_repl_P0100\seed47\midpoint.npz,D:\PhD-Project\GP_RKHS_MINT\GP_RKHS_MINT\Tully_models\GP_MInt_QCLE_Reviewer_Ready_Pipeline_v4\output\fixed_pipeline\reviewer_closure_20260726_174927\step9_repl_P0100\seed47\run_manifest.json
MIDPOINT,100.0,47,1000,0.25,energy,2.6207634245641502,True,independently sampled; not nested,D:\PhD-Project\GP_RKHS_MINT\GP_RKHS_MINT\Tully_models\GP_MInt_QCLE_Reviewer_Ready_Pipeline_v4\output\fixed_pipeline\reviewer_closure_20260726_174927\step9_repl_P0100\seed47\midpoint.npz,D:\PhD-Project\GP_RKHS_MINT\GP_RKHS_MINT\Tully_models\GP_MInt_QCLE_Reviewer_Ready_Pipeline_v4\output\fixed_pipeline\reviewer_closure_20260726_174927\step9_repl_P0100\seed47\run_manifest.json
MIDPOINT,100.0,47,1000,0.25,R_mean,12.737473100073482,True,independently sampled; not nested,D:\PhD-Project\GP_RKHS_MINT\GP_RKHS_MINT\Tully_models\GP_MInt_QCLE_Reviewer_Ready_Pipeline_v4\output\fixed_pipeline\reviewer_closure_20260726_174927\step9_repl_P0100\seed47\midpoint.npz,D:\PhD-Project\GP_RKHS_MINT\GP_RKHS_MINT\Tully_models\GP_MInt_QCLE_Reviewer_Ready_Pipeline_v4\output\fixed_pipeline\reviewer_closure_20260726_174927\step9_repl_P0100\seed47\run_manifest.json
MIDPOINT,100.0,47,1000,0.25,P_mean,99.94141491126976,True,independently sampled; not nested,D:\PhD-Project\GP_RKHS_MINT\GP_RKHS_MINT\Tully_models\GP_MInt_QCLE_Reviewer_Ready_Pipeline_v4\output\fixed_pipeline\reviewer_closure_20260726_174927\step9_repl_P0100\seed47\midpoint.npz,D:\PhD-Project\GP_RKHS_MINT\GP_RKHS_MINT\Tully_models\GP_MInt_QCLE_Reviewer_Ready_Pipeline_v4\output\fixed_pipeline\reviewer_closure_20260726_174927\step9_repl_P0100\seed47\run_manifest.json
MIDPOINT,100.0,47,1000,0.25,R_var,-4.4872007251156123e+42,True,independently sampled; not nested,D:\PhD-Project\GP_RKHS_MINT\GP_RKHS_MINT\Tully_models\GP_MInt_QCLE_Reviewer_Ready_Pipeline_v4\output\fixed_pipeline\reviewer_closure_20260726_174927\step9_repl_P0100\seed47\midpoint.npz,D:\PhD-Project\GP_RKHS_MINT\GP_RKHS_MINT\Tully_models\GP_MInt_QCLE_Reviewer_Ready_Pipeline_v4\output\fixed_pipeline\reviewer_closure_20260726_174927\step9_repl_P0100\seed47\run_manifest.json
MIDPOINT,100.0,47,1000,0.25,P_var,-2.762484976092569e+44,True,independently sampled; not nested,D:\PhD-Project\GP_RKHS_MINT\GP_RKHS_MINT\Tully_models\GP_MInt_QCLE_Reviewer_Ready_Pipeline_v4\output\fixed_pipeline\reviewer_closure_20260726_174927\step9_repl_P0100\seed47\midpoint.npz,D:\PhD-Project\GP_RKHS_MINT\GP_RKHS_MINT\Tully_models\GP_MInt_QCLE_Reviewer_Ready_Pipeline_v4\output\fixed_pipeline\reviewer_closure_20260726_174927\step9_repl_P0100\seed47\run_manifest.json
PBME,100.0,47,2000,0.25,P0,0.14099576894128119,True,independently sampled; not nested,D:\PhD-Project\GP_RKHS_MINT\GP_RKHS_MINT\Tully_models\GP_MInt_QCLE_Reviewer_Ready_Pipeline_v4\output\fixed_pipeline\reviewer_closure_20260723_194254\step8_support_P0100\seed47_N2000\pbme.npz,D:\PhD-Project\GP_RKHS_MINT\GP_RKHS_MINT\Tully_models\GP_MInt_QCLE_Reviewer_Ready_Pipeline_v4\output\fixed_pipeline\reviewer_closure_20260723_194254\step8_support_P0100\seed47_N2000\run_manifest.json
PBME,100.0,47,2000,0.25,P1,0.8590042310589456,True,independently sampled; not nested,D:\PhD-Project\GP_RKHS_MINT\GP_RKHS_MINT\Tully_models\GP_MInt_QCLE_Reviewer_Ready_Pipeline_v4\output\fixed_pipeline\reviewer_closure_20260723_194254\step8_support_P0100\seed47_N2000\pbme.npz,D:\PhD-Project\GP_RKHS_MINT\GP_RKHS_MINT\Tully_models\GP_MInt_QCLE_Reviewer_Ready_Pipeline_v4\output\fixed_pipeline\reviewer_closure_20260723_194254\step8_support_P0100\seed47_N2000\run_manifest.json
PBME,100.0,47,2000,0.25,trace,1.0000000000002267,True,independently sampled; not nested,D:\PhD-Project\GP_RKHS_MINT\GP_RKHS_MINT\Tully_models\GP_MInt_QCLE_Reviewer_Ready_Pipeline_v4\output\fixed_pipeline\reviewer_closure_20260723_194254\step8_support_P0100\seed47_N2000\pbme.npz,D:\PhD-Project\GP_RKHS_MINT\GP_RKHS_MINT\Tully_models\GP_MInt_QCLE_Reviewer_Ready_Pipeline_v4\output\fixed_pipeline\reviewer_closure_20260723_194254\step8_support_P0100\seed47_N2000\run_manifest.json
PBME,100.0,47,2000,0.25,energy,2.4996032246096602,True,independently sampled; not nested,D:\PhD-Project\GP_RKHS_MINT\GP_RKHS_MINT\Tully_models\GP_MInt_QCLE_Reviewer_Ready_Pipeline_v4\output\fixed_pipeline\reviewer_closure_20260723_194254\step8_support_P0100\seed47_N2000\pbme.npz,D:\PhD-Project\GP_RKHS_MINT\GP_RKHS_MINT\Tully_models\GP_MInt_QCLE_Reviewer_Ready_Pipeline_v4\output\fixed_pipeline\reviewer_closure_20260723_194254\step8_support_P0100\seed47_N2000\run_manifest.json
PBME,100.0,47,2000,0.25,R_mean,14.888694506694463,True,independently sampled; not nested,D:\PhD-Project\GP_RKHS_MINT\GP_RKHS_MINT\Tully_models\GP_MInt_QCLE_Reviewer_Ready_Pipeline_v4\output\fixed_pipeline\reviewer_closure_20260723_194254\step8_support_P0100\seed47_N2000\pbme.npz,D:\PhD-Project\GP_RKHS_MINT\GP_RKHS_MINT\Tully_models\GP_MInt_QCLE_Reviewer_Ready_Pipeline_v4\output\fixed_pipeline\reviewer_closure_20260723_194254\step8_support_P0100\seed47_N2000\run_manifest.json
PBME,100.0,47,2000,0.25,P_mean,99.12692897674758,True,independently sampled; not nested,D:\PhD-Project\GP_RKHS_MINT\GP_RKHS_MINT\Tully_models\GP_MInt_QCLE_Reviewer_Ready_Pipeline_v4\output\fixed_pipeline\reviewer_closure_20260723_194254\step8_support_P0100\seed47_N2000\pbme.npz,D:\PhD-Project\GP_RKHS_MINT\GP_RKHS_MINT\Tully_models\GP_MInt_QCLE_Reviewer_Ready_Pipeline_v4\output\fixed_pipeline\reviewer_closure_20260723_194254\step8_support_P0100\seed47_N2000\run_manifest.json
PBME,100.0,47,2000,0.25,R_var,0.9697669510573519,True,independently sampled; not nested,D:\PhD-Project\GP_RKHS_MINT\GP_RKHS_MINT\Tully_models\GP_MInt_QCLE_Reviewer_Ready_Pipeline_v4\output\fixed_pipeline\reviewer_closure_20260723_194254\step8_support_P0100\seed47_N2000\pbme.npz,D:\PhD-Project\GP_RKHS_MINT\GP_RKHS_MINT\Tully_models\GP_MInt_QCLE_Reviewer_Ready_Pipeline_v4\output\fixed_pipeline\reviewer_closure_20260723_194254\step8_support_P0100\seed47_N2000\run_manifest.json
PBME,100.0,47,2000,0.25,P_var,0.46400854811872705,True,independently sampled; not nested,D:\PhD-Project\GP_RKHS_MINT\GP_RKHS_MINT\Tully_models\GP_MInt_QCLE_Reviewer_Ready_Pipeline_v4\output\fixed_pipeline\reviewer_closure_20260723_194254\step8_support_P0100\seed47_N2000\pbme.npz,D:\PhD-Project\GP_RKHS_MINT\GP_RKHS_MINT\Tully_models\GP_MInt_QCLE_Reviewer_Ready_Pipeline_v4\output\fixed_pipeline\reviewer_closure_20260723_194254\step8_support_P0100\seed47_N2000\run_manifest.json
MIDPOINT,100.0,47,2000,0.25,P0,-0.24927544540674146,True,independently sampled; not nested,D:\PhD-Project\GP_RKHS_MINT\GP_RKHS_MINT\Tully_models\GP_MInt_QCLE_Reviewer_Ready_Pipeline_v4\output\fixed_pipeline\reviewer_closure_20260723_194254\step8_support_P0100\seed47_N2000\midpoint.npz,D:\PhD-Project\GP_RKHS_MINT\GP_RKHS_MINT\Tully_models\GP_MInt_QCLE_Reviewer_Ready_Pipeline_v4\output\fixed_pipeline\reviewer_closure_20260723_194254\step8_support_P0100\seed47_N2000\run_manifest.json
MIDPOINT,100.0,47,2000,0.25,P1,1.2492754454071784,True,independently sampled; not nested,D:\PhD-Project\GP_RKHS_MINT\GP_RKHS_MINT\Tully_models\GP_MInt_QCLE_Reviewer_Ready_Pipeline_v4\output\fixed_pipeline\reviewer_closure_20260723_194254\step8_support_P0100\seed47_N2000\midpoint.npz,D:\PhD-Project\GP_RKHS_MINT\GP_RKHS_MINT\Tully_models\GP_MInt_QCLE_Reviewer_Ready_Pipeline_v4\output\fixed_pipeline\reviewer_closure_20260723_194254\step8_support_P0100\seed47_N2000\run_manifest.json
MIDPOINT,100.0,47,2000,0.25,trace,1.0000000000004368,True,independently sampled; not nested,D:\PhD-Project\GP_RKHS_MINT\GP_RKHS_MINT\Tully_models\GP_MInt_QCLE_Reviewer_Ready_Pipeline_v4\output\fixed_pipeline\reviewer_closure_20260723_194254\step8_support_P0100\seed47_N2000\midpoint.npz,D:\PhD-Project\GP_RKHS_MINT\GP_RKHS_MINT\Tully_models\GP_MInt_QCLE_Reviewer_Ready_Pipeline_v4\output\fixed_pipeline\reviewer_closure_20260723_194254\step8_support_P0100\seed47_N2000\run_manifest.json
MIDPOINT,100.0,47,2000,0.25,energy,2.5558838099496857,True,independently sampled; not nested,D:\PhD-Project\GP_RKHS_MINT\GP_RKHS_MINT\Tully_models\GP_MInt_QCLE_Reviewer_Ready_Pipeline_v4\output\fixed_pipeline\reviewer_closure_20260723_194254\step8_support_P0100\seed47_N2000\midpoint.npz,D:\PhD-Project\GP_RKHS_MINT\GP_RKHS_MINT\Tully_models\GP_MInt_QCLE_Reviewer_Ready_Pipeline_v4\output\fixed_pipeline\reviewer_closure_20260723_194254\step8_support_P0100\seed47_N2000\run_manifest.json
MIDPOINT,100.0,47,2000,0.25,R_mean,13.992531531526812,True,independently sampled; not nested,D:\PhD-Project\GP_RKHS_MINT\GP_RKHS_MINT\Tully_models\GP_MInt_QCLE_Reviewer_Ready_Pipeline_v4\output\fixed_pipeline\reviewer_closure_20260723_194254\step8_support_P0100\seed47_N2000\midpoint.npz,D:\PhD-Project\GP_RKHS_MINT\GP_RKHS_MINT\Tully_models\GP_MInt_QCLE_Reviewer_Ready_Pipeline_v4\output\fixed_pipeline\reviewer_closure_20260723_194254\step8_support_P0100\seed47_N2000\run_manifest.json
MIDPOINT,100.0,47,2000,0.25,P_mean,99.86393752340093,True,independently sampled; not nested,D:\PhD-Project\GP_RKHS_MINT\GP_RKHS_MINT\Tully_models\GP_MInt_QCLE_Reviewer_Ready_Pipeline_v4\output\fixed_pipeline\reviewer_closure_20260723_194254\step8_support_P0100\seed47_N2000\midpoint.npz,D:\PhD-Project\GP_RKHS_MINT\GP_RKHS_MINT\Tully_models\GP_MInt_QCLE_Reviewer_Ready_Pipeline_v4\output\fixed_pipeline\reviewer_closure_20260723_194254\step8_support_P0100\seed47_N2000\run_manifest.json
MIDPOINT,100.0,47,2000,0.25,R_var,-1.4285372628912366e+95,True,independently sampled; not nested,D:\PhD-Project\GP_RKHS_MINT\GP_RKHS_MINT\Tully_models\GP_MInt_QCLE_Reviewer_Ready_Pipeline_v4\output\fixed_pipeline\reviewer_closure_20260723_194254\step8_support_P0100\seed47_N2000\midpoint.npz,D:\PhD-Project\GP_RKHS_MINT\GP_RKHS_MINT\Tully_models\GP_MInt_QCLE_Reviewer_Ready_Pipeline_v4\output\fixed_pipeline\reviewer_closure_20260723_194254\step8_support_P0100\seed47_N2000\run_manifest.json
MIDPOINT,100.0,47,2000,0.25,P_var,-7.276396501945455e+96,True,independently sampled; not nested,D:\PhD-Project\GP_RKHS_MINT\GP_RKHS_MINT\Tully_models\GP_MInt_QCLE_Reviewer_Ready_Pipeline_v4\output\fixed_pipeline\reviewer_closure_20260723_194254\step8_support_P0100\seed47_N2000\midpoint.npz,D:\PhD-Project\GP_RKHS_MINT\GP_RKHS_MINT\Tully_models\GP_MInt_QCLE_Reviewer_Ready_Pipeline_v4\output\fixed_pipeline\reviewer_closure_20260723_194254\step8_support_P0100\seed47_N2000\run_manifest.json
