P0,method,seed,eta,threshold,included_count,excluded_count,included_fraction,excluded_fraction,excluded_absolute_physical_mass_fraction,excluded_signed_mass,minimum_retained_abs_y0,ratio_abs_max,ratio_abs_q0.001,ratio_abs_q0.01,ratio_abs_q0.05,ratio_abs_q0.1,ratio_abs_q0.25,ratio_abs_q0.5,ratio_abs_q0.75,ratio_abs_q0.9,ratio_abs_q0.95,ratio_abs_q0.99,ratio_abs_q0.999,signed_ESS,absolute_ESS,live_weight_P0,live_weight_P1,cloud_weighted_P0,cloud_weighted_P1,raw_normalization,raw_energy,live_weight_denominator,near_zero_signed_denominator,point_inclusion_mask_sha256,initial_label_sha256,correction_multiplier_sha256,proposal_density_sha256,geometric_measure_sha256,saved_live_weight_sha256,cloud_coefficient_sha256,source_file,initial_snapshot,final_snapshot,live_weight_P0_change_from_eta0,live_weight_P1_change_from_eta0,cloud_weighted_P0_change_from_eta0,cloud_weighted_P1_change_from_eta0,raw_normalization_change_from_eta0,raw_energy_change_from_eta0
20.0,PBME,11,0.0,0.0,1000,0,1.0,0.0,0.0,0.0,2.517738331065298e-06,1.0,1.0,1.0,1.0,1.0,1.0,1.0,1.0,1.0,1.0,1.0,1.0,1000.0000000000007,1000.0000000000007,0.9560124777213774,0.04398752227978536,0.9560124777213779,0.043987522279785383,1.0000000000000004,0.10004549054182445,1.0000000000000004,False,164d6ed5550a232197e7eed93f08fe61ada6825c15609e700526aaf110843d01,266e0b8948a6b00c6b6c6ac72ebb910aa1b55e1226e40f6c85c824df81092fdd,2f5577a7b1c8cb07f9f79d4f7955e17155a40330bc3e96f3dcb2f7c2cc262add,266e0b8948a6b00c6b6c6ac72ebb910aa1b55e1226e40f6c85c824df81092fdd,86f1cfb2c42c557a242f979d3e43524d35bc0fb88cac3a4e65cb5d2fa31f7e4e,2f5577a7b1c8cb07f9f79d4f7955e17155a40330bc3e96f3dcb2f7c2cc262add,dde709c3ce6a568b1db529f4316d2ef082fa09b1a688e3f8e9acf0a5b5dc375f,D:\PhD-Project\GP_RKHS_MINT\GP_RKHS_MINT\Tully_models\GP_MInt_QCLE_Reviewer_Ready_Pipeline_v4\output\fixed_pipeline\reviewer_closure_20260726_174927\step9_repl_P020\seed11\pbme.npz,snap_000000,snap_012000,0.0,0.0,0.0,0.0,0.0,0.0
20.0,PBME,11,1e-14,2.9504690655530777e-17,1000,0,1.0,0.0,0.0,0.0,2.517738331065298e-06,1.0,1.0,1.0,1.0,1.0,1.0,1.0,1.0,1.0,1.0,1.0,1.0,1000.0000000000007,1000.0000000000007,0.9560124777213774,0.04398752227978536,0.9560124777213779,0.043987522279785383,1.0000000000000004,0.10004549054182445,1.0000000000000004,False,164d6ed5550a232197e7eed93f08fe61ada6825c15609e700526aaf110843d01,266e0b8948a6b00c6b6c6ac72ebb910aa1b55e1226e40f6c85c824df81092fdd,2f5577a7b1c8cb07f9f79d4f7955e17155a40330bc3e96f3dcb2f7c2cc262add,266e0b8948a6b00c6b6c6ac72ebb910aa1b55e1226e40f6c85c824df81092fdd,86f1cfb2c42c557a242f979d3e43524d35bc0fb88cac3a4e65cb5d2fa31f7e4e,2f5577a7b1c8cb07f9f79d4f7955e17155a40330bc3e96f3dcb2f7c2cc262add,dde709c3ce6a568b1db529f4316d2ef082fa09b1a688e3f8e9acf0a5b5dc375f,D:\PhD-Project\GP_RKHS_MINT\GP_RKHS_MINT\Tully_models\GP_MInt_QCLE_Reviewer_Ready_Pipeline_v4\output\fixed_pipeline\reviewer_closure_20260726_174927\step9_repl_P020\seed11\pbme.npz,snap_000000,snap_012000,0.0,0.0,0.0,0.0,0.0,0.0
20.0,PBME,11,1e-12,2.9504690655530776e-15,1000,0,1.0,0.0,0.0,0.0,2.517738331065298e-06,1.0,1.0,1.0,1.0,1.0,1.0,1.0,1.0,1.0,1.0,1.0,1.0,1000.0000000000007,1000.0000000000007,0.9560124777213774,0.04398752227978536,0.9560124777213779,0.043987522279785383,1.0000000000000004,0.10004549054182445,1.0000000000000004,False,164d6ed5550a232197e7eed93f08fe61ada6825c15609e700526aaf110843d01,266e0b8948a6b00c6b6c6ac72ebb910aa1b55e1226e40f6c85c824df81092fdd,2f5577a7b1c8cb07f9f79d4f7955e17155a40330bc3e96f3dcb2f7c2cc262add,266e0b8948a6b00c6b6c6ac72ebb910aa1b55e1226e40f6c85c824df81092fdd,86f1cfb2c42c557a242f979d3e43524d35bc0fb88cac3a4e65cb5d2fa31f7e4e,2f5577a7b1c8cb07f9f79d4f7955e17155a40330bc3e96f3dcb2f7c2cc262add,dde709c3ce6a568b1db529f4316d2ef082fa09b1a688e3f8e9acf0a5b5dc375f,D:\PhD-Project\GP_RKHS_MINT\GP_RKHS_MINT\Tully_models\GP_MInt_QCLE_Reviewer_Ready_Pipeline_v4\output\fixed_pipeline\reviewer_closure_20260726_174927\step9_repl_P020\seed11\pbme.npz,snap_000000,snap_012000,0.0,0.0,0.0,0.0,0.0,0.0
20.0,PBME,11,1e-10,2.9504690655530777e-13,1000,0,1.0,0.0,0.0,0.0,2.517738331065298e-06,1.0,1.0,1.0,1.0,1.0,1.0,1.0,1.0,1.0,1.0,1.0,1.0,1000.0000000000007,1000.0000000000007,0.9560124777213774,0.04398752227978536,0.9560124777213779,0.043987522279785383,1.0000000000000004,0.10004549054182445,1.0000000000000004,False,164d6ed5550a232197e7eed93f08fe61ada6825c15609e700526aaf110843d01,266e0b8948a6b00c6b6c6ac72ebb910aa1b55e1226e40f6c85c824df81092fdd,2f5577a7b1c8cb07f9f79d4f7955e17155a40330bc3e96f3dcb2f7c2cc262add,266e0b8948a6b00c6b6c6ac72ebb910aa1b55e1226e40f6c85c824df81092fdd,86f1cfb2c42c557a242f979d3e43524d35bc0fb88cac3a4e65cb5d2fa31f7e4e,2f5577a7b1c8cb07f9f79d4f7955e17155a40330bc3e96f3dcb2f7c2cc262add,dde709c3ce6a568b1db529f4316d2ef082fa09b1a688e3f8e9acf0a5b5dc375f,D:\PhD-Project\GP_RKHS_MINT\GP_RKHS_MINT\Tully_models\GP_MInt_QCLE_Reviewer_Ready_Pipeline_v4\output\fixed_pipeline\reviewer_closure_20260726_174927\step9_repl_P020\seed11\pbme.npz,snap_000000,snap_012000,0.0,0.0,0.0,0.0,0.0,0.0
20.0,PBME,11,1e-08,2.9504690655530775e-11,1000,0,1.0,0.0,0.0,0.0,2.517738331065298e-06,1.0,1.0,1.0,1.0,1.0,1.0,1.0,1.0,1.0,1.0,1.0,1.0,1000.0000000000007,1000.0000000000007,0.9560124777213774,0.04398752227978536,0.9560124777213779,0.043987522279785383,1.0000000000000004,0.10004549054182445,1.0000000000000004,False,164d6ed5550a232197e7eed93f08fe61ada6825c15609e700526aaf110843d01,266e0b8948a6b00c6b6c6ac72ebb910aa1b55e1226e40f6c85c824df81092fdd,2f5577a7b1c8cb07f9f79d4f7955e17155a40330bc3e96f3dcb2f7c2cc262add,266e0b8948a6b00c6b6c6ac72ebb910aa1b55e1226e40f6c85c824df81092fdd,86f1cfb2c42c557a242f979d3e43524d35bc0fb88cac3a4e65cb5d2fa31f7e4e,2f5577a7b1c8cb07f9f79d4f7955e17155a40330bc3e96f3dcb2f7c2cc262add,dde709c3ce6a568b1db529f4316d2ef082fa09b1a688e3f8e9acf0a5b5dc375f,D:\PhD-Project\GP_RKHS_MINT\GP_RKHS_MINT\Tully_models\GP_MInt_QCLE_Reviewer_Ready_Pipeline_v4\output\fixed_pipeline\reviewer_closure_20260726_174927\step9_repl_P020\seed11\pbme.npz,snap_000000,snap_012000,0.0,0.0,0.0,0.0,0.0,0.0
20.0,PBME,11,1e-06,2.9504690655530773e-09,1000,0,1.0,0.0,0.0,0.0,2.517738331065298e-06,1.0,1.0,1.0,1.0,1.0,1.0,1.0,1.0,1.0,1.0,1.0,1.0,1000.0000000000007,1000.0000000000007,0.9560124777213774,0.04398752227978536,0.9560124777213779,0.043987522279785383,1.0000000000000004,0.10004549054182445,1.0000000000000004,False,164d6ed5550a232197e7eed93f08fe61ada6825c15609e700526aaf110843d01,266e0b8948a6b00c6b6c6ac72ebb910aa1b55e1226e40f6c85c824df81092fdd,2f5577a7b1c8cb07f9f79d4f7955e17155a40330bc3e96f3dcb2f7c2cc262add,266e0b8948a6b00c6b6c6ac72ebb910aa1b55e1226e40f6c85c824df81092fdd,86f1cfb2c42c557a242f979d3e43524d35bc0fb88cac3a4e65cb5d2fa31f7e4e,2f5577a7b1c8cb07f9f79d4f7955e17155a40330bc3e96f3dcb2f7c2cc262add,dde709c3ce6a568b1db529f4316d2ef082fa09b1a688e3f8e9acf0a5b5dc375f,D:\PhD-Project\GP_RKHS_MINT\GP_RKHS_MINT\Tully_models\GP_MInt_QCLE_Reviewer_Ready_Pipeline_v4\output\fixed_pipeline\reviewer_closure_20260726_174927\step9_repl_P020\seed11\pbme.npz,snap_000000,snap_012000,0.0,0.0,0.0,0.0,0.0,0.0
20.0,PBME,11,1e-05,2.9504690655530778e-08,1000,0,1.0,0.0,0.0,0.0,2.517738331065298e-06,1.0,1.0,1.0,1.0,1.0,1.0,1.0,1.0,1.0,1.0,1.0,1.0,1000.0000000000007,1000.0000000000007,0.9560124777213774,0.04398752227978536,0.9560124777213779,0.043987522279785383,1.0000000000000004,0.10004549054182445,1.0000000000000004,False,164d6ed5550a232197e7eed93f08fe61ada6825c15609e700526aaf110843d01,266e0b8948a6b00c6b6c6ac72ebb910aa1b55e1226e40f6c85c824df81092fdd,2f5577a7b1c8cb07f9f79d4f7955e17155a40330bc3e96f3dcb2f7c2cc262add,266e0b8948a6b00c6b6c6ac72ebb910aa1b55e1226e40f6c85c824df81092fdd,86f1cfb2c42c557a242f979d3e43524d35bc0fb88cac3a4e65cb5d2fa31f7e4e,2f5577a7b1c8cb07f9f79d4f7955e17155a40330bc3e96f3dcb2f7c2cc262add,dde709c3ce6a568b1db529f4316d2ef082fa09b1a688e3f8e9acf0a5b5dc375f,D:\PhD-Project\GP_RKHS_MINT\GP_RKHS_MINT\Tully_models\GP_MInt_QCLE_Reviewer_Ready_Pipeline_v4\output\fixed_pipeline\reviewer_closure_20260726_174927\step9_repl_P020\seed11\pbme.npz,snap_000000,snap_012000,0.0,0.0,0.0,0.0,0.0,0.0
20.0,PBME,11,0.0001,2.9504690655530774e-07,1000,0,1.0,0.0,0.0,0.0,2.517738331065298e-06,1.0,1.0,1.0,1.0,1.0,1.0,1.0,1.0,1.0,1.0,1.0,1.0,1000.0000000000007,1000.0000000000007,0.9560124777213774,0.04398752227978536,0.9560124777213779,0.043987522279785383,1.0000000000000004,0.10004549054182445,1.0000000000000004,False,164d6ed5550a232197e7eed93f08fe61ada6825c15609e700526aaf110843d01,266e0b8948a6b00c6b6c6ac72ebb910aa1b55e1226e40f6c85c824df81092fdd,2f5577a7b1c8cb07f9f79d4f7955e17155a40330bc3e96f3dcb2f7c2cc262add,266e0b8948a6b00c6b6c6ac72ebb910aa1b55e1226e40f6c85c824df81092fdd,86f1cfb2c42c557a242f979d3e43524d35bc0fb88cac3a4e65cb5d2fa31f7e4e,2f5577a7b1c8cb07f9f79d4f7955e17155a40330bc3e96f3dcb2f7c2cc262add,dde709c3ce6a568b1db529f4316d2ef082fa09b1a688e3f8e9acf0a5b5dc375f,D:\PhD-Project\GP_RKHS_MINT\GP_RKHS_MINT\Tully_models\GP_MInt_QCLE_Reviewer_Ready_Pipeline_v4\output\fixed_pipeline\reviewer_closure_20260726_174927\step9_repl_P020\seed11\pbme.npz,snap_000000,snap_012000,0.0,0.0,0.0,0.0,0.0,0.0
20.0,PBME,11,0.001,2.9504690655530777e-06,999,1,0.999,0.001,0.0009999999999999994,0.0009999999999999998,3.6994562870627743e-06,1.0,1.0,1.0,1.0,1.0,1.0,1.0,1.0,1.0,1.0,1.0,1.0,999.0000000000006,999.0000000000006,0.9564826902114487,0.043517309789714374,0.9555262075212377,0.04347379247992468,0.9990000000000004,0.09996119277947106,0.9990000000000004,False,8626ac65103ba633f986cb7277e48276da252bd0248ea6a26ec4a0650de21464,266e0b8948a6b00c6b6c6ac72ebb910aa1b55e1226e40f6c85c824df81092fdd,2f5577a7b1c8cb07f9f79d4f7955e17155a40330bc3e96f3dcb2f7c2cc262add,266e0b8948a6b00c6b6c6ac72ebb910aa1b55e1226e40f6c85c824df81092fdd,86f1cfb2c42c557a242f979d3e43524d35bc0fb88cac3a4e65cb5d2fa31f7e4e,2f5577a7b1c8cb07f9f79d4f7955e17155a40330bc3e96f3dcb2f7c2cc262add,dde709c3ce6a568b1db529f4316d2ef082fa09b1a688e3f8e9acf0a5b5dc375f,D:\PhD-Project\GP_RKHS_MINT\GP_RKHS_MINT\Tully_models\GP_MInt_QCLE_Reviewer_Ready_Pipeline_v4\output\fixed_pipeline\reviewer_closure_20260726_174927\step9_repl_P020\seed11\pbme.npz,snap_000000,snap_012000,0.00047021249007128674,-0.00047021249007098836,-0.00048627020014013755,-0.0005137297998607029,-0.0010000000000000009,-8.429776235338582e-05
20.0,PBME,11,0.01,2.9504690655530777e-05,990,10,0.99,0.01,0.009999999999999997,0.010000000000000002,3.540040505016427e-05,1.0,1.0,1.0,1.0,1.0,1.0,1.0,1.0,1.0,1.0,1.0,1.0,990.0000000000007,990.0000000000007,0.9570485664309237,0.04295143357024279,0.9474780807666149,0.04252191923454038,0.9900000000000004,0.09907714969931271,0.9900000000000004,False,ed70f576eed85d7d935724349ae29e0b512a8db8fe6f49d04adcb9ff6cf4b39d,266e0b8948a6b00c6b6c6ac72ebb910aa1b55e1226e40f6c85c824df81092fdd,2f5577a7b1c8cb07f9f79d4f7955e17155a40330bc3e96f3dcb2f7c2cc262add,266e0b8948a6b00c6b6c6ac72ebb910aa1b55e1226e40f6c85c824df81092fdd,86f1cfb2c42c557a242f979d3e43524d35bc0fb88cac3a4e65cb5d2fa31f7e4e,2f5577a7b1c8cb07f9f79d4f7955e17155a40330bc3e96f3dcb2f7c2cc262add,dde709c3ce6a568b1db529f4316d2ef082fa09b1a688e3f8e9acf0a5b5dc375f,D:\PhD-Project\GP_RKHS_MINT\GP_RKHS_MINT\Tully_models\GP_MInt_QCLE_Reviewer_Ready_Pipeline_v4\output\fixed_pipeline\reviewer_closure_20260726_174927\step9_repl_P020\seed11\pbme.npz,snap_000000,snap_012000,0.0010360887095463012,-0.001036088709542575,-0.00853439695476299,-0.001465603045245005,-0.010000000000000009,-0.000968340842511739
20.0,MIDPOINT,11,0.0,0.0,1000,0,1.0,0.0,0.0,0.0,2.517738331065298e-06,333.07146808385966,0.0025681142374214382,0.026848435633577,0.10790462321429693,0.22681555148160581,0.5727948009855599,1.0432908749337217,2.098088155098368,5.328668152936505,9.577552034214388,56.77239789060061,248.0169549065953,4.072952753298206,45.97504639054366,0.9877541611632755,0.012245838838875261,0.992105944277232,0.012299790760082547,1.0044057350351543,0.09471242674788523,1.0044057350351543,False,164d6ed5550a232197e7eed93f08fe61ada6825c15609e700526aaf110843d01,266e0b8948a6b00c6b6c6ac72ebb910aa1b55e1226e40f6c85c824df81092fdd,542eeb366919cd479f7051585caabb7b729cd31c46856ce19382504c1182b855,266e0b8948a6b00c6b6c6ac72ebb910aa1b55e1226e40f6c85c824df81092fdd,86f1cfb2c42c557a242f979d3e43524d35bc0fb88cac3a4e65cb5d2fa31f7e4e,9049c9da2efbcf56627d36e5604de03ca91acc4cc1effd6df12b10204264a31b,9ef54928973f99306c10fe76fa7bb52ba5ca43062b3be81d6326c0e8eb1c82e6,D:\PhD-Project\GP_RKHS_MINT\GP_RKHS_MINT\Tully_models\GP_MInt_QCLE_Reviewer_Ready_Pipeline_v4\output\fixed_pipeline\reviewer_closure_20260726_174927\step9_repl_P020\seed11\midpoint.npz,snap_000000,snap_012000,0.0,0.0,0.0,0.0,0.0,0.0
20.0,MIDPOINT,11,1e-14,2.9504690655530777e-17,1000,0,1.0,0.0,0.0,0.0,2.517738331065298e-06,333.07146808385966,0.0025681142374214382,0.026848435633577,0.10790462321429693,0.22681555148160581,0.5727948009855599,1.0432908749337217,2.098088155098368,5.328668152936505,9.577552034214388,56.77239789060061,248.0169549065953,4.072952753298206,45.97504639054366,0.9877541611632755,0.012245838838875261,0.992105944277232,0.012299790760082547,1.0044057350351543,0.09471242674788523,1.0044057350351543,False,164d6ed5550a232197e7eed93f08fe61ada6825c15609e700526aaf110843d01,266e0b8948a6b00c6b6c6ac72ebb910aa1b55e1226e40f6c85c824df81092fdd,542eeb366919cd479f7051585caabb7b729cd31c46856ce19382504c1182b855,266e0b8948a6b00c6b6c6ac72ebb910aa1b55e1226e40f6c85c824df81092fdd,86f1cfb2c42c557a242f979d3e43524d35bc0fb88cac3a4e65cb5d2fa31f7e4e,9049c9da2efbcf56627d36e5604de03ca91acc4cc1effd6df12b10204264a31b,9ef54928973f99306c10fe76fa7bb52ba5ca43062b3be81d6326c0e8eb1c82e6,D:\PhD-Project\GP_RKHS_MINT\GP_RKHS_MINT\Tully_models\GP_MInt_QCLE_Reviewer_Ready_Pipeline_v4\output\fixed_pipeline\reviewer_closure_20260726_174927\step9_repl_P020\seed11\midpoint.npz,snap_000000,snap_012000,0.0,0.0,0.0,0.0,0.0,0.0
20.0,MIDPOINT,11,1e-12,2.9504690655530776e-15,1000,0,1.0,0.0,0.0,0.0,2.517738331065298e-06,333.07146808385966,0.0025681142374214382,0.026848435633577,0.10790462321429693,0.22681555148160581,0.5727948009855599,1.0432908749337217,2.098088155098368,5.328668152936505,9.577552034214388,56.77239789060061,248.0169549065953,4.072952753298206,45.97504639054366,0.9877541611632755,0.012245838838875261,0.992105944277232,0.012299790760082547,1.0044057350351543,0.09471242674788523,1.0044057350351543,False,164d6ed5550a232197e7eed93f08fe61ada6825c15609e700526aaf110843d01,266e0b8948a6b00c6b6c6ac72ebb910aa1b55e1226e40f6c85c824df81092fdd,542eeb366919cd479f7051585caabb7b729cd31c46856ce19382504c1182b855,266e0b8948a6b00c6b6c6ac72ebb910aa1b55e1226e40f6c85c824df81092fdd,86f1cfb2c42c557a242f979d3e43524d35bc0fb88cac3a4e65cb5d2fa31f7e4e,9049c9da2efbcf56627d36e5604de03ca91acc4cc1effd6df12b10204264a31b,9ef54928973f99306c10fe76fa7bb52ba5ca43062b3be81d6326c0e8eb1c82e6,D:\PhD-Project\GP_RKHS_MINT\GP_RKHS_MINT\Tully_models\GP_MInt_QCLE_Reviewer_Ready_Pipeline_v4\output\fixed_pipeline\reviewer_closure_20260726_174927\step9_repl_P020\seed11\midpoint.npz,snap_000000,snap_012000,0.0,0.0,0.0,0.0,0.0,0.0
20.0,MIDPOINT,11,1e-10,2.9504690655530777e-13,1000,0,1.0,0.0,0.0,0.0,2.517738331065298e-06,333.07146808385966,0.0025681142374214382,0.026848435633577,0.10790462321429693,0.22681555148160581,0.5727948009855599,1.0432908749337217,2.098088155098368,5.328668152936505,9.577552034214388,56.77239789060061,248.0169549065953,4.072952753298206,45.97504639054366,0.9877541611632755,0.012245838838875261,0.992105944277232,0.012299790760082547,1.0044057350351543,0.09471242674788523,1.0044057350351543,False,164d6ed5550a232197e7eed93f08fe61ada6825c15609e700526aaf110843d01,266e0b8948a6b00c6b6c6ac72ebb910aa1b55e1226e40f6c85c824df81092fdd,542eeb366919cd479f7051585caabb7b729cd31c46856ce19382504c1182b855,266e0b8948a6b00c6b6c6ac72ebb910aa1b55e1226e40f6c85c824df81092fdd,86f1cfb2c42c557a242f979d3e43524d35bc0fb88cac3a4e65cb5d2fa31f7e4e,9049c9da2efbcf56627d36e5604de03ca91acc4cc1effd6df12b10204264a31b,9ef54928973f99306c10fe76fa7bb52ba5ca43062b3be81d6326c0e8eb1c82e6,D:\PhD-Project\GP_RKHS_MINT\GP_RKHS_MINT\Tully_models\GP_MInt_QCLE_Reviewer_Ready_Pipeline_v4\output\fixed_pipeline\reviewer_closure_20260726_174927\step9_repl_P020\seed11\midpoint.npz,snap_000000,snap_012000,0.0,0.0,0.0,0.0,0.0,0.0
20.0,MIDPOINT,11,1e-08,2.9504690655530775e-11,1000,0,1.0,0.0,0.0,0.0,2.517738331065298e-06,333.07146808385966,0.0025681142374214382,0.026848435633577,0.10790462321429693,0.22681555148160581,0.5727948009855599,1.0432908749337217,2.098088155098368,5.328668152936505,9.577552034214388,56.77239789060061,248.0169549065953,4.072952753298206,45.97504639054366,0.9877541611632755,0.012245838838875261,0.992105944277232,0.012299790760082547,1.0044057350351543,0.09471242674788523,1.0044057350351543,False,164d6ed5550a232197e7eed93f08fe61ada6825c15609e700526aaf110843d01,266e0b8948a6b00c6b6c6ac72ebb910aa1b55e1226e40f6c85c824df81092fdd,542eeb366919cd479f7051585caabb7b729cd31c46856ce19382504c1182b855,266e0b8948a6b00c6b6c6ac72ebb910aa1b55e1226e40f6c85c824df81092fdd,86f1cfb2c42c557a242f979d3e43524d35bc0fb88cac3a4e65cb5d2fa31f7e4e,9049c9da2efbcf56627d36e5604de03ca91acc4cc1effd6df12b10204264a31b,9ef54928973f99306c10fe76fa7bb52ba5ca43062b3be81d6326c0e8eb1c82e6,D:\PhD-Project\GP_RKHS_MINT\GP_RKHS_MINT\Tully_models\GP_MInt_QCLE_Reviewer_Ready_Pipeline_v4\output\fixed_pipeline\reviewer_closure_20260726_174927\step9_repl_P020\seed11\midpoint.npz,snap_000000,snap_012000,0.0,0.0,0.0,0.0,0.0,0.0
20.0,MIDPOINT,11,1e-06,2.9504690655530773e-09,1000,0,1.0,0.0,0.0,0.0,2.517738331065298e-06,333.07146808385966,0.0025681142374214382,0.026848435633577,0.10790462321429693,0.22681555148160581,0.5727948009855599,1.0432908749337217,2.098088155098368,5.328668152936505,9.577552034214388,56.77239789060061,248.0169549065953,4.072952753298206,45.97504639054366,0.9877541611632755,0.012245838838875261,0.992105944277232,0.012299790760082547,1.0044057350351543,0.09471242674788523,1.0044057350351543,False,164d6ed5550a232197e7eed93f08fe61ada6825c15609e700526aaf110843d01,266e0b8948a6b00c6b6c6ac72ebb910aa1b55e1226e40f6c85c824df81092fdd,542eeb366919cd479f7051585caabb7b729cd31c46856ce19382504c1182b855,266e0b8948a6b00c6b6c6ac72ebb910aa1b55e1226e40f6c85c824df81092fdd,86f1cfb2c42c557a242f979d3e43524d35bc0fb88cac3a4e65cb5d2fa31f7e4e,9049c9da2efbcf56627d36e5604de03ca91acc4cc1effd6df12b10204264a31b,9ef54928973f99306c10fe76fa7bb52ba5ca43062b3be81d6326c0e8eb1c82e6,D:\PhD-Project\GP_RKHS_MINT\GP_RKHS_MINT\Tully_models\GP_MInt_QCLE_Reviewer_Ready_Pipeline_v4\output\fixed_pipeline\reviewer_closure_20260726_174927\step9_repl_P020\seed11\midpoint.npz,snap_000000,snap_012000,0.0,0.0,0.0,0.0,0.0,0.0
20.0,MIDPOINT,11,1e-05,2.9504690655530778e-08,1000,0,1.0,0.0,0.0,0.0,2.517738331065298e-06,333.07146808385966,0.0025681142374214382,0.026848435633577,0.10790462321429693,0.22681555148160581,0.5727948009855599,1.0432908749337217,2.098088155098368,5.328668152936505,9.577552034214388,56.77239789060061,248.0169549065953,4.072952753298206,45.97504639054366,0.9877541611632755,0.012245838838875261,0.992105944277232,0.012299790760082547,1.0044057350351543,0.09471242674788523,1.0044057350351543,False,164d6ed5550a232197e7eed93f08fe61ada6825c15609e700526aaf110843d01,266e0b8948a6b00c6b6c6ac72ebb910aa1b55e1226e40f6c85c824df81092fdd,542eeb366919cd479f7051585caabb7b729cd31c46856ce19382504c1182b855,266e0b8948a6b00c6b6c6ac72ebb910aa1b55e1226e40f6c85c824df81092fdd,86f1cfb2c42c557a242f979d3e43524d35bc0fb88cac3a4e65cb5d2fa31f7e4e,9049c9da2efbcf56627d36e5604de03ca91acc4cc1effd6df12b10204264a31b,9ef54928973f99306c10fe76fa7bb52ba5ca43062b3be81d6326c0e8eb1c82e6,D:\PhD-Project\GP_RKHS_MINT\GP_RKHS_MINT\Tully_models\GP_MInt_QCLE_Reviewer_Ready_Pipeline_v4\output\fixed_pipeline\reviewer_closure_20260726_174927\step9_repl_P020\seed11\midpoint.npz,snap_000000,snap_012000,0.0,0.0,0.0,0.0,0.0,0.0
20.0,MIDPOINT,11,0.0001,2.9504690655530774e-07,1000,0,1.0,0.0,0.0,0.0,2.517738331065298e-06,333.07146808385966,0.0025681142374214382,0.026848435633577,0.10790462321429693,0.22681555148160581,0.5727948009855599,1.0432908749337217,2.098088155098368,5.328668152936505,9.577552034214388,56.77239789060061,248.0169549065953,4.072952753298206,45.97504639054366,0.9877541611632755,0.012245838838875261,0.992105944277232,0.012299790760082547,1.0044057350351543,0.09471242674788523,1.0044057350351543,False,164d6ed5550a232197e7eed93f08fe61ada6825c15609e700526aaf110843d01,266e0b8948a6b00c6b6c6ac72ebb910aa1b55e1226e40f6c85c824df81092fdd,542eeb366919cd479f7051585caabb7b729cd31c46856ce19382504c1182b855,266e0b8948a6b00c6b6c6ac72ebb910aa1b55e1226e40f6c85c824df81092fdd,86f1cfb2c42c557a242f979d3e43524d35bc0fb88cac3a4e65cb5d2fa31f7e4e,9049c9da2efbcf56627d36e5604de03ca91acc4cc1effd6df12b10204264a31b,9ef54928973f99306c10fe76fa7bb52ba5ca43062b3be81d6326c0e8eb1c82e6,D:\PhD-Project\GP_RKHS_MINT\GP_RKHS_MINT\Tully_models\GP_MInt_QCLE_Reviewer_Ready_Pipeline_v4\output\fixed_pipeline\reviewer_closure_20260726_174927\step9_repl_P020\seed11\midpoint.npz,snap_000000,snap_012000,0.0,0.0,0.0,0.0,0.0,0.0
20.0,MIDPOINT,11,0.001,2.9504690655530777e-06,999,1,0.999,0.001,0.0009999999999999994,0.0009999999999999998,3.6994562870627743e-06,333.07146808385966,0.002566605263948089,0.026800479047745625,0.10785827564551143,0.22670963903794858,0.5727425457316937,1.0416398629996417,2.0951478511793526,5.331382834805305,9.59398695173509,56.78395265869615,248.10209455942336,4.052152954045547,45.9059696269242,0.9890463456237909,0.010953654378360864,0.9908506834561001,0.010973637358010265,1.0018243208119546,0.09449481930523664,1.0018243208119546,False,8626ac65103ba633f986cb7277e48276da252bd0248ea6a26ec4a0650de21464,266e0b8948a6b00c6b6c6ac72ebb910aa1b55e1226e40f6c85c824df81092fdd,542eeb366919cd479f7051585caabb7b729cd31c46856ce19382504c1182b855,266e0b8948a6b00c6b6c6ac72ebb910aa1b55e1226e40f6c85c824df81092fdd,86f1cfb2c42c557a242f979d3e43524d35bc0fb88cac3a4e65cb5d2fa31f7e4e,9049c9da2efbcf56627d36e5604de03ca91acc4cc1effd6df12b10204264a31b,9ef54928973f99306c10fe76fa7bb52ba5ca43062b3be81d6326c0e8eb1c82e6,D:\PhD-Project\GP_RKHS_MINT\GP_RKHS_MINT\Tully_models\GP_MInt_QCLE_Reviewer_Ready_Pipeline_v4\output\fixed_pipeline\reviewer_closure_20260726_174927\step9_repl_P020\seed11\midpoint.npz,snap_000000,snap_012000,0.0012921844605153776,-0.0012921844605143975,-0.0012552608211319205,-0.0013261534020722818,-0.002581414223199685,-0.000217607442648593
20.0,MIDPOINT,11,0.01,2.9504690655530777e-05,990,10,0.99,0.01,0.009999999999999997,0.010000000000000002,3.540040505016427e-05,333.07146808385966,0.002553024502687947,0.026368869775263263,0.10744114752644193,0.22580595013220828,0.5720884443881502,1.037760382016436,2.0686426816745973,5.166304337630296,9.282882218537102,34.09266530300589,248.86835143489543,5.452547703528279,44.00143105788713,1.0464469864561674,-0.046446986454032,1.1681943355656914,-0.05185079338175278,1.1163435421815548,0.10875344954649949,1.1163435421815548,False,ed70f576eed85d7d935724349ae29e0b512a8db8fe6f49d04adcb9ff6cf4b39d,266e0b8948a6b00c6b6c6ac72ebb910aa1b55e1226e40f6c85c824df81092fdd,542eeb366919cd479f7051585caabb7b729cd31c46856ce19382504c1182b855,266e0b8948a6b00c6b6c6ac72ebb910aa1b55e1226e40f6c85c824df81092fdd,86f1cfb2c42c557a242f979d3e43524d35bc0fb88cac3a4e65cb5d2fa31f7e4e,9049c9da2efbcf56627d36e5604de03ca91acc4cc1effd6df12b10204264a31b,9ef54928973f99306c10fe76fa7bb52ba5ca43062b3be81d6326c0e8eb1c82e6,D:\PhD-Project\GP_RKHS_MINT\GP_RKHS_MINT\Tully_models\GP_MInt_QCLE_Reviewer_Ready_Pipeline_v4\output\fixed_pipeline\reviewer_closure_20260726_174927\step9_repl_P020\seed11\midpoint.npz,snap_000000,snap_012000,0.05869282529289188,-0.058692825292907265,0.17608839128845943,-0.06415058414183533,0.11193780714640056,0.014041022798614258
20.0,PBME,29,0.0,0.0,1000,0,1.0,0.0,0.0,0.0,2.601808243769312e-06,1.0,1.0,1.0,1.0,1.0,1.0,1.0,1.0,1.0,1.0,1.0,1.0,1000.0000000000007,1000.0000000000007,0.962335157385912,0.037664842615254324,0.9623351573859125,0.03766484261525434,1.0000000000000004,0.10000093360925717,1.0000000000000004,False,164d6ed5550a232197e7eed93f08fe61ada6825c15609e700526aaf110843d01,6e3ec8f4a37ed6d147d2e1897e55cee5faf18d511bab60c168135d41182e2854,2f5577a7b1c8cb07f9f79d4f7955e17155a40330bc3e96f3dcb2f7c2cc262add,6e3ec8f4a37ed6d147d2e1897e55cee5faf18d511bab60c168135d41182e2854,bda6e85dd0a7ffc7410e18f348a7bd3031054e099545789ddc9dc40c5b9c87d2,2f5577a7b1c8cb07f9f79d4f7955e17155a40330bc3e96f3dcb2f7c2cc262add,aa1f635c0f62ddbb85603f95360cd6aff4e6d73d3bedfc9a15c7e111127799cb,D:\PhD-Project\GP_RKHS_MINT\GP_RKHS_MINT\Tully_models\GP_MInt_QCLE_Reviewer_Ready_Pipeline_v4\output\fixed_pipeline\reviewer_closure_20260726_174927\step9_repl_P020\seed29\pbme.npz,snap_000000,snap_012000,0.0,0.0,0.0,0.0,0.0,0.0
20.0,PBME,29,1e-14,2.9496565160831206e-17,1000,0,1.0,0.0,0.0,0.0,2.601808243769312e-06,1.0,1.0,1.0,1.0,1.0,1.0,1.0,1.0,1.0,1.0,1.0,1.0,1000.0000000000007,1000.0000000000007,0.962335157385912,0.037664842615254324,0.9623351573859125,0.03766484261525434,1.0000000000000004,0.10000093360925717,1.0000000000000004,False,164d6ed5550a232197e7eed93f08fe61ada6825c15609e700526aaf110843d01,6e3ec8f4a37ed6d147d2e1897e55cee5faf18d511bab60c168135d41182e2854,2f5577a7b1c8cb07f9f79d4f7955e17155a40330bc3e96f3dcb2f7c2cc262add,6e3ec8f4a37ed6d147d2e1897e55cee5faf18d511bab60c168135d41182e2854,bda6e85dd0a7ffc7410e18f348a7bd3031054e099545789ddc9dc40c5b9c87d2,2f5577a7b1c8cb07f9f79d4f7955e17155a40330bc3e96f3dcb2f7c2cc262add,aa1f635c0f62ddbb85603f95360cd6aff4e6d73d3bedfc9a15c7e111127799cb,D:\PhD-Project\GP_RKHS_MINT\GP_RKHS_MINT\Tully_models\GP_MInt_QCLE_Reviewer_Ready_Pipeline_v4\output\fixed_pipeline\reviewer_closure_20260726_174927\step9_repl_P020\seed29\pbme.npz,snap_000000,snap_012000,0.0,0.0,0.0,0.0,0.0,0.0
20.0,PBME,29,1e-12,2.9496565160831203e-15,1000,0,1.0,0.0,0.0,0.0,2.601808243769312e-06,1.0,1.0,1.0,1.0,1.0,1.0,1.0,1.0,1.0,1.0,1.0,1.0,1000.0000000000007,1000.0000000000007,0.962335157385912,0.037664842615254324,0.9623351573859125,0.03766484261525434,1.0000000000000004,0.10000093360925717,1.0000000000000004,False,164d6ed5550a232197e7eed93f08fe61ada6825c15609e700526aaf110843d01,6e3ec8f4a37ed6d147d2e1897e55cee5faf18d511bab60c168135d41182e2854,2f5577a7b1c8cb07f9f79d4f7955e17155a40330bc3e96f3dcb2f7c2cc262add,6e3ec8f4a37ed6d147d2e1897e55cee5faf18d511bab60c168135d41182e2854,bda6e85dd0a7ffc7410e18f348a7bd3031054e099545789ddc9dc40c5b9c87d2,2f5577a7b1c8cb07f9f79d4f7955e17155a40330bc3e96f3dcb2f7c2cc262add,aa1f635c0f62ddbb85603f95360cd6aff4e6d73d3bedfc9a15c7e111127799cb,D:\PhD-Project\GP_RKHS_MINT\GP_RKHS_MINT\Tully_models\GP_MInt_QCLE_Reviewer_Ready_Pipeline_v4\output\fixed_pipeline\reviewer_closure_20260726_174927\step9_repl_P020\seed29\pbme.npz,snap_000000,snap_012000,0.0,0.0,0.0,0.0,0.0,0.0
20.0,PBME,29,1e-10,2.9496565160831206e-13,1000,0,1.0,0.0,0.0,0.0,2.601808243769312e-06,1.0,1.0,1.0,1.0,1.0,1.0,1.0,1.0,1.0,1.0,1.0,1.0,1000.0000000000007,1000.0000000000007,0.962335157385912,0.037664842615254324,0.9623351573859125,0.03766484261525434,1.0000000000000004,0.10000093360925717,1.0000000000000004,False,164d6ed5550a232197e7eed93f08fe61ada6825c15609e700526aaf110843d01,6e3ec8f4a37ed6d147d2e1897e55cee5faf18d511bab60c168135d41182e2854,2f5577a7b1c8cb07f9f79d4f7955e17155a40330bc3e96f3dcb2f7c2cc262add,6e3ec8f4a37ed6d147d2e1897e55cee5faf18d511bab60c168135d41182e2854,bda6e85dd0a7ffc7410e18f348a7bd3031054e099545789ddc9dc40c5b9c87d2,2f5577a7b1c8cb07f9f79d4f7955e17155a40330bc3e96f3dcb2f7c2cc262add,aa1f635c0f62ddbb85603f95360cd6aff4e6d73d3bedfc9a15c7e111127799cb,D:\PhD-Project\GP_RKHS_MINT\GP_RKHS_MINT\Tully_models\GP_MInt_QCLE_Reviewer_Ready_Pipeline_v4\output\fixed_pipeline\reviewer_closure_20260726_174927\step9_repl_P020\seed29\pbme.npz,snap_000000,snap_012000,0.0,0.0,0.0,0.0,0.0,0.0
20.0,PBME,29,1e-08,2.9496565160831204e-11,1000,0,1.0,0.0,0.0,0.0,2.601808243769312e-06,1.0,1.0,1.0,1.0,1.0,1.0,1.0,1.0,1.0,1.0,1.0,1.0,1000.0000000000007,1000.0000000000007,0.962335157385912,0.037664842615254324,0.9623351573859125,0.03766484261525434,1.0000000000000004,0.10000093360925717,1.0000000000000004,False,164d6ed5550a232197e7eed93f08fe61ada6825c15609e700526aaf110843d01,6e3ec8f4a37ed6d147d2e1897e55cee5faf18d511bab60c168135d41182e2854,2f5577a7b1c8cb07f9f79d4f7955e17155a40330bc3e96f3dcb2f7c2cc262add,6e3ec8f4a37ed6d147d2e1897e55cee5faf18d511bab60c168135d41182e2854,bda6e85dd0a7ffc7410e18f348a7bd3031054e099545789ddc9dc40c5b9c87d2,2f5577a7b1c8cb07f9f79d4f7955e17155a40330bc3e96f3dcb2f7c2cc262add,aa1f635c0f62ddbb85603f95360cd6aff4e6d73d3bedfc9a15c7e111127799cb,D:\PhD-Project\GP_RKHS_MINT\GP_RKHS_MINT\Tully_models\GP_MInt_QCLE_Reviewer_Ready_Pipeline_v4\output\fixed_pipeline\reviewer_closure_20260726_174927\step9_repl_P020\seed29\pbme.npz,snap_000000,snap_012000,0.0,0.0,0.0,0.0,0.0,0.0
20.0,PBME,29,1e-06,2.9496565160831204e-09,1000,0,1.0,0.0,0.0,0.0,2.601808243769312e-06,1.0,1.0,1.0,1.0,1.0,1.0,1.0,1.0,1.0,1.0,1.0,1.0,1000.0000000000007,1000.0000000000007,0.962335157385912,0.037664842615254324,0.9623351573859125,0.03766484261525434,1.0000000000000004,0.10000093360925717,1.0000000000000004,False,164d6ed5550a232197e7eed93f08fe61ada6825c15609e700526aaf110843d01,6e3ec8f4a37ed6d147d2e1897e55cee5faf18d511bab60c168135d41182e2854,2f5577a7b1c8cb07f9f79d4f7955e17155a40330bc3e96f3dcb2f7c2cc262add,6e3ec8f4a37ed6d147d2e1897e55cee5faf18d511bab60c168135d41182e2854,bda6e85dd0a7ffc7410e18f348a7bd3031054e099545789ddc9dc40c5b9c87d2,2f5577a7b1c8cb07f9f79d4f7955e17155a40330bc3e96f3dcb2f7c2cc262add,aa1f635c0f62ddbb85603f95360cd6aff4e6d73d3bedfc9a15c7e111127799cb,D:\PhD-Project\GP_RKHS_MINT\GP_RKHS_MINT\Tully_models\GP_MInt_QCLE_Reviewer_Ready_Pipeline_v4\output\fixed_pipeline\reviewer_closure_20260726_174927\step9_repl_P020\seed29\pbme.npz,snap_000000,snap_012000,0.0,0.0,0.0,0.0,0.0,0.0
20.0,PBME,29,1e-05,2.9496565160831208e-08,1000,0,1.0,0.0,0.0,0.0,2.601808243769312e-06,1.0,1.0,1.0,1.0,1.0,1.0,1.0,1.0,1.0,1.0,1.0,1.0,1000.0000000000007,1000.0000000000007,0.962335157385912,0.037664842615254324,0.9623351573859125,0.03766484261525434,1.0000000000000004,0.10000093360925717,1.0000000000000004,False,164d6ed5550a232197e7eed93f08fe61ada6825c15609e700526aaf110843d01,6e3ec8f4a37ed6d147d2e1897e55cee5faf18d511bab60c168135d41182e2854,2f5577a7b1c8cb07f9f79d4f7955e17155a40330bc3e96f3dcb2f7c2cc262add,6e3ec8f4a37ed6d147d2e1897e55cee5faf18d511bab60c168135d41182e2854,bda6e85dd0a7ffc7410e18f348a7bd3031054e099545789ddc9dc40c5b9c87d2,2f5577a7b1c8cb07f9f79d4f7955e17155a40330bc3e96f3dcb2f7c2cc262add,aa1f635c0f62ddbb85603f95360cd6aff4e6d73d3bedfc9a15c7e111127799cb,D:\PhD-Project\GP_RKHS_MINT\GP_RKHS_MINT\Tully_models\GP_MInt_QCLE_Reviewer_Ready_Pipeline_v4\output\fixed_pipeline\reviewer_closure_20260726_174927\step9_repl_P020\seed29\pbme.npz,snap_000000,snap_012000,0.0,0.0,0.0,0.0,0.0,0.0
20.0,PBME,29,0.0001,2.9496565160831206e-07,1000,0,1.0,0.0,0.0,0.0,2.601808243769312e-06,1.0,1.0,1.0,1.0,1.0,1.0,1.0,1.0,1.0,1.0,1.0,1.0,1000.0000000000007,1000.0000000000007,0.962335157385912,0.037664842615254324,0.9623351573859125,0.03766484261525434,1.0000000000000004,0.10000093360925717,1.0000000000000004,False,164d6ed5550a232197e7eed93f08fe61ada6825c15609e700526aaf110843d01,6e3ec8f4a37ed6d147d2e1897e55cee5faf18d511bab60c168135d41182e2854,2f5577a7b1c8cb07f9f79d4f7955e17155a40330bc3e96f3dcb2f7c2cc262add,6e3ec8f4a37ed6d147d2e1897e55cee5faf18d511bab60c168135d41182e2854,bda6e85dd0a7ffc7410e18f348a7bd3031054e099545789ddc9dc40c5b9c87d2,2f5577a7b1c8cb07f9f79d4f7955e17155a40330bc3e96f3dcb2f7c2cc262add,aa1f635c0f62ddbb85603f95360cd6aff4e6d73d3bedfc9a15c7e111127799cb,D:\PhD-Project\GP_RKHS_MINT\GP_RKHS_MINT\Tully_models\GP_MInt_QCLE_Reviewer_Ready_Pipeline_v4\output\fixed_pipeline\reviewer_closure_20260726_174927\step9_repl_P020\seed29\pbme.npz,snap_000000,snap_012000,0.0,0.0,0.0,0.0,0.0,0.0
20.0,PBME,29,0.001,2.9496565160831203e-06,999,1,0.999,0.001,0.0009999999999999996,0.001,3.2786242516994025e-06,1.0,1.0,1.0,1.0,1.0,1.0,1.0,1.0,1.0,1.0,1.0,1.0,999.0000000000003,999.0000000000003,0.9620030845230343,0.03799691547813196,0.9610410814385115,0.037958918562653834,0.9990000000000003,0.09988277044348641,0.9990000000000003,False,2a4924c38ee143acebd2ddc91bab35f394a36ee0d460da70aab6ff2f484d5f35,6e3ec8f4a37ed6d147d2e1897e55cee5faf18d511bab60c168135d41182e2854,2f5577a7b1c8cb07f9f79d4f7955e17155a40330bc3e96f3dcb2f7c2cc262add,6e3ec8f4a37ed6d147d2e1897e55cee5faf18d511bab60c168135d41182e2854,bda6e85dd0a7ffc7410e18f348a7bd3031054e099545789ddc9dc40c5b9c87d2,2f5577a7b1c8cb07f9f79d4f7955e17155a40330bc3e96f3dcb2f7c2cc262add,aa1f635c0f62ddbb85603f95360cd6aff4e6d73d3bedfc9a15c7e111127799cb,D:\PhD-Project\GP_RKHS_MINT\GP_RKHS_MINT\Tully_models\GP_MInt_QCLE_Reviewer_Ready_Pipeline_v4\output\fixed_pipeline\reviewer_closure_20260726_174927\step9_repl_P020\seed29\pbme.npz,snap_000000,snap_012000,-0.0003320728628777303,0.00033207286287763316,-0.0012940759474009411,0.00029407594739949694,-0.001000000000000112,-0.00011816316577076269
20.0,PBME,29,0.01,2.9496565160831203e-05,990,10,0.99,0.01,0.009999999999999997,0.010000000000000002,3.3435365381210755e-05,1.0,1.0,1.0,1.0,1.0,1.0,1.0,1.0,1.0,1.0,1.0,1.0,990.0000000000007,990.0000000000007,0.9626853135197444,0.0373146864814239,0.9530584603845473,0.036941539616609675,0.9900000000000004,0.09899846052583951,0.9900000000000004,False,5eb40eab55c4922caf57e435eb58c086a292c7ac29b26d4146bc20a370a3250a,6e3ec8f4a37ed6d147d2e1897e55cee5faf18d511bab60c168135d41182e2854,2f5577a7b1c8cb07f9f79d4f7955e17155a40330bc3e96f3dcb2f7c2cc262add,6e3ec8f4a37ed6d147d2e1897e55cee5faf18d511bab60c168135d41182e2854,bda6e85dd0a7ffc7410e18f348a7bd3031054e099545789ddc9dc40c5b9c87d2,2f5577a7b1c8cb07f9f79d4f7955e17155a40330bc3e96f3dcb2f7c2cc262add,aa1f635c0f62ddbb85603f95360cd6aff4e6d73d3bedfc9a15c7e111127799cb,D:\PhD-Project\GP_RKHS_MINT\GP_RKHS_MINT\Tully_models\GP_MInt_QCLE_Reviewer_Ready_Pipeline_v4\output\fixed_pipeline\reviewer_closure_20260726_174927\step9_repl_P020\seed29\pbme.npz,snap_000000,snap_012000,0.00035015613383238,-0.0003501561338304232,-0.00927669700136513,-0.0007233029986446621,-0.010000000000000009,-0.0010024730834176654
20.0,MIDPOINT,29,0.0,0.0,1000,0,1.0,0.0,0.0,0.0,2.601808243769312e-06,175.66516284730622,0.004014094842032467,0.0252786443486579,0.10306977976158305,0.22478480789340677,0.5126009621352214,0.9511391550962925,1.7339391312851238,4.063309183911263,6.7926009096561115,21.649334444217327,43.411389215815255,3.96911676198203,92.63166410151143,0.8546812248885468,0.14531877511351252,0.3755466374064813,0.06385301999938621,0.4393996574049627,0.037679551037630925,0.4393996574049627,False,164d6ed5550a232197e7eed93f08fe61ada6825c15609e700526aaf110843d01,6e3ec8f4a37ed6d147d2e1897e55cee5faf18d511bab60c168135d41182e2854,118f3d9fc7fe80b279cc04d5ec360c3ea183a79b86b14a519ff5cacc574cd337,6e3ec8f4a37ed6d147d2e1897e55cee5faf18d511bab60c168135d41182e2854,bda6e85dd0a7ffc7410e18f348a7bd3031054e099545789ddc9dc40c5b9c87d2,b095c380930df16dd42fa9bea503fb4b1be89c693a7741fd3f7b3d4c9657803b,09ce8746ef9e75cf96e5302a07777b4d366dfdd82b17fa8983e70d50a45d3776,D:\PhD-Project\GP_RKHS_MINT\GP_RKHS_MINT\Tully_models\GP_MInt_QCLE_Reviewer_Ready_Pipeline_v4\output\fixed_pipeline\reviewer_closure_20260726_174927\step9_repl_P020\seed29\midpoint.npz,snap_000000,snap_012000,0.0,0.0,0.0,0.0,0.0,0.0
20.0,MIDPOINT,29,1e-14,2.9496565160831206e-17,1000,0,1.0,0.0,0.0,0.0,2.601808243769312e-06,175.66516284730622,0.004014094842032467,0.0252786443486579,0.10306977976158305,0.22478480789340677,0.5126009621352214,0.9511391550962925,1.7339391312851238,4.063309183911263,6.7926009096561115,21.649334444217327,43.411389215815255,3.96911676198203,92.63166410151143,0.8546812248885468,0.14531877511351252,0.3755466374064813,0.06385301999938621,0.4393996574049627,0.037679551037630925,0.4393996574049627,False,164d6ed5550a232197e7eed93f08fe61ada6825c15609e700526aaf110843d01,6e3ec8f4a37ed6d147d2e1897e55cee5faf18d511bab60c168135d41182e2854,118f3d9fc7fe80b279cc04d5ec360c3ea183a79b86b14a519ff5cacc574cd337,6e3ec8f4a37ed6d147d2e1897e55cee5faf18d511bab60c168135d41182e2854,bda6e85dd0a7ffc7410e18f348a7bd3031054e099545789ddc9dc40c5b9c87d2,b095c380930df16dd42fa9bea503fb4b1be89c693a7741fd3f7b3d4c9657803b,09ce8746ef9e75cf96e5302a07777b4d366dfdd82b17fa8983e70d50a45d3776,D:\PhD-Project\GP_RKHS_MINT\GP_RKHS_MINT\Tully_models\GP_MInt_QCLE_Reviewer_Ready_Pipeline_v4\output\fixed_pipeline\reviewer_closure_20260726_174927\step9_repl_P020\seed29\midpoint.npz,snap_000000,snap_012000,0.0,0.0,0.0,0.0,0.0,0.0
20.0,MIDPOINT,29,1e-12,2.9496565160831203e-15,1000,0,1.0,0.0,0.0,0.0,2.601808243769312e-06,175.66516284730622,0.004014094842032467,0.0252786443486579,0.10306977976158305,0.22478480789340677,0.5126009621352214,0.9511391550962925,1.7339391312851238,4.063309183911263,6.7926009096561115,21.649334444217327,43.411389215815255,3.96911676198203,92.63166410151143,0.8546812248885468,0.14531877511351252,0.3755466374064813,0.06385301999938621,0.4393996574049627,0.037679551037630925,0.4393996574049627,False,164d6ed5550a232197e7eed93f08fe61ada6825c15609e700526aaf110843d01,6e3ec8f4a37ed6d147d2e1897e55cee5faf18d511bab60c168135d41182e2854,118f3d9fc7fe80b279cc04d5ec360c3ea183a79b86b14a519ff5cacc574cd337,6e3ec8f4a37ed6d147d2e1897e55cee5faf18d511bab60c168135d41182e2854,bda6e85dd0a7ffc7410e18f348a7bd3031054e099545789ddc9dc40c5b9c87d2,b095c380930df16dd42fa9bea503fb4b1be89c693a7741fd3f7b3d4c9657803b,09ce8746ef9e75cf96e5302a07777b4d366dfdd82b17fa8983e70d50a45d3776,D:\PhD-Project\GP_RKHS_MINT\GP_RKHS_MINT\Tully_models\GP_MInt_QCLE_Reviewer_Ready_Pipeline_v4\output\fixed_pipeline\reviewer_closure_20260726_174927\step9_repl_P020\seed29\midpoint.npz,snap_000000,snap_012000,0.0,0.0,0.0,0.0,0.0,0.0
20.0,MIDPOINT,29,1e-10,2.9496565160831206e-13,1000,0,1.0,0.0,0.0,0.0,2.601808243769312e-06,175.66516284730622,0.004014094842032467,0.0252786443486579,0.10306977976158305,0.22478480789340677,0.5126009621352214,0.9511391550962925,1.7339391312851238,4.063309183911263,6.7926009096561115,21.649334444217327,43.411389215815255,3.96911676198203,92.63166410151143,0.8546812248885468,0.14531877511351252,0.3755466374064813,0.06385301999938621,0.4393996574049627,0.037679551037630925,0.4393996574049627,False,164d6ed5550a232197e7eed93f08fe61ada6825c15609e700526aaf110843d01,6e3ec8f4a37ed6d147d2e1897e55cee5faf18d511bab60c168135d41182e2854,118f3d9fc7fe80b279cc04d5ec360c3ea183a79b86b14a519ff5cacc574cd337,6e3ec8f4a37ed6d147d2e1897e55cee5faf18d511bab60c168135d41182e2854,bda6e85dd0a7ffc7410e18f348a7bd3031054e099545789ddc9dc40c5b9c87d2,b095c380930df16dd42fa9bea503fb4b1be89c693a7741fd3f7b3d4c9657803b,09ce8746ef9e75cf96e5302a07777b4d366dfdd82b17fa8983e70d50a45d3776,D:\PhD-Project\GP_RKHS_MINT\GP_RKHS_MINT\Tully_models\GP_MInt_QCLE_Reviewer_Ready_Pipeline_v4\output\fixed_pipeline\reviewer_closure_20260726_174927\step9_repl_P020\seed29\midpoint.npz,snap_000000,snap_012000,0.0,0.0,0.0,0.0,0.0,0.0
20.0,MIDPOINT,29,1e-08,2.9496565160831204e-11,1000,0,1.0,0.0,0.0,0.0,2.601808243769312e-06,175.66516284730622,0.004014094842032467,0.0252786443486579,0.10306977976158305,0.22478480789340677,0.5126009621352214,0.9511391550962925,1.7339391312851238,4.063309183911263,6.7926009096561115,21.649334444217327,43.411389215815255,3.96911676198203,92.63166410151143,0.8546812248885468,0.14531877511351252,0.3755466374064813,0.06385301999938621,0.4393996574049627,0.037679551037630925,0.4393996574049627,False,164d6ed5550a232197e7eed93f08fe61ada6825c15609e700526aaf110843d01,6e3ec8f4a37ed6d147d2e1897e55cee5faf18d511bab60c168135d41182e2854,118f3d9fc7fe80b279cc04d5ec360c3ea183a79b86b14a519ff5cacc574cd337,6e3ec8f4a37ed6d147d2e1897e55cee5faf18d511bab60c168135d41182e2854,bda6e85dd0a7ffc7410e18f348a7bd3031054e099545789ddc9dc40c5b9c87d2,b095c380930df16dd42fa9bea503fb4b1be89c693a7741fd3f7b3d4c9657803b,09ce8746ef9e75cf96e5302a07777b4d366dfdd82b17fa8983e70d50a45d3776,D:\PhD-Project\GP_RKHS_MINT\GP_RKHS_MINT\Tully_models\GP_MInt_QCLE_Reviewer_Ready_Pipeline_v4\output\fixed_pipeline\reviewer_closure_20260726_174927\step9_repl_P020\seed29\midpoint.npz,snap_000000,snap_012000,0.0,0.0,0.0,0.0,0.0,0.0
20.0,MIDPOINT,29,1e-06,2.9496565160831204e-09,1000,0,1.0,0.0,0.0,0.0,2.601808243769312e-06,175.66516284730622,0.004014094842032467,0.0252786443486579,0.10306977976158305,0.22478480789340677,0.5126009621352214,0.9511391550962925,1.7339391312851238,4.063309183911263,6.7926009096561115,21.649334444217327,43.411389215815255,3.96911676198203,92.63166410151143,0.8546812248885468,0.14531877511351252,0.3755466374064813,0.06385301999938621,0.4393996574049627,0.037679551037630925,0.4393996574049627,False,164d6ed5550a232197e7eed93f08fe61ada6825c15609e700526aaf110843d01,6e3ec8f4a37ed6d147d2e1897e55cee5faf18d511bab60c168135d41182e2854,118f3d9fc7fe80b279cc04d5ec360c3ea183a79b86b14a519ff5cacc574cd337,6e3ec8f4a37ed6d147d2e1897e55cee5faf18d511bab60c168135d41182e2854,bda6e85dd0a7ffc7410e18f348a7bd3031054e099545789ddc9dc40c5b9c87d2,b095c380930df16dd42fa9bea503fb4b1be89c693a7741fd3f7b3d4c9657803b,09ce8746ef9e75cf96e5302a07777b4d366dfdd82b17fa8983e70d50a45d3776,D:\PhD-Project\GP_RKHS_MINT\GP_RKHS_MINT\Tully_models\GP_MInt_QCLE_Reviewer_Ready_Pipeline_v4\output\fixed_pipeline\reviewer_closure_20260726_174927\step9_repl_P020\seed29\midpoint.npz,snap_000000,snap_012000,0.0,0.0,0.0,0.0,0.0,0.0
20.0,MIDPOINT,29,1e-05,2.9496565160831208e-08,1000,0,1.0,0.0,0.0,0.0,2.601808243769312e-06,175.66516284730622,0.004014094842032467,0.0252786443486579,0.10306977976158305,0.22478480789340677,0.5126009621352214,0.9511391550962925,1.7339391312851238,4.063309183911263,6.7926009096561115,21.649334444217327,43.411389215815255,3.96911676198203,92.63166410151143,0.8546812248885468,0.14531877511351252,0.3755466374064813,0.06385301999938621,0.4393996574049627,0.037679551037630925,0.4393996574049627,False,164d6ed5550a232197e7eed93f08fe61ada6825c15609e700526aaf110843d01,6e3ec8f4a37ed6d147d2e1897e55cee5faf18d511bab60c168135d41182e2854,118f3d9fc7fe80b279cc04d5ec360c3ea183a79b86b14a519ff5cacc574cd337,6e3ec8f4a37ed6d147d2e1897e55cee5faf18d511bab60c168135d41182e2854,bda6e85dd0a7ffc7410e18f348a7bd3031054e099545789ddc9dc40c5b9c87d2,b095c380930df16dd42fa9bea503fb4b1be89c693a7741fd3f7b3d4c9657803b,09ce8746ef9e75cf96e5302a07777b4d366dfdd82b17fa8983e70d50a45d3776,D:\PhD-Project\GP_RKHS_MINT\GP_RKHS_MINT\Tully_models\GP_MInt_QCLE_Reviewer_Ready_Pipeline_v4\output\fixed_pipeline\reviewer_closure_20260726_174927\step9_repl_P020\seed29\midpoint.npz,snap_000000,snap_012000,0.0,0.0,0.0,0.0,0.0,0.0
20.0,MIDPOINT,29,0.0001,2.9496565160831206e-07,1000,0,1.0,0.0,0.0,0.0,2.601808243769312e-06,175.66516284730622,0.004014094842032467,0.0252786443486579,0.10306977976158305,0.22478480789340677,0.5126009621352214,0.9511391550962925,1.7339391312851238,4.063309183911263,6.7926009096561115,21.649334444217327,43.411389215815255,3.96911676198203,92.63166410151143,0.8546812248885468,0.14531877511351252,0.3755466374064813,0.06385301999938621,0.4393996574049627,0.037679551037630925,0.4393996574049627,False,164d6ed5550a232197e7eed93f08fe61ada6825c15609e700526aaf110843d01,6e3ec8f4a37ed6d147d2e1897e55cee5faf18d511bab60c168135d41182e2854,118f3d9fc7fe80b279cc04d5ec360c3ea183a79b86b14a519ff5cacc574cd337,6e3ec8f4a37ed6d147d2e1897e55cee5faf18d511bab60c168135d41182e2854,bda6e85dd0a7ffc7410e18f348a7bd3031054e099545789ddc9dc40c5b9c87d2,b095c380930df16dd42fa9bea503fb4b1be89c693a7741fd3f7b3d4c9657803b,09ce8746ef9e75cf96e5302a07777b4d366dfdd82b17fa8983e70d50a45d3776,D:\PhD-Project\GP_RKHS_MINT\GP_RKHS_MINT\Tully_models\GP_MInt_QCLE_Reviewer_Ready_Pipeline_v4\output\fixed_pipeline\reviewer_closure_20260726_174927\step9_repl_P020\seed29\midpoint.npz,snap_000000,snap_012000,0.0,0.0,0.0,0.0,0.0,0.0
20.0,MIDPOINT,29,0.001,2.9496565160831203e-06,999,1,0.999,0.001,0.0009999999999999996,0.001,3.2786242516994025e-06,43.27900305602711,0.004013689676419734,0.025276157648248157,0.10302699621164393,0.22476831441837533,0.5125578084265272,0.9507159117549051,1.7288593818414155,4.046644595153808,6.740367653426452,18.642930741209916,38.182072139721555,21.270601477187054,213.1542131639464,0.98017422028003,0.019825779722258154,0.6028706806124446,0.012194139641231791,0.615064820252269,0.05843670279530476,0.615064820252269,False,2a4924c38ee143acebd2ddc91bab35f394a36ee0d460da70aab6ff2f484d5f35,6e3ec8f4a37ed6d147d2e1897e55cee5faf18d511bab60c168135d41182e2854,118f3d9fc7fe80b279cc04d5ec360c3ea183a79b86b14a519ff5cacc574cd337,6e3ec8f4a37ed6d147d2e1897e55cee5faf18d511bab60c168135d41182e2854,bda6e85dd0a7ffc7410e18f348a7bd3031054e099545789ddc9dc40c5b9c87d2,b095c380930df16dd42fa9bea503fb4b1be89c693a7741fd3f7b3d4c9657803b,09ce8746ef9e75cf96e5302a07777b4d366dfdd82b17fa8983e70d50a45d3776,D:\PhD-Project\GP_RKHS_MINT\GP_RKHS_MINT\Tully_models\GP_MInt_QCLE_Reviewer_Ready_Pipeline_v4\output\fixed_pipeline\reviewer_closure_20260726_174927\step9_repl_P020\seed29\midpoint.npz,snap_000000,snap_012000,0.12549299539148318,-0.12549299539125436,0.22732404320596333,-0.05165888035815442,0.17566516284730638,0.020757151757673835
20.0,MIDPOINT,29,0.01,2.9496565160831203e-05,990,10,0.99,0.01,0.009999999999999997,0.010000000000000002,3.3435365381210755e-05,43.27900305602711,0.004010043185905137,0.025253777344560465,0.10332002041708625,0.22478480789340677,0.5127730179243903,0.9499303626686773,1.7179341549169542,3.93803133867405,6.323170896588384,18.04010489857478,38.2280364465821,23.79487494565001,211.83288601325086,0.9582567802607012,0.041743219741573884,0.6022998153235597,0.026237156949226768,0.6285369722713565,0.059638797475887025,0.6285369722713565,False,5eb40eab55c4922caf57e435eb58c086a292c7ac29b26d4146bc20a370a3250a,6e3ec8f4a37ed6d147d2e1897e55cee5faf18d511bab60c168135d41182e2854,118f3d9fc7fe80b279cc04d5ec360c3ea183a79b86b14a519ff5cacc574cd337,6e3ec8f4a37ed6d147d2e1897e55cee5faf18d511bab60c168135d41182e2854,bda6e85dd0a7ffc7410e18f348a7bd3031054e099545789ddc9dc40c5b9c87d2,b095c380930df16dd42fa9bea503fb4b1be89c693a7741fd3f7b3d4c9657803b,09ce8746ef9e75cf96e5302a07777b4d366dfdd82b17fa8983e70d50a45d3776,D:\PhD-Project\GP_RKHS_MINT\GP_RKHS_MINT\Tully_models\GP_MInt_QCLE_Reviewer_Ready_Pipeline_v4\output\fixed_pipeline\reviewer_closure_20260726_174927\step9_repl_P020\seed29\midpoint.npz,snap_000000,snap_012000,0.10357555537215435,-0.10357555537193863,0.22675317791707839,-0.037615863050159445,0.18913731486639385,0.0219592464382561
20.0,PBME,47,0.0,0.0,1000,0,1.0,0.0,0.0,0.0,1.1088159855829534e-06,1.0,1.0,1.0,1.0,1.0,1.0,1.0,1.0,1.0,1.0,1.0,1.0,1000.0000000000007,1000.0000000000007,0.9749675534932823,0.02503244650788789,0.9749675534932828,0.025032446507887902,1.0000000000000004,0.1001799820479093,1.0000000000000004,False,164d6ed5550a232197e7eed93f08fe61ada6825c15609e700526aaf110843d01,4ed0171e44b08cd335e11b82cfbbfc4440f6e70bd915ba29b40711b7b9b8bd0a,2f5577a7b1c8cb07f9f79d4f7955e17155a40330bc3e96f3dcb2f7c2cc262add,4ed0171e44b08cd335e11b82cfbbfc4440f6e70bd915ba29b40711b7b9b8bd0a,c13f3ff42525cf1d217189e7065210c088ea8df6d4f6e77d18caab5bdb28f038,2f5577a7b1c8cb07f9f79d4f7955e17155a40330bc3e96f3dcb2f7c2cc262add,5aa864ec63ccca26949865dd01a3007624b6b585d43f2e4708d598d9e4397d0a,D:\PhD-Project\GP_RKHS_MINT\GP_RKHS_MINT\Tully_models\GP_MInt_QCLE_Reviewer_Ready_Pipeline_v4\output\fixed_pipeline\reviewer_closure_20260726_174927\step9_repl_P020\seed47\pbme.npz,snap_000000,snap_012000,0.0,0.0,0.0,0.0,0.0,0.0
20.0,PBME,47,1e-14,2.949570387792258e-17,1000,0,1.0,0.0,0.0,0.0,1.1088159855829534e-06,1.0,1.0,1.0,1.0,1.0,1.0,1.0,1.0,1.0,1.0,1.0,1.0,1000.0000000000007,1000.0000000000007,0.9749675534932823,0.02503244650788789,0.9749675534932828,0.025032446507887902,1.0000000000000004,0.1001799820479093,1.0000000000000004,False,164d6ed5550a232197e7eed93f08fe61ada6825c15609e700526aaf110843d01,4ed0171e44b08cd335e11b82cfbbfc4440f6e70bd915ba29b40711b7b9b8bd0a,2f5577a7b1c8cb07f9f79d4f7955e17155a40330bc3e96f3dcb2f7c2cc262add,4ed0171e44b08cd335e11b82cfbbfc4440f6e70bd915ba29b40711b7b9b8bd0a,c13f3ff42525cf1d217189e7065210c088ea8df6d4f6e77d18caab5bdb28f038,2f5577a7b1c8cb07f9f79d4f7955e17155a40330bc3e96f3dcb2f7c2cc262add,5aa864ec63ccca26949865dd01a3007624b6b585d43f2e4708d598d9e4397d0a,D:\PhD-Project\GP_RKHS_MINT\GP_RKHS_MINT\Tully_models\GP_MInt_QCLE_Reviewer_Ready_Pipeline_v4\output\fixed_pipeline\reviewer_closure_20260726_174927\step9_repl_P020\seed47\pbme.npz,snap_000000,snap_012000,0.0,0.0,0.0,0.0,0.0,0.0
20.0,PBME,47,1e-12,2.9495703877922582e-15,1000,0,1.0,0.0,0.0,0.0,1.1088159855829534e-06,1.0,1.0,1.0,1.0,1.0,1.0,1.0,1.0,1.0,1.0,1.0,1.0,1000.0000000000007,1000.0000000000007,0.9749675534932823,0.02503244650788789,0.9749675534932828,0.025032446507887902,1.0000000000000004,0.1001799820479093,1.0000000000000004,False,164d6ed5550a232197e7eed93f08fe61ada6825c15609e700526aaf110843d01,4ed0171e44b08cd335e11b82cfbbfc4440f6e70bd915ba29b40711b7b9b8bd0a,2f5577a7b1c8cb07f9f79d4f7955e17155a40330bc3e96f3dcb2f7c2cc262add,4ed0171e44b08cd335e11b82cfbbfc4440f6e70bd915ba29b40711b7b9b8bd0a,c13f3ff42525cf1d217189e7065210c088ea8df6d4f6e77d18caab5bdb28f038,2f5577a7b1c8cb07f9f79d4f7955e17155a40330bc3e96f3dcb2f7c2cc262add,5aa864ec63ccca26949865dd01a3007624b6b585d43f2e4708d598d9e4397d0a,D:\PhD-Project\GP_RKHS_MINT\GP_RKHS_MINT\Tully_models\GP_MInt_QCLE_Reviewer_Ready_Pipeline_v4\output\fixed_pipeline\reviewer_closure_20260726_174927\step9_repl_P020\seed47\pbme.npz,snap_000000,snap_012000,0.0,0.0,0.0,0.0,0.0,0.0
20.0,PBME,47,1e-10,2.949570387792258e-13,1000,0,1.0,0.0,0.0,0.0,1.1088159855829534e-06,1.0,1.0,1.0,1.0,1.0,1.0,1.0,1.0,1.0,1.0,1.0,1.0,1000.0000000000007,1000.0000000000007,0.9749675534932823,0.02503244650788789,0.9749675534932828,0.025032446507887902,1.0000000000000004,0.1001799820479093,1.0000000000000004,False,164d6ed5550a232197e7eed93f08fe61ada6825c15609e700526aaf110843d01,4ed0171e44b08cd335e11b82cfbbfc4440f6e70bd915ba29b40711b7b9b8bd0a,2f5577a7b1c8cb07f9f79d4f7955e17155a40330bc3e96f3dcb2f7c2cc262add,4ed0171e44b08cd335e11b82cfbbfc4440f6e70bd915ba29b40711b7b9b8bd0a,c13f3ff42525cf1d217189e7065210c088ea8df6d4f6e77d18caab5bdb28f038,2f5577a7b1c8cb07f9f79d4f7955e17155a40330bc3e96f3dcb2f7c2cc262add,5aa864ec63ccca26949865dd01a3007624b6b585d43f2e4708d598d9e4397d0a,D:\PhD-Project\GP_RKHS_MINT\GP_RKHS_MINT\Tully_models\GP_MInt_QCLE_Reviewer_Ready_Pipeline_v4\output\fixed_pipeline\reviewer_closure_20260726_174927\step9_repl_P020\seed47\pbme.npz,snap_000000,snap_012000,0.0,0.0,0.0,0.0,0.0,0.0
20.0,PBME,47,1e-08,2.949570387792258e-11,1000,0,1.0,0.0,0.0,0.0,1.1088159855829534e-06,1.0,1.0,1.0,1.0,1.0,1.0,1.0,1.0,1.0,1.0,1.0,1.0,1000.0000000000007,1000.0000000000007,0.9749675534932823,0.02503244650788789,0.9749675534932828,0.025032446507887902,1.0000000000000004,0.1001799820479093,1.0000000000000004,False,164d6ed5550a232197e7eed93f08fe61ada6825c15609e700526aaf110843d01,4ed0171e44b08cd335e11b82cfbbfc4440f6e70bd915ba29b40711b7b9b8bd0a,2f5577a7b1c8cb07f9f79d4f7955e17155a40330bc3e96f3dcb2f7c2cc262add,4ed0171e44b08cd335e11b82cfbbfc4440f6e70bd915ba29b40711b7b9b8bd0a,c13f3ff42525cf1d217189e7065210c088ea8df6d4f6e77d18caab5bdb28f038,2f5577a7b1c8cb07f9f79d4f7955e17155a40330bc3e96f3dcb2f7c2cc262add,5aa864ec63ccca26949865dd01a3007624b6b585d43f2e4708d598d9e4397d0a,D:\PhD-Project\GP_RKHS_MINT\GP_RKHS_MINT\Tully_models\GP_MInt_QCLE_Reviewer_Ready_Pipeline_v4\output\fixed_pipeline\reviewer_closure_20260726_174927\step9_repl_P020\seed47\pbme.npz,snap_000000,snap_012000,0.0,0.0,0.0,0.0,0.0,0.0
20.0,PBME,47,1e-06,2.9495703877922583e-09,1000,0,1.0,0.0,0.0,0.0,1.1088159855829534e-06,1.0,1.0,1.0,1.0,1.0,1.0,1.0,1.0,1.0,1.0,1.0,1.0,1000.0000000000007,1000.0000000000007,0.9749675534932823,0.02503244650788789,0.9749675534932828,0.025032446507887902,1.0000000000000004,0.1001799820479093,1.0000000000000004,False,164d6ed5550a232197e7eed93f08fe61ada6825c15609e700526aaf110843d01,4ed0171e44b08cd335e11b82cfbbfc4440f6e70bd915ba29b40711b7b9b8bd0a,2f5577a7b1c8cb07f9f79d4f7955e17155a40330bc3e96f3dcb2f7c2cc262add,4ed0171e44b08cd335e11b82cfbbfc4440f6e70bd915ba29b40711b7b9b8bd0a,c13f3ff42525cf1d217189e7065210c088ea8df6d4f6e77d18caab5bdb28f038,2f5577a7b1c8cb07f9f79d4f7955e17155a40330bc3e96f3dcb2f7c2cc262add,5aa864ec63ccca26949865dd01a3007624b6b585d43f2e4708d598d9e4397d0a,D:\PhD-Project\GP_RKHS_MINT\GP_RKHS_MINT\Tully_models\GP_MInt_QCLE_Reviewer_Ready_Pipeline_v4\output\fixed_pipeline\reviewer_closure_20260726_174927\step9_repl_P020\seed47\pbme.npz,snap_000000,snap_012000,0.0,0.0,0.0,0.0,0.0,0.0
20.0,PBME,47,1e-05,2.9495703877922584e-08,1000,0,1.0,0.0,0.0,0.0,1.1088159855829534e-06,1.0,1.0,1.0,1.0,1.0,1.0,1.0,1.0,1.0,1.0,1.0,1.0,1000.0000000000007,1000.0000000000007,0.9749675534932823,0.02503244650788789,0.9749675534932828,0.025032446507887902,1.0000000000000004,0.1001799820479093,1.0000000000000004,False,164d6ed5550a232197e7eed93f08fe61ada6825c15609e700526aaf110843d01,4ed0171e44b08cd335e11b82cfbbfc4440f6e70bd915ba29b40711b7b9b8bd0a,2f5577a7b1c8cb07f9f79d4f7955e17155a40330bc3e96f3dcb2f7c2cc262add,4ed0171e44b08cd335e11b82cfbbfc4440f6e70bd915ba29b40711b7b9b8bd0a,c13f3ff42525cf1d217189e7065210c088ea8df6d4f6e77d18caab5bdb28f038,2f5577a7b1c8cb07f9f79d4f7955e17155a40330bc3e96f3dcb2f7c2cc262add,5aa864ec63ccca26949865dd01a3007624b6b585d43f2e4708d598d9e4397d0a,D:\PhD-Project\GP_RKHS_MINT\GP_RKHS_MINT\Tully_models\GP_MInt_QCLE_Reviewer_Ready_Pipeline_v4\output\fixed_pipeline\reviewer_closure_20260726_174927\step9_repl_P020\seed47\pbme.npz,snap_000000,snap_012000,0.0,0.0,0.0,0.0,0.0,0.0
20.0,PBME,47,0.0001,2.9495703877922583e-07,1000,0,1.0,0.0,0.0,0.0,1.1088159855829534e-06,1.0,1.0,1.0,1.0,1.0,1.0,1.0,1.0,1.0,1.0,1.0,1.0,1000.0000000000007,1000.0000000000007,0.9749675534932823,0.02503244650788789,0.9749675534932828,0.025032446507887902,1.0000000000000004,0.1001799820479093,1.0000000000000004,False,164d6ed5550a232197e7eed93f08fe61ada6825c15609e700526aaf110843d01,4ed0171e44b08cd335e11b82cfbbfc4440f6e70bd915ba29b40711b7b9b8bd0a,2f5577a7b1c8cb07f9f79d4f7955e17155a40330bc3e96f3dcb2f7c2cc262add,4ed0171e44b08cd335e11b82cfbbfc4440f6e70bd915ba29b40711b7b9b8bd0a,c13f3ff42525cf1d217189e7065210c088ea8df6d4f6e77d18caab5bdb28f038,2f5577a7b1c8cb07f9f79d4f7955e17155a40330bc3e96f3dcb2f7c2cc262add,5aa864ec63ccca26949865dd01a3007624b6b585d43f2e4708d598d9e4397d0a,D:\PhD-Project\GP_RKHS_MINT\GP_RKHS_MINT\Tully_models\GP_MInt_QCLE_Reviewer_Ready_Pipeline_v4\output\fixed_pipeline\reviewer_closure_20260726_174927\step9_repl_P020\seed47\pbme.npz,snap_000000,snap_012000,0.0,0.0,0.0,0.0,0.0,0.0
20.0,PBME,47,0.001,2.9495703877922582e-06,999,1,0.999,0.001,0.0009999999999999996,0.001,4.889123192947465e-06,1.0,1.0,1.0,1.0,1.0,1.0,1.0,1.0,1.0,1.0,1.0,1.0,999.0000000000003,999.0000000000003,0.9744916671338234,0.025508332867347484,0.9735171754666899,0.025482824534480145,0.9990000000000003,0.10006109355342162,0.9990000000000003,False,62b0e46efbe47e72ab48c0f54011675afc78edba453642bf5968bdf324060eb9,4ed0171e44b08cd335e11b82cfbbfc4440f6e70bd915ba29b40711b7b9b8bd0a,2f5577a7b1c8cb07f9f79d4f7955e17155a40330bc3e96f3dcb2f7c2cc262add,4ed0171e44b08cd335e11b82cfbbfc4440f6e70bd915ba29b40711b7b9b8bd0a,c13f3ff42525cf1d217189e7065210c088ea8df6d4f6e77d18caab5bdb28f038,2f5577a7b1c8cb07f9f79d4f7955e17155a40330bc3e96f3dcb2f7c2cc262add,5aa864ec63ccca26949865dd01a3007624b6b585d43f2e4708d598d9e4397d0a,D:\PhD-Project\GP_RKHS_MINT\GP_RKHS_MINT\Tully_models\GP_MInt_QCLE_Reviewer_Ready_Pipeline_v4\output\fixed_pipeline\reviewer_closure_20260726_174927\step9_repl_P020\seed47\pbme.npz,snap_000000,snap_012000,-0.00047588635945894353,0.0004758863594595923,-0.001450378026592869,0.0004503780265922436,-0.001000000000000112,-0.00011888849448768446
20.0,PBME,47,0.01,2.9495703877922583e-05,989,11,0.989,0.011,0.010999999999999996,0.011000000000000001,2.978193858927802e-05,1.0,1.0,1.0,1.0,1.0,1.0,1.0,1.0,1.0,1.0,1.0,1.0,989.0000000000003,989.0000000000003,0.9736909077355955,0.026309092265576955,0.9629803077505042,0.02601969225065562,0.9890000000000003,0.09901860838460254,0.9890000000000003,False,44f615c9ec425ebf53f2452a2627b4ff382723815ce20593f7073f6dc5945e05,4ed0171e44b08cd335e11b82cfbbfc4440f6e70bd915ba29b40711b7b9b8bd0a,2f5577a7b1c8cb07f9f79d4f7955e17155a40330bc3e96f3dcb2f7c2cc262add,4ed0171e44b08cd335e11b82cfbbfc4440f6e70bd915ba29b40711b7b9b8bd0a,c13f3ff42525cf1d217189e7065210c088ea8df6d4f6e77d18caab5bdb28f038,2f5577a7b1c8cb07f9f79d4f7955e17155a40330bc3e96f3dcb2f7c2cc262add,5aa864ec63ccca26949865dd01a3007624b6b585d43f2e4708d598d9e4397d0a,D:\PhD-Project\GP_RKHS_MINT\GP_RKHS_MINT\Tully_models\GP_MInt_QCLE_Reviewer_Ready_Pipeline_v4\output\fixed_pipeline\reviewer_closure_20260726_174927\step9_repl_P020\seed47\pbme.npz,snap_000000,snap_012000,-0.0012766457576868229,0.0012766457576890641,-0.01198724574277854,0.0009872457427677166,-0.01100000000000012,-0.001161373663306764
20.0,MIDPOINT,47,0.0,0.0,1000,0,1.0,0.0,0.0,0.0,1.1088159855829534e-06,999.2251125743152,0.0014264921144131301,0.028100463603795093,0.19016503372771693,0.341672839035719,0.8403085948446662,1.9580498611185697,4.571317164043714,10.914493394008279,22.737288082189828,103.56654085967376,695.72403351354,0.6686497691420664,32.345348190430386,0.9053042961198511,0.0946957038833055,1.062434598587485,0.11113168530672672,1.1735662838905072,0.1385046929756289,1.1735662838905072,False,164d6ed5550a232197e7eed93f08fe61ada6825c15609e700526aaf110843d01,4ed0171e44b08cd335e11b82cfbbfc4440f6e70bd915ba29b40711b7b9b8bd0a,0412c3b25ff8d45c37380232d49fc2e4f3d94121e64786d0b484dfea15f7a1ca,4ed0171e44b08cd335e11b82cfbbfc4440f6e70bd915ba29b40711b7b9b8bd0a,c13f3ff42525cf1d217189e7065210c088ea8df6d4f6e77d18caab5bdb28f038,a249e4683bc3912795c31546a83c6061b022b14119463c56793772e79fadea74,2ca0d582a542e04e33d0f50439d23ba6c277a8a64c2b7c17853d1b9aa4f1d587,D:\PhD-Project\GP_RKHS_MINT\GP_RKHS_MINT\Tully_models\GP_MInt_QCLE_Reviewer_Ready_Pipeline_v4\output\fixed_pipeline\reviewer_closure_20260726_174927\step9_repl_P020\seed47\midpoint.npz,snap_000000,snap_012000,0.0,0.0,0.0,0.0,0.0,0.0
20.0,MIDPOINT,47,1e-14,2.949570387792258e-17,1000,0,1.0,0.0,0.0,0.0,1.1088159855829534e-06,999.2251125743152,0.0014264921144131301,0.028100463603795093,0.19016503372771693,0.341672839035719,0.8403085948446662,1.9580498611185697,4.571317164043714,10.914493394008279,22.737288082189828,103.56654085967376,695.72403351354,0.6686497691420664,32.345348190430386,0.9053042961198511,0.0946957038833055,1.062434598587485,0.11113168530672672,1.1735662838905072,0.1385046929756289,1.1735662838905072,False,164d6ed5550a232197e7eed93f08fe61ada6825c15609e700526aaf110843d01,4ed0171e44b08cd335e11b82cfbbfc4440f6e70bd915ba29b40711b7b9b8bd0a,0412c3b25ff8d45c37380232d49fc2e4f3d94121e64786d0b484dfea15f7a1ca,4ed0171e44b08cd335e11b82cfbbfc4440f6e70bd915ba29b40711b7b9b8bd0a,c13f3ff42525cf1d217189e7065210c088ea8df6d4f6e77d18caab5bdb28f038,a249e4683bc3912795c31546a83c6061b022b14119463c56793772e79fadea74,2ca0d582a542e04e33d0f50439d23ba6c277a8a64c2b7c17853d1b9aa4f1d587,D:\PhD-Project\GP_RKHS_MINT\GP_RKHS_MINT\Tully_models\GP_MInt_QCLE_Reviewer_Ready_Pipeline_v4\output\fixed_pipeline\reviewer_closure_20260726_174927\step9_repl_P020\seed47\midpoint.npz,snap_000000,snap_012000,0.0,0.0,0.0,0.0,0.0,0.0
20.0,MIDPOINT,47,1e-12,2.9495703877922582e-15,1000,0,1.0,0.0,0.0,0.0,1.1088159855829534e-06,999.2251125743152,0.0014264921144131301,0.028100463603795093,0.19016503372771693,0.341672839035719,0.8403085948446662,1.9580498611185697,4.571317164043714,10.914493394008279,22.737288082189828,103.56654085967376,695.72403351354,0.6686497691420664,32.345348190430386,0.9053042961198511,0.0946957038833055,1.062434598587485,0.11113168530672672,1.1735662838905072,0.1385046929756289,1.1735662838905072,False,164d6ed5550a232197e7eed93f08fe61ada6825c15609e700526aaf110843d01,4ed0171e44b08cd335e11b82cfbbfc4440f6e70bd915ba29b40711b7b9b8bd0a,0412c3b25ff8d45c37380232d49fc2e4f3d94121e64786d0b484dfea15f7a1ca,4ed0171e44b08cd335e11b82cfbbfc4440f6e70bd915ba29b40711b7b9b8bd0a,c13f3ff42525cf1d217189e7065210c088ea8df6d4f6e77d18caab5bdb28f038,a249e4683bc3912795c31546a83c6061b022b14119463c56793772e79fadea74,2ca0d582a542e04e33d0f50439d23ba6c277a8a64c2b7c17853d1b9aa4f1d587,D:\PhD-Project\GP_RKHS_MINT\GP_RKHS_MINT\Tully_models\GP_MInt_QCLE_Reviewer_Ready_Pipeline_v4\output\fixed_pipeline\reviewer_closure_20260726_174927\step9_repl_P020\seed47\midpoint.npz,snap_000000,snap_012000,0.0,0.0,0.0,0.0,0.0,0.0
20.0,MIDPOINT,47,1e-10,2.949570387792258e-13,1000,0,1.0,0.0,0.0,0.0,1.1088159855829534e-06,999.2251125743152,0.0014264921144131301,0.028100463603795093,0.19016503372771693,0.341672839035719,0.8403085948446662,1.9580498611185697,4.571317164043714,10.914493394008279,22.737288082189828,103.56654085967376,695.72403351354,0.6686497691420664,32.345348190430386,0.9053042961198511,0.0946957038833055,1.062434598587485,0.11113168530672672,1.1735662838905072,0.1385046929756289,1.1735662838905072,False,164d6ed5550a232197e7eed93f08fe61ada6825c15609e700526aaf110843d01,4ed0171e44b08cd335e11b82cfbbfc4440f6e70bd915ba29b40711b7b9b8bd0a,0412c3b25ff8d45c37380232d49fc2e4f3d94121e64786d0b484dfea15f7a1ca,4ed0171e44b08cd335e11b82cfbbfc4440f6e70bd915ba29b40711b7b9b8bd0a,c13f3ff42525cf1d217189e7065210c088ea8df6d4f6e77d18caab5bdb28f038,a249e4683bc3912795c31546a83c6061b022b14119463c56793772e79fadea74,2ca0d582a542e04e33d0f50439d23ba6c277a8a64c2b7c17853d1b9aa4f1d587,D:\PhD-Project\GP_RKHS_MINT\GP_RKHS_MINT\Tully_models\GP_MInt_QCLE_Reviewer_Ready_Pipeline_v4\output\fixed_pipeline\reviewer_closure_20260726_174927\step9_repl_P020\seed47\midpoint.npz,snap_000000,snap_012000,0.0,0.0,0.0,0.0,0.0,0.0
20.0,MIDPOINT,47,1e-08,2.949570387792258e-11,1000,0,1.0,0.0,0.0,0.0,1.1088159855829534e-06,999.2251125743152,0.0014264921144131301,0.028100463603795093,0.19016503372771693,0.341672839035719,0.8403085948446662,1.9580498611185697,4.571317164043714,10.914493394008279,22.737288082189828,103.56654085967376,695.72403351354,0.6686497691420664,32.345348190430386,0.9053042961198511,0.0946957038833055,1.062434598587485,0.11113168530672672,1.1735662838905072,0.1385046929756289,1.1735662838905072,False,164d6ed5550a232197e7eed93f08fe61ada6825c15609e700526aaf110843d01,4ed0171e44b08cd335e11b82cfbbfc4440f6e70bd915ba29b40711b7b9b8bd0a,0412c3b25ff8d45c37380232d49fc2e4f3d94121e64786d0b484dfea15f7a1ca,4ed0171e44b08cd335e11b82cfbbfc4440f6e70bd915ba29b40711b7b9b8bd0a,c13f3ff42525cf1d217189e7065210c088ea8df6d4f6e77d18caab5bdb28f038,a249e4683bc3912795c31546a83c6061b022b14119463c56793772e79fadea74,2ca0d582a542e04e33d0f50439d23ba6c277a8a64c2b7c17853d1b9aa4f1d587,D:\PhD-Project\GP_RKHS_MINT\GP_RKHS_MINT\Tully_models\GP_MInt_QCLE_Reviewer_Ready_Pipeline_v4\output\fixed_pipeline\reviewer_closure_20260726_174927\step9_repl_P020\seed47\midpoint.npz,snap_000000,snap_012000,0.0,0.0,0.0,0.0,0.0,0.0
20.0,MIDPOINT,47,1e-06,2.9495703877922583e-09,1000,0,1.0,0.0,0.0,0.0,1.1088159855829534e-06,999.2251125743152,0.0014264921144131301,0.028100463603795093,0.19016503372771693,0.341672839035719,0.8403085948446662,1.9580498611185697,4.571317164043714,10.914493394008279,22.737288082189828,103.56654085967376,695.72403351354,0.6686497691420664,32.345348190430386,0.9053042961198511,0.0946957038833055,1.062434598587485,0.11113168530672672,1.1735662838905072,0.1385046929756289,1.1735662838905072,False,164d6ed5550a232197e7eed93f08fe61ada6825c15609e700526aaf110843d01,4ed0171e44b08cd335e11b82cfbbfc4440f6e70bd915ba29b40711b7b9b8bd0a,0412c3b25ff8d45c37380232d49fc2e4f3d94121e64786d0b484dfea15f7a1ca,4ed0171e44b08cd335e11b82cfbbfc4440f6e70bd915ba29b40711b7b9b8bd0a,c13f3ff42525cf1d217189e7065210c088ea8df6d4f6e77d18caab5bdb28f038,a249e4683bc3912795c31546a83c6061b022b14119463c56793772e79fadea74,2ca0d582a542e04e33d0f50439d23ba6c277a8a64c2b7c17853d1b9aa4f1d587,D:\PhD-Project\GP_RKHS_MINT\GP_RKHS_MINT\Tully_models\GP_MInt_QCLE_Reviewer_Ready_Pipeline_v4\output\fixed_pipeline\reviewer_closure_20260726_174927\step9_repl_P020\seed47\midpoint.npz,snap_000000,snap_012000,0.0,0.0,0.0,0.0,0.0,0.0
20.0,MIDPOINT,47,1e-05,2.9495703877922584e-08,1000,0,1.0,0.0,0.0,0.0,1.1088159855829534e-06,999.2251125743152,0.0014264921144131301,0.028100463603795093,0.19016503372771693,0.341672839035719,0.8403085948446662,1.9580498611185697,4.571317164043714,10.914493394008279,22.737288082189828,103.56654085967376,695.72403351354,0.6686497691420664,32.345348190430386,0.9053042961198511,0.0946957038833055,1.062434598587485,0.11113168530672672,1.1735662838905072,0.1385046929756289,1.1735662838905072,False,164d6ed5550a232197e7eed93f08fe61ada6825c15609e700526aaf110843d01,4ed0171e44b08cd335e11b82cfbbfc4440f6e70bd915ba29b40711b7b9b8bd0a,0412c3b25ff8d45c37380232d49fc2e4f3d94121e64786d0b484dfea15f7a1ca,4ed0171e44b08cd335e11b82cfbbfc4440f6e70bd915ba29b40711b7b9b8bd0a,c13f3ff42525cf1d217189e7065210c088ea8df6d4f6e77d18caab5bdb28f038,a249e4683bc3912795c31546a83c6061b022b14119463c56793772e79fadea74,2ca0d582a542e04e33d0f50439d23ba6c277a8a64c2b7c17853d1b9aa4f1d587,D:\PhD-Project\GP_RKHS_MINT\GP_RKHS_MINT\Tully_models\GP_MInt_QCLE_Reviewer_Ready_Pipeline_v4\output\fixed_pipeline\reviewer_closure_20260726_174927\step9_repl_P020\seed47\midpoint.npz,snap_000000,snap_012000,0.0,0.0,0.0,0.0,0.0,0.0
20.0,MIDPOINT,47,0.0001,2.9495703877922583e-07,1000,0,1.0,0.0,0.0,0.0,1.1088159855829534e-06,999.2251125743152,0.0014264921144131301,0.028100463603795093,0.19016503372771693,0.341672839035719,0.8403085948446662,1.9580498611185697,4.571317164043714,10.914493394008279,22.737288082189828,103.56654085967376,695.72403351354,0.6686497691420664,32.345348190430386,0.9053042961198511,0.0946957038833055,1.062434598587485,0.11113168530672672,1.1735662838905072,0.1385046929756289,1.1735662838905072,False,164d6ed5550a232197e7eed93f08fe61ada6825c15609e700526aaf110843d01,4ed0171e44b08cd335e11b82cfbbfc4440f6e70bd915ba29b40711b7b9b8bd0a,0412c3b25ff8d45c37380232d49fc2e4f3d94121e64786d0b484dfea15f7a1ca,4ed0171e44b08cd335e11b82cfbbfc4440f6e70bd915ba29b40711b7b9b8bd0a,c13f3ff42525cf1d217189e7065210c088ea8df6d4f6e77d18caab5bdb28f038,a249e4683bc3912795c31546a83c6061b022b14119463c56793772e79fadea74,2ca0d582a542e04e33d0f50439d23ba6c277a8a64c2b7c17853d1b9aa4f1d587,D:\PhD-Project\GP_RKHS_MINT\GP_RKHS_MINT\Tully_models\GP_MInt_QCLE_Reviewer_Ready_Pipeline_v4\output\fixed_pipeline\reviewer_closure_20260726_174927\step9_repl_P020\seed47\midpoint.npz,snap_000000,snap_012000,0.0,0.0,0.0,0.0,0.0,0.0
20.0,MIDPOINT,47,0.001,2.9495703877922582e-06,999,1,0.999,0.001,0.0009999999999999996,0.001,4.889123192947465e-06,999.2251125743152,0.0014258550451279716,0.02808428493426401,0.18998575785147853,0.34166625610539675,0.8399469949549258,1.9572697159895076,4.536580444447859,10.87368619387275,21.39495641337969,93.62381912170906,696.0278383974775,1.1945959156623596,31.49862026107884,1.0300221926246882,-0.03002219262192451,1.5674453839424451,-0.04568653722028416,1.5217588467179555,0.17990078256202713,1.5217588467179555,False,62b0e46efbe47e72ab48c0f54011675afc78edba453642bf5968bdf324060eb9,4ed0171e44b08cd335e11b82cfbbfc4440f6e70bd915ba29b40711b7b9b8bd0a,0412c3b25ff8d45c37380232d49fc2e4f3d94121e64786d0b484dfea15f7a1ca,4ed0171e44b08cd335e11b82cfbbfc4440f6e70bd915ba29b40711b7b9b8bd0a,c13f3ff42525cf1d217189e7065210c088ea8df6d4f6e77d18caab5bdb28f038,a249e4683bc3912795c31546a83c6061b022b14119463c56793772e79fadea74,2ca0d582a542e04e33d0f50439d23ba6c277a8a64c2b7c17853d1b9aa4f1d587,D:\PhD-Project\GP_RKHS_MINT\GP_RKHS_MINT\Tully_models\GP_MInt_QCLE_Reviewer_Ready_Pipeline_v4\output\fixed_pipeline\reviewer_closure_20260726_174927\step9_repl_P020\seed47\midpoint.npz,snap_000000,snap_012000,0.12471789650483711,-0.12471789650523002,0.5050107853549601,-0.1568182225270109,0.34819256282744826,0.04139608958639823
20.0,MIDPOINT,47,0.01,2.9495703877922583e-05,989,11,0.989,0.011,0.010999999999999996,0.011000000000000001,2.978193858927802e-05,999.2251125743152,0.0014194843522763849,0.027922498238953184,0.18819299908909468,0.3404117832701953,0.8353885003400355,1.9355068401477464,4.154930183559257,10.334976047312507,18.56028518297107,55.36643751001811,240.82450098261475,1.0503495458412946,31.286991811791534,0.8105047540585981,0.18949524594407471,0.9245522997803753,0.21615945441126383,1.1407117541885903,0.1253721425526835,1.1407117541885903,False,44f615c9ec425ebf53f2452a2627b4ff382723815ce20593f7073f6dc5945e05,4ed0171e44b08cd335e11b82cfbbfc4440f6e70bd915ba29b40711b7b9b8bd0a,0412c3b25ff8d45c37380232d49fc2e4f3d94121e64786d0b484dfea15f7a1ca,4ed0171e44b08cd335e11b82cfbbfc4440f6e70bd915ba29b40711b7b9b8bd0a,c13f3ff42525cf1d217189e7065210c088ea8df6d4f6e77d18caab5bdb28f038,a249e4683bc3912795c31546a83c6061b022b14119463c56793772e79fadea74,2ca0d582a542e04e33d0f50439d23ba6c277a8a64c2b7c17853d1b9aa4f1d587,D:\PhD-Project\GP_RKHS_MINT\GP_RKHS_MINT\Tully_models\GP_MInt_QCLE_Reviewer_Ready_Pipeline_v4\output\fixed_pipeline\reviewer_closure_20260726_174927\step9_repl_P020\seed47\midpoint.npz,snap_000000,snap_012000,-0.09479954206125296,0.09479954206076921,-0.13788229880710967,0.10502776910453711,-0.032854529701916935,-0.013132550422945394
20.0,PBME,73,0.0,0.0,1000,0,1.0,0.0,0.0,0.0,1.0452980887365332e-05,1.0,1.0,1.0,1.0,1.0,1.0,1.0,1.0,1.0,1.0,1.0,1.0,1000.0000000000007,1000.0000000000007,0.964048913873129,0.03595108612803888,0.9640489138731294,0.03595108612803889,1.0000000000000004,0.10001528314130949,1.0000000000000004,False,164d6ed5550a232197e7eed93f08fe61ada6825c15609e700526aaf110843d01,0b9df7944114e6a6ff2dce8297bf39c5cf3d47935ae96330a7c4a0cd6f3a1e61,2f5577a7b1c8cb07f9f79d4f7955e17155a40330bc3e96f3dcb2f7c2cc262add,0b9df7944114e6a6ff2dce8297bf39c5cf3d47935ae96330a7c4a0cd6f3a1e61,bea303e194bed8187d55d2514e19e69f8254a0df25729b538906413d0d03d691,2f5577a7b1c8cb07f9f79d4f7955e17155a40330bc3e96f3dcb2f7c2cc262add,ef4526d9bc53499f6b6c6c8fc27ff727be4e38907ecd63219f12f885f05eddd8,D:\PhD-Project\GP_RKHS_MINT\GP_RKHS_MINT\Tully_models\GP_MInt_QCLE_Reviewer_Ready_Pipeline_v4\output\fixed_pipeline\reviewer_closure_20260726_174927\step9_repl_P020\seed73\pbme.npz,snap_000000,snap_012000,0.0,0.0,0.0,0.0,0.0,0.0
20.0,PBME,73,1e-14,2.9521506545940864e-17,1000,0,1.0,0.0,0.0,0.0,1.0452980887365332e-05,1.0,1.0,1.0,1.0,1.0,1.0,1.0,1.0,1.0,1.0,1.0,1.0,1000.0000000000007,1000.0000000000007,0.964048913873129,0.03595108612803888,0.9640489138731294,0.03595108612803889,1.0000000000000004,0.10001528314130949,1.0000000000000004,False,164d6ed5550a232197e7eed93f08fe61ada6825c15609e700526aaf110843d01,0b9df7944114e6a6ff2dce8297bf39c5cf3d47935ae96330a7c4a0cd6f3a1e61,2f5577a7b1c8cb07f9f79d4f7955e17155a40330bc3e96f3dcb2f7c2cc262add,0b9df7944114e6a6ff2dce8297bf39c5cf3d47935ae96330a7c4a0cd6f3a1e61,bea303e194bed8187d55d2514e19e69f8254a0df25729b538906413d0d03d691,2f5577a7b1c8cb07f9f79d4f7955e17155a40330bc3e96f3dcb2f7c2cc262add,ef4526d9bc53499f6b6c6c8fc27ff727be4e38907ecd63219f12f885f05eddd8,D:\PhD-Project\GP_RKHS_MINT\GP_RKHS_MINT\Tully_models\GP_MInt_QCLE_Reviewer_Ready_Pipeline_v4\output\fixed_pipeline\reviewer_closure_20260726_174927\step9_repl_P020\seed73\pbme.npz,snap_000000,snap_012000,0.0,0.0,0.0,0.0,0.0,0.0
20.0,PBME,73,1e-12,2.952150654594086e-15,1000,0,1.0,0.0,0.0,0.0,1.0452980887365332e-05,1.0,1.0,1.0,1.0,1.0,1.0,1.0,1.0,1.0,1.0,1.0,1.0,1000.0000000000007,1000.0000000000007,0.964048913873129,0.03595108612803888,0.9640489138731294,0.03595108612803889,1.0000000000000004,0.10001528314130949,1.0000000000000004,False,164d6ed5550a232197e7eed93f08fe61ada6825c15609e700526aaf110843d01,0b9df7944114e6a6ff2dce8297bf39c5cf3d47935ae96330a7c4a0cd6f3a1e61,2f5577a7b1c8cb07f9f79d4f7955e17155a40330bc3e96f3dcb2f7c2cc262add,0b9df7944114e6a6ff2dce8297bf39c5cf3d47935ae96330a7c4a0cd6f3a1e61,bea303e194bed8187d55d2514e19e69f8254a0df25729b538906413d0d03d691,2f5577a7b1c8cb07f9f79d4f7955e17155a40330bc3e96f3dcb2f7c2cc262add,ef4526d9bc53499f6b6c6c8fc27ff727be4e38907ecd63219f12f885f05eddd8,D:\PhD-Project\GP_RKHS_MINT\GP_RKHS_MINT\Tully_models\GP_MInt_QCLE_Reviewer_Ready_Pipeline_v4\output\fixed_pipeline\reviewer_closure_20260726_174927\step9_repl_P020\seed73\pbme.npz,snap_000000,snap_012000,0.0,0.0,0.0,0.0,0.0,0.0
20.0,PBME,73,1e-10,2.9521506545940864e-13,1000,0,1.0,0.0,0.0,0.0,1.0452980887365332e-05,1.0,1.0,1.0,1.0,1.0,1.0,1.0,1.0,1.0,1.0,1.0,1.0,1000.0000000000007,1000.0000000000007,0.964048913873129,0.03595108612803888,0.9640489138731294,0.03595108612803889,1.0000000000000004,0.10001528314130949,1.0000000000000004,False,164d6ed5550a232197e7eed93f08fe61ada6825c15609e700526aaf110843d01,0b9df7944114e6a6ff2dce8297bf39c5cf3d47935ae96330a7c4a0cd6f3a1e61,2f5577a7b1c8cb07f9f79d4f7955e17155a40330bc3e96f3dcb2f7c2cc262add,0b9df7944114e6a6ff2dce8297bf39c5cf3d47935ae96330a7c4a0cd6f3a1e61,bea303e194bed8187d55d2514e19e69f8254a0df25729b538906413d0d03d691,2f5577a7b1c8cb07f9f79d4f7955e17155a40330bc3e96f3dcb2f7c2cc262add,ef4526d9bc53499f6b6c6c8fc27ff727be4e38907ecd63219f12f885f05eddd8,D:\PhD-Project\GP_RKHS_MINT\GP_RKHS_MINT\Tully_models\GP_MInt_QCLE_Reviewer_Ready_Pipeline_v4\output\fixed_pipeline\reviewer_closure_20260726_174927\step9_repl_P020\seed73\pbme.npz,snap_000000,snap_012000,0.0,0.0,0.0,0.0,0.0,0.0
20.0,PBME,73,1e-08,2.952150654594086e-11,1000,0,1.0,0.0,0.0,0.0,1.0452980887365332e-05,1.0,1.0,1.0,1.0,1.0,1.0,1.0,1.0,1.0,1.0,1.0,1.0,1000.0000000000007,1000.0000000000007,0.964048913873129,0.03595108612803888,0.9640489138731294,0.03595108612803889,1.0000000000000004,0.10001528314130949,1.0000000000000004,False,164d6ed5550a232197e7eed93f08fe61ada6825c15609e700526aaf110843d01,0b9df7944114e6a6ff2dce8297bf39c5cf3d47935ae96330a7c4a0cd6f3a1e61,2f5577a7b1c8cb07f9f79d4f7955e17155a40330bc3e96f3dcb2f7c2cc262add,0b9df7944114e6a6ff2dce8297bf39c5cf3d47935ae96330a7c4a0cd6f3a1e61,bea303e194bed8187d55d2514e19e69f8254a0df25729b538906413d0d03d691,2f5577a7b1c8cb07f9f79d4f7955e17155a40330bc3e96f3dcb2f7c2cc262add,ef4526d9bc53499f6b6c6c8fc27ff727be4e38907ecd63219f12f885f05eddd8,D:\PhD-Project\GP_RKHS_MINT\GP_RKHS_MINT\Tully_models\GP_MInt_QCLE_Reviewer_Ready_Pipeline_v4\output\fixed_pipeline\reviewer_closure_20260726_174927\step9_repl_P020\seed73\pbme.npz,snap_000000,snap_012000,0.0,0.0,0.0,0.0,0.0,0.0
20.0,PBME,73,1e-06,2.952150654594086e-09,1000,0,1.0,0.0,0.0,0.0,1.0452980887365332e-05,1.0,1.0,1.0,1.0,1.0,1.0,1.0,1.0,1.0,1.0,1.0,1.0,1000.0000000000007,1000.0000000000007,0.964048913873129,0.03595108612803888,0.9640489138731294,0.03595108612803889,1.0000000000000004,0.10001528314130949,1.0000000000000004,False,164d6ed5550a232197e7eed93f08fe61ada6825c15609e700526aaf110843d01,0b9df7944114e6a6ff2dce8297bf39c5cf3d47935ae96330a7c4a0cd6f3a1e61,2f5577a7b1c8cb07f9f79d4f7955e17155a40330bc3e96f3dcb2f7c2cc262add,0b9df7944114e6a6ff2dce8297bf39c5cf3d47935ae96330a7c4a0cd6f3a1e61,bea303e194bed8187d55d2514e19e69f8254a0df25729b538906413d0d03d691,2f5577a7b1c8cb07f9f79d4f7955e17155a40330bc3e96f3dcb2f7c2cc262add,ef4526d9bc53499f6b6c6c8fc27ff727be4e38907ecd63219f12f885f05eddd8,D:\PhD-Project\GP_RKHS_MINT\GP_RKHS_MINT\Tully_models\GP_MInt_QCLE_Reviewer_Ready_Pipeline_v4\output\fixed_pipeline\reviewer_closure_20260726_174927\step9_repl_P020\seed73\pbme.npz,snap_000000,snap_012000,0.0,0.0,0.0,0.0,0.0,0.0
20.0,PBME,73,1e-05,2.9521506545940865e-08,1000,0,1.0,0.0,0.0,0.0,1.0452980887365332e-05,1.0,1.0,1.0,1.0,1.0,1.0,1.0,1.0,1.0,1.0,1.0,1.0,1000.0000000000007,1000.0000000000007,0.964048913873129,0.03595108612803888,0.9640489138731294,0.03595108612803889,1.0000000000000004,0.10001528314130949,1.0000000000000004,False,164d6ed5550a232197e7eed93f08fe61ada6825c15609e700526aaf110843d01,0b9df7944114e6a6ff2dce8297bf39c5cf3d47935ae96330a7c4a0cd6f3a1e61,2f5577a7b1c8cb07f9f79d4f7955e17155a40330bc3e96f3dcb2f7c2cc262add,0b9df7944114e6a6ff2dce8297bf39c5cf3d47935ae96330a7c4a0cd6f3a1e61,bea303e194bed8187d55d2514e19e69f8254a0df25729b538906413d0d03d691,2f5577a7b1c8cb07f9f79d4f7955e17155a40330bc3e96f3dcb2f7c2cc262add,ef4526d9bc53499f6b6c6c8fc27ff727be4e38907ecd63219f12f885f05eddd8,D:\PhD-Project\GP_RKHS_MINT\GP_RKHS_MINT\Tully_models\GP_MInt_QCLE_Reviewer_Ready_Pipeline_v4\output\fixed_pipeline\reviewer_closure_20260726_174927\step9_repl_P020\seed73\pbme.npz,snap_000000,snap_012000,0.0,0.0,0.0,0.0,0.0,0.0
20.0,PBME,73,0.0001,2.952150654594086e-07,1000,0,1.0,0.0,0.0,0.0,1.0452980887365332e-05,1.0,1.0,1.0,1.0,1.0,1.0,1.0,1.0,1.0,1.0,1.0,1.0,1000.0000000000007,1000.0000000000007,0.964048913873129,0.03595108612803888,0.9640489138731294,0.03595108612803889,1.0000000000000004,0.10001528314130949,1.0000000000000004,False,164d6ed5550a232197e7eed93f08fe61ada6825c15609e700526aaf110843d01,0b9df7944114e6a6ff2dce8297bf39c5cf3d47935ae96330a7c4a0cd6f3a1e61,2f5577a7b1c8cb07f9f79d4f7955e17155a40330bc3e96f3dcb2f7c2cc262add,0b9df7944114e6a6ff2dce8297bf39c5cf3d47935ae96330a7c4a0cd6f3a1e61,bea303e194bed8187d55d2514e19e69f8254a0df25729b538906413d0d03d691,2f5577a7b1c8cb07f9f79d4f7955e17155a40330bc3e96f3dcb2f7c2cc262add,ef4526d9bc53499f6b6c6c8fc27ff727be4e38907ecd63219f12f885f05eddd8,D:\PhD-Project\GP_RKHS_MINT\GP_RKHS_MINT\Tully_models\GP_MInt_QCLE_Reviewer_Ready_Pipeline_v4\output\fixed_pipeline\reviewer_closure_20260726_174927\step9_repl_P020\seed73\pbme.npz,snap_000000,snap_012000,0.0,0.0,0.0,0.0,0.0,0.0
20.0,PBME,73,0.001,2.9521506545940863e-06,1000,0,1.0,0.0,0.0,0.0,1.0452980887365332e-05,1.0,1.0,1.0,1.0,1.0,1.0,1.0,1.0,1.0,1.0,1.0,1.0,1000.0000000000007,1000.0000000000007,0.964048913873129,0.03595108612803888,0.9640489138731294,0.03595108612803889,1.0000000000000004,0.10001528314130949,1.0000000000000004,False,164d6ed5550a232197e7eed93f08fe61ada6825c15609e700526aaf110843d01,0b9df7944114e6a6ff2dce8297bf39c5cf3d47935ae96330a7c4a0cd6f3a1e61,2f5577a7b1c8cb07f9f79d4f7955e17155a40330bc3e96f3dcb2f7c2cc262add,0b9df7944114e6a6ff2dce8297bf39c5cf3d47935ae96330a7c4a0cd6f3a1e61,bea303e194bed8187d55d2514e19e69f8254a0df25729b538906413d0d03d691,2f5577a7b1c8cb07f9f79d4f7955e17155a40330bc3e96f3dcb2f7c2cc262add,ef4526d9bc53499f6b6c6c8fc27ff727be4e38907ecd63219f12f885f05eddd8,D:\PhD-Project\GP_RKHS_MINT\GP_RKHS_MINT\Tully_models\GP_MInt_QCLE_Reviewer_Ready_Pipeline_v4\output\fixed_pipeline\reviewer_closure_20260726_174927\step9_repl_P020\seed73\pbme.npz,snap_000000,snap_012000,0.0,0.0,0.0,0.0,0.0,0.0
20.0,PBME,73,0.01,2.952150654594086e-05,992,8,0.992,0.008,0.007999999999999997,0.008,3.460858698725934e-05,1.0,1.0,1.0,1.0,1.0,1.0,1.0,1.0,1.0,1.0,1.0,1.0,992.0000000000006,992.0000000000006,0.964819449863741,0.03518055013742957,0.9571008942648315,0.03489910573633015,0.9920000000000004,0.09926764697455066,0.9920000000000004,False,44ed5cc4065ea6b3c3427d6b75ef290f01dba4b7e0d376512818ce694542f0fb,0b9df7944114e6a6ff2dce8297bf39c5cf3d47935ae96330a7c4a0cd6f3a1e61,2f5577a7b1c8cb07f9f79d4f7955e17155a40330bc3e96f3dcb2f7c2cc262add,0b9df7944114e6a6ff2dce8297bf39c5cf3d47935ae96330a7c4a0cd6f3a1e61,bea303e194bed8187d55d2514e19e69f8254a0df25729b538906413d0d03d691,2f5577a7b1c8cb07f9f79d4f7955e17155a40330bc3e96f3dcb2f7c2cc262add,ef4526d9bc53499f6b6c6c8fc27ff727be4e38907ecd63219f12f885f05eddd8,D:\PhD-Project\GP_RKHS_MINT\GP_RKHS_MINT\Tully_models\GP_MInt_QCLE_Reviewer_Ready_Pipeline_v4\output\fixed_pipeline\reviewer_closure_20260726_174927\step9_repl_P020\seed73\pbme.npz,snap_000000,snap_012000,0.0007705359906120535,-0.0007705359906093057,-0.0069480196082979395,-0.0010519803917087428,-0.008000000000000007,-0.0007476361667588249
20.0,MIDPOINT,73,0.0,0.0,1000,0,1.0,0.0,0.0,0.0,1.0452980887365332e-05,255.65132417956602,0.011198367751157642,0.03257399335184244,0.11777016714648753,0.23049383476277338,0.5648424038441999,1.2268482415429922,2.6258010261230535,6.226255768019782,11.157592467103848,30.61006336524956,195.22582527194558,0.024714305562220106,73.47072857235001,2.501948151957114,-1.5019481519497198,0.15540313531781583,-0.09329028329991809,0.06211285201743844,0.01287470392610026,0.06211285201743844,False,164d6ed5550a232197e7eed93f08fe61ada6825c15609e700526aaf110843d01,0b9df7944114e6a6ff2dce8297bf39c5cf3d47935ae96330a7c4a0cd6f3a1e61,5e7ed323dad29584a09275aad0c8aa5681452ca348cfa747033a68917b7e7533,0b9df7944114e6a6ff2dce8297bf39c5cf3d47935ae96330a7c4a0cd6f3a1e61,bea303e194bed8187d55d2514e19e69f8254a0df25729b538906413d0d03d691,f3321d077e85de6b528ebd1c3bee575b1837d8205bf1b6ed7e932383073ec7c4,e5fa4368fb6de601b35508079fd3677ec9799924ee02040cb17e7f7f15ced564,D:\PhD-Project\GP_RKHS_MINT\GP_RKHS_MINT\Tully_models\GP_MInt_QCLE_Reviewer_Ready_Pipeline_v4\output\fixed_pipeline\reviewer_closure_20260726_174927\step9_repl_P020\seed73\midpoint.npz,snap_000000,snap_012000,0.0,0.0,0.0,0.0,0.0,0.0
20.0,MIDPOINT,73,1e-14,2.9521506545940864e-17,1000,0,1.0,0.0,0.0,0.0,1.0452980887365332e-05,255.65132417956602,0.011198367751157642,0.03257399335184244,0.11777016714648753,0.23049383476277338,0.5648424038441999,1.2268482415429922,2.6258010261230535,6.226255768019782,11.157592467103848,30.61006336524956,195.22582527194558,0.024714305562220106,73.47072857235001,2.501948151957114,-1.5019481519497198,0.15540313531781583,-0.09329028329991809,0.06211285201743844,0.01287470392610026,0.06211285201743844,False,164d6ed5550a232197e7eed93f08fe61ada6825c15609e700526aaf110843d01,0b9df7944114e6a6ff2dce8297bf39c5cf3d47935ae96330a7c4a0cd6f3a1e61,5e7ed323dad29584a09275aad0c8aa5681452ca348cfa747033a68917b7e7533,0b9df7944114e6a6ff2dce8297bf39c5cf3d47935ae96330a7c4a0cd6f3a1e61,bea303e194bed8187d55d2514e19e69f8254a0df25729b538906413d0d03d691,f3321d077e85de6b528ebd1c3bee575b1837d8205bf1b6ed7e932383073ec7c4,e5fa4368fb6de601b35508079fd3677ec9799924ee02040cb17e7f7f15ced564,D:\PhD-Project\GP_RKHS_MINT\GP_RKHS_MINT\Tully_models\GP_MInt_QCLE_Reviewer_Ready_Pipeline_v4\output\fixed_pipeline\reviewer_closure_20260726_174927\step9_repl_P020\seed73\midpoint.npz,snap_000000,snap_012000,0.0,0.0,0.0,0.0,0.0,0.0
20.0,MIDPOINT,73,1e-12,2.952150654594086e-15,1000,0,1.0,0.0,0.0,0.0,1.0452980887365332e-05,255.65132417956602,0.011198367751157642,0.03257399335184244,0.11777016714648753,0.23049383476277338,0.5648424038441999,1.2268482415429922,2.6258010261230535,6.226255768019782,11.157592467103848,30.61006336524956,195.22582527194558,0.024714305562220106,73.47072857235001,2.501948151957114,-1.5019481519497198,0.15540313531781583,-0.09329028329991809,0.06211285201743844,0.01287470392610026,0.06211285201743844,False,164d6ed5550a232197e7eed93f08fe61ada6825c15609e700526aaf110843d01,0b9df7944114e6a6ff2dce8297bf39c5cf3d47935ae96330a7c4a0cd6f3a1e61,5e7ed323dad29584a09275aad0c8aa5681452ca348cfa747033a68917b7e7533,0b9df7944114e6a6ff2dce8297bf39c5cf3d47935ae96330a7c4a0cd6f3a1e61,bea303e194bed8187d55d2514e19e69f8254a0df25729b538906413d0d03d691,f3321d077e85de6b528ebd1c3bee575b1837d8205bf1b6ed7e932383073ec7c4,e5fa4368fb6de601b35508079fd3677ec9799924ee02040cb17e7f7f15ced564,D:\PhD-Project\GP_RKHS_MINT\GP_RKHS_MINT\Tully_models\GP_MInt_QCLE_Reviewer_Ready_Pipeline_v4\output\fixed_pipeline\reviewer_closure_20260726_174927\step9_repl_P020\seed73\midpoint.npz,snap_000000,snap_012000,0.0,0.0,0.0,0.0,0.0,0.0
20.0,MIDPOINT,73,1e-10,2.9521506545940864e-13,1000,0,1.0,0.0,0.0,0.0,1.0452980887365332e-05,255.65132417956602,0.011198367751157642,0.03257399335184244,0.11777016714648753,0.23049383476277338,0.5648424038441999,1.2268482415429922,2.6258010261230535,6.226255768019782,11.157592467103848,30.61006336524956,195.22582527194558,0.024714305562220106,73.47072857235001,2.501948151957114,-1.5019481519497198,0.15540313531781583,-0.09329028329991809,0.06211285201743844,0.01287470392610026,0.06211285201743844,False,164d6ed5550a232197e7eed93f08fe61ada6825c15609e700526aaf110843d01,0b9df7944114e6a6ff2dce8297bf39c5cf3d47935ae96330a7c4a0cd6f3a1e61,5e7ed323dad29584a09275aad0c8aa5681452ca348cfa747033a68917b7e7533,0b9df7944114e6a6ff2dce8297bf39c5cf3d47935ae96330a7c4a0cd6f3a1e61,bea303e194bed8187d55d2514e19e69f8254a0df25729b538906413d0d03d691,f3321d077e85de6b528ebd1c3bee575b1837d8205bf1b6ed7e932383073ec7c4,e5fa4368fb6de601b35508079fd3677ec9799924ee02040cb17e7f7f15ced564,D:\PhD-Project\GP_RKHS_MINT\GP_RKHS_MINT\Tully_models\GP_MInt_QCLE_Reviewer_Ready_Pipeline_v4\output\fixed_pipeline\reviewer_closure_20260726_174927\step9_repl_P020\seed73\midpoint.npz,snap_000000,snap_012000,0.0,0.0,0.0,0.0,0.0,0.0
20.0,MIDPOINT,73,1e-08,2.952150654594086e-11,1000,0,1.0,0.0,0.0,0.0,1.0452980887365332e-05,255.65132417956602,0.011198367751157642,0.03257399335184244,0.11777016714648753,0.23049383476277338,0.5648424038441999,1.2268482415429922,2.6258010261230535,6.226255768019782,11.157592467103848,30.61006336524956,195.22582527194558,0.024714305562220106,73.47072857235001,2.501948151957114,-1.5019481519497198,0.15540313531781583,-0.09329028329991809,0.06211285201743844,0.01287470392610026,0.06211285201743844,False,164d6ed5550a232197e7eed93f08fe61ada6825c15609e700526aaf110843d01,0b9df7944114e6a6ff2dce8297bf39c5cf3d47935ae96330a7c4a0cd6f3a1e61,5e7ed323dad29584a09275aad0c8aa5681452ca348cfa747033a68917b7e7533,0b9df7944114e6a6ff2dce8297bf39c5cf3d47935ae96330a7c4a0cd6f3a1e61,bea303e194bed8187d55d2514e19e69f8254a0df25729b538906413d0d03d691,f3321d077e85de6b528ebd1c3bee575b1837d8205bf1b6ed7e932383073ec7c4,e5fa4368fb6de601b35508079fd3677ec9799924ee02040cb17e7f7f15ced564,D:\PhD-Project\GP_RKHS_MINT\GP_RKHS_MINT\Tully_models\GP_MInt_QCLE_Reviewer_Ready_Pipeline_v4\output\fixed_pipeline\reviewer_closure_20260726_174927\step9_repl_P020\seed73\midpoint.npz,snap_000000,snap_012000,0.0,0.0,0.0,0.0,0.0,0.0
20.0,MIDPOINT,73,1e-06,2.952150654594086e-09,1000,0,1.0,0.0,0.0,0.0,1.0452980887365332e-05,255.65132417956602,0.011198367751157642,0.03257399335184244,0.11777016714648753,0.23049383476277338,0.5648424038441999,1.2268482415429922,2.6258010261230535,6.226255768019782,11.157592467103848,30.61006336524956,195.22582527194558,0.024714305562220106,73.47072857235001,2.501948151957114,-1.5019481519497198,0.15540313531781583,-0.09329028329991809,0.06211285201743844,0.01287470392610026,0.06211285201743844,False,164d6ed5550a232197e7eed93f08fe61ada6825c15609e700526aaf110843d01,0b9df7944114e6a6ff2dce8297bf39c5cf3d47935ae96330a7c4a0cd6f3a1e61,5e7ed323dad29584a09275aad0c8aa5681452ca348cfa747033a68917b7e7533,0b9df7944114e6a6ff2dce8297bf39c5cf3d47935ae96330a7c4a0cd6f3a1e61,bea303e194bed8187d55d2514e19e69f8254a0df25729b538906413d0d03d691,f3321d077e85de6b528ebd1c3bee575b1837d8205bf1b6ed7e932383073ec7c4,e5fa4368fb6de601b35508079fd3677ec9799924ee02040cb17e7f7f15ced564,D:\PhD-Project\GP_RKHS_MINT\GP_RKHS_MINT\Tully_models\GP_MInt_QCLE_Reviewer_Ready_Pipeline_v4\output\fixed_pipeline\reviewer_closure_20260726_174927\step9_repl_P020\seed73\midpoint.npz,snap_000000,snap_012000,0.0,0.0,0.0,0.0,0.0,0.0
20.0,MIDPOINT,73,1e-05,2.9521506545940865e-08,1000,0,1.0,0.0,0.0,0.0,1.0452980887365332e-05,255.65132417956602,0.011198367751157642,0.03257399335184244,0.11777016714648753,0.23049383476277338,0.5648424038441999,1.2268482415429922,2.6258010261230535,6.226255768019782,11.157592467103848,30.61006336524956,195.22582527194558,0.024714305562220106,73.47072857235001,2.501948151957114,-1.5019481519497198,0.15540313531781583,-0.09329028329991809,0.06211285201743844,0.01287470392610026,0.06211285201743844,False,164d6ed5550a232197e7eed93f08fe61ada6825c15609e700526aaf110843d01,0b9df7944114e6a6ff2dce8297bf39c5cf3d47935ae96330a7c4a0cd6f3a1e61,5e7ed323dad29584a09275aad0c8aa5681452ca348cfa747033a68917b7e7533,0b9df7944114e6a6ff2dce8297bf39c5cf3d47935ae96330a7c4a0cd6f3a1e61,bea303e194bed8187d55d2514e19e69f8254a0df25729b538906413d0d03d691,f3321d077e85de6b528ebd1c3bee575b1837d8205bf1b6ed7e932383073ec7c4,e5fa4368fb6de601b35508079fd3677ec9799924ee02040cb17e7f7f15ced564,D:\PhD-Project\GP_RKHS_MINT\GP_RKHS_MINT\Tully_models\GP_MInt_QCLE_Reviewer_Ready_Pipeline_v4\output\fixed_pipeline\reviewer_closure_20260726_174927\step9_repl_P020\seed73\midpoint.npz,snap_000000,snap_012000,0.0,0.0,0.0,0.0,0.0,0.0
20.0,MIDPOINT,73,0.0001,2.952150654594086e-07,1000,0,1.0,0.0,0.0,0.0,1.0452980887365332e-05,255.65132417956602,0.011198367751157642,0.03257399335184244,0.11777016714648753,0.23049383476277338,0.5648424038441999,1.2268482415429922,2.6258010261230535,6.226255768019782,11.157592467103848,30.61006336524956,195.22582527194558,0.024714305562220106,73.47072857235001,2.501948151957114,-1.5019481519497198,0.15540313531781583,-0.09329028329991809,0.06211285201743844,0.01287470392610026,0.06211285201743844,False,164d6ed5550a232197e7eed93f08fe61ada6825c15609e700526aaf110843d01,0b9df7944114e6a6ff2dce8297bf39c5cf3d47935ae96330a7c4a0cd6f3a1e61,5e7ed323dad29584a09275aad0c8aa5681452ca348cfa747033a68917b7e7533,0b9df7944114e6a6ff2dce8297bf39c5cf3d47935ae96330a7c4a0cd6f3a1e61,bea303e194bed8187d55d2514e19e69f8254a0df25729b538906413d0d03d691,f3321d077e85de6b528ebd1c3bee575b1837d8205bf1b6ed7e932383073ec7c4,e5fa4368fb6de601b35508079fd3677ec9799924ee02040cb17e7f7f15ced564,D:\PhD-Project\GP_RKHS_MINT\GP_RKHS_MINT\Tully_models\GP_MInt_QCLE_Reviewer_Ready_Pipeline_v4\output\fixed_pipeline\reviewer_closure_20260726_174927\step9_repl_P020\seed73\midpoint.npz,snap_000000,snap_012000,0.0,0.0,0.0,0.0,0.0,0.0
20.0,MIDPOINT,73,0.001,2.9521506545940863e-06,1000,0,1.0,0.0,0.0,0.0,1.0452980887365332e-05,255.65132417956602,0.011198367751157642,0.03257399335184244,0.11777016714648753,0.23049383476277338,0.5648424038441999,1.2268482415429922,2.6258010261230535,6.226255768019782,11.157592467103848,30.61006336524956,195.22582527194558,0.024714305562220106,73.47072857235001,2.501948151957114,-1.5019481519497198,0.15540313531781583,-0.09329028329991809,0.06211285201743844,0.01287470392610026,0.06211285201743844,False,164d6ed5550a232197e7eed93f08fe61ada6825c15609e700526aaf110843d01,0b9df7944114e6a6ff2dce8297bf39c5cf3d47935ae96330a7c4a0cd6f3a1e61,5e7ed323dad29584a09275aad0c8aa5681452ca348cfa747033a68917b7e7533,0b9df7944114e6a6ff2dce8297bf39c5cf3d47935ae96330a7c4a0cd6f3a1e61,bea303e194bed8187d55d2514e19e69f8254a0df25729b538906413d0d03d691,f3321d077e85de6b528ebd1c3bee575b1837d8205bf1b6ed7e932383073ec7c4,e5fa4368fb6de601b35508079fd3677ec9799924ee02040cb17e7f7f15ced564,D:\PhD-Project\GP_RKHS_MINT\GP_RKHS_MINT\Tully_models\GP_MInt_QCLE_Reviewer_Ready_Pipeline_v4\output\fixed_pipeline\reviewer_closure_20260726_174927\step9_repl_P020\seed73\midpoint.npz,snap_000000,snap_012000,0.0,0.0,0.0,0.0,0.0,0.0
20.0,MIDPOINT,73,0.01,2.952150654594086e-05,992,8,0.992,0.008,0.007999999999999997,0.008,3.460858698725934e-05,120.76435942823802,0.011136906635671606,0.03251912867598965,0.11773699120175796,0.22874041577066961,0.5604192625700323,1.1992739838897335,2.555161297655727,6.011262912803436,10.382293690735507,26.86845482562103,61.60057385074407,3.7067539584269493,160.56056548150445,1.082231638625893,-0.08223163862323574,0.46621187663168445,-0.03542436313330675,0.430787513497233,0.04464811511456689,0.430787513497233,False,44ed5cc4065ea6b3c3427d6b75ef290f01dba4b7e0d376512818ce694542f0fb,0b9df7944114e6a6ff2dce8297bf39c5cf3d47935ae96330a7c4a0cd6f3a1e61,5e7ed323dad29584a09275aad0c8aa5681452ca348cfa747033a68917b7e7533,0b9df7944114e6a6ff2dce8297bf39c5cf3d47935ae96330a7c4a0cd6f3a1e61,bea303e194bed8187d55d2514e19e69f8254a0df25729b538906413d0d03d691,f3321d077e85de6b528ebd1c3bee575b1837d8205bf1b6ed7e932383073ec7c4,e5fa4368fb6de601b35508079fd3677ec9799924ee02040cb17e7f7f15ced564,D:\PhD-Project\GP_RKHS_MINT\GP_RKHS_MINT\Tully_models\GP_MInt_QCLE_Reviewer_Ready_Pipeline_v4\output\fixed_pipeline\reviewer_closure_20260726_174927\step9_repl_P020\seed73\midpoint.npz,snap_000000,snap_012000,-1.419716513331221,1.419716513326484,0.3108087413138686,0.057865920166611344,0.36867466147979455,0.03177341118846663
100.0,PBME,11,0.0,0.0,1000,0,1.0,0.0,0.0,0.0,2.517738331065298e-06,1.0,1.0,1.0,1.0,1.0,1.0,1.0,1.0,1.0,1.0,1.0,1.0,1000.0000000000007,1000.0000000000007,0.14800608013183864,0.8519939198683861,0.1480060801318387,0.8519939198683865,1.0000000000000004,2.4999763829870667,1.0000000000000004,False,164d6ed5550a232197e7eed93f08fe61ada6825c15609e700526aaf110843d01,610db94a8180e0004ca22a210635af28ab147f89a66e4a265d5378ee614eb22e,2f5577a7b1c8cb07f9f79d4f7955e17155a40330bc3e96f3dcb2f7c2cc262add,610db94a8180e0004ca22a210635af28ab147f89a66e4a265d5378ee614eb22e,56510599dd2dfa60af2d1915b424fb10dcf5b7bbb57508dd848f6dbeeb5f39f3,2f5577a7b1c8cb07f9f79d4f7955e17155a40330bc3e96f3dcb2f7c2cc262add,c7aaa5379f5bfa7a11b23ea95b87218ac32891087cabdc6156fc3a3bfcb45356,D:\PhD-Project\GP_RKHS_MINT\GP_RKHS_MINT\Tully_models\GP_MInt_QCLE_Reviewer_Ready_Pipeline_v4\output\fixed_pipeline\reviewer_closure_20260726_174927\step9_repl_P0100\seed11\pbme.npz,snap_000000,snap_002400,0.0,0.0,0.0,0.0,0.0,0.0
100.0,PBME,11,1e-14,2.9504690655530777e-17,1000,0,1.0,0.0,0.0,0.0,2.517738331065298e-06,1.0,1.0,1.0,1.0,1.0,1.0,1.0,1.0,1.0,1.0,1.0,1.0,1000.0000000000007,1000.0000000000007,0.14800608013183864,0.8519939198683861,0.1480060801318387,0.8519939198683865,1.0000000000000004,2.4999763829870667,1.0000000000000004,False,164d6ed5550a232197e7eed93f08fe61ada6825c15609e700526aaf110843d01,610db94a8180e0004ca22a210635af28ab147f89a66e4a265d5378ee614eb22e,2f5577a7b1c8cb07f9f79d4f7955e17155a40330bc3e96f3dcb2f7c2cc262add,610db94a8180e0004ca22a210635af28ab147f89a66e4a265d5378ee614eb22e,56510599dd2dfa60af2d1915b424fb10dcf5b7bbb57508dd848f6dbeeb5f39f3,2f5577a7b1c8cb07f9f79d4f7955e17155a40330bc3e96f3dcb2f7c2cc262add,c7aaa5379f5bfa7a11b23ea95b87218ac32891087cabdc6156fc3a3bfcb45356,D:\PhD-Project\GP_RKHS_MINT\GP_RKHS_MINT\Tully_models\GP_MInt_QCLE_Reviewer_Ready_Pipeline_v4\output\fixed_pipeline\reviewer_closure_20260726_174927\step9_repl_P0100\seed11\pbme.npz,snap_000000,snap_002400,0.0,0.0,0.0,0.0,0.0,0.0
100.0,PBME,11,1e-12,2.9504690655530776e-15,1000,0,1.0,0.0,0.0,0.0,2.517738331065298e-06,1.0,1.0,1.0,1.0,1.0,1.0,1.0,1.0,1.0,1.0,1.0,1.0,1000.0000000000007,1000.0000000000007,0.14800608013183864,0.8519939198683861,0.1480060801318387,0.8519939198683865,1.0000000000000004,2.4999763829870667,1.0000000000000004,False,164d6ed5550a232197e7eed93f08fe61ada6825c15609e700526aaf110843d01,610db94a8180e0004ca22a210635af28ab147f89a66e4a265d5378ee614eb22e,2f5577a7b1c8cb07f9f79d4f7955e17155a40330bc3e96f3dcb2f7c2cc262add,610db94a8180e0004ca22a210635af28ab147f89a66e4a265d5378ee614eb22e,56510599dd2dfa60af2d1915b424fb10dcf5b7bbb57508dd848f6dbeeb5f39f3,2f5577a7b1c8cb07f9f79d4f7955e17155a40330bc3e96f3dcb2f7c2cc262add,c7aaa5379f5bfa7a11b23ea95b87218ac32891087cabdc6156fc3a3bfcb45356,D:\PhD-Project\GP_RKHS_MINT\GP_RKHS_MINT\Tully_models\GP_MInt_QCLE_Reviewer_Ready_Pipeline_v4\output\fixed_pipeline\reviewer_closure_20260726_174927\step9_repl_P0100\seed11\pbme.npz,snap_000000,snap_002400,0.0,0.0,0.0,0.0,0.0,0.0
100.0,PBME,11,1e-10,2.9504690655530777e-13,1000,0,1.0,0.0,0.0,0.0,2.517738331065298e-06,1.0,1.0,1.0,1.0,1.0,1.0,1.0,1.0,1.0,1.0,1.0,1.0,1000.0000000000007,1000.0000000000007,0.14800608013183864,0.8519939198683861,0.1480060801318387,0.8519939198683865,1.0000000000000004,2.4999763829870667,1.0000000000000004,False,164d6ed5550a232197e7eed93f08fe61ada6825c15609e700526aaf110843d01,610db94a8180e0004ca22a210635af28ab147f89a66e4a265d5378ee614eb22e,2f5577a7b1c8cb07f9f79d4f7955e17155a40330bc3e96f3dcb2f7c2cc262add,610db94a8180e0004ca22a210635af28ab147f89a66e4a265d5378ee614eb22e,56510599dd2dfa60af2d1915b424fb10dcf5b7bbb57508dd848f6dbeeb5f39f3,2f5577a7b1c8cb07f9f79d4f7955e17155a40330bc3e96f3dcb2f7c2cc262add,c7aaa5379f5bfa7a11b23ea95b87218ac32891087cabdc6156fc3a3bfcb45356,D:\PhD-Project\GP_RKHS_MINT\GP_RKHS_MINT\Tully_models\GP_MInt_QCLE_Reviewer_Ready_Pipeline_v4\output\fixed_pipeline\reviewer_closure_20260726_174927\step9_repl_P0100\seed11\pbme.npz,snap_000000,snap_002400,0.0,0.0,0.0,0.0,0.0,0.0
100.0,PBME,11,1e-08,2.9504690655530775e-11,1000,0,1.0,0.0,0.0,0.0,2.517738331065298e-06,1.0,1.0,1.0,1.0,1.0,1.0,1.0,1.0,1.0,1.0,1.0,1.0,1000.0000000000007,1000.0000000000007,0.14800608013183864,0.8519939198683861,0.1480060801318387,0.8519939198683865,1.0000000000000004,2.4999763829870667,1.0000000000000004,False,164d6ed5550a232197e7eed93f08fe61ada6825c15609e700526aaf110843d01,610db94a8180e0004ca22a210635af28ab147f89a66e4a265d5378ee614eb22e,2f5577a7b1c8cb07f9f79d4f7955e17155a40330bc3e96f3dcb2f7c2cc262add,610db94a8180e0004ca22a210635af28ab147f89a66e4a265d5378ee614eb22e,56510599dd2dfa60af2d1915b424fb10dcf5b7bbb57508dd848f6dbeeb5f39f3,2f5577a7b1c8cb07f9f79d4f7955e17155a40330bc3e96f3dcb2f7c2cc262add,c7aaa5379f5bfa7a11b23ea95b87218ac32891087cabdc6156fc3a3bfcb45356,D:\PhD-Project\GP_RKHS_MINT\GP_RKHS_MINT\Tully_models\GP_MInt_QCLE_Reviewer_Ready_Pipeline_v4\output\fixed_pipeline\reviewer_closure_20260726_174927\step9_repl_P0100\seed11\pbme.npz,snap_000000,snap_002400,0.0,0.0,0.0,0.0,0.0,0.0
100.0,PBME,11,1e-06,2.9504690655530773e-09,1000,0,1.0,0.0,0.0,0.0,2.517738331065298e-06,1.0,1.0,1.0,1.0,1.0,1.0,1.0,1.0,1.0,1.0,1.0,1.0,1000.0000000000007,1000.0000000000007,0.14800608013183864,0.8519939198683861,0.1480060801318387,0.8519939198683865,1.0000000000000004,2.4999763829870667,1.0000000000000004,False,164d6ed5550a232197e7eed93f08fe61ada6825c15609e700526aaf110843d01,610db94a8180e0004ca22a210635af28ab147f89a66e4a265d5378ee614eb22e,2f5577a7b1c8cb07f9f79d4f7955e17155a40330bc3e96f3dcb2f7c2cc262add,610db94a8180e0004ca22a210635af28ab147f89a66e4a265d5378ee614eb22e,56510599dd2dfa60af2d1915b424fb10dcf5b7bbb57508dd848f6dbeeb5f39f3,2f5577a7b1c8cb07f9f79d4f7955e17155a40330bc3e96f3dcb2f7c2cc262add,c7aaa5379f5bfa7a11b23ea95b87218ac32891087cabdc6156fc3a3bfcb45356,D:\PhD-Project\GP_RKHS_MINT\GP_RKHS_MINT\Tully_models\GP_MInt_QCLE_Reviewer_Ready_Pipeline_v4\output\fixed_pipeline\reviewer_closure_20260726_174927\step9_repl_P0100\seed11\pbme.npz,snap_000000,snap_002400,0.0,0.0,0.0,0.0,0.0,0.0
100.0,PBME,11,1e-05,2.9504690655530778e-08,1000,0,1.0,0.0,0.0,0.0,2.517738331065298e-06,1.0,1.0,1.0,1.0,1.0,1.0,1.0,1.0,1.0,1.0,1.0,1.0,1000.0000000000007,1000.0000000000007,0.14800608013183864,0.8519939198683861,0.1480060801318387,0.8519939198683865,1.0000000000000004,2.4999763829870667,1.0000000000000004,False,164d6ed5550a232197e7eed93f08fe61ada6825c15609e700526aaf110843d01,610db94a8180e0004ca22a210635af28ab147f89a66e4a265d5378ee614eb22e,2f5577a7b1c8cb07f9f79d4f7955e17155a40330bc3e96f3dcb2f7c2cc262add,610db94a8180e0004ca22a210635af28ab147f89a66e4a265d5378ee614eb22e,56510599dd2dfa60af2d1915b424fb10dcf5b7bbb57508dd848f6dbeeb5f39f3,2f5577a7b1c8cb07f9f79d4f7955e17155a40330bc3e96f3dcb2f7c2cc262add,c7aaa5379f5bfa7a11b23ea95b87218ac32891087cabdc6156fc3a3bfcb45356,D:\PhD-Project\GP_RKHS_MINT\GP_RKHS_MINT\Tully_models\GP_MInt_QCLE_Reviewer_Ready_Pipeline_v4\output\fixed_pipeline\reviewer_closure_20260726_174927\step9_repl_P0100\seed11\pbme.npz,snap_000000,snap_002400,0.0,0.0,0.0,0.0,0.0,0.0
100.0,PBME,11,0.0001,2.9504690655530774e-07,1000,0,1.0,0.0,0.0,0.0,2.517738331065298e-06,1.0,1.0,1.0,1.0,1.0,1.0,1.0,1.0,1.0,1.0,1.0,1.0,1000.0000000000007,1000.0000000000007,0.14800608013183864,0.8519939198683861,0.1480060801318387,0.8519939198683865,1.0000000000000004,2.4999763829870667,1.0000000000000004,False,164d6ed5550a232197e7eed93f08fe61ada6825c15609e700526aaf110843d01,610db94a8180e0004ca22a210635af28ab147f89a66e4a265d5378ee614eb22e,2f5577a7b1c8cb07f9f79d4f7955e17155a40330bc3e96f3dcb2f7c2cc262add,610db94a8180e0004ca22a210635af28ab147f89a66e4a265d5378ee614eb22e,56510599dd2dfa60af2d1915b424fb10dcf5b7bbb57508dd848f6dbeeb5f39f3,2f5577a7b1c8cb07f9f79d4f7955e17155a40330bc3e96f3dcb2f7c2cc262add,c7aaa5379f5bfa7a11b23ea95b87218ac32891087cabdc6156fc3a3bfcb45356,D:\PhD-Project\GP_RKHS_MINT\GP_RKHS_MINT\Tully_models\GP_MInt_QCLE_Reviewer_Ready_Pipeline_v4\output\fixed_pipeline\reviewer_closure_20260726_174927\step9_repl_P0100\seed11\pbme.npz,snap_000000,snap_002400,0.0,0.0,0.0,0.0,0.0,0.0
100.0,PBME,11,0.001,2.9504690655530777e-06,999,1,0.999,0.001,0.0009999999999999994,0.0009999999999999998,3.699456287062762e-06,1.0,1.0,1.0,1.0,1.0,1.0,1.0,1.0,1.0,1.0,1.0,1.0,999.0000000000003,999.0000000000003,0.14856658398318562,0.8514334160170394,0.1484180173992025,0.8505819826010226,0.9990000000000003,2.497557574725244,0.9990000000000003,False,8626ac65103ba633f986cb7277e48276da252bd0248ea6a26ec4a0650de21464,610db94a8180e0004ca22a210635af28ab147f89a66e4a265d5378ee614eb22e,2f5577a7b1c8cb07f9f79d4f7955e17155a40330bc3e96f3dcb2f7c2cc262add,610db94a8180e0004ca22a210635af28ab147f89a66e4a265d5378ee614eb22e,56510599dd2dfa60af2d1915b424fb10dcf5b7bbb57508dd848f6dbeeb5f39f3,2f5577a7b1c8cb07f9f79d4f7955e17155a40330bc3e96f3dcb2f7c2cc262add,c7aaa5379f5bfa7a11b23ea95b87218ac32891087cabdc6156fc3a3bfcb45356,D:\PhD-Project\GP_RKHS_MINT\GP_RKHS_MINT\Tully_models\GP_MInt_QCLE_Reviewer_Ready_Pipeline_v4\output\fixed_pipeline\reviewer_closure_20260726_174927\step9_repl_P0100\seed11\pbme.npz,snap_000000,snap_002400,0.0005605038513469829,-0.0005605038513467608,0.0004119372673637989,-0.001411937267363883,-0.001000000000000112,-0.0024188082618228357
100.0,PBME,11,0.01,2.9504690655530777e-05,990,10,0.99,0.01,0.009999999999999997,0.010000000000000002,3.540040505016427e-05,1.0,1.0,1.0,1.0,1.0,1.0,1.0,1.0,1.0,1.0,1.0,1.0,990.0000000000005,990.0000000000005,0.14861853509164308,0.851381464908582,0.1471323497407267,0.8428676502594965,0.9900000000000003,2.4751518792342324,0.9900000000000003,False,ed70f576eed85d7d935724349ae29e0b512a8db8fe6f49d04adcb9ff6cf4b39d,610db94a8180e0004ca22a210635af28ab147f89a66e4a265d5378ee614eb22e,2f5577a7b1c8cb07f9f79d4f7955e17155a40330bc3e96f3dcb2f7c2cc262add,610db94a8180e0004ca22a210635af28ab147f89a66e4a265d5378ee614eb22e,56510599dd2dfa60af2d1915b424fb10dcf5b7bbb57508dd848f6dbeeb5f39f3,2f5577a7b1c8cb07f9f79d4f7955e17155a40330bc3e96f3dcb2f7c2cc262add,c7aaa5379f5bfa7a11b23ea95b87218ac32891087cabdc6156fc3a3bfcb45356,D:\PhD-Project\GP_RKHS_MINT\GP_RKHS_MINT\Tully_models\GP_MInt_QCLE_Reviewer_Ready_Pipeline_v4\output\fixed_pipeline\reviewer_closure_20260726_174927\step9_repl_P0100\seed11\pbme.npz,snap_000000,snap_002400,0.0006124549598044426,-0.0006124549598041096,-0.0008737303911119931,-0.009126269608889959,-0.01000000000000012,-0.024824503752834293
100.0,MIDPOINT,11,0.0,0.0,1000,0,1.0,0.0,0.0,0.0,2.517738331065298e-06,255174066667784.7,34240060.38296178,142227678.32331774,434690619.9838868,1243149193.2111204,6990741413.724106,55472798296.9388,417861540400.8157,2639755863195.265,8002620108916.532,48668433284280.37,252436773078674.1,0.9612847940249856,27.588348862390284,0.47351772028565303,0.5264822797147946,-224974865336.50116,-250139065354.16888,-475113930690.4574,-1146614858086.4663,-475113930690.4574,False,164d6ed5550a232197e7eed93f08fe61ada6825c15609e700526aaf110843d01,610db94a8180e0004ca22a210635af28ab147f89a66e4a265d5378ee614eb22e,24fb906558a96135624991f4d90b5442ad613a59cd28fdc8da8f98510cbb5032,610db94a8180e0004ca22a210635af28ab147f89a66e4a265d5378ee614eb22e,56510599dd2dfa60af2d1915b424fb10dcf5b7bbb57508dd848f6dbeeb5f39f3,9f59133da28dcdfb851505759f9611660f57e4b1d7d0cbb055002bcaf05e151e,586c825a4f64f9323f2ffde56c73245dda2af7bd83d7114ea9192f16ea1a8d61,D:\PhD-Project\GP_RKHS_MINT\GP_RKHS_MINT\Tully_models\GP_MInt_QCLE_Reviewer_Ready_Pipeline_v4\output\fixed_pipeline\reviewer_closure_20260726_174927\step9_repl_P0100\seed11\midpoint.npz,snap_000000,snap_002400,0.0,0.0,0.0,0.0,0.0,0.0
100.0,MIDPOINT,11,1e-14,2.9504690655530777e-17,1000,0,1.0,0.0,0.0,0.0,2.517738331065298e-06,255174066667784.7,34240060.38296178,142227678.32331774,434690619.9838868,1243149193.2111204,6990741413.724106,55472798296.9388,417861540400.8157,2639755863195.265,8002620108916.532,48668433284280.37,252436773078674.1,0.9612847940249856,27.588348862390284,0.47351772028565303,0.5264822797147946,-224974865336.50116,-250139065354.16888,-475113930690.4574,-1146614858086.4663,-475113930690.4574,False,164d6ed5550a232197e7eed93f08fe61ada6825c15609e700526aaf110843d01,610db94a8180e0004ca22a210635af28ab147f89a66e4a265d5378ee614eb22e,24fb906558a96135624991f4d90b5442ad613a59cd28fdc8da8f98510cbb5032,610db94a8180e0004ca22a210635af28ab147f89a66e4a265d5378ee614eb22e,56510599dd2dfa60af2d1915b424fb10dcf5b7bbb57508dd848f6dbeeb5f39f3,9f59133da28dcdfb851505759f9611660f57e4b1d7d0cbb055002bcaf05e151e,586c825a4f64f9323f2ffde56c73245dda2af7bd83d7114ea9192f16ea1a8d61,D:\PhD-Project\GP_RKHS_MINT\GP_RKHS_MINT\Tully_models\GP_MInt_QCLE_Reviewer_Ready_Pipeline_v4\output\fixed_pipeline\reviewer_closure_20260726_174927\step9_repl_P0100\seed11\midpoint.npz,snap_000000,snap_002400,0.0,0.0,0.0,0.0,0.0,0.0
100.0,MIDPOINT,11,1e-12,2.9504690655530776e-15,1000,0,1.0,0.0,0.0,0.0,2.517738331065298e-06,255174066667784.7,34240060.38296178,142227678.32331774,434690619.9838868,1243149193.2111204,6990741413.724106,55472798296.9388,417861540400.8157,2639755863195.265,8002620108916.532,48668433284280.37,252436773078674.1,0.9612847940249856,27.588348862390284,0.47351772028565303,0.5264822797147946,-224974865336.50116,-250139065354.16888,-475113930690.4574,-1146614858086.4663,-475113930690.4574,False,164d6ed5550a232197e7eed93f08fe61ada6825c15609e700526aaf110843d01,610db94a8180e0004ca22a210635af28ab147f89a66e4a265d5378ee614eb22e,24fb906558a96135624991f4d90b5442ad613a59cd28fdc8da8f98510cbb5032,610db94a8180e0004ca22a210635af28ab147f89a66e4a265d5378ee614eb22e,56510599dd2dfa60af2d1915b424fb10dcf5b7bbb57508dd848f6dbeeb5f39f3,9f59133da28dcdfb851505759f9611660f57e4b1d7d0cbb055002bcaf05e151e,586c825a4f64f9323f2ffde56c73245dda2af7bd83d7114ea9192f16ea1a8d61,D:\PhD-Project\GP_RKHS_MINT\GP_RKHS_MINT\Tully_models\GP_MInt_QCLE_Reviewer_Ready_Pipeline_v4\output\fixed_pipeline\reviewer_closure_20260726_174927\step9_repl_P0100\seed11\midpoint.npz,snap_000000,snap_002400,0.0,0.0,0.0,0.0,0.0,0.0
100.0,MIDPOINT,11,1e-10,2.9504690655530777e-13,1000,0,1.0,0.0,0.0,0.0,2.517738331065298e-06,255174066667784.7,34240060.38296178,142227678.32331774,434690619.9838868,1243149193.2111204,6990741413.724106,55472798296.9388,417861540400.8157,2639755863195.265,8002620108916.532,48668433284280.37,252436773078674.1,0.9612847940249856,27.588348862390284,0.47351772028565303,0.5264822797147946,-224974865336.50116,-250139065354.16888,-475113930690.4574,-1146614858086.4663,-475113930690.4574,False,164d6ed5550a232197e7eed93f08fe61ada6825c15609e700526aaf110843d01,610db94a8180e0004ca22a210635af28ab147f89a66e4a265d5378ee614eb22e,24fb906558a96135624991f4d90b5442ad613a59cd28fdc8da8f98510cbb5032,610db94a8180e0004ca22a210635af28ab147f89a66e4a265d5378ee614eb22e,56510599dd2dfa60af2d1915b424fb10dcf5b7bbb57508dd848f6dbeeb5f39f3,9f59133da28dcdfb851505759f9611660f57e4b1d7d0cbb055002bcaf05e151e,586c825a4f64f9323f2ffde56c73245dda2af7bd83d7114ea9192f16ea1a8d61,D:\PhD-Project\GP_RKHS_MINT\GP_RKHS_MINT\Tully_models\GP_MInt_QCLE_Reviewer_Ready_Pipeline_v4\output\fixed_pipeline\reviewer_closure_20260726_174927\step9_repl_P0100\seed11\midpoint.npz,snap_000000,snap_002400,0.0,0.0,0.0,0.0,0.0,0.0
100.0,MIDPOINT,11,1e-08,2.9504690655530775e-11,1000,0,1.0,0.0,0.0,0.0,2.517738331065298e-06,255174066667784.7,34240060.38296178,142227678.32331774,434690619.9838868,1243149193.2111204,6990741413.724106,55472798296.9388,417861540400.8157,2639755863195.265,8002620108916.532,48668433284280.37,252436773078674.1,0.9612847940249856,27.588348862390284,0.47351772028565303,0.5264822797147946,-224974865336.50116,-250139065354.16888,-475113930690.4574,-1146614858086.4663,-475113930690.4574,False,164d6ed5550a232197e7eed93f08fe61ada6825c15609e700526aaf110843d01,610db94a8180e0004ca22a210635af28ab147f89a66e4a265d5378ee614eb22e,24fb906558a96135624991f4d90b5442ad613a59cd28fdc8da8f98510cbb5032,610db94a8180e0004ca22a210635af28ab147f89a66e4a265d5378ee614eb22e,56510599dd2dfa60af2d1915b424fb10dcf5b7bbb57508dd848f6dbeeb5f39f3,9f59133da28dcdfb851505759f9611660f57e4b1d7d0cbb055002bcaf05e151e,586c825a4f64f9323f2ffde56c73245dda2af7bd83d7114ea9192f16ea1a8d61,D:\PhD-Project\GP_RKHS_MINT\GP_RKHS_MINT\Tully_models\GP_MInt_QCLE_Reviewer_Ready_Pipeline_v4\output\fixed_pipeline\reviewer_closure_20260726_174927\step9_repl_P0100\seed11\midpoint.npz,snap_000000,snap_002400,0.0,0.0,0.0,0.0,0.0,0.0
100.0,MIDPOINT,11,1e-06,2.9504690655530773e-09,1000,0,1.0,0.0,0.0,0.0,2.517738331065298e-06,255174066667784.7,34240060.38296178,142227678.32331774,434690619.9838868,1243149193.2111204,6990741413.724106,55472798296.9388,417861540400.8157,2639755863195.265,8002620108916.532,48668433284280.37,252436773078674.1,0.9612847940249856,27.588348862390284,0.47351772028565303,0.5264822797147946,-224974865336.50116,-250139065354.16888,-475113930690.4574,-1146614858086.4663,-475113930690.4574,False,164d6ed5550a232197e7eed93f08fe61ada6825c15609e700526aaf110843d01,610db94a8180e0004ca22a210635af28ab147f89a66e4a265d5378ee614eb22e,24fb906558a96135624991f4d90b5442ad613a59cd28fdc8da8f98510cbb5032,610db94a8180e0004ca22a210635af28ab147f89a66e4a265d5378ee614eb22e,56510599dd2dfa60af2d1915b424fb10dcf5b7bbb57508dd848f6dbeeb5f39f3,9f59133da28dcdfb851505759f9611660f57e4b1d7d0cbb055002bcaf05e151e,586c825a4f64f9323f2ffde56c73245dda2af7bd83d7114ea9192f16ea1a8d61,D:\PhD-Project\GP_RKHS_MINT\GP_RKHS_MINT\Tully_models\GP_MInt_QCLE_Reviewer_Ready_Pipeline_v4\output\fixed_pipeline\reviewer_closure_20260726_174927\step9_repl_P0100\seed11\midpoint.npz,snap_000000,snap_002400,0.0,0.0,0.0,0.0,0.0,0.0
100.0,MIDPOINT,11,1e-05,2.9504690655530778e-08,1000,0,1.0,0.0,0.0,0.0,2.517738331065298e-06,255174066667784.7,34240060.38296178,142227678.32331774,434690619.9838868,1243149193.2111204,6990741413.724106,55472798296.9388,417861540400.8157,2639755863195.265,8002620108916.532,48668433284280.37,252436773078674.1,0.9612847940249856,27.588348862390284,0.47351772028565303,0.5264822797147946,-224974865336.50116,-250139065354.16888,-475113930690.4574,-1146614858086.4663,-475113930690.4574,False,164d6ed5550a232197e7eed93f08fe61ada6825c15609e700526aaf110843d01,610db94a8180e0004ca22a210635af28ab147f89a66e4a265d5378ee614eb22e,24fb906558a96135624991f4d90b5442ad613a59cd28fdc8da8f98510cbb5032,610db94a8180e0004ca22a210635af28ab147f89a66e4a265d5378ee614eb22e,56510599dd2dfa60af2d1915b424fb10dcf5b7bbb57508dd848f6dbeeb5f39f3,9f59133da28dcdfb851505759f9611660f57e4b1d7d0cbb055002bcaf05e151e,586c825a4f64f9323f2ffde56c73245dda2af7bd83d7114ea9192f16ea1a8d61,D:\PhD-Project\GP_RKHS_MINT\GP_RKHS_MINT\Tully_models\GP_MInt_QCLE_Reviewer_Ready_Pipeline_v4\output\fixed_pipeline\reviewer_closure_20260726_174927\step9_repl_P0100\seed11\midpoint.npz,snap_000000,snap_002400,0.0,0.0,0.0,0.0,0.0,0.0
100.0,MIDPOINT,11,0.0001,2.9504690655530774e-07,1000,0,1.0,0.0,0.0,0.0,2.517738331065298e-06,255174066667784.7,34240060.38296178,142227678.32331774,434690619.9838868,1243149193.2111204,6990741413.724106,55472798296.9388,417861540400.8157,2639755863195.265,8002620108916.532,48668433284280.37,252436773078674.1,0.9612847940249856,27.588348862390284,0.47351772028565303,0.5264822797147946,-224974865336.50116,-250139065354.16888,-475113930690.4574,-1146614858086.4663,-475113930690.4574,False,164d6ed5550a232197e7eed93f08fe61ada6825c15609e700526aaf110843d01,610db94a8180e0004ca22a210635af28ab147f89a66e4a265d5378ee614eb22e,24fb906558a96135624991f4d90b5442ad613a59cd28fdc8da8f98510cbb5032,610db94a8180e0004ca22a210635af28ab147f89a66e4a265d5378ee614eb22e,56510599dd2dfa60af2d1915b424fb10dcf5b7bbb57508dd848f6dbeeb5f39f3,9f59133da28dcdfb851505759f9611660f57e4b1d7d0cbb055002bcaf05e151e,586c825a4f64f9323f2ffde56c73245dda2af7bd83d7114ea9192f16ea1a8d61,D:\PhD-Project\GP_RKHS_MINT\GP_RKHS_MINT\Tully_models\GP_MInt_QCLE_Reviewer_Ready_Pipeline_v4\output\fixed_pipeline\reviewer_closure_20260726_174927\step9_repl_P0100\seed11\midpoint.npz,snap_000000,snap_002400,0.0,0.0,0.0,0.0,0.0,0.0
100.0,MIDPOINT,11,0.001,2.9504690655530777e-06,999,1,0.999,0.001,0.0009999999999999994,0.0009999999999999998,3.699456287062762e-06,255174066667784.7,34213110.441994056,142207589.53025234,434565474.1937761,1241340541.1085112,6981379931.805896,55280340109.261284,413371894130.6493,2635614738963.515,7579866479943.623,48769118804474.07,252439513112296.78,0.8807708801061468,27.19023183837986,0.5139531258653919,0.4860468741350581,-233522232083.9878,-220842612357.59277,-454364844441.3761,-1096426796842.1184,-454364844441.3761,False,8626ac65103ba633f986cb7277e48276da252bd0248ea6a26ec4a0650de21464,610db94a8180e0004ca22a210635af28ab147f89a66e4a265d5378ee614eb22e,24fb906558a96135624991f4d90b5442ad613a59cd28fdc8da8f98510cbb5032,610db94a8180e0004ca22a210635af28ab147f89a66e4a265d5378ee614eb22e,56510599dd2dfa60af2d1915b424fb10dcf5b7bbb57508dd848f6dbeeb5f39f3,9f59133da28dcdfb851505759f9611660f57e4b1d7d0cbb055002bcaf05e151e,586c825a4f64f9323f2ffde56c73245dda2af7bd83d7114ea9192f16ea1a8d61,D:\PhD-Project\GP_RKHS_MINT\GP_RKHS_MINT\Tully_models\GP_MInt_QCLE_Reviewer_Ready_Pipeline_v4\output\fixed_pipeline\reviewer_closure_20260726_174927\step9_repl_P0100\seed11\midpoint.npz,snap_000000,snap_002400,0.04043540557973885,-0.04043540557973646,-8547366747.486633,29296452996.57611,20749086249.0813,50188061244.3479
100.0,MIDPOINT,11,0.01,2.9504690655530777e-05,990,10,0.99,0.01,0.009999999999999997,0.010000000000000002,3.540040505016427e-05,255174066667784.7,33970560.973284535,142026790.39266393,433439162.08277977,1243149193.2111204,6972018449.887686,54611995637.74707,398642764719.95056,2310944838485.6025,7038158807745.553,43190079695094.23,252464173414901.4,0.44546979573308026,23.642057831303674,1.0224822269458302,-0.02248222694535536,-317070087693.60535,6971702276.336014,-310098385417.1221,-735508121230.6642,-310098385417.1221,False,ed70f576eed85d7d935724349ae29e0b512a8db8fe6f49d04adcb9ff6cf4b39d,610db94a8180e0004ca22a210635af28ab147f89a66e4a265d5378ee614eb22e,24fb906558a96135624991f4d90b5442ad613a59cd28fdc8da8f98510cbb5032,610db94a8180e0004ca22a210635af28ab147f89a66e4a265d5378ee614eb22e,56510599dd2dfa60af2d1915b424fb10dcf5b7bbb57508dd848f6dbeeb5f39f3,9f59133da28dcdfb851505759f9611660f57e4b1d7d0cbb055002bcaf05e151e,586c825a4f64f9323f2ffde56c73245dda2af7bd83d7114ea9192f16ea1a8d61,D:\PhD-Project\GP_RKHS_MINT\GP_RKHS_MINT\Tully_models\GP_MInt_QCLE_Reviewer_Ready_Pipeline_v4\output\fixed_pipeline\reviewer_closure_20260726_174927\step9_repl_P0100\seed11\midpoint.npz,snap_000000,snap_002400,0.5489645066601772,-0.54896450666015,-92095222357.10419,257110767630.50488,165015545273.33533,411106736855.8021
100.0,PBME,29,0.0,0.0,1000,0,1.0,0.0,0.0,0.0,2.601808243769247e-06,1.0,1.0,1.0,1.0,1.0,1.0,1.0,1.0,1.0,1.0,1.0,1.0,1000.0000000000007,1000.0000000000007,0.11468814057440303,0.8853118594258224,0.11468814057440309,0.8853118594258228,1.0000000000000004,2.499746749233518,1.0000000000000004,False,164d6ed5550a232197e7eed93f08fe61ada6825c15609e700526aaf110843d01,7f5d58d2e92d5d0791655604234e683b92d92017c929950cd922dcb08c1aa295,2f5577a7b1c8cb07f9f79d4f7955e17155a40330bc3e96f3dcb2f7c2cc262add,7f5d58d2e92d5d0791655604234e683b92d92017c929950cd922dcb08c1aa295,aea9df1cfcf733d0cddfb1350b7b0ffb7ea38c614841086fe3841f43af0dce95,2f5577a7b1c8cb07f9f79d4f7955e17155a40330bc3e96f3dcb2f7c2cc262add,bb1a54d6dd70b44ddf4d727786b335517a0563780974d9c0ed31d5014bee27c7,D:\PhD-Project\GP_RKHS_MINT\GP_RKHS_MINT\Tully_models\GP_MInt_QCLE_Reviewer_Ready_Pipeline_v4\output\fixed_pipeline\reviewer_closure_20260726_174927\step9_repl_P0100\seed29\pbme.npz,snap_000000,snap_002400,0.0,0.0,0.0,0.0,0.0,0.0
100.0,PBME,29,1e-14,2.94965651608312e-17,1000,0,1.0,0.0,0.0,0.0,2.601808243769247e-06,1.0,1.0,1.0,1.0,1.0,1.0,1.0,1.0,1.0,1.0,1.0,1.0,1000.0000000000007,1000.0000000000007,0.11468814057440303,0.8853118594258224,0.11468814057440309,0.8853118594258228,1.0000000000000004,2.499746749233518,1.0000000000000004,False,164d6ed5550a232197e7eed93f08fe61ada6825c15609e700526aaf110843d01,7f5d58d2e92d5d0791655604234e683b92d92017c929950cd922dcb08c1aa295,2f5577a7b1c8cb07f9f79d4f7955e17155a40330bc3e96f3dcb2f7c2cc262add,7f5d58d2e92d5d0791655604234e683b92d92017c929950cd922dcb08c1aa295,aea9df1cfcf733d0cddfb1350b7b0ffb7ea38c614841086fe3841f43af0dce95,2f5577a7b1c8cb07f9f79d4f7955e17155a40330bc3e96f3dcb2f7c2cc262add,bb1a54d6dd70b44ddf4d727786b335517a0563780974d9c0ed31d5014bee27c7,D:\PhD-Project\GP_RKHS_MINT\GP_RKHS_MINT\Tully_models\GP_MInt_QCLE_Reviewer_Ready_Pipeline_v4\output\fixed_pipeline\reviewer_closure_20260726_174927\step9_repl_P0100\seed29\pbme.npz,snap_000000,snap_002400,0.0,0.0,0.0,0.0,0.0,0.0
100.0,PBME,29,1e-12,2.94965651608312e-15,1000,0,1.0,0.0,0.0,0.0,2.601808243769247e-06,1.0,1.0,1.0,1.0,1.0,1.0,1.0,1.0,1.0,1.0,1.0,1.0,1000.0000000000007,1000.0000000000007,0.11468814057440303,0.8853118594258224,0.11468814057440309,0.8853118594258228,1.0000000000000004,2.499746749233518,1.0000000000000004,False,164d6ed5550a232197e7eed93f08fe61ada6825c15609e700526aaf110843d01,7f5d58d2e92d5d0791655604234e683b92d92017c929950cd922dcb08c1aa295,2f5577a7b1c8cb07f9f79d4f7955e17155a40330bc3e96f3dcb2f7c2cc262add,7f5d58d2e92d5d0791655604234e683b92d92017c929950cd922dcb08c1aa295,aea9df1cfcf733d0cddfb1350b7b0ffb7ea38c614841086fe3841f43af0dce95,2f5577a7b1c8cb07f9f79d4f7955e17155a40330bc3e96f3dcb2f7c2cc262add,bb1a54d6dd70b44ddf4d727786b335517a0563780974d9c0ed31d5014bee27c7,D:\PhD-Project\GP_RKHS_MINT\GP_RKHS_MINT\Tully_models\GP_MInt_QCLE_Reviewer_Ready_Pipeline_v4\output\fixed_pipeline\reviewer_closure_20260726_174927\step9_repl_P0100\seed29\pbme.npz,snap_000000,snap_002400,0.0,0.0,0.0,0.0,0.0,0.0
100.0,PBME,29,1e-10,2.94965651608312e-13,1000,0,1.0,0.0,0.0,0.0,2.601808243769247e-06,1.0,1.0,1.0,1.0,1.0,1.0,1.0,1.0,1.0,1.0,1.0,1.0,1000.0000000000007,1000.0000000000007,0.11468814057440303,0.8853118594258224,0.11468814057440309,0.8853118594258228,1.0000000000000004,2.499746749233518,1.0000000000000004,False,164d6ed5550a232197e7eed93f08fe61ada6825c15609e700526aaf110843d01,7f5d58d2e92d5d0791655604234e683b92d92017c929950cd922dcb08c1aa295,2f5577a7b1c8cb07f9f79d4f7955e17155a40330bc3e96f3dcb2f7c2cc262add,7f5d58d2e92d5d0791655604234e683b92d92017c929950cd922dcb08c1aa295,aea9df1cfcf733d0cddfb1350b7b0ffb7ea38c614841086fe3841f43af0dce95,2f5577a7b1c8cb07f9f79d4f7955e17155a40330bc3e96f3dcb2f7c2cc262add,bb1a54d6dd70b44ddf4d727786b335517a0563780974d9c0ed31d5014bee27c7,D:\PhD-Project\GP_RKHS_MINT\GP_RKHS_MINT\Tully_models\GP_MInt_QCLE_Reviewer_Ready_Pipeline_v4\output\fixed_pipeline\reviewer_closure_20260726_174927\step9_repl_P0100\seed29\pbme.npz,snap_000000,snap_002400,0.0,0.0,0.0,0.0,0.0,0.0
100.0,PBME,29,1e-08,2.94965651608312e-11,1000,0,1.0,0.0,0.0,0.0,2.601808243769247e-06,1.0,1.0,1.0,1.0,1.0,1.0,1.0,1.0,1.0,1.0,1.0,1.0,1000.0000000000007,1000.0000000000007,0.11468814057440303,0.8853118594258224,0.11468814057440309,0.8853118594258228,1.0000000000000004,2.499746749233518,1.0000000000000004,False,164d6ed5550a232197e7eed93f08fe61ada6825c15609e700526aaf110843d01,7f5d58d2e92d5d0791655604234e683b92d92017c929950cd922dcb08c1aa295,2f5577a7b1c8cb07f9f79d4f7955e17155a40330bc3e96f3dcb2f7c2cc262add,7f5d58d2e92d5d0791655604234e683b92d92017c929950cd922dcb08c1aa295,aea9df1cfcf733d0cddfb1350b7b0ffb7ea38c614841086fe3841f43af0dce95,2f5577a7b1c8cb07f9f79d4f7955e17155a40330bc3e96f3dcb2f7c2cc262add,bb1a54d6dd70b44ddf4d727786b335517a0563780974d9c0ed31d5014bee27c7,D:\PhD-Project\GP_RKHS_MINT\GP_RKHS_MINT\Tully_models\GP_MInt_QCLE_Reviewer_Ready_Pipeline_v4\output\fixed_pipeline\reviewer_closure_20260726_174927\step9_repl_P0100\seed29\pbme.npz,snap_000000,snap_002400,0.0,0.0,0.0,0.0,0.0,0.0
100.0,PBME,29,1e-06,2.94965651608312e-09,1000,0,1.0,0.0,0.0,0.0,2.601808243769247e-06,1.0,1.0,1.0,1.0,1.0,1.0,1.0,1.0,1.0,1.0,1.0,1.0,1000.0000000000007,1000.0000000000007,0.11468814057440303,0.8853118594258224,0.11468814057440309,0.8853118594258228,1.0000000000000004,2.499746749233518,1.0000000000000004,False,164d6ed5550a232197e7eed93f08fe61ada6825c15609e700526aaf110843d01,7f5d58d2e92d5d0791655604234e683b92d92017c929950cd922dcb08c1aa295,2f5577a7b1c8cb07f9f79d4f7955e17155a40330bc3e96f3dcb2f7c2cc262add,7f5d58d2e92d5d0791655604234e683b92d92017c929950cd922dcb08c1aa295,aea9df1cfcf733d0cddfb1350b7b0ffb7ea38c614841086fe3841f43af0dce95,2f5577a7b1c8cb07f9f79d4f7955e17155a40330bc3e96f3dcb2f7c2cc262add,bb1a54d6dd70b44ddf4d727786b335517a0563780974d9c0ed31d5014bee27c7,D:\PhD-Project\GP_RKHS_MINT\GP_RKHS_MINT\Tully_models\GP_MInt_QCLE_Reviewer_Ready_Pipeline_v4\output\fixed_pipeline\reviewer_closure_20260726_174927\step9_repl_P0100\seed29\pbme.npz,snap_000000,snap_002400,0.0,0.0,0.0,0.0,0.0,0.0
100.0,PBME,29,1e-05,2.94965651608312e-08,1000,0,1.0,0.0,0.0,0.0,2.601808243769247e-06,1.0,1.0,1.0,1.0,1.0,1.0,1.0,1.0,1.0,1.0,1.0,1.0,1000.0000000000007,1000.0000000000007,0.11468814057440303,0.8853118594258224,0.11468814057440309,0.8853118594258228,1.0000000000000004,2.499746749233518,1.0000000000000004,False,164d6ed5550a232197e7eed93f08fe61ada6825c15609e700526aaf110843d01,7f5d58d2e92d5d0791655604234e683b92d92017c929950cd922dcb08c1aa295,2f5577a7b1c8cb07f9f79d4f7955e17155a40330bc3e96f3dcb2f7c2cc262add,7f5d58d2e92d5d0791655604234e683b92d92017c929950cd922dcb08c1aa295,aea9df1cfcf733d0cddfb1350b7b0ffb7ea38c614841086fe3841f43af0dce95,2f5577a7b1c8cb07f9f79d4f7955e17155a40330bc3e96f3dcb2f7c2cc262add,bb1a54d6dd70b44ddf4d727786b335517a0563780974d9c0ed31d5014bee27c7,D:\PhD-Project\GP_RKHS_MINT\GP_RKHS_MINT\Tully_models\GP_MInt_QCLE_Reviewer_Ready_Pipeline_v4\output\fixed_pipeline\reviewer_closure_20260726_174927\step9_repl_P0100\seed29\pbme.npz,snap_000000,snap_002400,0.0,0.0,0.0,0.0,0.0,0.0
100.0,PBME,29,0.0001,2.94965651608312e-07,1000,0,1.0,0.0,0.0,0.0,2.601808243769247e-06,1.0,1.0,1.0,1.0,1.0,1.0,1.0,1.0,1.0,1.0,1.0,1.0,1000.0000000000007,1000.0000000000007,0.11468814057440303,0.8853118594258224,0.11468814057440309,0.8853118594258228,1.0000000000000004,2.499746749233518,1.0000000000000004,False,164d6ed5550a232197e7eed93f08fe61ada6825c15609e700526aaf110843d01,7f5d58d2e92d5d0791655604234e683b92d92017c929950cd922dcb08c1aa295,2f5577a7b1c8cb07f9f79d4f7955e17155a40330bc3e96f3dcb2f7c2cc262add,7f5d58d2e92d5d0791655604234e683b92d92017c929950cd922dcb08c1aa295,aea9df1cfcf733d0cddfb1350b7b0ffb7ea38c614841086fe3841f43af0dce95,2f5577a7b1c8cb07f9f79d4f7955e17155a40330bc3e96f3dcb2f7c2cc262add,bb1a54d6dd70b44ddf4d727786b335517a0563780974d9c0ed31d5014bee27c7,D:\PhD-Project\GP_RKHS_MINT\GP_RKHS_MINT\Tully_models\GP_MInt_QCLE_Reviewer_Ready_Pipeline_v4\output\fixed_pipeline\reviewer_closure_20260726_174927\step9_repl_P0100\seed29\pbme.npz,snap_000000,snap_002400,0.0,0.0,0.0,0.0,0.0,0.0
100.0,PBME,29,0.001,2.94965651608312e-06,999,1,0.999,0.001,0.0009999999999999996,0.001,3.278624251699429e-06,1.0,1.0,1.0,1.0,1.0,1.0,1.0,1.0,1.0,1.0,1.0,1.0,999.0000000000006,999.0000000000006,0.11428367026273172,0.8857163297374938,0.11416938659246903,0.8848306134077567,0.9990000000000004,2.4971589630071045,0.9990000000000004,False,2a4924c38ee143acebd2ddc91bab35f394a36ee0d460da70aab6ff2f484d5f35,7f5d58d2e92d5d0791655604234e683b92d92017c929950cd922dcb08c1aa295,2f5577a7b1c8cb07f9f79d4f7955e17155a40330bc3e96f3dcb2f7c2cc262add,7f5d58d2e92d5d0791655604234e683b92d92017c929950cd922dcb08c1aa295,aea9df1cfcf733d0cddfb1350b7b0ffb7ea38c614841086fe3841f43af0dce95,2f5577a7b1c8cb07f9f79d4f7955e17155a40330bc3e96f3dcb2f7c2cc262add,bb1a54d6dd70b44ddf4d727786b335517a0563780974d9c0ed31d5014bee27c7,D:\PhD-Project\GP_RKHS_MINT\GP_RKHS_MINT\Tully_models\GP_MInt_QCLE_Reviewer_Ready_Pipeline_v4\output\fixed_pipeline\reviewer_closure_20260726_174927\step9_repl_P0100\seed29\pbme.npz,snap_000000,snap_002400,-0.00040447031167131775,0.00040447031167145653,-0.0005187539819340586,-0.0004812460180660949,-0.0010000000000000009,-0.0025877862264134244
100.0,PBME,29,0.01,2.94965651608312e-05,990,10,0.99,0.01,0.009999999999999997,0.010000000000000002,3.343536538121109e-05,1.0,1.0,1.0,1.0,1.0,1.0,1.0,1.0,1.0,1.0,1.0,1.0,990.0000000000007,990.0000000000007,0.11509319175878718,0.8849068082414387,0.11394225984119936,0.8760577401590247,0.9900000000000004,2.4747474860337118,0.9900000000000004,False,5eb40eab55c4922caf57e435eb58c086a292c7ac29b26d4146bc20a370a3250a,7f5d58d2e92d5d0791655604234e683b92d92017c929950cd922dcb08c1aa295,2f5577a7b1c8cb07f9f79d4f7955e17155a40330bc3e96f3dcb2f7c2cc262add,7f5d58d2e92d5d0791655604234e683b92d92017c929950cd922dcb08c1aa295,aea9df1cfcf733d0cddfb1350b7b0ffb7ea38c614841086fe3841f43af0dce95,2f5577a7b1c8cb07f9f79d4f7955e17155a40330bc3e96f3dcb2f7c2cc262add,bb1a54d6dd70b44ddf4d727786b335517a0563780974d9c0ed31d5014bee27c7,D:\PhD-Project\GP_RKHS_MINT\GP_RKHS_MINT\Tully_models\GP_MInt_QCLE_Reviewer_Ready_Pipeline_v4\output\fixed_pipeline\reviewer_closure_20260726_174927\step9_repl_P0100\seed29\pbme.npz,snap_000000,snap_002400,0.00040505118438415033,-0.0004050511843836091,-0.0007458807332037243,-0.009254119266798089,-0.010000000000000009,-0.024999263199806165
100.0,MIDPOINT,29,0.0,0.0,1000,0,1.0,0.0,0.0,0.0,2.601808243769247e-06,7.6101166711584e+23,3.196894007280451e+17,1.3862016389348803e+18,7.309297579844329e+18,1.3307308026174167e+19,4.583636790955947e+19,2.1793596197139343e+20,9.107801538614784e+20,3.942193927154152e+21,1.1563909050723914e+22,5.004043329155183e+22,1.9233761696792554e+23,0.49993761573896567,16.414294242511435,-0.3729308681671167,1.3729308681674386,-2.215826824231341e+20,8.157482539464612e+20,5.941655715231358e+20,1.523433382709243e+21,5.941655715231358e+20,False,164d6ed5550a232197e7eed93f08fe61ada6825c15609e700526aaf110843d01,7f5d58d2e92d5d0791655604234e683b92d92017c929950cd922dcb08c1aa295,778ac314d25da974d45c9b656433fcb3a69bab5a0ad4c81412044f81aed9217d,7f5d58d2e92d5d0791655604234e683b92d92017c929950cd922dcb08c1aa295,aea9df1cfcf733d0cddfb1350b7b0ffb7ea38c614841086fe3841f43af0dce95,b0cbac2b30d826dc0f3e7e6d5d4661c67b721e31eacb3ce75efc96c9b5f99128,94b2eabb137227e9ee3366f4f416fec7a7843a124a56dc1b79aac619098f727e,D:\PhD-Project\GP_RKHS_MINT\GP_RKHS_MINT\Tully_models\GP_MInt_QCLE_Reviewer_Ready_Pipeline_v4\output\fixed_pipeline\reviewer_closure_20260726_174927\step9_repl_P0100\seed29\midpoint.npz,snap_000000,snap_002400,0.0,0.0,0.0,0.0,0.0,0.0
100.0,MIDPOINT,29,1e-14,2.94965651608312e-17,1000,0,1.0,0.0,0.0,0.0,2.601808243769247e-06,7.6101166711584e+23,3.196894007280451e+17,1.3862016389348803e+18,7.309297579844329e+18,1.3307308026174167e+19,4.583636790955947e+19,2.1793596197139343e+20,9.107801538614784e+20,3.942193927154152e+21,1.1563909050723914e+22,5.004043329155183e+22,1.9233761696792554e+23,0.49993761573896567,16.414294242511435,-0.3729308681671167,1.3729308681674386,-2.215826824231341e+20,8.157482539464612e+20,5.941655715231358e+20,1.523433382709243e+21,5.941655715231358e+20,False,164d6ed5550a232197e7eed93f08fe61ada6825c15609e700526aaf110843d01,7f5d58d2e92d5d0791655604234e683b92d92017c929950cd922dcb08c1aa295,778ac314d25da974d45c9b656433fcb3a69bab5a0ad4c81412044f81aed9217d,7f5d58d2e92d5d0791655604234e683b92d92017c929950cd922dcb08c1aa295,aea9df1cfcf733d0cddfb1350b7b0ffb7ea38c614841086fe3841f43af0dce95,b0cbac2b30d826dc0f3e7e6d5d4661c67b721e31eacb3ce75efc96c9b5f99128,94b2eabb137227e9ee3366f4f416fec7a7843a124a56dc1b79aac619098f727e,D:\PhD-Project\GP_RKHS_MINT\GP_RKHS_MINT\Tully_models\GP_MInt_QCLE_Reviewer_Ready_Pipeline_v4\output\fixed_pipeline\reviewer_closure_20260726_174927\step9_repl_P0100\seed29\midpoint.npz,snap_000000,snap_002400,0.0,0.0,0.0,0.0,0.0,0.0
100.0,MIDPOINT,29,1e-12,2.94965651608312e-15,1000,0,1.0,0.0,0.0,0.0,2.601808243769247e-06,7.6101166711584e+23,3.196894007280451e+17,1.3862016389348803e+18,7.309297579844329e+18,1.3307308026174167e+19,4.583636790955947e+19,2.1793596197139343e+20,9.107801538614784e+20,3.942193927154152e+21,1.1563909050723914e+22,5.004043329155183e+22,1.9233761696792554e+23,0.49993761573896567,16.414294242511435,-0.3729308681671167,1.3729308681674386,-2.215826824231341e+20,8.157482539464612e+20,5.941655715231358e+20,1.523433382709243e+21,5.941655715231358e+20,False,164d6ed5550a232197e7eed93f08fe61ada6825c15609e700526aaf110843d01,7f5d58d2e92d5d0791655604234e683b92d92017c929950cd922dcb08c1aa295,778ac314d25da974d45c9b656433fcb3a69bab5a0ad4c81412044f81aed9217d,7f5d58d2e92d5d0791655604234e683b92d92017c929950cd922dcb08c1aa295,aea9df1cfcf733d0cddfb1350b7b0ffb7ea38c614841086fe3841f43af0dce95,b0cbac2b30d826dc0f3e7e6d5d4661c67b721e31eacb3ce75efc96c9b5f99128,94b2eabb137227e9ee3366f4f416fec7a7843a124a56dc1b79aac619098f727e,D:\PhD-Project\GP_RKHS_MINT\GP_RKHS_MINT\Tully_models\GP_MInt_QCLE_Reviewer_Ready_Pipeline_v4\output\fixed_pipeline\reviewer_closure_20260726_174927\step9_repl_P0100\seed29\midpoint.npz,snap_000000,snap_002400,0.0,0.0,0.0,0.0,0.0,0.0
100.0,MIDPOINT,29,1e-10,2.94965651608312e-13,1000,0,1.0,0.0,0.0,0.0,2.601808243769247e-06,7.6101166711584e+23,3.196894007280451e+17,1.3862016389348803e+18,7.309297579844329e+18,1.3307308026174167e+19,4.583636790955947e+19,2.1793596197139343e+20,9.107801538614784e+20,3.942193927154152e+21,1.1563909050723914e+22,5.004043329155183e+22,1.9233761696792554e+23,0.49993761573896567,16.414294242511435,-0.3729308681671167,1.3729308681674386,-2.215826824231341e+20,8.157482539464612e+20,5.941655715231358e+20,1.523433382709243e+21,5.941655715231358e+20,False,164d6ed5550a232197e7eed93f08fe61ada6825c15609e700526aaf110843d01,7f5d58d2e92d5d0791655604234e683b92d92017c929950cd922dcb08c1aa295,778ac314d25da974d45c9b656433fcb3a69bab5a0ad4c81412044f81aed9217d,7f5d58d2e92d5d0791655604234e683b92d92017c929950cd922dcb08c1aa295,aea9df1cfcf733d0cddfb1350b7b0ffb7ea38c614841086fe3841f43af0dce95,b0cbac2b30d826dc0f3e7e6d5d4661c67b721e31eacb3ce75efc96c9b5f99128,94b2eabb137227e9ee3366f4f416fec7a7843a124a56dc1b79aac619098f727e,D:\PhD-Project\GP_RKHS_MINT\GP_RKHS_MINT\Tully_models\GP_MInt_QCLE_Reviewer_Ready_Pipeline_v4\output\fixed_pipeline\reviewer_closure_20260726_174927\step9_repl_P0100\seed29\midpoint.npz,snap_000000,snap_002400,0.0,0.0,0.0,0.0,0.0,0.0
100.0,MIDPOINT,29,1e-08,2.94965651608312e-11,1000,0,1.0,0.0,0.0,0.0,2.601808243769247e-06,7.6101166711584e+23,3.196894007280451e+17,1.3862016389348803e+18,7.309297579844329e+18,1.3307308026174167e+19,4.583636790955947e+19,2.1793596197139343e+20,9.107801538614784e+20,3.942193927154152e+21,1.1563909050723914e+22,5.004043329155183e+22,1.9233761696792554e+23,0.49993761573896567,16.414294242511435,-0.3729308681671167,1.3729308681674386,-2.215826824231341e+20,8.157482539464612e+20,5.941655715231358e+20,1.523433382709243e+21,5.941655715231358e+20,False,164d6ed5550a232197e7eed93f08fe61ada6825c15609e700526aaf110843d01,7f5d58d2e92d5d0791655604234e683b92d92017c929950cd922dcb08c1aa295,778ac314d25da974d45c9b656433fcb3a69bab5a0ad4c81412044f81aed9217d,7f5d58d2e92d5d0791655604234e683b92d92017c929950cd922dcb08c1aa295,aea9df1cfcf733d0cddfb1350b7b0ffb7ea38c614841086fe3841f43af0dce95,b0cbac2b30d826dc0f3e7e6d5d4661c67b721e31eacb3ce75efc96c9b5f99128,94b2eabb137227e9ee3366f4f416fec7a7843a124a56dc1b79aac619098f727e,D:\PhD-Project\GP_RKHS_MINT\GP_RKHS_MINT\Tully_models\GP_MInt_QCLE_Reviewer_Ready_Pipeline_v4\output\fixed_pipeline\reviewer_closure_20260726_174927\step9_repl_P0100\seed29\midpoint.npz,snap_000000,snap_002400,0.0,0.0,0.0,0.0,0.0,0.0
100.0,MIDPOINT,29,1e-06,2.94965651608312e-09,1000,0,1.0,0.0,0.0,0.0,2.601808243769247e-06,7.6101166711584e+23,3.196894007280451e+17,1.3862016389348803e+18,7.309297579844329e+18,1.3307308026174167e+19,4.583636790955947e+19,2.1793596197139343e+20,9.107801538614784e+20,3.942193927154152e+21,1.1563909050723914e+22,5.004043329155183e+22,1.9233761696792554e+23,0.49993761573896567,16.414294242511435,-0.3729308681671167,1.3729308681674386,-2.215826824231341e+20,8.157482539464612e+20,5.941655715231358e+20,1.523433382709243e+21,5.941655715231358e+20,False,164d6ed5550a232197e7eed93f08fe61ada6825c15609e700526aaf110843d01,7f5d58d2e92d5d0791655604234e683b92d92017c929950cd922dcb08c1aa295,778ac314d25da974d45c9b656433fcb3a69bab5a0ad4c81412044f81aed9217d,7f5d58d2e92d5d0791655604234e683b92d92017c929950cd922dcb08c1aa295,aea9df1cfcf733d0cddfb1350b7b0ffb7ea38c614841086fe3841f43af0dce95,b0cbac2b30d826dc0f3e7e6d5d4661c67b721e31eacb3ce75efc96c9b5f99128,94b2eabb137227e9ee3366f4f416fec7a7843a124a56dc1b79aac619098f727e,D:\PhD-Project\GP_RKHS_MINT\GP_RKHS_MINT\Tully_models\GP_MInt_QCLE_Reviewer_Ready_Pipeline_v4\output\fixed_pipeline\reviewer_closure_20260726_174927\step9_repl_P0100\seed29\midpoint.npz,snap_000000,snap_002400,0.0,0.0,0.0,0.0,0.0,0.0
100.0,MIDPOINT,29,1e-05,2.94965651608312e-08,1000,0,1.0,0.0,0.0,0.0,2.601808243769247e-06,7.6101166711584e+23,3.196894007280451e+17,1.3862016389348803e+18,7.309297579844329e+18,1.3307308026174167e+19,4.583636790955947e+19,2.1793596197139343e+20,9.107801538614784e+20,3.942193927154152e+21,1.1563909050723914e+22,5.004043329155183e+22,1.9233761696792554e+23,0.49993761573896567,16.414294242511435,-0.3729308681671167,1.3729308681674386,-2.215826824231341e+20,8.157482539464612e+20,5.941655715231358e+20,1.523433382709243e+21,5.941655715231358e+20,False,164d6ed5550a232197e7eed93f08fe61ada6825c15609e700526aaf110843d01,7f5d58d2e92d5d0791655604234e683b92d92017c929950cd922dcb08c1aa295,778ac314d25da974d45c9b656433fcb3a69bab5a0ad4c81412044f81aed9217d,7f5d58d2e92d5d0791655604234e683b92d92017c929950cd922dcb08c1aa295,aea9df1cfcf733d0cddfb1350b7b0ffb7ea38c614841086fe3841f43af0dce95,b0cbac2b30d826dc0f3e7e6d5d4661c67b721e31eacb3ce75efc96c9b5f99128,94b2eabb137227e9ee3366f4f416fec7a7843a124a56dc1b79aac619098f727e,D:\PhD-Project\GP_RKHS_MINT\GP_RKHS_MINT\Tully_models\GP_MInt_QCLE_Reviewer_Ready_Pipeline_v4\output\fixed_pipeline\reviewer_closure_20260726_174927\step9_repl_P0100\seed29\midpoint.npz,snap_000000,snap_002400,0.0,0.0,0.0,0.0,0.0,0.0
100.0,MIDPOINT,29,0.0001,2.94965651608312e-07,1000,0,1.0,0.0,0.0,0.0,2.601808243769247e-06,7.6101166711584e+23,3.196894007280451e+17,1.3862016389348803e+18,7.309297579844329e+18,1.3307308026174167e+19,4.583636790955947e+19,2.1793596197139343e+20,9.107801538614784e+20,3.942193927154152e+21,1.1563909050723914e+22,5.004043329155183e+22,1.9233761696792554e+23,0.49993761573896567,16.414294242511435,-0.3729308681671167,1.3729308681674386,-2.215826824231341e+20,8.157482539464612e+20,5.941655715231358e+20,1.523433382709243e+21,5.941655715231358e+20,False,164d6ed5550a232197e7eed93f08fe61ada6825c15609e700526aaf110843d01,7f5d58d2e92d5d0791655604234e683b92d92017c929950cd922dcb08c1aa295,778ac314d25da974d45c9b656433fcb3a69bab5a0ad4c81412044f81aed9217d,7f5d58d2e92d5d0791655604234e683b92d92017c929950cd922dcb08c1aa295,aea9df1cfcf733d0cddfb1350b7b0ffb7ea38c614841086fe3841f43af0dce95,b0cbac2b30d826dc0f3e7e6d5d4661c67b721e31eacb3ce75efc96c9b5f99128,94b2eabb137227e9ee3366f4f416fec7a7843a124a56dc1b79aac619098f727e,D:\PhD-Project\GP_RKHS_MINT\GP_RKHS_MINT\Tully_models\GP_MInt_QCLE_Reviewer_Ready_Pipeline_v4\output\fixed_pipeline\reviewer_closure_20260726_174927\step9_repl_P0100\seed29\midpoint.npz,snap_000000,snap_002400,0.0,0.0,0.0,0.0,0.0,0.0
100.0,MIDPOINT,29,0.001,2.94965651608312e-06,999,1,0.999,0.001,0.0009999999999999996,0.001,3.278624251699429e-06,7.6101166711584e+23,3.1949217583004224e+17,1.3860510011532616e+18,7.302339639772923e+18,1.328690554596335e+19,4.573156242641606e+19,2.1741603865161128e+20,9.028367426278276e+20,3.81875617325713e+21,1.1511425344838073e+22,4.489694444452819e+22,1.929068602613534e+23,0.3613748856572184,15.727435496801355,-0.5363903471581896,1.5363903471584812,-2.6933229771452367e+20,7.714522540887051e+20,5.0211995637403504e+20,1.28523900762473e+21,5.0211995637403504e+20,False,2a4924c38ee143acebd2ddc91bab35f394a36ee0d460da70aab6ff2f484d5f35,7f5d58d2e92d5d0791655604234e683b92d92017c929950cd922dcb08c1aa295,778ac314d25da974d45c9b656433fcb3a69bab5a0ad4c81412044f81aed9217d,7f5d58d2e92d5d0791655604234e683b92d92017c929950cd922dcb08c1aa295,aea9df1cfcf733d0cddfb1350b7b0ffb7ea38c614841086fe3841f43af0dce95,b0cbac2b30d826dc0f3e7e6d5d4661c67b721e31eacb3ce75efc96c9b5f99128,94b2eabb137227e9ee3366f4f416fec7a7843a124a56dc1b79aac619098f727e,D:\PhD-Project\GP_RKHS_MINT\GP_RKHS_MINT\Tully_models\GP_MInt_QCLE_Reviewer_Ready_Pipeline_v4\output\fixed_pipeline\reviewer_closure_20260726_174927\step9_repl_P0100\seed29\midpoint.npz,snap_000000,snap_002400,-0.16345947899107288,0.16345947899104263,-4.7749615291389575e+19,-4.429599985775608e+19,-9.204561514910076e+19,-2.381943750845129e+20
100.0,MIDPOINT,29,0.01,2.94965651608312e-05,990,10,0.99,0.01,0.009999999999999997,0.010000000000000002,3.343536538121109e-05,1.9176837367449766e+23,3.177171517480167e+17,1.384695261118693e+18,7.239718179130262e+18,1.308897748482641e+19,4.5357464758664675e+19,2.131698009451576e+20,8.723050648812626e+20,3.5711795268319796e+21,1.0476414751307077e+22,4.37689401656521e+22,1.0976953691823176e+23,0.3589746349021294,54.28123752942806,0.10259534448636247,0.8974046555140782,-1.98505653505987e+19,-1.736335098770652e+20,-1.9348407522757863e+20,-4.733178281847355e+20,-1.9348407522757863e+20,False,5eb40eab55c4922caf57e435eb58c086a292c7ac29b26d4146bc20a370a3250a,7f5d58d2e92d5d0791655604234e683b92d92017c929950cd922dcb08c1aa295,778ac314d25da974d45c9b656433fcb3a69bab5a0ad4c81412044f81aed9217d,7f5d58d2e92d5d0791655604234e683b92d92017c929950cd922dcb08c1aa295,aea9df1cfcf733d0cddfb1350b7b0ffb7ea38c614841086fe3841f43af0dce95,b0cbac2b30d826dc0f3e7e6d5d4661c67b721e31eacb3ce75efc96c9b5f99128,94b2eabb137227e9ee3366f4f416fec7a7843a124a56dc1b79aac619098f727e,D:\PhD-Project\GP_RKHS_MINT\GP_RKHS_MINT\Tully_models\GP_MInt_QCLE_Reviewer_Ready_Pipeline_v4\output\fixed_pipeline\reviewer_closure_20260726_174927\step9_repl_P0100\seed29\midpoint.npz,snap_000000,snap_002400,0.47552621265347916,-0.47552621265336037,2.017321170725354e+20,-9.893817638235263e+20,-7.876496467507144e+20,-1.9967512108939784e+21
100.0,PBME,47,0.0,0.0,1000,0,1.0,0.0,0.0,0.0,1.1088159855829534e-06,1.0,1.0,1.0,1.0,1.0,1.0,1.0,1.0,1.0,1.0,1.0,1.0,1000.0000000000007,1000.0000000000007,0.1421791847871047,0.8578208152131234,0.14217918478710476,0.8578208152131237,1.0000000000000004,2.500653530985467,1.0000000000000004,False,164d6ed5550a232197e7eed93f08fe61ada6825c15609e700526aaf110843d01,0a590db66b6ff6988110edd05eaa0fd2b1e4933d1f62329dea20c6ff641a104e,2f5577a7b1c8cb07f9f79d4f7955e17155a40330bc3e96f3dcb2f7c2cc262add,0a590db66b6ff6988110edd05eaa0fd2b1e4933d1f62329dea20c6ff641a104e,81c2e4c9aad46c5b1cc76d2c98cade9a71ec7eb1a14635b0d2911fbf667c17a9,2f5577a7b1c8cb07f9f79d4f7955e17155a40330bc3e96f3dcb2f7c2cc262add,fa0bf815a281a2472c7d100f276cec939ce6087e6391a99885dd1e27c8407da9,D:\PhD-Project\GP_RKHS_MINT\GP_RKHS_MINT\Tully_models\GP_MInt_QCLE_Reviewer_Ready_Pipeline_v4\output\fixed_pipeline\reviewer_closure_20260726_174927\step9_repl_P0100\seed47\pbme.npz,snap_000000,snap_002400,0.0,0.0,0.0,0.0,0.0,0.0
100.0,PBME,47,1e-14,2.949570387792259e-17,1000,0,1.0,0.0,0.0,0.0,1.1088159855829534e-06,1.0,1.0,1.0,1.0,1.0,1.0,1.0,1.0,1.0,1.0,1.0,1.0,1000.0000000000007,1000.0000000000007,0.1421791847871047,0.8578208152131234,0.14217918478710476,0.8578208152131237,1.0000000000000004,2.500653530985467,1.0000000000000004,False,164d6ed5550a232197e7eed93f08fe61ada6825c15609e700526aaf110843d01,0a590db66b6ff6988110edd05eaa0fd2b1e4933d1f62329dea20c6ff641a104e,2f5577a7b1c8cb07f9f79d4f7955e17155a40330bc3e96f3dcb2f7c2cc262add,0a590db66b6ff6988110edd05eaa0fd2b1e4933d1f62329dea20c6ff641a104e,81c2e4c9aad46c5b1cc76d2c98cade9a71ec7eb1a14635b0d2911fbf667c17a9,2f5577a7b1c8cb07f9f79d4f7955e17155a40330bc3e96f3dcb2f7c2cc262add,fa0bf815a281a2472c7d100f276cec939ce6087e6391a99885dd1e27c8407da9,D:\PhD-Project\GP_RKHS_MINT\GP_RKHS_MINT\Tully_models\GP_MInt_QCLE_Reviewer_Ready_Pipeline_v4\output\fixed_pipeline\reviewer_closure_20260726_174927\step9_repl_P0100\seed47\pbme.npz,snap_000000,snap_002400,0.0,0.0,0.0,0.0,0.0,0.0
100.0,PBME,47,1e-12,2.949570387792259e-15,1000,0,1.0,0.0,0.0,0.0,1.1088159855829534e-06,1.0,1.0,1.0,1.0,1.0,1.0,1.0,1.0,1.0,1.0,1.0,1.0,1000.0000000000007,1000.0000000000007,0.1421791847871047,0.8578208152131234,0.14217918478710476,0.8578208152131237,1.0000000000000004,2.500653530985467,1.0000000000000004,False,164d6ed5550a232197e7eed93f08fe61ada6825c15609e700526aaf110843d01,0a590db66b6ff6988110edd05eaa0fd2b1e4933d1f62329dea20c6ff641a104e,2f5577a7b1c8cb07f9f79d4f7955e17155a40330bc3e96f3dcb2f7c2cc262add,0a590db66b6ff6988110edd05eaa0fd2b1e4933d1f62329dea20c6ff641a104e,81c2e4c9aad46c5b1cc76d2c98cade9a71ec7eb1a14635b0d2911fbf667c17a9,2f5577a7b1c8cb07f9f79d4f7955e17155a40330bc3e96f3dcb2f7c2cc262add,fa0bf815a281a2472c7d100f276cec939ce6087e6391a99885dd1e27c8407da9,D:\PhD-Project\GP_RKHS_MINT\GP_RKHS_MINT\Tully_models\GP_MInt_QCLE_Reviewer_Ready_Pipeline_v4\output\fixed_pipeline\reviewer_closure_20260726_174927\step9_repl_P0100\seed47\pbme.npz,snap_000000,snap_002400,0.0,0.0,0.0,0.0,0.0,0.0
100.0,PBME,47,1e-10,2.949570387792259e-13,1000,0,1.0,0.0,0.0,0.0,1.1088159855829534e-06,1.0,1.0,1.0,1.0,1.0,1.0,1.0,1.0,1.0,1.0,1.0,1.0,1000.0000000000007,1000.0000000000007,0.1421791847871047,0.8578208152131234,0.14217918478710476,0.8578208152131237,1.0000000000000004,2.500653530985467,1.0000000000000004,False,164d6ed5550a232197e7eed93f08fe61ada6825c15609e700526aaf110843d01,0a590db66b6ff6988110edd05eaa0fd2b1e4933d1f62329dea20c6ff641a104e,2f5577a7b1c8cb07f9f79d4f7955e17155a40330bc3e96f3dcb2f7c2cc262add,0a590db66b6ff6988110edd05eaa0fd2b1e4933d1f62329dea20c6ff641a104e,81c2e4c9aad46c5b1cc76d2c98cade9a71ec7eb1a14635b0d2911fbf667c17a9,2f5577a7b1c8cb07f9f79d4f7955e17155a40330bc3e96f3dcb2f7c2cc262add,fa0bf815a281a2472c7d100f276cec939ce6087e6391a99885dd1e27c8407da9,D:\PhD-Project\GP_RKHS_MINT\GP_RKHS_MINT\Tully_models\GP_MInt_QCLE_Reviewer_Ready_Pipeline_v4\output\fixed_pipeline\reviewer_closure_20260726_174927\step9_repl_P0100\seed47\pbme.npz,snap_000000,snap_002400,0.0,0.0,0.0,0.0,0.0,0.0
100.0,PBME,47,1e-08,2.9495703877922595e-11,1000,0,1.0,0.0,0.0,0.0,1.1088159855829534e-06,1.0,1.0,1.0,1.0,1.0,1.0,1.0,1.0,1.0,1.0,1.0,1.0,1000.0000000000007,1000.0000000000007,0.1421791847871047,0.8578208152131234,0.14217918478710476,0.8578208152131237,1.0000000000000004,2.500653530985467,1.0000000000000004,False,164d6ed5550a232197e7eed93f08fe61ada6825c15609e700526aaf110843d01,0a590db66b6ff6988110edd05eaa0fd2b1e4933d1f62329dea20c6ff641a104e,2f5577a7b1c8cb07f9f79d4f7955e17155a40330bc3e96f3dcb2f7c2cc262add,0a590db66b6ff6988110edd05eaa0fd2b1e4933d1f62329dea20c6ff641a104e,81c2e4c9aad46c5b1cc76d2c98cade9a71ec7eb1a14635b0d2911fbf667c17a9,2f5577a7b1c8cb07f9f79d4f7955e17155a40330bc3e96f3dcb2f7c2cc262add,fa0bf815a281a2472c7d100f276cec939ce6087e6391a99885dd1e27c8407da9,D:\PhD-Project\GP_RKHS_MINT\GP_RKHS_MINT\Tully_models\GP_MInt_QCLE_Reviewer_Ready_Pipeline_v4\output\fixed_pipeline\reviewer_closure_20260726_174927\step9_repl_P0100\seed47\pbme.npz,snap_000000,snap_002400,0.0,0.0,0.0,0.0,0.0,0.0
100.0,PBME,47,1e-06,2.949570387792259e-09,1000,0,1.0,0.0,0.0,0.0,1.1088159855829534e-06,1.0,1.0,1.0,1.0,1.0,1.0,1.0,1.0,1.0,1.0,1.0,1.0,1000.0000000000007,1000.0000000000007,0.1421791847871047,0.8578208152131234,0.14217918478710476,0.8578208152131237,1.0000000000000004,2.500653530985467,1.0000000000000004,False,164d6ed5550a232197e7eed93f08fe61ada6825c15609e700526aaf110843d01,0a590db66b6ff6988110edd05eaa0fd2b1e4933d1f62329dea20c6ff641a104e,2f5577a7b1c8cb07f9f79d4f7955e17155a40330bc3e96f3dcb2f7c2cc262add,0a590db66b6ff6988110edd05eaa0fd2b1e4933d1f62329dea20c6ff641a104e,81c2e4c9aad46c5b1cc76d2c98cade9a71ec7eb1a14635b0d2911fbf667c17a9,2f5577a7b1c8cb07f9f79d4f7955e17155a40330bc3e96f3dcb2f7c2cc262add,fa0bf815a281a2472c7d100f276cec939ce6087e6391a99885dd1e27c8407da9,D:\PhD-Project\GP_RKHS_MINT\GP_RKHS_MINT\Tully_models\GP_MInt_QCLE_Reviewer_Ready_Pipeline_v4\output\fixed_pipeline\reviewer_closure_20260726_174927\step9_repl_P0100\seed47\pbme.npz,snap_000000,snap_002400,0.0,0.0,0.0,0.0,0.0,0.0
100.0,PBME,47,1e-05,2.9495703877922594e-08,1000,0,1.0,0.0,0.0,0.0,1.1088159855829534e-06,1.0,1.0,1.0,1.0,1.0,1.0,1.0,1.0,1.0,1.0,1.0,1.0,1000.0000000000007,1000.0000000000007,0.1421791847871047,0.8578208152131234,0.14217918478710476,0.8578208152131237,1.0000000000000004,2.500653530985467,1.0000000000000004,False,164d6ed5550a232197e7eed93f08fe61ada6825c15609e700526aaf110843d01,0a590db66b6ff6988110edd05eaa0fd2b1e4933d1f62329dea20c6ff641a104e,2f5577a7b1c8cb07f9f79d4f7955e17155a40330bc3e96f3dcb2f7c2cc262add,0a590db66b6ff6988110edd05eaa0fd2b1e4933d1f62329dea20c6ff641a104e,81c2e4c9aad46c5b1cc76d2c98cade9a71ec7eb1a14635b0d2911fbf667c17a9,2f5577a7b1c8cb07f9f79d4f7955e17155a40330bc3e96f3dcb2f7c2cc262add,fa0bf815a281a2472c7d100f276cec939ce6087e6391a99885dd1e27c8407da9,D:\PhD-Project\GP_RKHS_MINT\GP_RKHS_MINT\Tully_models\GP_MInt_QCLE_Reviewer_Ready_Pipeline_v4\output\fixed_pipeline\reviewer_closure_20260726_174927\step9_repl_P0100\seed47\pbme.npz,snap_000000,snap_002400,0.0,0.0,0.0,0.0,0.0,0.0
100.0,PBME,47,0.0001,2.9495703877922594e-07,1000,0,1.0,0.0,0.0,0.0,1.1088159855829534e-06,1.0,1.0,1.0,1.0,1.0,1.0,1.0,1.0,1.0,1.0,1.0,1.0,1000.0000000000007,1000.0000000000007,0.1421791847871047,0.8578208152131234,0.14217918478710476,0.8578208152131237,1.0000000000000004,2.500653530985467,1.0000000000000004,False,164d6ed5550a232197e7eed93f08fe61ada6825c15609e700526aaf110843d01,0a590db66b6ff6988110edd05eaa0fd2b1e4933d1f62329dea20c6ff641a104e,2f5577a7b1c8cb07f9f79d4f7955e17155a40330bc3e96f3dcb2f7c2cc262add,0a590db66b6ff6988110edd05eaa0fd2b1e4933d1f62329dea20c6ff641a104e,81c2e4c9aad46c5b1cc76d2c98cade9a71ec7eb1a14635b0d2911fbf667c17a9,2f5577a7b1c8cb07f9f79d4f7955e17155a40330bc3e96f3dcb2f7c2cc262add,fa0bf815a281a2472c7d100f276cec939ce6087e6391a99885dd1e27c8407da9,D:\PhD-Project\GP_RKHS_MINT\GP_RKHS_MINT\Tully_models\GP_MInt_QCLE_Reviewer_Ready_Pipeline_v4\output\fixed_pipeline\reviewer_closure_20260726_174927\step9_repl_P0100\seed47\pbme.npz,snap_000000,snap_002400,0.0,0.0,0.0,0.0,0.0,0.0
100.0,PBME,47,0.001,2.949570387792259e-06,999,1,0.999,0.001,0.0009999999999999996,0.001,4.8891231929473434e-06,1.0,1.0,1.0,1.0,1.0,1.0,1.0,1.0,1.0,1.0,1.0,1.0,999.0000000000006,999.0000000000006,0.14230972295277192,0.8576902770474562,0.1421674132298192,0.8568325867704091,0.9990000000000004,2.4980623566253315,0.9990000000000004,False,62b0e46efbe47e72ab48c0f54011675afc78edba453642bf5968bdf324060eb9,0a590db66b6ff6988110edd05eaa0fd2b1e4933d1f62329dea20c6ff641a104e,2f5577a7b1c8cb07f9f79d4f7955e17155a40330bc3e96f3dcb2f7c2cc262add,0a590db66b6ff6988110edd05eaa0fd2b1e4933d1f62329dea20c6ff641a104e,81c2e4c9aad46c5b1cc76d2c98cade9a71ec7eb1a14635b0d2911fbf667c17a9,2f5577a7b1c8cb07f9f79d4f7955e17155a40330bc3e96f3dcb2f7c2cc262add,fa0bf815a281a2472c7d100f276cec939ce6087e6391a99885dd1e27c8407da9,D:\PhD-Project\GP_RKHS_MINT\GP_RKHS_MINT\Tully_models\GP_MInt_QCLE_Reviewer_Ready_Pipeline_v4\output\fixed_pipeline\reviewer_closure_20260726_174927\step9_repl_P0100\seed47\pbme.npz,snap_000000,snap_002400,0.00013053816566721554,-0.00013053816566721554,-1.1771557285544798e-05,-0.0009882284427146226,-0.0010000000000000009,-0.002591174360135451
100.0,PBME,47,0.01,2.9495703877922593e-05,989,11,0.989,0.011,0.010999999999999998,0.011000000000000003,2.9781938589278257e-05,1.0,1.0,1.0,1.0,1.0,1.0,1.0,1.0,1.0,1.0,1.0,1.0,989.0000000000006,989.0000000000006,0.14214753924598375,0.8578524607542445,0.140583916314278,0.8484160836859481,0.9890000000000004,2.4728682304652763,0.9890000000000004,False,44f615c9ec425ebf53f2452a2627b4ff382723815ce20593f7073f6dc5945e05,0a590db66b6ff6988110edd05eaa0fd2b1e4933d1f62329dea20c6ff641a104e,2f5577a7b1c8cb07f9f79d4f7955e17155a40330bc3e96f3dcb2f7c2cc262add,0a590db66b6ff6988110edd05eaa0fd2b1e4933d1f62329dea20c6ff641a104e,81c2e4c9aad46c5b1cc76d2c98cade9a71ec7eb1a14635b0d2911fbf667c17a9,2f5577a7b1c8cb07f9f79d4f7955e17155a40330bc3e96f3dcb2f7c2cc262add,fa0bf815a281a2472c7d100f276cec939ce6087e6391a99885dd1e27c8407da9,D:\PhD-Project\GP_RKHS_MINT\GP_RKHS_MINT\Tully_models\GP_MInt_QCLE_Reviewer_Ready_Pipeline_v4\output\fixed_pipeline\reviewer_closure_20260726_174927\step9_repl_P0100\seed47\pbme.npz,snap_000000,snap_002400,-3.1645541120950416e-05,3.164554112111695e-05,-0.0015952684728267608,-0.00940473152717558,-0.01100000000000001,-0.02778530052019068
100.0,MIDPOINT,47,0.0,0.0,1000,0,1.0,0.0,0.0,0.0,1.1088159855829534e-06,3.379604877660634e+23,1.8421674069997544e+16,2.211790562569295e+17,7.527251894422532e+17,1.8080986045958902e+18,9.013052864683401e+18,5.7162968276652196e+19,2.773833329321511e+20,1.4719004067811618e+21,3.725963661975288e+21,2.6485315848291735e+22,8.49232279338416e+22,0.20359193088008856,12.230829520881116,-1.4799278282353694,2.4799278282356756,2.461189226655209e+20,-4.12423601832925e+20,-1.663046791673532e+20,-4.3584522049567483e+20,-1.663046791673532e+20,False,164d6ed5550a232197e7eed93f08fe61ada6825c15609e700526aaf110843d01,0a590db66b6ff6988110edd05eaa0fd2b1e4933d1f62329dea20c6ff641a104e,49c6bb7a5cb5d63db2c3ec3e802de9022114dc09d91dac5e061a00ab37f06cd6,0a590db66b6ff6988110edd05eaa0fd2b1e4933d1f62329dea20c6ff641a104e,81c2e4c9aad46c5b1cc76d2c98cade9a71ec7eb1a14635b0d2911fbf667c17a9,73359ee6cb081dc9c38686300196bf342317a40eecba7beaed4ffdea96d063e2,b7f766c18d68c16f35cdc4b9d2316ca7e24ce3b3b597d318a7c290c8c1c3a310,D:\PhD-Project\GP_RKHS_MINT\GP_RKHS_MINT\Tully_models\GP_MInt_QCLE_Reviewer_Ready_Pipeline_v4\output\fixed_pipeline\reviewer_closure_20260726_174927\step9_repl_P0100\seed47\midpoint.npz,snap_000000,snap_002400,0.0,0.0,0.0,0.0,0.0,0.0
100.0,MIDPOINT,47,1e-14,2.949570387792259e-17,1000,0,1.0,0.0,0.0,0.0,1.1088159855829534e-06,3.379604877660634e+23,1.8421674069997544e+16,2.211790562569295e+17,7.527251894422532e+17,1.8080986045958902e+18,9.013052864683401e+18,5.7162968276652196e+19,2.773833329321511e+20,1.4719004067811618e+21,3.725963661975288e+21,2.6485315848291735e+22,8.49232279338416e+22,0.20359193088008856,12.230829520881116,-1.4799278282353694,2.4799278282356756,2.461189226655209e+20,-4.12423601832925e+20,-1.663046791673532e+20,-4.3584522049567483e+20,-1.663046791673532e+20,False,164d6ed5550a232197e7eed93f08fe61ada6825c15609e700526aaf110843d01,0a590db66b6ff6988110edd05eaa0fd2b1e4933d1f62329dea20c6ff641a104e,49c6bb7a5cb5d63db2c3ec3e802de9022114dc09d91dac5e061a00ab37f06cd6,0a590db66b6ff6988110edd05eaa0fd2b1e4933d1f62329dea20c6ff641a104e,81c2e4c9aad46c5b1cc76d2c98cade9a71ec7eb1a14635b0d2911fbf667c17a9,73359ee6cb081dc9c38686300196bf342317a40eecba7beaed4ffdea96d063e2,b7f766c18d68c16f35cdc4b9d2316ca7e24ce3b3b597d318a7c290c8c1c3a310,D:\PhD-Project\GP_RKHS_MINT\GP_RKHS_MINT\Tully_models\GP_MInt_QCLE_Reviewer_Ready_Pipeline_v4\output\fixed_pipeline\reviewer_closure_20260726_174927\step9_repl_P0100\seed47\midpoint.npz,snap_000000,snap_002400,0.0,0.0,0.0,0.0,0.0,0.0
100.0,MIDPOINT,47,1e-12,2.949570387792259e-15,1000,0,1.0,0.0,0.0,0.0,1.1088159855829534e-06,3.379604877660634e+23,1.8421674069997544e+16,2.211790562569295e+17,7.527251894422532e+17,1.8080986045958902e+18,9.013052864683401e+18,5.7162968276652196e+19,2.773833329321511e+20,1.4719004067811618e+21,3.725963661975288e+21,2.6485315848291735e+22,8.49232279338416e+22,0.20359193088008856,12.230829520881116,-1.4799278282353694,2.4799278282356756,2.461189226655209e+20,-4.12423601832925e+20,-1.663046791673532e+20,-4.3584522049567483e+20,-1.663046791673532e+20,False,164d6ed5550a232197e7eed93f08fe61ada6825c15609e700526aaf110843d01,0a590db66b6ff6988110edd05eaa0fd2b1e4933d1f62329dea20c6ff641a104e,49c6bb7a5cb5d63db2c3ec3e802de9022114dc09d91dac5e061a00ab37f06cd6,0a590db66b6ff6988110edd05eaa0fd2b1e4933d1f62329dea20c6ff641a104e,81c2e4c9aad46c5b1cc76d2c98cade9a71ec7eb1a14635b0d2911fbf667c17a9,73359ee6cb081dc9c38686300196bf342317a40eecba7beaed4ffdea96d063e2,b7f766c18d68c16f35cdc4b9d2316ca7e24ce3b3b597d318a7c290c8c1c3a310,D:\PhD-Project\GP_RKHS_MINT\GP_RKHS_MINT\Tully_models\GP_MInt_QCLE_Reviewer_Ready_Pipeline_v4\output\fixed_pipeline\reviewer_closure_20260726_174927\step9_repl_P0100\seed47\midpoint.npz,snap_000000,snap_002400,0.0,0.0,0.0,0.0,0.0,0.0
100.0,MIDPOINT,47,1e-10,2.949570387792259e-13,1000,0,1.0,0.0,0.0,0.0,1.1088159855829534e-06,3.379604877660634e+23,1.8421674069997544e+16,2.211790562569295e+17,7.527251894422532e+17,1.8080986045958902e+18,9.013052864683401e+18,5.7162968276652196e+19,2.773833329321511e+20,1.4719004067811618e+21,3.725963661975288e+21,2.6485315848291735e+22,8.49232279338416e+22,0.20359193088008856,12.230829520881116,-1.4799278282353694,2.4799278282356756,2.461189226655209e+20,-4.12423601832925e+20,-1.663046791673532e+20,-4.3584522049567483e+20,-1.663046791673532e+20,False,164d6ed5550a232197e7eed93f08fe61ada6825c15609e700526aaf110843d01,0a590db66b6ff6988110edd05eaa0fd2b1e4933d1f62329dea20c6ff641a104e,49c6bb7a5cb5d63db2c3ec3e802de9022114dc09d91dac5e061a00ab37f06cd6,0a590db66b6ff6988110edd05eaa0fd2b1e4933d1f62329dea20c6ff641a104e,81c2e4c9aad46c5b1cc76d2c98cade9a71ec7eb1a14635b0d2911fbf667c17a9,73359ee6cb081dc9c38686300196bf342317a40eecba7beaed4ffdea96d063e2,b7f766c18d68c16f35cdc4b9d2316ca7e24ce3b3b597d318a7c290c8c1c3a310,D:\PhD-Project\GP_RKHS_MINT\GP_RKHS_MINT\Tully_models\GP_MInt_QCLE_Reviewer_Ready_Pipeline_v4\output\fixed_pipeline\reviewer_closure_20260726_174927\step9_repl_P0100\seed47\midpoint.npz,snap_000000,snap_002400,0.0,0.0,0.0,0.0,0.0,0.0
100.0,MIDPOINT,47,1e-08,2.9495703877922595e-11,1000,0,1.0,0.0,0.0,0.0,1.1088159855829534e-06,3.379604877660634e+23,1.8421674069997544e+16,2.211790562569295e+17,7.527251894422532e+17,1.8080986045958902e+18,9.013052864683401e+18,5.7162968276652196e+19,2.773833329321511e+20,1.4719004067811618e+21,3.725963661975288e+21,2.6485315848291735e+22,8.49232279338416e+22,0.20359193088008856,12.230829520881116,-1.4799278282353694,2.4799278282356756,2.461189226655209e+20,-4.12423601832925e+20,-1.663046791673532e+20,-4.3584522049567483e+20,-1.663046791673532e+20,False,164d6ed5550a232197e7eed93f08fe61ada6825c15609e700526aaf110843d01,0a590db66b6ff6988110edd05eaa0fd2b1e4933d1f62329dea20c6ff641a104e,49c6bb7a5cb5d63db2c3ec3e802de9022114dc09d91dac5e061a00ab37f06cd6,0a590db66b6ff6988110edd05eaa0fd2b1e4933d1f62329dea20c6ff641a104e,81c2e4c9aad46c5b1cc76d2c98cade9a71ec7eb1a14635b0d2911fbf667c17a9,73359ee6cb081dc9c38686300196bf342317a40eecba7beaed4ffdea96d063e2,b7f766c18d68c16f35cdc4b9d2316ca7e24ce3b3b597d318a7c290c8c1c3a310,D:\PhD-Project\GP_RKHS_MINT\GP_RKHS_MINT\Tully_models\GP_MInt_QCLE_Reviewer_Ready_Pipeline_v4\output\fixed_pipeline\reviewer_closure_20260726_174927\step9_repl_P0100\seed47\midpoint.npz,snap_000000,snap_002400,0.0,0.0,0.0,0.0,0.0,0.0
100.0,MIDPOINT,47,1e-06,2.949570387792259e-09,1000,0,1.0,0.0,0.0,0.0,1.1088159855829534e-06,3.379604877660634e+23,1.8421674069997544e+16,2.211790562569295e+17,7.527251894422532e+17,1.8080986045958902e+18,9.013052864683401e+18,5.7162968276652196e+19,2.773833329321511e+20,1.4719004067811618e+21,3.725963661975288e+21,2.6485315848291735e+22,8.49232279338416e+22,0.20359193088008856,12.230829520881116,-1.4799278282353694,2.4799278282356756,2.461189226655209e+20,-4.12423601832925e+20,-1.663046791673532e+20,-4.3584522049567483e+20,-1.663046791673532e+20,False,164d6ed5550a232197e7eed93f08fe61ada6825c15609e700526aaf110843d01,0a590db66b6ff6988110edd05eaa0fd2b1e4933d1f62329dea20c6ff641a104e,49c6bb7a5cb5d63db2c3ec3e802de9022114dc09d91dac5e061a00ab37f06cd6,0a590db66b6ff6988110edd05eaa0fd2b1e4933d1f62329dea20c6ff641a104e,81c2e4c9aad46c5b1cc76d2c98cade9a71ec7eb1a14635b0d2911fbf667c17a9,73359ee6cb081dc9c38686300196bf342317a40eecba7beaed4ffdea96d063e2,b7f766c18d68c16f35cdc4b9d2316ca7e24ce3b3b597d318a7c290c8c1c3a310,D:\PhD-Project\GP_RKHS_MINT\GP_RKHS_MINT\Tully_models\GP_MInt_QCLE_Reviewer_Ready_Pipeline_v4\output\fixed_pipeline\reviewer_closure_20260726_174927\step9_repl_P0100\seed47\midpoint.npz,snap_000000,snap_002400,0.0,0.0,0.0,0.0,0.0,0.0
100.0,MIDPOINT,47,1e-05,2.9495703877922594e-08,1000,0,1.0,0.0,0.0,0.0,1.1088159855829534e-06,3.379604877660634e+23,1.8421674069997544e+16,2.211790562569295e+17,7.527251894422532e+17,1.8080986045958902e+18,9.013052864683401e+18,5.7162968276652196e+19,2.773833329321511e+20,1.4719004067811618e+21,3.725963661975288e+21,2.6485315848291735e+22,8.49232279338416e+22,0.20359193088008856,12.230829520881116,-1.4799278282353694,2.4799278282356756,2.461189226655209e+20,-4.12423601832925e+20,-1.663046791673532e+20,-4.3584522049567483e+20,-1.663046791673532e+20,False,164d6ed5550a232197e7eed93f08fe61ada6825c15609e700526aaf110843d01,0a590db66b6ff6988110edd05eaa0fd2b1e4933d1f62329dea20c6ff641a104e,49c6bb7a5cb5d63db2c3ec3e802de9022114dc09d91dac5e061a00ab37f06cd6,0a590db66b6ff6988110edd05eaa0fd2b1e4933d1f62329dea20c6ff641a104e,81c2e4c9aad46c5b1cc76d2c98cade9a71ec7eb1a14635b0d2911fbf667c17a9,73359ee6cb081dc9c38686300196bf342317a40eecba7beaed4ffdea96d063e2,b7f766c18d68c16f35cdc4b9d2316ca7e24ce3b3b597d318a7c290c8c1c3a310,D:\PhD-Project\GP_RKHS_MINT\GP_RKHS_MINT\Tully_models\GP_MInt_QCLE_Reviewer_Ready_Pipeline_v4\output\fixed_pipeline\reviewer_closure_20260726_174927\step9_repl_P0100\seed47\midpoint.npz,snap_000000,snap_002400,0.0,0.0,0.0,0.0,0.0,0.0
100.0,MIDPOINT,47,0.0001,2.9495703877922594e-07,1000,0,1.0,0.0,0.0,0.0,1.1088159855829534e-06,3.379604877660634e+23,1.8421674069997544e+16,2.211790562569295e+17,7.527251894422532e+17,1.8080986045958902e+18,9.013052864683401e+18,5.7162968276652196e+19,2.773833329321511e+20,1.4719004067811618e+21,3.725963661975288e+21,2.6485315848291735e+22,8.49232279338416e+22,0.20359193088008856,12.230829520881116,-1.4799278282353694,2.4799278282356756,2.461189226655209e+20,-4.12423601832925e+20,-1.663046791673532e+20,-4.3584522049567483e+20,-1.663046791673532e+20,False,164d6ed5550a232197e7eed93f08fe61ada6825c15609e700526aaf110843d01,0a590db66b6ff6988110edd05eaa0fd2b1e4933d1f62329dea20c6ff641a104e,49c6bb7a5cb5d63db2c3ec3e802de9022114dc09d91dac5e061a00ab37f06cd6,0a590db66b6ff6988110edd05eaa0fd2b1e4933d1f62329dea20c6ff641a104e,81c2e4c9aad46c5b1cc76d2c98cade9a71ec7eb1a14635b0d2911fbf667c17a9,73359ee6cb081dc9c38686300196bf342317a40eecba7beaed4ffdea96d063e2,b7f766c18d68c16f35cdc4b9d2316ca7e24ce3b3b597d318a7c290c8c1c3a310,D:\PhD-Project\GP_RKHS_MINT\GP_RKHS_MINT\Tully_models\GP_MInt_QCLE_Reviewer_Ready_Pipeline_v4\output\fixed_pipeline\reviewer_closure_20260726_174927\step9_repl_P0100\seed47\midpoint.npz,snap_000000,snap_002400,0.0,0.0,0.0,0.0,0.0,0.0
100.0,MIDPOINT,47,0.001,2.949570387792259e-06,999,1,0.999,0.001,0.0009999999999999996,0.001,4.8891231929473434e-06,3.379604877660634e+23,1.8418614781040616e+16,2.2108979807831462e+17,7.524613131131613e+17,1.8048920418261358e+18,8.994520015149727e+18,5.70238171010937e+19,2.7547288281500313e+20,1.4655439661659581e+21,3.735326719485784e+21,2.6491881889408783e+22,8.517651848421821e+22,0.20968399760310596,12.18462096775092,-1.45813137471728,2.4581313747175897,2.4608988633696413e+20,-4.148606093349212e+20,-1.6877072299790477e+20,-4.4223517004038524e+20,-1.6877072299790477e+20,False,62b0e46efbe47e72ab48c0f54011675afc78edba453642bf5968bdf324060eb9,0a590db66b6ff6988110edd05eaa0fd2b1e4933d1f62329dea20c6ff641a104e,49c6bb7a5cb5d63db2c3ec3e802de9022114dc09d91dac5e061a00ab37f06cd6,0a590db66b6ff6988110edd05eaa0fd2b1e4933d1f62329dea20c6ff641a104e,81c2e4c9aad46c5b1cc76d2c98cade9a71ec7eb1a14635b0d2911fbf667c17a9,73359ee6cb081dc9c38686300196bf342317a40eecba7beaed4ffdea96d063e2,b7f766c18d68c16f35cdc4b9d2316ca7e24ce3b3b597d318a7c290c8c1c3a310,D:\PhD-Project\GP_RKHS_MINT\GP_RKHS_MINT\Tully_models\GP_MInt_QCLE_Reviewer_Ready_Pipeline_v4\output\fixed_pipeline\reviewer_closure_20260726_174927\step9_repl_P0100\seed47\midpoint.npz,snap_000000,snap_002400,0.021796453518089454,-0.0217964535180859,-2.903632855675699e+16,-2.437007501996196e+18,-2.4660438305515766e+18,-6.389949544710406e+18
100.0,MIDPOINT,47,0.01,2.9495703877922593e-05,989,11,0.989,0.011,0.010999999999999998,0.011000000000000003,2.9781938589278257e-05,5.565055414695603e+22,1.8388021891471324e+16,2.2019721629216605e+17,7.49822549822242e+17,1.7767079015670487e+18,8.924108359397985e+18,5.518930327094317e+19,2.5498981952815923e+20,1.3704812843635491e+21,3.2812019765839355e+21,1.803347436821173e+22,4.567969518324894e+22,0.6477001351397056,50.04449152612786,0.529738596774531,0.47026140322591564,5.111168142850851e+19,4.5373040922741375e+19,9.64847223512068e+19,2.4431202261071092e+20,9.64847223512068e+19,False,44f615c9ec425ebf53f2452a2627b4ff382723815ce20593f7073f6dc5945e05,0a590db66b6ff6988110edd05eaa0fd2b1e4933d1f62329dea20c6ff641a104e,49c6bb7a5cb5d63db2c3ec3e802de9022114dc09d91dac5e061a00ab37f06cd6,0a590db66b6ff6988110edd05eaa0fd2b1e4933d1f62329dea20c6ff641a104e,81c2e4c9aad46c5b1cc76d2c98cade9a71ec7eb1a14635b0d2911fbf667c17a9,73359ee6cb081dc9c38686300196bf342317a40eecba7beaed4ffdea96d063e2,b7f766c18d68c16f35cdc4b9d2316ca7e24ce3b3b597d318a7c290c8c1c3a310,D:\PhD-Project\GP_RKHS_MINT\GP_RKHS_MINT\Tully_models\GP_MInt_QCLE_Reviewer_Ready_Pipeline_v4\output\fixed_pipeline\reviewer_closure_20260726_174927\step9_repl_P0100\seed47\midpoint.npz,snap_000000,snap_002400,2.0096664250099003,-2.00966642500976,-1.9500724123701238e+20,4.577966427556664e+20,2.6278940151856e+20,6.801572431063857e+20
100.0,PBME,73,0.0,0.0,1000,0,1.0,0.0,0.0,0.0,1.0452980887365332e-05,1.0,1.0,1.0,1.0,1.0,1.0,1.0,1.0,1.0,1.0,1.0,1.0,1000.0000000000007,1000.0000000000007,0.14493053736672434,0.8550694626335014,0.1449305373667244,0.8550694626335017,1.0000000000000004,2.499827141235051,1.0000000000000004,False,164d6ed5550a232197e7eed93f08fe61ada6825c15609e700526aaf110843d01,1d55aa8aaca437366b3690124e9137e425992ac00eed2e1dc82d5224fc2518be,2f5577a7b1c8cb07f9f79d4f7955e17155a40330bc3e96f3dcb2f7c2cc262add,1d55aa8aaca437366b3690124e9137e425992ac00eed2e1dc82d5224fc2518be,f0845ecc3cbfd1a5919717196726ea3641a7bb74bae6e6ed8ac5d5bbdedd9d3c,2f5577a7b1c8cb07f9f79d4f7955e17155a40330bc3e96f3dcb2f7c2cc262add,1fd1fbb3fd32b972fea75d7f45abaae9cdc0e45f4381d49dbb96287c5a795f29,D:\PhD-Project\GP_RKHS_MINT\GP_RKHS_MINT\Tully_models\GP_MInt_QCLE_Reviewer_Ready_Pipeline_v4\output\fixed_pipeline\reviewer_closure_20260726_174927\step9_repl_P0100\seed73\pbme.npz,snap_000000,snap_002400,0.0,0.0,0.0,0.0,0.0,0.0
100.0,PBME,73,1e-14,2.9521506545940864e-17,1000,0,1.0,0.0,0.0,0.0,1.0452980887365332e-05,1.0,1.0,1.0,1.0,1.0,1.0,1.0,1.0,1.0,1.0,1.0,1.0,1000.0000000000007,1000.0000000000007,0.14493053736672434,0.8550694626335014,0.1449305373667244,0.8550694626335017,1.0000000000000004,2.499827141235051,1.0000000000000004,False,164d6ed5550a232197e7eed93f08fe61ada6825c15609e700526aaf110843d01,1d55aa8aaca437366b3690124e9137e425992ac00eed2e1dc82d5224fc2518be,2f5577a7b1c8cb07f9f79d4f7955e17155a40330bc3e96f3dcb2f7c2cc262add,1d55aa8aaca437366b3690124e9137e425992ac00eed2e1dc82d5224fc2518be,f0845ecc3cbfd1a5919717196726ea3641a7bb74bae6e6ed8ac5d5bbdedd9d3c,2f5577a7b1c8cb07f9f79d4f7955e17155a40330bc3e96f3dcb2f7c2cc262add,1fd1fbb3fd32b972fea75d7f45abaae9cdc0e45f4381d49dbb96287c5a795f29,D:\PhD-Project\GP_RKHS_MINT\GP_RKHS_MINT\Tully_models\GP_MInt_QCLE_Reviewer_Ready_Pipeline_v4\output\fixed_pipeline\reviewer_closure_20260726_174927\step9_repl_P0100\seed73\pbme.npz,snap_000000,snap_002400,0.0,0.0,0.0,0.0,0.0,0.0
100.0,PBME,73,1e-12,2.9521506545940864e-15,1000,0,1.0,0.0,0.0,0.0,1.0452980887365332e-05,1.0,1.0,1.0,1.0,1.0,1.0,1.0,1.0,1.0,1.0,1.0,1.0,1000.0000000000007,1000.0000000000007,0.14493053736672434,0.8550694626335014,0.1449305373667244,0.8550694626335017,1.0000000000000004,2.499827141235051,1.0000000000000004,False,164d6ed5550a232197e7eed93f08fe61ada6825c15609e700526aaf110843d01,1d55aa8aaca437366b3690124e9137e425992ac00eed2e1dc82d5224fc2518be,2f5577a7b1c8cb07f9f79d4f7955e17155a40330bc3e96f3dcb2f7c2cc262add,1d55aa8aaca437366b3690124e9137e425992ac00eed2e1dc82d5224fc2518be,f0845ecc3cbfd1a5919717196726ea3641a7bb74bae6e6ed8ac5d5bbdedd9d3c,2f5577a7b1c8cb07f9f79d4f7955e17155a40330bc3e96f3dcb2f7c2cc262add,1fd1fbb3fd32b972fea75d7f45abaae9cdc0e45f4381d49dbb96287c5a795f29,D:\PhD-Project\GP_RKHS_MINT\GP_RKHS_MINT\Tully_models\GP_MInt_QCLE_Reviewer_Ready_Pipeline_v4\output\fixed_pipeline\reviewer_closure_20260726_174927\step9_repl_P0100\seed73\pbme.npz,snap_000000,snap_002400,0.0,0.0,0.0,0.0,0.0,0.0
100.0,PBME,73,1e-10,2.952150654594087e-13,1000,0,1.0,0.0,0.0,0.0,1.0452980887365332e-05,1.0,1.0,1.0,1.0,1.0,1.0,1.0,1.0,1.0,1.0,1.0,1.0,1000.0000000000007,1000.0000000000007,0.14493053736672434,0.8550694626335014,0.1449305373667244,0.8550694626335017,1.0000000000000004,2.499827141235051,1.0000000000000004,False,164d6ed5550a232197e7eed93f08fe61ada6825c15609e700526aaf110843d01,1d55aa8aaca437366b3690124e9137e425992ac00eed2e1dc82d5224fc2518be,2f5577a7b1c8cb07f9f79d4f7955e17155a40330bc3e96f3dcb2f7c2cc262add,1d55aa8aaca437366b3690124e9137e425992ac00eed2e1dc82d5224fc2518be,f0845ecc3cbfd1a5919717196726ea3641a7bb74bae6e6ed8ac5d5bbdedd9d3c,2f5577a7b1c8cb07f9f79d4f7955e17155a40330bc3e96f3dcb2f7c2cc262add,1fd1fbb3fd32b972fea75d7f45abaae9cdc0e45f4381d49dbb96287c5a795f29,D:\PhD-Project\GP_RKHS_MINT\GP_RKHS_MINT\Tully_models\GP_MInt_QCLE_Reviewer_Ready_Pipeline_v4\output\fixed_pipeline\reviewer_closure_20260726_174927\step9_repl_P0100\seed73\pbme.npz,snap_000000,snap_002400,0.0,0.0,0.0,0.0,0.0,0.0
100.0,PBME,73,1e-08,2.952150654594087e-11,1000,0,1.0,0.0,0.0,0.0,1.0452980887365332e-05,1.0,1.0,1.0,1.0,1.0,1.0,1.0,1.0,1.0,1.0,1.0,1.0,1000.0000000000007,1000.0000000000007,0.14493053736672434,0.8550694626335014,0.1449305373667244,0.8550694626335017,1.0000000000000004,2.499827141235051,1.0000000000000004,False,164d6ed5550a232197e7eed93f08fe61ada6825c15609e700526aaf110843d01,1d55aa8aaca437366b3690124e9137e425992ac00eed2e1dc82d5224fc2518be,2f5577a7b1c8cb07f9f79d4f7955e17155a40330bc3e96f3dcb2f7c2cc262add,1d55aa8aaca437366b3690124e9137e425992ac00eed2e1dc82d5224fc2518be,f0845ecc3cbfd1a5919717196726ea3641a7bb74bae6e6ed8ac5d5bbdedd9d3c,2f5577a7b1c8cb07f9f79d4f7955e17155a40330bc3e96f3dcb2f7c2cc262add,1fd1fbb3fd32b972fea75d7f45abaae9cdc0e45f4381d49dbb96287c5a795f29,D:\PhD-Project\GP_RKHS_MINT\GP_RKHS_MINT\Tully_models\GP_MInt_QCLE_Reviewer_Ready_Pipeline_v4\output\fixed_pipeline\reviewer_closure_20260726_174927\step9_repl_P0100\seed73\pbme.npz,snap_000000,snap_002400,0.0,0.0,0.0,0.0,0.0,0.0
100.0,PBME,73,1e-06,2.9521506545940865e-09,1000,0,1.0,0.0,0.0,0.0,1.0452980887365332e-05,1.0,1.0,1.0,1.0,1.0,1.0,1.0,1.0,1.0,1.0,1.0,1.0,1000.0000000000007,1000.0000000000007,0.14493053736672434,0.8550694626335014,0.1449305373667244,0.8550694626335017,1.0000000000000004,2.499827141235051,1.0000000000000004,False,164d6ed5550a232197e7eed93f08fe61ada6825c15609e700526aaf110843d01,1d55aa8aaca437366b3690124e9137e425992ac00eed2e1dc82d5224fc2518be,2f5577a7b1c8cb07f9f79d4f7955e17155a40330bc3e96f3dcb2f7c2cc262add,1d55aa8aaca437366b3690124e9137e425992ac00eed2e1dc82d5224fc2518be,f0845ecc3cbfd1a5919717196726ea3641a7bb74bae6e6ed8ac5d5bbdedd9d3c,2f5577a7b1c8cb07f9f79d4f7955e17155a40330bc3e96f3dcb2f7c2cc262add,1fd1fbb3fd32b972fea75d7f45abaae9cdc0e45f4381d49dbb96287c5a795f29,D:\PhD-Project\GP_RKHS_MINT\GP_RKHS_MINT\Tully_models\GP_MInt_QCLE_Reviewer_Ready_Pipeline_v4\output\fixed_pipeline\reviewer_closure_20260726_174927\step9_repl_P0100\seed73\pbme.npz,snap_000000,snap_002400,0.0,0.0,0.0,0.0,0.0,0.0
100.0,PBME,73,1e-05,2.9521506545940868e-08,1000,0,1.0,0.0,0.0,0.0,1.0452980887365332e-05,1.0,1.0,1.0,1.0,1.0,1.0,1.0,1.0,1.0,1.0,1.0,1.0,1000.0000000000007,1000.0000000000007,0.14493053736672434,0.8550694626335014,0.1449305373667244,0.8550694626335017,1.0000000000000004,2.499827141235051,1.0000000000000004,False,164d6ed5550a232197e7eed93f08fe61ada6825c15609e700526aaf110843d01,1d55aa8aaca437366b3690124e9137e425992ac00eed2e1dc82d5224fc2518be,2f5577a7b1c8cb07f9f79d4f7955e17155a40330bc3e96f3dcb2f7c2cc262add,1d55aa8aaca437366b3690124e9137e425992ac00eed2e1dc82d5224fc2518be,f0845ecc3cbfd1a5919717196726ea3641a7bb74bae6e6ed8ac5d5bbdedd9d3c,2f5577a7b1c8cb07f9f79d4f7955e17155a40330bc3e96f3dcb2f7c2cc262add,1fd1fbb3fd32b972fea75d7f45abaae9cdc0e45f4381d49dbb96287c5a795f29,D:\PhD-Project\GP_RKHS_MINT\GP_RKHS_MINT\Tully_models\GP_MInt_QCLE_Reviewer_Ready_Pipeline_v4\output\fixed_pipeline\reviewer_closure_20260726_174927\step9_repl_P0100\seed73\pbme.npz,snap_000000,snap_002400,0.0,0.0,0.0,0.0,0.0,0.0
100.0,PBME,73,0.0001,2.9521506545940866e-07,1000,0,1.0,0.0,0.0,0.0,1.0452980887365332e-05,1.0,1.0,1.0,1.0,1.0,1.0,1.0,1.0,1.0,1.0,1.0,1.0,1000.0000000000007,1000.0000000000007,0.14493053736672434,0.8550694626335014,0.1449305373667244,0.8550694626335017,1.0000000000000004,2.499827141235051,1.0000000000000004,False,164d6ed5550a232197e7eed93f08fe61ada6825c15609e700526aaf110843d01,1d55aa8aaca437366b3690124e9137e425992ac00eed2e1dc82d5224fc2518be,2f5577a7b1c8cb07f9f79d4f7955e17155a40330bc3e96f3dcb2f7c2cc262add,1d55aa8aaca437366b3690124e9137e425992ac00eed2e1dc82d5224fc2518be,f0845ecc3cbfd1a5919717196726ea3641a7bb74bae6e6ed8ac5d5bbdedd9d3c,2f5577a7b1c8cb07f9f79d4f7955e17155a40330bc3e96f3dcb2f7c2cc262add,1fd1fbb3fd32b972fea75d7f45abaae9cdc0e45f4381d49dbb96287c5a795f29,D:\PhD-Project\GP_RKHS_MINT\GP_RKHS_MINT\Tully_models\GP_MInt_QCLE_Reviewer_Ready_Pipeline_v4\output\fixed_pipeline\reviewer_closure_20260726_174927\step9_repl_P0100\seed73\pbme.npz,snap_000000,snap_002400,0.0,0.0,0.0,0.0,0.0,0.0
100.0,PBME,73,0.001,2.9521506545940867e-06,1000,0,1.0,0.0,0.0,0.0,1.0452980887365332e-05,1.0,1.0,1.0,1.0,1.0,1.0,1.0,1.0,1.0,1.0,1.0,1.0,1000.0000000000007,1000.0000000000007,0.14493053736672434,0.8550694626335014,0.1449305373667244,0.8550694626335017,1.0000000000000004,2.499827141235051,1.0000000000000004,False,164d6ed5550a232197e7eed93f08fe61ada6825c15609e700526aaf110843d01,1d55aa8aaca437366b3690124e9137e425992ac00eed2e1dc82d5224fc2518be,2f5577a7b1c8cb07f9f79d4f7955e17155a40330bc3e96f3dcb2f7c2cc262add,1d55aa8aaca437366b3690124e9137e425992ac00eed2e1dc82d5224fc2518be,f0845ecc3cbfd1a5919717196726ea3641a7bb74bae6e6ed8ac5d5bbdedd9d3c,2f5577a7b1c8cb07f9f79d4f7955e17155a40330bc3e96f3dcb2f7c2cc262add,1fd1fbb3fd32b972fea75d7f45abaae9cdc0e45f4381d49dbb96287c5a795f29,D:\PhD-Project\GP_RKHS_MINT\GP_RKHS_MINT\Tully_models\GP_MInt_QCLE_Reviewer_Ready_Pipeline_v4\output\fixed_pipeline\reviewer_closure_20260726_174927\step9_repl_P0100\seed73\pbme.npz,snap_000000,snap_002400,0.0,0.0,0.0,0.0,0.0,0.0
100.0,PBME,73,0.01,2.9521506545940868e-05,992,8,0.992,0.008,0.007999999999999997,0.008,3.460858698725934e-05,1.0,1.0,1.0,1.0,1.0,1.0,1.0,1.0,1.0,1.0,1.0,1.0,992.0000000000006,992.0000000000006,0.1435658050702913,0.8564341949299348,0.14241727862972903,0.8495827213704956,0.9920000000000004,2.4800984653364138,0.9920000000000004,False,44ed5cc4065ea6b3c3427d6b75ef290f01dba4b7e0d376512818ce694542f0fb,1d55aa8aaca437366b3690124e9137e425992ac00eed2e1dc82d5224fc2518be,2f5577a7b1c8cb07f9f79d4f7955e17155a40330bc3e96f3dcb2f7c2cc262add,1d55aa8aaca437366b3690124e9137e425992ac00eed2e1dc82d5224fc2518be,f0845ecc3cbfd1a5919717196726ea3641a7bb74bae6e6ed8ac5d5bbdedd9d3c,2f5577a7b1c8cb07f9f79d4f7955e17155a40330bc3e96f3dcb2f7c2cc262add,1fd1fbb3fd32b972fea75d7f45abaae9cdc0e45f4381d49dbb96287c5a795f29,D:\PhD-Project\GP_RKHS_MINT\GP_RKHS_MINT\Tully_models\GP_MInt_QCLE_Reviewer_Ready_Pipeline_v4\output\fixed_pipeline\reviewer_closure_20260726_174927\step9_repl_P0100\seed73\pbme.npz,snap_000000,snap_002400,-0.0013647322964330522,0.001364732296433413,-0.002513258736995372,-0.0054867412630060786,-0.008000000000000007,-0.01972867589863725
100.0,MIDPOINT,73,0.0,0.0,1000,0,1.0,0.0,0.0,0.0,1.0452980887365332e-05,4.8326038827346456e+16,43056421192.10479,159337571691.1825,545487054905.7179,1070663673380.7753,5640569694929.754,56187071389160.984,360091988810308.0,1984046902914414.8,5741804609665484.0,2.2812609694717668e+16,4.024030269449424e+16,0.47825845913345116,70.44787755321427,0.5888189926207114,0.4111810073796269,-54676586483544.33,-38181468655283.08,-92858055138796.0,-233711005682369.88,-92858055138796.0,False,164d6ed5550a232197e7eed93f08fe61ada6825c15609e700526aaf110843d01,1d55aa8aaca437366b3690124e9137e425992ac00eed2e1dc82d5224fc2518be,70afb7326ac105729936e681a1844178d3920b7c28b01052c7357dfbdef51121,1d55aa8aaca437366b3690124e9137e425992ac00eed2e1dc82d5224fc2518be,f0845ecc3cbfd1a5919717196726ea3641a7bb74bae6e6ed8ac5d5bbdedd9d3c,f7af39e5965e8c6061e96ed0af7a54fe8c021212bdcb476b27bab702b009b968,933e68c2c6b6c67e315b710c61e2496449e442179fa162596d96bcd1fc92b3cf,D:\PhD-Project\GP_RKHS_MINT\GP_RKHS_MINT\Tully_models\GP_MInt_QCLE_Reviewer_Ready_Pipeline_v4\output\fixed_pipeline\reviewer_closure_20260726_174927\step9_repl_P0100\seed73\midpoint.npz,snap_000000,snap_002400,0.0,0.0,0.0,0.0,0.0,0.0
100.0,MIDPOINT,73,1e-14,2.9521506545940864e-17,1000,0,1.0,0.0,0.0,0.0,1.0452980887365332e-05,4.8326038827346456e+16,43056421192.10479,159337571691.1825,545487054905.7179,1070663673380.7753,5640569694929.754,56187071389160.984,360091988810308.0,1984046902914414.8,5741804609665484.0,2.2812609694717668e+16,4.024030269449424e+16,0.47825845913345116,70.44787755321427,0.5888189926207114,0.4111810073796269,-54676586483544.33,-38181468655283.08,-92858055138796.0,-233711005682369.88,-92858055138796.0,False,164d6ed5550a232197e7eed93f08fe61ada6825c15609e700526aaf110843d01,1d55aa8aaca437366b3690124e9137e425992ac00eed2e1dc82d5224fc2518be,70afb7326ac105729936e681a1844178d3920b7c28b01052c7357dfbdef51121,1d55aa8aaca437366b3690124e9137e425992ac00eed2e1dc82d5224fc2518be,f0845ecc3cbfd1a5919717196726ea3641a7bb74bae6e6ed8ac5d5bbdedd9d3c,f7af39e5965e8c6061e96ed0af7a54fe8c021212bdcb476b27bab702b009b968,933e68c2c6b6c67e315b710c61e2496449e442179fa162596d96bcd1fc92b3cf,D:\PhD-Project\GP_RKHS_MINT\GP_RKHS_MINT\Tully_models\GP_MInt_QCLE_Reviewer_Ready_Pipeline_v4\output\fixed_pipeline\reviewer_closure_20260726_174927\step9_repl_P0100\seed73\midpoint.npz,snap_000000,snap_002400,0.0,0.0,0.0,0.0,0.0,0.0
100.0,MIDPOINT,73,1e-12,2.9521506545940864e-15,1000,0,1.0,0.0,0.0,0.0,1.0452980887365332e-05,4.8326038827346456e+16,43056421192.10479,159337571691.1825,545487054905.7179,1070663673380.7753,5640569694929.754,56187071389160.984,360091988810308.0,1984046902914414.8,5741804609665484.0,2.2812609694717668e+16,4.024030269449424e+16,0.47825845913345116,70.44787755321427,0.5888189926207114,0.4111810073796269,-54676586483544.33,-38181468655283.08,-92858055138796.0,-233711005682369.88,-92858055138796.0,False,164d6ed5550a232197e7eed93f08fe61ada6825c15609e700526aaf110843d01,1d55aa8aaca437366b3690124e9137e425992ac00eed2e1dc82d5224fc2518be,70afb7326ac105729936e681a1844178d3920b7c28b01052c7357dfbdef51121,1d55aa8aaca437366b3690124e9137e425992ac00eed2e1dc82d5224fc2518be,f0845ecc3cbfd1a5919717196726ea3641a7bb74bae6e6ed8ac5d5bbdedd9d3c,f7af39e5965e8c6061e96ed0af7a54fe8c021212bdcb476b27bab702b009b968,933e68c2c6b6c67e315b710c61e2496449e442179fa162596d96bcd1fc92b3cf,D:\PhD-Project\GP_RKHS_MINT\GP_RKHS_MINT\Tully_models\GP_MInt_QCLE_Reviewer_Ready_Pipeline_v4\output\fixed_pipeline\reviewer_closure_20260726_174927\step9_repl_P0100\seed73\midpoint.npz,snap_000000,snap_002400,0.0,0.0,0.0,0.0,0.0,0.0
100.0,MIDPOINT,73,1e-10,2.952150654594087e-13,1000,0,1.0,0.0,0.0,0.0,1.0452980887365332e-05,4.8326038827346456e+16,43056421192.10479,159337571691.1825,545487054905.7179,1070663673380.7753,5640569694929.754,56187071389160.984,360091988810308.0,1984046902914414.8,5741804609665484.0,2.2812609694717668e+16,4.024030269449424e+16,0.47825845913345116,70.44787755321427,0.5888189926207114,0.4111810073796269,-54676586483544.33,-38181468655283.08,-92858055138796.0,-233711005682369.88,-92858055138796.0,False,164d6ed5550a232197e7eed93f08fe61ada6825c15609e700526aaf110843d01,1d55aa8aaca437366b3690124e9137e425992ac00eed2e1dc82d5224fc2518be,70afb7326ac105729936e681a1844178d3920b7c28b01052c7357dfbdef51121,1d55aa8aaca437366b3690124e9137e425992ac00eed2e1dc82d5224fc2518be,f0845ecc3cbfd1a5919717196726ea3641a7bb74bae6e6ed8ac5d5bbdedd9d3c,f7af39e5965e8c6061e96ed0af7a54fe8c021212bdcb476b27bab702b009b968,933e68c2c6b6c67e315b710c61e2496449e442179fa162596d96bcd1fc92b3cf,D:\PhD-Project\GP_RKHS_MINT\GP_RKHS_MINT\Tully_models\GP_MInt_QCLE_Reviewer_Ready_Pipeline_v4\output\fixed_pipeline\reviewer_closure_20260726_174927\step9_repl_P0100\seed73\midpoint.npz,snap_000000,snap_002400,0.0,0.0,0.0,0.0,0.0,0.0
100.0,MIDPOINT,73,1e-08,2.952150654594087e-11,1000,0,1.0,0.0,0.0,0.0,1.0452980887365332e-05,4.8326038827346456e+16,43056421192.10479,159337571691.1825,545487054905.7179,1070663673380.7753,5640569694929.754,56187071389160.984,360091988810308.0,1984046902914414.8,5741804609665484.0,2.2812609694717668e+16,4.024030269449424e+16,0.47825845913345116,70.44787755321427,0.5888189926207114,0.4111810073796269,-54676586483544.33,-38181468655283.08,-92858055138796.0,-233711005682369.88,-92858055138796.0,False,164d6ed5550a232197e7eed93f08fe61ada6825c15609e700526aaf110843d01,1d55aa8aaca437366b3690124e9137e425992ac00eed2e1dc82d5224fc2518be,70afb7326ac105729936e681a1844178d3920b7c28b01052c7357dfbdef51121,1d55aa8aaca437366b3690124e9137e425992ac00eed2e1dc82d5224fc2518be,f0845ecc3cbfd1a5919717196726ea3641a7bb74bae6e6ed8ac5d5bbdedd9d3c,f7af39e5965e8c6061e96ed0af7a54fe8c021212bdcb476b27bab702b009b968,933e68c2c6b6c67e315b710c61e2496449e442179fa162596d96bcd1fc92b3cf,D:\PhD-Project\GP_RKHS_MINT\GP_RKHS_MINT\Tully_models\GP_MInt_QCLE_Reviewer_Ready_Pipeline_v4\output\fixed_pipeline\reviewer_closure_20260726_174927\step9_repl_P0100\seed73\midpoint.npz,snap_000000,snap_002400,0.0,0.0,0.0,0.0,0.0,0.0
100.0,MIDPOINT,73,1e-06,2.9521506545940865e-09,1000,0,1.0,0.0,0.0,0.0,1.0452980887365332e-05,4.8326038827346456e+16,43056421192.10479,159337571691.1825,545487054905.7179,1070663673380.7753,5640569694929.754,56187071389160.984,360091988810308.0,1984046902914414.8,5741804609665484.0,2.2812609694717668e+16,4.024030269449424e+16,0.47825845913345116,70.44787755321427,0.5888189926207114,0.4111810073796269,-54676586483544.33,-38181468655283.08,-92858055138796.0,-233711005682369.88,-92858055138796.0,False,164d6ed5550a232197e7eed93f08fe61ada6825c15609e700526aaf110843d01,1d55aa8aaca437366b3690124e9137e425992ac00eed2e1dc82d5224fc2518be,70afb7326ac105729936e681a1844178d3920b7c28b01052c7357dfbdef51121,1d55aa8aaca437366b3690124e9137e425992ac00eed2e1dc82d5224fc2518be,f0845ecc3cbfd1a5919717196726ea3641a7bb74bae6e6ed8ac5d5bbdedd9d3c,f7af39e5965e8c6061e96ed0af7a54fe8c021212bdcb476b27bab702b009b968,933e68c2c6b6c67e315b710c61e2496449e442179fa162596d96bcd1fc92b3cf,D:\PhD-Project\GP_RKHS_MINT\GP_RKHS_MINT\Tully_models\GP_MInt_QCLE_Reviewer_Ready_Pipeline_v4\output\fixed_pipeline\reviewer_closure_20260726_174927\step9_repl_P0100\seed73\midpoint.npz,snap_000000,snap_002400,0.0,0.0,0.0,0.0,0.0,0.0
100.0,MIDPOINT,73,1e-05,2.9521506545940868e-08,1000,0,1.0,0.0,0.0,0.0,1.0452980887365332e-05,4.8326038827346456e+16,43056421192.10479,159337571691.1825,545487054905.7179,1070663673380.7753,5640569694929.754,56187071389160.984,360091988810308.0,1984046902914414.8,5741804609665484.0,2.2812609694717668e+16,4.024030269449424e+16,0.47825845913345116,70.44787755321427,0.5888189926207114,0.4111810073796269,-54676586483544.33,-38181468655283.08,-92858055138796.0,-233711005682369.88,-92858055138796.0,False,164d6ed5550a232197e7eed93f08fe61ada6825c15609e700526aaf110843d01,1d55aa8aaca437366b3690124e9137e425992ac00eed2e1dc82d5224fc2518be,70afb7326ac105729936e681a1844178d3920b7c28b01052c7357dfbdef51121,1d55aa8aaca437366b3690124e9137e425992ac00eed2e1dc82d5224fc2518be,f0845ecc3cbfd1a5919717196726ea3641a7bb74bae6e6ed8ac5d5bbdedd9d3c,f7af39e5965e8c6061e96ed0af7a54fe8c021212bdcb476b27bab702b009b968,933e68c2c6b6c67e315b710c61e2496449e442179fa162596d96bcd1fc92b3cf,D:\PhD-Project\GP_RKHS_MINT\GP_RKHS_MINT\Tully_models\GP_MInt_QCLE_Reviewer_Ready_Pipeline_v4\output\fixed_pipeline\reviewer_closure_20260726_174927\step9_repl_P0100\seed73\midpoint.npz,snap_000000,snap_002400,0.0,0.0,0.0,0.0,0.0,0.0
100.0,MIDPOINT,73,0.0001,2.9521506545940866e-07,1000,0,1.0,0.0,0.0,0.0,1.0452980887365332e-05,4.8326038827346456e+16,43056421192.10479,159337571691.1825,545487054905.7179,1070663673380.7753,5640569694929.754,56187071389160.984,360091988810308.0,1984046902914414.8,5741804609665484.0,2.2812609694717668e+16,4.024030269449424e+16,0.47825845913345116,70.44787755321427,0.5888189926207114,0.4111810073796269,-54676586483544.33,-38181468655283.08,-92858055138796.0,-233711005682369.88,-92858055138796.0,False,164d6ed5550a232197e7eed93f08fe61ada6825c15609e700526aaf110843d01,1d55aa8aaca437366b3690124e9137e425992ac00eed2e1dc82d5224fc2518be,70afb7326ac105729936e681a1844178d3920b7c28b01052c7357dfbdef51121,1d55aa8aaca437366b3690124e9137e425992ac00eed2e1dc82d5224fc2518be,f0845ecc3cbfd1a5919717196726ea3641a7bb74bae6e6ed8ac5d5bbdedd9d3c,f7af39e5965e8c6061e96ed0af7a54fe8c021212bdcb476b27bab702b009b968,933e68c2c6b6c67e315b710c61e2496449e442179fa162596d96bcd1fc92b3cf,D:\PhD-Project\GP_RKHS_MINT\GP_RKHS_MINT\Tully_models\GP_MInt_QCLE_Reviewer_Ready_Pipeline_v4\output\fixed_pipeline\reviewer_closure_20260726_174927\step9_repl_P0100\seed73\midpoint.npz,snap_000000,snap_002400,0.0,0.0,0.0,0.0,0.0,0.0
100.0,MIDPOINT,73,0.001,2.9521506545940867e-06,1000,0,1.0,0.0,0.0,0.0,1.0452980887365332e-05,4.8326038827346456e+16,43056421192.10479,159337571691.1825,545487054905.7179,1070663673380.7753,5640569694929.754,56187071389160.984,360091988810308.0,1984046902914414.8,5741804609665484.0,2.2812609694717668e+16,4.024030269449424e+16,0.47825845913345116,70.44787755321427,0.5888189926207114,0.4111810073796269,-54676586483544.33,-38181468655283.08,-92858055138796.0,-233711005682369.88,-92858055138796.0,False,164d6ed5550a232197e7eed93f08fe61ada6825c15609e700526aaf110843d01,1d55aa8aaca437366b3690124e9137e425992ac00eed2e1dc82d5224fc2518be,70afb7326ac105729936e681a1844178d3920b7c28b01052c7357dfbdef51121,1d55aa8aaca437366b3690124e9137e425992ac00eed2e1dc82d5224fc2518be,f0845ecc3cbfd1a5919717196726ea3641a7bb74bae6e6ed8ac5d5bbdedd9d3c,f7af39e5965e8c6061e96ed0af7a54fe8c021212bdcb476b27bab702b009b968,933e68c2c6b6c67e315b710c61e2496449e442179fa162596d96bcd1fc92b3cf,D:\PhD-Project\GP_RKHS_MINT\GP_RKHS_MINT\Tully_models\GP_MInt_QCLE_Reviewer_Ready_Pipeline_v4\output\fixed_pipeline\reviewer_closure_20260726_174927\step9_repl_P0100\seed73\midpoint.npz,snap_000000,snap_002400,0.0,0.0,0.0,0.0,0.0,0.0
100.0,MIDPOINT,73,0.01,2.9521506545940868e-05,992,8,0.992,0.008,0.007999999999999997,0.008,3.460858698725934e-05,4.8326038827346456e+16,42965278532.02761,159195447710.67313,537256563086.33154,1073102248981.3828,5640569694929.754,56187071389160.984,360091988810308.0,1974084580781781.2,5799894517136721.0,2.2863294187729756e+16,4.0305053334197064e+16,0.5116367712389308,70.06994624399259,0.5759346468265115,0.42406535317382804,-55307732995070.39,-40723532531050.125,-96031265526087.9,-241444899501206.0,-96031265526087.9,False,44ed5cc4065ea6b3c3427d6b75ef290f01dba4b7e0d376512818ce694542f0fb,1d55aa8aaca437366b3690124e9137e425992ac00eed2e1dc82d5224fc2518be,70afb7326ac105729936e681a1844178d3920b7c28b01052c7357dfbdef51121,1d55aa8aaca437366b3690124e9137e425992ac00eed2e1dc82d5224fc2518be,f0845ecc3cbfd1a5919717196726ea3641a7bb74bae6e6ed8ac5d5bbdedd9d3c,f7af39e5965e8c6061e96ed0af7a54fe8c021212bdcb476b27bab702b009b968,933e68c2c6b6c67e315b710c61e2496449e442179fa162596d96bcd1fc92b3cf,D:\PhD-Project\GP_RKHS_MINT\GP_RKHS_MINT\Tully_models\GP_MInt_QCLE_Reviewer_Ready_Pipeline_v4\output\fixed_pipeline\reviewer_closure_20260726_174927\step9_repl_P0100\seed73\midpoint.npz,snap_000000,snap_002400,-0.012884345794199836,0.012884345794201169,-631146511526.0625,-2542063875767.047,-3173210387291.9062,-7733893818836.125
